central_pressure,wind_speed,latitude,longitude,sst,vertical_wind_shear,relative_humidity,translation_speed
1008.0,30.0,31.4,-66.0,28.64,11.399999999999999,75.0,12.0
1007.0,30.0,31.9,-66.3,28.69,11.899999999999999,75.0,12.0
1007.0,30.0,32.5,-66.6,28.75,12.5,75.0,12.0
1006.0,35.0,34.5,-68.6,28.95,14.5,75.0,12.0
1006.0,35.0,34.4,-68.8,28.94,14.399999999999999,75.0,12.0
1006.0,35.0,34.3,-69.1,28.93,14.299999999999997,75.0,12.0
1006.0,38.0,34.0,-69.0,28.9,14.0,75.0,12.0
1000.0,45.0,32.0,-68.2,28.7,12.0,75.0,12.0
999.0,45.0,31.9,-67.8,28.69,11.899999999999999,75.0,12.0
998.0,45.0,31.7,-67.3,28.67,11.7,75.0,12.0
997.0,48.0,31.5,-66.8,28.65,11.5,75.0,12.0
995.0,50.0,30.0,-64.8,28.5,10.0,75.0,12.0
995.0,50.0,29.7,-64.0,28.97,24.7,75.0,12.0
994.0,50.0,29.4,-63.1,28.94,24.4,75.0,12.0
994.0,50.0,29.4,-62.3,28.94,24.4,75.0,12.0
995.0,45.0,29.6,-58.5,28.96,24.6,75.0,12.0
996.0,45.0,29.6,-57.5,28.96,24.6,75.0,12.0
996.0,45.0,29.7,-56.6,28.97,24.7,75.0,12.0
997.0,43.0,29.9,-55.7,28.99,24.9,75.0,12.0
1000.0,40.0,31.0,-52.3,28.6,11.0,75.0,12.0
1000.0,40.0,31.4,-51.5,28.64,11.399999999999999,75.0,12.0
1001.0,38.0,31.6,-51.0,28.66,11.600000000000001,75.0,12.0
1001.0,35.0,31.9,-50.6,28.69,11.899999999999999,75.0,12.0
1002.0,35.0,32.0,-50.1,28.7,12.0,75.0,12.0
1005.0,35.0,31.9,-48.3,28.69,11.899999999999999,75.0,12.0
1005.0,35.0,31.8,-47.8,28.68,11.8,75.0,12.0
1005.0,35.0,31.6,-47.2,28.66,11.600000000000001,75.0,12.0
1005.0,35.0,31.5,-46.6,28.65,11.5,75.0,12.0
1005.0,35.0,31.5,-46.0,28.65,11.5,75.0,12.0
1004.0,33.0,31.6,-43.7,28.66,11.600000000000001,75.0,12.0
1003.0,30.0,31.7,-43.1,28.67,11.7,75.0,12.0
1004.0,30.0,31.8,-42.6,28.68,11.8,75.0,12.0
1004.0,30.0,31.8,-42.1,28.68,11.8,75.0,12.0
1005.0,30.0,31.9,-41.5,28.69,11.899999999999999,75.0,12.0
1002.0,35.0,32.6,-37.0,28.76,12.600000000000001,75.0,12.0
1002.0,35.0,32.9,-35.6,28.79,12.899999999999999,75.0,12.0
1002.0,38.0,33.3,-34.2,28.83,13.299999999999997,75.0,12.0
1002.0,40.0,33.6,-32.8,28.86,13.600000000000001,75.0,12.0
1000.0,40.0,35.7,-24.1,28.57,15.700000000000003,75.0,12.0
1000.0,40.0,36.1,-22.4,28.61,16.1,75.0,12.0
1008.0,30.0,9.6,-43.4,28.96,19.6,75.0,12.0
1008.0,30.0,9.7,-44.2,28.97,19.7,75.0,12.0
1009.0,30.0,9.7,-45.0,28.97,19.7,75.0,12.0
1010.0,30.0,9.7,-45.9,28.97,19.7,75.0,12.0
1008.0,20.0,20.0,-89.3,28.5,15.0,75.0,12.0
1008.0,20.0,20.1,-89.3,28.51,15.100000000000001,75.0,12.0
1008.0,20.0,20.3,-89.4,28.53,15.3,75.0,12.0
1008.0,20.0,20.6,-89.6,28.56,15.600000000000001,75.0,12.0
1008.0,20.0,21.0,-89.8,28.6,16.0,75.0,12.0
1007.0,35.0,23.4,-90.5,28.84,18.4,75.0,12.0
1008.0,38.0,24.0,-90.8,28.9,19.0,75.0,12.0
1009.0,40.0,24.6,-91.1,28.96,19.6,75.0,12.0
1009.0,43.0,25.3,-91.2,28.53,20.3,75.0,12.0
1008.0,45.0,25.9,-91.3,28.59,20.9,75.0,12.0
1002.0,50.0,28.2,-91.5,28.82,23.2,75.0,12.0
1000.0,50.0,28.6,-91.3,28.86,23.6,75.0,12.0
997.0,50.0,29.1,-91.0,28.91,24.1,75.0,12.0
998.0,48.0,29.8,-90.7,28.98,24.8,75.0,12.0
998.0,45.0,30.4,-90.3,28.54,10.399999999999999,75.0,12.0
1004.0,25.0,32.7,-88.4,28.77,12.700000000000003,75.0,12.0
1006.0,23.0,33.2,-87.7,28.82,13.200000000000003,75.0,12.0
1007.0,20.0,33.6,-87.0,28.86,13.600000000000001,75.0,12.0
1007.0,20.0,33.9,-86.5,28.89,13.899999999999999,75.0,12.0
1007.0,20.0,34.1,-86.0,28.91,14.100000000000001,75.0,12.0
1009.0,20.0,35.6,-83.5,28.56,15.600000000000001,75.0,12.0
1009.0,20.0,36.0,-82.8,28.6,16.0,75.0,12.0
1009.0,20.0,36.5,-82.0,28.65,16.5,75.0,12.0
1009.0,20.0,36.9,-80.8,28.69,16.9,75.0,12.0
1009.0,20.0,37.3,-79.5,28.73,17.299999999999997,75.0,12.0
1010.0,30.0,12.6,-57.5,28.76,22.6,75.0,12.0
1010.0,33.0,12.9,-58.6,28.79,22.9,75.0,12.0
1010.0,35.0,13.2,-59.8,28.82,23.2,75.0,12.0
1010.0,35.0,13.4,-60.9,28.84,23.4,75.0,12.0
1009.0,40.0,14.4,-67.6,28.94,24.4,75.0,12.0
1008.0,43.0,14.6,-68.8,28.96,24.6,75.0,12.0
1006.0,45.0,14.8,-70.0,28.98,24.8,75.0,12.0
1004.0,48.0,14.9,-71.0,28.99,24.9,75.0,12.0
1004.0,55.0,15.3,-76.5,28.53,10.3,75.0,12.0
1003.0,55.0,15.6,-77.5,28.56,10.6,75.0,12.0
1002.0,55.0,16.0,-79.4,28.6,11.0,75.0,12.0
1002.0,55.0,16.1,-80.3,28.61,11.100000000000001,75.0,12.0
988.0,70.0,17.5,-82.8,28.75,12.5,75.0,12.0
996.0,63.0,18.1,-83.4,28.81,13.100000000000001,75.0,12.0
1003.0,55.0,18.6,-84.1,28.86,13.600000000000001,75.0,12.0
1007.0,53.0,19.1,-84.8,28.91,14.100000000000001,75.0,12.0
1010.0,50.0,19.7,-85.5,28.97,14.7,75.0,12.0
1009.0,50.0,21.1,-87.2,28.61,16.1,75.0,12.0
1009.0,48.0,21.5,-87.7,28.65,16.5,75.0,12.0
1009.0,45.0,21.8,-88.2,28.68,16.8,75.0,12.0
1009.0,45.0,22.2,-88.7,28.72,17.2,75.0,12.0
1008.0,45.0,22.6,-89.2,28.76,17.6,75.0,12.0
1006.0,45.0,23.9,-90.7,28.89,18.9,75.0,12.0
1007.0,45.0,24.3,-90.8,28.93,19.3,75.0,12.0
1008.0,45.0,24.6,-90.9,28.96,19.6,75.0,12.0
1006.0,45.0,24.8,-91.2,28.98,19.8,75.0,12.0
1003.0,45.0,24.9,-91.5,28.99,19.9,75.0,12.0
999.0,50.0,25.1,-92.1,28.51,20.1,75.0,12.0
997.0,50.0,25.2,-92.2,28.52,20.2,75.0,12.0
995.0,50.0,25.3,-92.2,28.53,20.3,75.0,12.0
993.0,53.0,25.5,-92.2,28.55,20.5,75.0,12.0
991.0,55.0,25.6,-92.2,28.56,20.6,75.0,12.0
991.0,55.0,26.7,-92.6,28.67,21.7,75.0,12.0
990.0,58.0,27.0,-92.8,28.7,22.0,75.0,12.0
989.0,60.0,27.3,-93.0,28.73,22.3,75.0,12.0
989.0,60.0,27.5,-93.3,28.75,22.5,75.0,12.0
988.0,60.0,27.7,-93.6,28.77,22.7,75.0,12.0
982.0,75.0,28.3,-95.5,28.83,23.3,75.0,12.0
983.0,73.0,28.5,-96.2,28.85,23.5,75.0,12.0
984.0,70.0,28.6,-96.9,28.86,23.6,75.0,12.0
990.0,60.0,28.6,-97.6,28.86,23.6,75.0,12.0
995.0,50.0,28.5,-98.2,28.85,23.5,75.0,12.0
1005.0,35.0,29.1,-101.7,28.91,24.1,75.0,12.0
1007.0,35.0,29.3,-102.6,28.93,24.3,75.0,12.0
1011.0,33.0,29.6,-103.4,28.96,24.6,75.0,12.0
1014.0,30.0,29.9,-104.3,28.99,24.9,75.0,12.0
1017.0,25.0,30.8,-54.1,28.58,10.8,75.0,12.0
1016.0,28.0,31.3,-54.4,28.63,11.3,75.0,12.0
1015.0,30.0,31.7,-54.7,28.67,11.7,75.0,12.0
1014.0,33.0,32.1,-55.0,28.71,12.100000000000001,75.0,12.0
1010.0,48.0,33.9,-56.0,28.89,13.899999999999999,75.0,12.0
1009.0,50.0,34.4,-56.4,28.94,14.399999999999999,75.0,12.0
1009.0,53.0,34.8,-56.5,28.98,14.799999999999997,75.0,12.0
1008.0,55.0,35.3,-56.6,28.53,15.299999999999997,75.0,12.0
1008.0,55.0,35.8,-56.5,28.58,15.799999999999997,75.0,12.0
1005.0,58.0,37.6,-55.5,28.76,17.6,75.0,12.0
1003.0,60.0,38.1,-54.9,28.81,18.1,75.0,12.0
1003.0,63.0,38.7,-54.1,28.87,18.700000000000003,75.0,12.0
1002.0,65.0,39.2,-53.4,28.92,19.200000000000003,75.0,12.0
1002.0,65.0,39.7,-52.5,28.97,19.700000000000003,75.0,12.0
1001.0,65.0,41.6,-48.9,28.66,21.6,75.0,12.0
1001.0,65.0,42.1,-47.8,28.71,22.1,75.0,12.0
1002.0,63.0,42.4,-46.8,28.74,22.4,75.0,12.0
1003.0,60.0,42.7,-45.8,28.77,22.700000000000003,75.0,12.0
1004.0,58.0,42.7,-44.9,28.77,22.700000000000003,75.0,12.0
1008.0,43.0,42.2,-41.5,28.72,22.200000000000003,75.0,12.0
1008.0,40.0,41.9,-40.7,28.69,21.9,75.0,12.0
1009.0,35.0,41.4,-40.0,28.64,21.4,75.0,12.0
1009.0,30.0,40.9,-39.2,28.59,20.9,75.0,12.0
1009.0,30.0,40.3,-38.5,28.53,20.299999999999997,75.0,12.0
1011.0,28.0,38.3,-36.5,28.83,18.299999999999997,75.0,12.0
1011.0,25.0,37.9,-36.3,28.79,17.9,75.0,12.0
1012.0,25.0,37.5,-36.1,28.75,17.5,75.0,12.0
1013.0,25.0,37.1,-35.9,28.71,17.1,75.0,12.0
1014.0,25.0,36.7,-35.8,28.67,16.700000000000003,75.0,12.0
1018.0,25.0,35.5,-36.5,28.55,15.5,75.0,12.0
1018.0,25.0,35.3,-36.7,28.53,15.299999999999997,75.0,12.0
1019.0,25.0,35.2,-37.0,28.52,15.200000000000003,75.0,12.0
1019.0,25.0,35.1,-37.2,28.51,15.100000000000001,75.0,12.0
1020.0,23.0,35.0,-37.5,28.5,15.0,75.0,12.0
1020.0,20.0,35.2,-38.8,28.52,15.200000000000003,75.0,12.0
1020.0,20.0,35.5,-39.0,28.55,15.5,75.0,12.0
1020.0,20.0,35.8,-39.5,28.58,15.799999999999997,75.0,12.0
1020.0,20.0,36.0,-40.0,28.6,16.0,75.0,12.0
1021.0,20.0,36.0,-40.3,28.6,16.0,75.0,12.0
1021.0,20.0,36.5,-40.3,28.65,16.5,75.0,12.0
1021.0,20.0,36.5,-40.0,28.65,16.5,75.0,12.0
1021.0,20.0,36.5,-39.8,28.65,16.5,75.0,12.0
1021.0,20.0,36.4,-39.5,28.64,16.4,75.0,12.0
1022.0,20.0,36.5,-39.2,28.65,16.5,75.0,12.0
1022.0,20.0,36.1,-39.1,28.61,16.1,75.0,12.0
1022.0,20.0,36.0,-39.0,28.6,16.0,75.0,12.0
1022.0,20.0,35.8,-39.0,28.58,15.799999999999997,75.0,12.0
1022.0,20.0,35.5,-39.0,28.55,15.5,75.0,12.0
1023.0,20.0,35.0,-39.3,28.5,15.0,75.0,12.0
1023.0,20.0,33.4,-40.3,28.84,13.399999999999999,75.0,12.0
1023.0,20.0,33.0,-40.5,28.8,13.0,75.0,12.0
1023.0,20.0,32.5,-40.8,28.75,12.5,75.0,12.0
1023.0,20.0,32.0,-41.0,28.7,12.0,75.0,12.0
1024.0,20.0,31.5,-41.5,28.65,11.5,75.0,12.0
1010.0,30.0,12.3,-43.5,28.73,22.3,75.0,12.0
1010.0,30.0,12.4,-44.4,28.74,22.4,75.0,12.0
1011.0,30.0,12.8,-47.9,28.78,22.8,75.0,12.0
1011.0,30.0,12.9,-48.8,28.79,22.9,75.0,12.0
1012.0,30.0,13.1,-49.8,28.81,23.1,75.0,12.0
1012.0,30.0,13.2,-50.9,28.82,23.2,75.0,12.0
1012.0,30.0,13.4,-52.0,28.84,23.4,75.0,12.0
1012.0,30.0,14.0,-57.4,28.9,24.0,75.0,12.0
1017.0,25.0,29.3,-80.1,28.93,24.3,75.0,12.0
1017.0,25.0,29.7,-80.3,28.97,24.7,75.0,12.0
1017.0,25.0,30.1,-80.5,28.51,10.100000000000001,75.0,12.0
1017.0,28.0,30.4,-80.7,28.54,10.399999999999999,75.0,12.0
1016.0,30.0,30.7,-80.8,28.57,10.7,75.0,12.0
1022.0,20.0,32.3,-82.0,28.73,12.299999999999997,75.0,12.0
1022.0,18.0,32.5,-82.3,28.75,12.5,75.0,12.0
1022.0,15.0,32.8,-82.6,28.78,12.799999999999997,75.0,12.0
1022.0,15.0,32.9,-82.8,28.79,12.899999999999999,75.0,12.0
1022.0,15.0,33.0,-83.0,28.8,13.0,75.0,12.0
1007.0,45.0,26.1,-90.5,28.61,21.1,75.0,12.0
998.0,53.0,25.9,-93.5,28.59,20.9,75.0,12.0
995.0,55.0,25.9,-94.4,28.59,20.9,75.0,12.0
996.0,50.0,25.0,-98.3,28.5,20.0,75.0,12.0
1003.0,35.0,24.8,-98.9,28.98,19.8,75.0,12.0
1006.0,30.0,24.8,-99.6,28.98,19.8,75.0,12.0
1008.0,30.0,16.2,-68.2,28.62,11.2,75.0,12.0
1009.0,25.0,14.6,-30.7,28.96,24.6,75.0,12.0
1007.0,33.0,14.9,-35.2,28.99,24.9,75.0,12.0
1006.0,35.0,15.0,-36.2,28.5,10.0,75.0,12.0
1005.0,38.0,15.1,-37.2,28.51,10.1,75.0,12.0
1004.0,40.0,15.1,-38.2,28.51,10.1,75.0,12.0
997.0,50.0,15.4,-42.5,28.54,10.4,75.0,12.0
997.0,50.0,15.5,-43.1,28.55,10.5,75.0,12.0
994.0,55.0,15.7,-43.7,28.57,10.7,75.0,12.0
990.0,60.0,15.8,-44.3,28.58,10.8,75.0,12.0
989.0,63.0,16.1,-45.0,28.61,11.100000000000001,75.0,12.0
979.0,78.0,16.9,-47.5,28.69,11.899999999999999,75.0,12.0
973.0,85.0,17.0,-48.0,28.7,12.0,75.0,12.0
967.0,93.0,17.1,-48.6,28.71,12.100000000000001,75.0,12.0
960.0,100.0,17.3,-49.2,28.73,12.3,75.0,12.0
956.0,105.0,17.5,-49.8,28.75,12.5,75.0,12.0
952.0,110.0,18.0,-52.5,28.8,13.0,75.0,12.0
950.0,113.0,18.1,-53.0,28.81,13.100000000000001,75.0,12.0
948.0,115.0,18.2,-53.5,28.82,13.2,75.0,12.0
947.0,118.0,18.3,-53.9,28.83,13.3,75.0,12.0
949.0,120.0,18.7,-56.3,28.87,13.7,75.0,12.0
947.0,123.0,18.9,-56.8,28.89,13.899999999999999,75.0,12.0
944.0,125.0,19.0,-57.3,28.9,14.0,75.0,12.0
944.0,125.0,19.1,-57.8,28.91,14.100000000000001,75.0,12.0
945.0,120.0,20.1,-59.9,28.51,15.100000000000001,75.0,12.0
946.0,120.0,20.3,-60.3,28.53,15.3,75.0,12.0
946.0,120.0,20.5,-60.7,28.55,15.5,75.0,12.0
946.0,118.0,20.7,-61.0,28.57,15.7,75.0,12.0
945.0,110.0,21.9,-62.3,28.69,16.9,75.0,12.0
945.0,110.0,22.2,-62.5,28.72,17.2,75.0,12.0
944.0,110.0,22.5,-62.8,28.75,17.5,75.0,12.0
942.0,113.0,22.9,-62.9,28.79,17.9,75.0,12.0
944.0,105.0,24.8,-63.8,28.98,19.8,75.0,12.0
943.0,108.0,25.3,-64.0,28.53,20.3,75.0,12.0
941.0,110.0,25.8,-64.3,28.58,20.8,75.0,12.0
941.0,113.0,26.5,-64.4,28.65,21.5,75.0,12.0
951.0,105.0,30.1,-65.3,28.51,10.100000000000001,75.0,12.0
951.0,105.0,31.0,-65.3,28.6,11.0,75.0,12.0
950.0,105.0,31.8,-65.3,28.68,11.8,75.0,12.0
952.0,103.0,32.6,-65.0,28.76,12.600000000000001,75.0,12.0
957.0,100.0,36.0,-62.4,28.6,16.0,75.0,12.0
958.0,100.0,36.5,-61.4,28.65,16.5,75.0,12.0
958.0,100.0,36.9,-60.4,28.69,16.9,75.0,12.0
960.0,95.0,37.4,-59.3,28.74,17.4,75.0,12.0
967.0,80.0,40.6,-53.4,28.56,20.6,75.0,12.0
970.0,78.0,41.5,-52.0,28.65,21.5,75.0,12.0
972.0,75.0,42.3,-50.7,28.73,22.299999999999997,75.0,12.0
974.0,73.0,43.3,-49.3,28.83,23.299999999999997,75.0,12.0
979.0,68.0,47.5,-42.8,28.75,12.5,75.0,12.0
980.0,65.0,48.7,-40.8,28.87,13.700000000000003,75.0,12.0
980.0,65.0,50.2,-38.4,28.52,15.200000000000003,75.0,12.0
980.0,65.0,51.7,-36.0,28.67,16.700000000000003,75.0,12.0
1008.0,30.0,24.3,-92.4,28.93,19.3,75.0,12.0
1009.0,33.0,24.6,-92.8,28.96,19.6,75.0,12.0
1009.0,35.0,24.9,-93.3,28.99,19.9,75.0,12.0
1009.0,35.0,25.4,-93.8,28.54,20.4,75.0,12.0
1009.0,35.0,25.8,-94.3,28.58,20.8,75.0,12.0
1008.0,33.0,29.8,-95.4,28.98,24.8,75.0,12.0
1009.0,30.0,30.1,-95.6,28.51,10.100000000000001,75.0,12.0
1009.0,28.0,30.5,-96.0,28.55,10.5,75.0,12.0
1009.0,25.0,30.9,-96.4,28.59,10.899999999999999,75.0,12.0
1011.0,20.0,33.1,-96.1,28.81,13.100000000000001,75.0,12.0
1011.0,20.0,33.6,-95.7,28.86,13.600000000000001,75.0,12.0
1011.0,18.0,33.9,-95.3,28.89,13.899999999999999,75.0,12.0
1011.0,15.0,34.1,-95.0,28.91,14.100000000000001,75.0,12.0
1013.0,25.0,27.4,-87.7,28.74,22.4,75.0,12.0
1012.0,25.0,27.5,-87.8,28.75,22.5,75.0,12.0
1011.0,25.0,27.6,-87.8,28.76,22.6,75.0,12.0
1010.0,30.0,27.8,-87.2,28.78,22.8,75.0,12.0
1002.0,30.0,27.8,-86.3,28.78,22.8,75.0,12.0
1003.0,30.0,27.7,-86.0,28.77,22.7,75.0,12.0
1004.0,30.0,27.6,-85.8,28.76,22.6,75.0,12.0
997.0,40.0,28.1,-84.4,28.81,23.1,75.0,12.0
997.0,45.0,28.2,-84.3,28.82,23.2,75.0,12.0
997.0,50.0,28.3,-84.2,28.83,23.3,75.0,12.0
1000.0,40.0,28.1,-84.1,28.81,23.1,75.0,12.0
1007.0,25.0,28.4,-81.8,28.84,23.4,75.0,12.0
1007.0,25.0,28.8,-81.1,28.88,23.8,75.0,12.0
1006.0,25.0,29.2,-80.4,28.92,24.2,75.0,12.0
1006.0,28.0,29.6,-80.0,28.96,24.6,75.0,12.0
1006.0,30.0,30.8,-78.5,28.58,10.8,75.0,12.0
1006.0,30.0,31.1,-78.2,28.61,11.100000000000001,75.0,12.0
1006.0,30.0,31.3,-77.9,28.63,11.3,75.0,12.0
1006.0,30.0,31.5,-77.5,28.65,11.5,75.0,12.0
1006.0,30.0,32.5,-75.9,28.75,12.5,75.0,12.0
1006.0,28.0,32.7,-75.6,28.77,12.700000000000003,75.0,12.0
1006.0,25.0,32.9,-75.3,28.79,12.899999999999999,75.0,12.0
1004.0,38.0,13.8,-33.3,28.88,23.8,75.0,12.0
1003.0,40.0,13.6,-33.9,28.86,23.6,75.0,12.0
1002.0,43.0,13.5,-34.4,28.85,23.5,75.0,12.0
1000.0,45.0,13.4,-34.9,28.84,23.4,75.0,12.0
989.0,63.0,14.2,-36.9,28.92,24.2,75.0,12.0
987.0,65.0,14.4,-37.3,28.94,24.4,75.0,12.0
986.0,68.0,14.8,-37.9,28.98,24.8,75.0,12.0
984.0,70.0,15.2,-38.5,28.52,10.2,75.0,12.0
959.0,103.0,16.8,-41.5,28.68,11.8,75.0,12.0
952.0,110.0,17.1,-42.0,28.71,12.100000000000001,75.0,12.0
952.0,110.0,17.4,-42.5,28.74,12.399999999999999,75.0,12.0
952.0,110.0,17.6,-43.1,28.76,12.600000000000001,75.0,12.0
950.0,113.0,17.9,-43.6,28.79,12.899999999999999,75.0,12.0
948.0,115.0,19.1,-45.8,28.91,14.100000000000001,75.0,12.0
948.0,115.0,19.4,-46.3,28.94,14.399999999999999,75.0,12.0
948.0,115.0,19.7,-46.8,28.97,14.7,75.0,12.0
948.0,115.0,20.0,-47.3,28.5,15.0,75.0,12.0
950.0,113.0,20.3,-47.8,28.53,15.3,75.0,12.0
948.0,115.0,21.1,-50.4,28.61,16.1,75.0,12.0
945.0,118.0,21.1,-50.9,28.61,16.1,75.0,12.0
942.0,120.0,21.1,-51.4,28.61,16.1,75.0,12.0
939.0,123.0,21.1,-51.8,28.61,16.1,75.0,12.0
930.0,130.0,21.4,-53.6,28.64,16.4,75.0,12.0
925.0,135.0,21.4,-54.0,28.64,16.4,75.0,12.0
920.0,140.0,21.4,-54.4,28.64,16.4,75.0,12.0
915.0,145.0,21.5,-54.8,28.65,16.5,75.0,12.0
918.0,143.0,21.6,-55.3,28.66,16.6,75.0,12.0
920.0,140.0,21.6,-57.4,28.66,16.6,75.0,12.0
920.0,140.0,21.6,-57.8,28.66,16.6,75.0,12.0
920.0,140.0,21.7,-58.2,28.67,16.7,75.0,12.0
923.0,138.0,21.8,-58.7,28.68,16.8,75.0,12.0
935.0,135.0,22.1,-61.0,28.71,17.1,75.0,12.0
934.0,138.0,22.3,-61.5,28.73,17.3,75.0,12.0
932.0,140.0,22.5,-62.1,28.75,17.5,75.0,12.0
934.0,138.0,22.7,-62.7,28.77,17.7,75.0,12.0
935.0,135.0,23.5,-65.8,28.85,18.5,75.0,12.0
934.0,138.0,23.7,-66.4,28.87,18.7,75.0,12.0
933.0,140.0,23.9,-67.0,28.89,18.9,75.0,12.0
935.0,135.0,24.1,-67.5,28.91,19.1,75.0,12.0
946.0,120.0,24.8,-69.4,28.98,19.8,75.0,12.0
948.0,118.0,25.1,-69.6,28.51,20.1,75.0,12.0
949.0,115.0,25.3,-69.8,28.53,20.3,75.0,12.0
951.0,110.0,25.5,-70.0,28.55,20.5,75.0,12.0
959.0,95.0,26.8,-70.9,28.68,21.8,75.0,12.0
959.0,95.0,27.1,-71.1,28.71,22.1,75.0,12.0
959.0,95.0,27.4,-71.2,28.74,22.4,75.0,12.0
958.0,95.0,27.8,-71.3,28.78,22.8,75.0,12.0
957.0,90.0,29.7,-72.5,28.97,24.7,75.0,12.0
956.0,90.0,30.1,-72.8,28.51,10.100000000000001,75.0,12.0
955.0,90.0,30.6,-73.0,28.56,10.600000000000001,75.0,12.0
954.0,90.0,31.1,-73.3,28.61,11.100000000000001,75.0,12.0
956.0,90.0,33.7,-75.2,28.87,13.700000000000003,75.0,12.0
957.0,88.0,34.4,-75.8,28.94,14.399999999999999,75.0,12.0
958.0,85.0,35.1,-76.4,28.51,15.100000000000001,75.0,12.0
964.0,75.0,35.9,-77.1,28.59,15.899999999999999,75.0,12.0
997.0,35.0,40.9,-80.3,28.59,20.9,75.0,12.0
999.0,33.0,42.4,-80.6,28.74,22.4,75.0,12.0
1000.0,30.0,43.9,-80.9,28.89,23.9,75.0,12.0
1000.0,28.0,46.0,-81.0,28.6,11.0,75.0,12.0
1009.0,25.0,11.5,-21.9,28.65,21.5,75.0,12.0
1009.0,25.0,11.4,-22.2,28.64,21.4,75.0,12.0
1009.0,25.0,11.3,-22.4,28.63,21.3,75.0,12.0
1009.0,25.0,11.2,-22.6,28.62,21.2,75.0,12.0
1007.0,28.0,12.0,-24.0,28.7,22.0,75.0,12.0
1007.0,30.0,12.4,-24.4,28.74,22.4,75.0,12.0
1007.0,30.0,13.0,-24.6,28.8,23.0,75.0,12.0
1007.0,30.0,13.6,-24.9,28.86,23.6,75.0,12.0
1010.0,25.0,15.6,-25.1,28.56,10.6,75.0,12.0
1010.0,25.0,15.9,-25.2,28.59,10.9,75.0,12.0
1009.0,25.0,28.2,-62.4,28.82,23.2,75.0,12.0
1008.0,28.0,28.3,-62.3,28.83,23.3,75.0,12.0
1007.0,30.0,28.3,-62.2,28.83,23.3,75.0,12.0
1007.0,33.0,28.4,-62.1,28.84,23.4,75.0,12.0
1000.0,45.0,29.2,-61.4,28.92,24.2,75.0,12.0
998.0,48.0,29.8,-61.5,28.98,24.8,75.0,12.0
996.0,50.0,30.4,-61.6,28.54,10.399999999999999,75.0,12.0
994.0,53.0,30.6,-61.7,28.56,10.600000000000001,75.0,12.0
987.0,65.0,31.8,-62.0,28.68,11.8,75.0,12.0
987.0,68.0,32.1,-62.0,28.71,12.100000000000001,75.0,12.0
987.0,70.0,32.5,-62.0,28.75,12.5,75.0,12.0
986.0,73.0,32.9,-62.0,28.79,12.899999999999999,75.0,12.0
979.0,75.0,35.2,-62.8,28.52,15.200000000000003,75.0,12.0
974.0,83.0,35.4,-63.0,28.54,15.399999999999999,75.0,12.0
969.0,90.0,35.5,-63.2,28.55,15.5,75.0,12.0
970.0,90.0,35.9,-63.4,28.59,15.899999999999999,75.0,12.0
970.0,90.0,38.5,-64.1,28.85,18.5,75.0,12.0
970.0,90.0,39.4,-64.1,28.94,19.4,75.0,12.0
970.0,90.0,40.2,-64.1,28.52,20.200000000000003,75.0,12.0
971.0,88.0,41.5,-64.0,28.65,21.5,75.0,12.0
1008.0,30.0,11.8,-37.7,28.68,21.8,75.0,12.0
1008.0,30.0,14.6,-39.8,28.96,24.6,75.0,12.0
1007.0,30.0,15.2,-40.2,28.52,10.2,75.0,12.0
1007.0,30.0,15.9,-40.6,28.59,10.9,75.0,12.0
1007.0,30.0,16.6,-41.0,28.66,11.600000000000001,75.0,12.0
1007.0,30.0,19.6,-43.4,28.96,14.600000000000001,75.0,12.0
1007.0,30.0,20.0,-43.8,28.5,15.0,75.0,12.0
1006.0,33.0,20.5,-44.0,28.55,15.5,75.0,12.0
1005.0,35.0,21.0,-44.2,28.6,16.0,75.0,12.0
997.0,50.0,23.4,-44.0,28.84,18.4,75.0,12.0
997.0,50.0,23.9,-43.6,28.89,18.9,75.0,12.0
997.0,50.0,24.4,-43.1,28.94,19.4,75.0,12.0
997.0,50.0,24.8,-42.6,28.98,19.8,75.0,12.0
993.0,55.0,27.8,-39.0,28.78,22.8,75.0,12.0
991.0,55.0,28.3,-38.2,28.83,23.3,75.0,12.0
989.0,60.0,28.8,-37.5,28.88,23.8,75.0,12.0
987.0,65.0,29.2,-36.8,28.92,24.2,75.0,12.0
992.0,55.0,31.3,-35.0,28.63,11.3,75.0,12.0
992.0,55.0,31.8,-35.1,28.68,11.8,75.0,12.0
994.0,53.0,32.2,-35.5,28.72,12.200000000000003,75.0,12.0
996.0,50.0,32.6,-36.0,28.76,12.600000000000001,75.0,12.0
996.0,53.0,32.3,-39.0,28.73,12.299999999999997,75.0,12.0
994.0,55.0,32.2,-39.6,28.72,12.200000000000003,75.0,12.0
991.0,60.0,32.0,-40.3,28.7,12.0,75.0,12.0
987.0,65.0,31.7,-40.9,28.67,11.7,75.0,12.0
979.0,75.0,30.2,-43.3,28.52,10.2,75.0,12.0
979.0,75.0,30.1,-43.6,28.51,10.100000000000001,75.0,12.0
978.0,78.0,30.0,-44.2,28.5,10.0,75.0,12.0
976.0,80.0,29.9,-44.7,28.99,24.9,75.0,12.0
970.0,90.0,29.4,-47.8,28.94,24.4,75.0,12.0
966.0,95.0,29.5,-48.5,28.95,24.5,75.0,12.0
962.0,100.0,29.6,-49.1,28.96,24.6,75.0,12.0
962.0,100.0,29.8,-49.7,28.98,24.8,75.0,12.0
956.0,105.0,30.1,-52.8,28.51,10.100000000000001,75.0,12.0
954.0,108.0,30.1,-53.4,28.51,10.100000000000001,75.0,12.0
952.0,110.0,30.2,-54.0,28.52,10.2,75.0,12.0
957.0,105.0,30.3,-54.4,28.53,10.3,75.0,12.0
973.0,90.0,30.7,-56.1,28.57,10.7,75.0,12.0
974.0,88.0,31.0,-56.3,28.6,11.0,75.0,12.0
975.0,85.0,31.4,-56.4,28.64,11.399999999999999,75.0,12.0
976.0,83.0,31.8,-56.3,28.68,11.8,75.0,12.0
979.0,75.0,35.2,-55.6,28.52,15.200000000000003,75.0,12.0
981.0,73.0,36.0,-55.3,28.6,16.0,75.0,12.0
983.0,70.0,36.9,-55.0,28.69,16.9,75.0,12.0
985.0,68.0,37.8,-54.5,28.78,17.799999999999997,75.0,12.0
987.0,60.0,43.8,-49.5,28.88,23.799999999999997,75.0,12.0
984.0,60.0,45.6,-48.4,28.56,10.600000000000001,75.0,12.0
980.0,60.0,47.5,-47.2,28.75,12.5,75.0,12.0
1009.0,15.0,18.5,-84.7,28.85,13.5,75.0,12.0
1009.0,15.0,18.6,-84.8,28.86,13.600000000000001,75.0,12.0
1008.0,20.0,19.3,-86.0,28.93,14.3,75.0,12.0
1008.0,20.0,19.5,-86.5,28.95,14.5,75.0,12.0
1008.0,20.0,19.7,-86.9,28.97,14.7,75.0,12.0
1008.0,20.0,19.9,-87.2,28.99,14.899999999999999,75.0,12.0
1007.0,20.0,20.8,-89.3,28.58,15.8,75.0,12.0
1007.0,20.0,21.0,-89.6,28.6,16.0,75.0,12.0
1007.0,23.0,21.1,-90.0,28.61,16.1,75.0,12.0
1007.0,33.0,21.3,-92.3,28.63,16.3,75.0,12.0
1006.0,35.0,21.2,-92.5,28.62,16.2,75.0,12.0
1006.0,38.0,21.0,-92.7,28.6,16.0,75.0,12.0
1006.0,40.0,20.9,-92.9,28.59,15.899999999999999,75.0,12.0
1004.0,43.0,21.0,-93.1,28.6,16.0,75.0,12.0
1003.0,45.0,21.0,-93.2,28.6,16.0,75.0,12.0
1003.0,45.0,20.9,-93.3,28.59,15.899999999999999,75.0,12.0
1002.0,45.0,20.9,-93.4,28.59,15.899999999999999,75.0,12.0
997.0,48.0,20.4,-93.5,28.54,15.399999999999999,75.0,12.0
996.0,50.0,20.4,-93.6,28.54,15.399999999999999,75.0,12.0
995.0,53.0,20.4,-93.8,28.54,15.399999999999999,75.0,12.0
993.0,55.0,20.5,-94.0,28.55,15.5,75.0,12.0
995.0,50.0,20.0,-94.6,28.5,15.0,75.0,12.0
995.0,50.0,19.9,-94.7,28.99,14.899999999999999,75.0,12.0
995.0,50.0,19.8,-94.6,28.98,14.8,75.0,12.0
995.0,50.0,19.6,-94.5,28.96,14.600000000000001,75.0,12.0
995.0,50.0,19.1,-93.8,28.91,14.100000000000001,75.0,12.0
996.0,50.0,18.8,-93.8,28.88,13.8,75.0,12.0
996.0,50.0,18.7,-93.7,28.87,13.7,75.0,12.0
996.0,50.0,18.6,-93.6,28.86,13.600000000000001,75.0,12.0
999.0,45.0,18.3,-93.6,28.83,13.3,75.0,12.0
1000.0,40.0,18.2,-93.7,28.82,13.2,75.0,12.0
1002.0,38.0,18.0,-93.8,28.8,13.0,75.0,12.0
1003.0,35.0,17.9,-93.8,28.79,12.899999999999999,75.0,12.0
1006.0,20.0,17.0,-94.2,28.7,12.0,75.0,12.0
1006.0,20.0,16.9,-94.3,28.69,11.899999999999999,75.0,12.0
1007.0,18.0,16.8,-94.4,28.68,11.8,75.0,12.0
1007.0,15.0,16.6,-94.5,28.66,11.600000000000001,75.0,12.0
1009.0,15.0,15.9,-95.2,28.59,10.9,75.0,12.0
1009.0,15.0,15.8,-95.3,28.58,10.8,75.0,12.0
1004.0,40.0,19.1,-68.8,28.91,14.100000000000001,75.0,12.0
1003.0,40.0,19.6,-69.3,28.96,14.600000000000001,75.0,12.0
1007.0,35.0,21.8,-71.3,28.68,16.8,75.0,12.0
1007.0,35.0,22.3,-71.4,28.73,17.3,75.0,12.0
1007.0,35.0,22.7,-71.5,28.77,17.7,75.0,12.0
1007.0,35.0,23.1,-71.7,28.81,18.1,75.0,12.0
1008.0,30.0,24.7,-72.2,28.97,19.7,75.0,12.0
1008.0,30.0,25.1,-72.1,28.51,20.1,75.0,12.0
1008.0,30.0,25.5,-72.0,28.55,20.5,75.0,12.0
1008.0,30.0,25.6,-71.5,28.56,20.6,75.0,12.0
1008.0,30.0,25.8,-69.3,28.58,20.8,75.0,12.0
1008.0,30.0,25.9,-68.8,28.59,20.9,75.0,12.0
1007.0,30.0,25.9,-68.3,28.59,20.9,75.0,12.0
1008.0,28.0,25.9,-68.0,28.59,20.9,75.0,12.0
1008.0,25.0,9.6,-38.0,28.96,19.6,75.0,12.0
1008.0,25.0,9.6,-38.4,28.96,19.6,75.0,12.0
1008.0,28.0,9.8,-38.6,28.98,19.8,75.0,12.0
1007.0,30.0,9.9,-38.9,28.99,19.9,75.0,12.0
1006.0,30.0,10.6,-40.7,28.56,20.6,75.0,12.0
1006.0,30.0,10.7,-41.1,28.57,20.7,75.0,12.0
1006.0,33.0,10.8,-41.5,28.58,20.8,75.0,12.0
1005.0,35.0,10.9,-41.9,28.59,20.9,75.0,12.0
1000.0,45.0,11.7,-43.4,28.67,21.7,75.0,12.0
1000.0,45.0,11.8,-43.7,28.68,21.8,75.0,12.0
1000.0,45.0,12.0,-44.0,28.7,22.0,75.0,12.0
1000.0,45.0,12.2,-44.3,28.72,22.2,75.0,12.0
999.0,48.0,13.3,-45.8,28.83,23.3,75.0,12.0
997.0,50.0,13.5,-46.0,28.85,23.5,75.0,12.0
996.0,53.0,13.8,-46.3,28.88,23.8,75.0,12.0
994.0,55.0,14.0,-46.6,28.9,24.0,75.0,12.0
992.0,58.0,15.3,-47.8,28.53,10.3,75.0,12.0
990.0,60.0,15.5,-48.0,28.55,10.5,75.0,12.0
992.0,58.0,15.8,-48.0,28.58,10.8,75.0,12.0
994.0,55.0,16.1,-48.1,28.61,11.100000000000001,75.0,12.0
994.0,55.0,16.5,-47.8,28.65,11.5,75.0,12.0
996.0,53.0,16.6,-47.8,28.66,11.600000000000001,75.0,12.0
997.0,50.0,16.7,-47.7,28.67,11.7,75.0,12.0
997.0,50.0,17.5,-47.3,28.75,12.5,75.0,12.0
997.0,50.0,17.6,-47.3,28.76,12.600000000000001,75.0,12.0
999.0,48.0,17.6,-47.4,28.76,12.600000000000001,75.0,12.0
1000.0,45.0,17.6,-47.5,28.76,12.600000000000001,75.0,12.0
1002.0,40.0,17.8,-48.1,28.78,12.8,75.0,12.0
1004.0,38.0,18.0,-48.5,28.8,13.0,75.0,12.0
1005.0,35.0,18.1,-48.9,28.81,13.100000000000001,75.0,12.0
1000.0,45.0,18.7,-51.0,28.87,13.7,75.0,12.0
1000.0,45.0,18.6,-51.5,28.86,13.600000000000001,75.0,12.0
1000.0,45.0,18.6,-52.0,28.86,13.600000000000001,75.0,12.0
1001.0,43.0,18.6,-52.5,28.86,13.600000000000001,75.0,12.0
1005.0,35.0,18.8,-54.1,28.88,13.8,75.0,12.0
1005.0,35.0,19.5,-54.6,28.95,14.5,75.0,12.0
1005.0,35.0,19.9,-55.0,28.99,14.899999999999999,75.0,12.0
1007.0,30.0,22.5,-56.4,28.75,17.5,75.0,12.0
1008.0,30.0,23.1,-56.6,28.81,18.1,75.0,12.0
1008.0,30.0,23.6,-56.9,28.86,18.6,75.0,12.0
1009.0,28.0,24.4,-56.8,28.94,19.4,75.0,12.0
1011.0,25.0,28.8,-56.1,28.88,23.8,75.0,12.0
1012.0,25.0,29.5,-55.9,28.95,24.5,75.0,12.0
1012.0,25.0,30.2,-55.7,28.52,10.2,75.0,12.0
1013.0,23.0,30.8,-55.3,28.58,10.8,75.0,12.0
1014.0,20.0,32.4,-52.0,28.74,12.399999999999999,75.0,12.0
1014.0,20.0,32.5,-51.3,28.75,12.5,75.0,12.0
1013.0,20.0,32.5,-50.5,28.75,12.5,75.0,12.0
1010.0,30.0,29.3,-49.0,28.93,24.3,75.0,12.0
1009.0,30.0,28.8,-49.3,28.88,23.8,75.0,12.0
1008.0,30.0,28.3,-49.6,28.83,23.3,75.0,12.0
1007.0,35.0,26.4,-53.7,28.64,21.4,75.0,12.0
1007.0,35.0,26.5,-54.6,28.65,21.5,75.0,12.0
1007.0,35.0,26.6,-55.5,28.66,21.6,75.0,12.0
1008.0,33.0,26.9,-56.4,28.69,21.9,75.0,12.0
1009.0,30.0,28.9,-60.8,28.89,23.9,75.0,12.0
1009.0,30.0,29.2,-61.8,28.92,24.2,75.0,12.0
1009.0,30.0,29.5,-62.8,28.95,24.5,75.0,12.0
1009.0,28.0,29.4,-63.9,28.94,24.4,75.0,12.0
1009.0,25.0,29.8,-68.0,28.98,24.8,75.0,12.0
1009.0,25.0,30.1,-68.0,28.51,10.100000000000001,75.0,12.0
1008.0,30.0,30.0,-65.8,28.5,10.0,75.0,12.0
1008.0,30.0,29.6,-65.5,28.96,24.6,75.0,12.0
1008.0,30.0,29.3,-65.3,28.93,24.3,75.0,12.0
1008.0,30.0,29.0,-65.4,28.9,24.0,75.0,12.0
1007.0,30.0,27.7,-66.3,28.77,22.7,75.0,12.0
1007.0,30.0,27.4,-66.3,28.74,22.4,75.0,12.0
1006.0,30.0,27.0,-66.4,28.7,22.0,75.0,12.0
1006.0,30.0,26.7,-66.3,28.67,21.7,75.0,12.0
1005.0,30.0,27.0,-66.3,28.7,22.0,75.0,12.0
1005.0,30.0,27.4,-66.7,28.74,22.4,75.0,12.0
1005.0,30.0,27.7,-67.0,28.77,22.7,75.0,12.0
1005.0,30.0,12.9,-76.2,28.79,22.9,75.0,12.0
1004.0,33.0,13.1,-76.0,28.81,23.1,75.0,12.0
1003.0,35.0,13.3,-75.7,28.83,23.3,75.0,12.0
1002.0,40.0,13.5,-75.5,28.85,23.5,75.0,12.0
993.0,50.0,14.1,-74.4,28.91,24.1,75.0,12.0
994.0,50.0,14.2,-74.1,28.92,24.2,75.0,12.0
995.0,50.0,14.3,-73.8,28.93,24.3,75.0,12.0
995.0,50.0,14.7,-73.4,28.97,24.7,75.0,12.0
995.0,55.0,16.6,-72.2,28.66,11.600000000000001,75.0,12.0
995.0,55.0,16.9,-72.1,28.69,11.899999999999999,75.0,12.0
994.0,55.0,17.2,-72.0,28.72,12.2,75.0,12.0
996.0,50.0,17.5,-71.7,28.75,12.5,75.0,12.0
1003.0,40.0,20.5,-69.5,28.55,15.5,75.0,12.0
1003.0,43.0,21.4,-68.8,28.64,16.4,75.0,12.0
1002.0,45.0,22.4,-68.1,28.74,17.4,75.0,12.0
1002.0,45.0,22.9,-67.0,28.79,17.9,75.0,12.0
1005.0,40.0,25.4,-61.6,28.54,20.4,75.0,12.0
1005.0,40.0,25.9,-60.5,28.59,20.9,75.0,12.0
1005.0,40.0,26.3,-59.5,28.63,21.3,75.0,12.0
1005.0,40.0,26.9,-58.3,28.69,21.9,75.0,12.0
1006.0,40.0,30.4,-51.1,28.54,10.399999999999999,75.0,12.0
1006.0,40.0,31.1,-49.4,28.61,11.100000000000001,75.0,12.0
1006.0,40.0,31.9,-47.7,28.69,11.899999999999999,75.0,12.0
1005.0,40.0,27.5,-34.5,28.75,22.5,75.0,12.0
1004.0,40.0,23.3,-36.3,28.83,18.3,75.0,12.0
1004.0,40.0,22.4,-36.8,28.74,17.4,75.0,12.0
1004.0,40.0,21.5,-37.3,28.65,16.5,75.0,12.0
1004.0,40.0,20.7,-37.9,28.57,15.7,75.0,12.0
995.0,45.0,19.8,-37.3,28.98,14.8,75.0,12.0
992.0,50.0,19.5,-37.2,28.95,14.5,75.0,12.0
991.0,55.0,20.3,-37.1,28.53,15.3,75.0,12.0
990.0,60.0,21.0,-37.0,28.6,16.0,75.0,12.0
1005.0,33.0,23.5,-37.1,28.85,18.5,75.0,12.0
1005.0,30.0,23.8,-37.1,28.88,18.8,75.0,12.0
1005.0,30.0,24.4,-36.9,28.94,19.4,75.0,12.0
1005.0,30.0,25.0,-36.7,28.5,20.0,75.0,12.0
1010.0,25.0,30.3,-78.3,28.53,10.3,75.0,12.0
1010.0,25.0,30.6,-78.5,28.56,10.600000000000001,75.0,12.0
1009.0,25.0,31.0,-78.8,28.6,11.0,75.0,12.0
1009.0,30.0,31.6,-79.1,28.66,11.600000000000001,75.0,12.0
1009.0,33.0,31.6,-79.2,28.66,11.600000000000001,75.0,12.0
1009.0,35.0,31.6,-79.2,28.66,11.600000000000001,75.0,12.0
1008.0,35.0,31.6,-79.3,28.66,11.600000000000001,75.0,12.0
1007.0,35.0,31.5,-79.3,28.65,11.5,75.0,12.0
993.0,50.0,31.6,-78.8,28.66,11.600000000000001,75.0,12.0
993.0,50.0,31.8,-78.7,28.68,11.8,75.0,12.0
990.0,55.0,32.1,-78.5,28.71,12.100000000000001,75.0,12.0
987.0,60.0,32.4,-78.2,28.74,12.399999999999999,75.0,12.0
974.0,85.0,34.2,-76.4,28.92,14.200000000000003,75.0,12.0
973.0,85.0,34.8,-75.8,28.98,14.799999999999997,75.0,12.0
972.0,85.0,35.3,-75.2,28.53,15.299999999999997,75.0,12.0
973.0,83.0,35.6,-74.5,28.56,15.600000000000001,75.0,12.0
974.0,80.0,36.0,-73.7,28.6,16.0,75.0,12.0
973.0,85.0,37.3,-70.2,28.73,17.299999999999997,75.0,12.0
969.0,90.0,37.5,-69.3,28.75,17.5,75.0,12.0
965.0,95.0,37.8,-68.3,28.78,17.799999999999997,75.0,12.0
961.0,100.0,38.1,-67.2,28.81,18.1,75.0,12.0
962.0,100.0,40.8,-59.6,28.58,20.799999999999997,75.0,12.0
966.0,95.0,41.8,-57.3,28.68,21.799999999999997,75.0,12.0
970.0,90.0,42.7,-55.0,28.77,22.700000000000003,75.0,12.0
986.0,58.0,46.5,-40.9,28.65,11.5,75.0,12.0
987.0,50.0,47.0,-37.5,28.7,12.0,75.0,12.0
990.0,40.0,47.2,-35.1,28.72,12.200000000000003,75.0,12.0
992.0,30.0,47.4,-32.7,28.74,12.399999999999999,75.0,12.0
1010.0,25.0,12.9,-53.6,28.79,22.9,75.0,12.0
1010.0,25.0,13.1,-54.5,28.81,23.1,75.0,12.0
1010.0,25.0,13.2,-55.4,28.82,23.2,75.0,12.0
1010.0,28.0,13.4,-56.4,28.84,23.4,75.0,12.0
1010.0,30.0,13.6,-61.6,28.86,23.6,75.0,12.0
1010.0,30.0,13.6,-62.7,28.86,23.6,75.0,12.0
1010.0,30.0,13.7,-63.7,28.87,23.7,75.0,12.0
1010.0,28.0,13.9,-64.7,28.89,23.9,75.0,12.0
1011.0,25.0,16.0,-69.7,28.6,11.0,75.0,12.0
1011.0,25.0,16.3,-70.6,28.63,11.3,75.0,12.0
1011.0,25.0,16.5,-71.5,28.65,11.5,75.0,12.0
1011.0,25.0,16.8,-72.3,28.68,11.8,75.0,12.0
1011.0,25.0,17.2,-76.2,28.72,12.2,75.0,12.0
1011.0,25.0,17.1,-76.7,28.71,12.100000000000001,75.0,12.0
1011.0,25.0,17.0,-77.2,28.7,12.0,75.0,12.0
1011.0,25.0,17.1,-77.7,28.71,12.100000000000001,75.0,12.0
1013.0,20.0,17.8,-80.2,28.78,12.8,75.0,12.0
1013.0,20.0,18.1,-80.7,28.81,13.100000000000001,75.0,12.0
1013.0,20.0,18.4,-81.1,28.84,13.399999999999999,75.0,12.0
1013.0,20.0,18.7,-81.5,28.87,13.7,75.0,12.0
1009.0,25.0,20.6,-83.9,28.56,15.600000000000001,75.0,12.0
1008.0,25.0,20.9,-84.3,28.59,15.899999999999999,75.0,12.0
1008.0,25.0,21.2,-84.9,28.62,16.2,75.0,12.0
1008.0,25.0,21.5,-85.5,28.65,16.5,75.0,12.0
1008.0,35.0,22.5,-87.6,28.75,17.5,75.0,12.0
1008.0,38.0,22.7,-87.9,28.77,17.7,75.0,12.0
1007.0,40.0,22.9,-88.3,28.79,17.9,75.0,12.0
1007.0,43.0,23.0,-88.7,28.8,18.0,75.0,12.0
1006.0,45.0,23.1,-89.0,28.81,18.1,75.0,12.0
1002.0,50.0,24.0,-90.6,28.9,19.0,75.0,12.0
1003.0,48.0,24.2,-90.6,28.92,19.2,75.0,12.0
1003.0,45.0,24.4,-90.6,28.94,19.4,75.0,12.0
1003.0,43.0,24.5,-90.6,28.95,19.5,75.0,12.0
1003.0,40.0,24.7,-90.6,28.97,19.7,75.0,12.0
1001.0,45.0,25.7,-90.4,28.57,20.7,75.0,12.0
1001.0,50.0,26.0,-90.0,28.6,21.0,75.0,12.0
1001.0,55.0,26.4,-89.6,28.64,21.4,75.0,12.0
1004.0,53.0,26.7,-89.2,28.67,21.7,75.0,12.0
1007.0,50.0,27.0,-88.8,28.7,22.0,75.0,12.0
1002.0,45.0,29.0,-86.1,28.9,24.0,75.0,12.0
1004.0,38.0,29.6,-85.0,28.96,24.6,75.0,12.0
1006.0,30.0,30.2,-84.0,28.52,10.2,75.0,12.0
1007.0,28.0,31.0,-82.7,28.6,11.0,75.0,12.0
1008.0,25.0,31.9,-81.3,28.69,11.899999999999999,75.0,12.0
1008.0,25.0,36.3,-75.7,28.63,16.299999999999997,75.0,12.0
1008.0,25.0,37.1,-74.9,28.71,17.1,75.0,12.0
1010.0,23.0,38.0,-74.2,28.8,18.0,75.0,12.0
1010.0,30.0,11.4,-59.2,28.64,21.4,75.0,12.0
1010.0,30.0,11.6,-60.2,28.66,21.6,75.0,12.0
1009.0,30.0,11.7,-61.1,28.67,21.7,75.0,12.0
1009.0,30.0,11.9,-62.2,28.69,21.9,75.0,12.0
1004.0,40.0,13.8,-67.6,28.88,23.8,75.0,12.0
1002.0,43.0,14.4,-68.7,28.94,24.4,75.0,12.0
1000.0,45.0,14.9,-69.8,28.99,24.9,75.0,12.0
1000.0,50.0,15.3,-70.8,28.53,10.3,75.0,12.0
995.0,60.0,16.3,-75.4,28.63,11.3,75.0,12.0
994.0,63.0,16.5,-76.1,28.65,11.5,75.0,12.0
993.0,65.0,16.7,-76.8,28.67,11.7,75.0,12.0
993.0,65.0,17.0,-77.4,28.7,12.0,75.0,12.0
984.0,80.0,19.2,-80.7,28.92,14.2,75.0,12.0
982.0,85.0,19.9,-81.2,28.99,14.899999999999999,75.0,12.0
978.0,90.0,21.1,-81.9,28.61,16.1,75.0,12.0
976.0,90.0,21.7,-82.2,28.67,16.7,75.0,12.0
958.0,110.0,25.3,-82.7,28.53,20.3,75.0,12.0
947.0,125.0,26.1,-82.4,28.61,21.1,75.0,12.0
959.0,100.0,27.1,-82.0,28.71,22.1,75.0,12.0
970.0,75.0,28.1,-81.6,28.81,23.1,75.0,12.0
988.0,65.0,32.3,-79.7,28.73,12.299999999999997,75.0,12.0
994.0,63.0,33.4,-78.9,28.84,13.399999999999999,75.0,12.0
1000.0,60.0,34.5,-78.1,28.95,14.5,75.0,12.0
1006.0,50.0,35.7,-77.0,28.57,15.700000000000003,75.0,12.0
1012.0,40.0,36.9,-75.9,28.69,16.9,75.0,12.0
1009.0,30.0,12.3,-21.8,28.73,22.3,75.0,12.0
1009.0,30.0,12.4,-22.4,28.74,22.4,75.0,12.0
1009.0,30.0,12.4,-23.0,28.74,22.4,75.0,12.0
1009.0,35.0,12.6,-24.2,28.76,22.6,75.0,12.0
1004.0,43.0,13.1,-26.1,28.81,23.1,75.0,12.0
1004.0,45.0,13.2,-26.8,28.82,23.2,75.0,12.0
999.0,50.0,13.4,-27.5,28.84,23.4,75.0,12.0
994.0,55.0,13.5,-28.1,28.85,23.5,75.0,12.0
980.0,78.0,14.4,-31.5,28.94,24.4,75.0,12.0
978.0,80.0,14.7,-32.1,28.97,24.7,75.0,12.0
977.0,83.0,14.9,-32.8,28.99,24.9,75.0,12.0
975.0,85.0,15.2,-33.5,28.52,10.2,75.0,12.0
970.0,90.0,17.3,-36.6,28.73,12.3,75.0,12.0
970.0,90.0,17.7,-37.2,28.77,12.7,75.0,12.0
967.0,93.0,18.4,-37.7,28.84,13.399999999999999,75.0,12.0
964.0,95.0,19.0,-38.2,28.9,14.0,75.0,12.0
965.0,95.0,19.6,-38.5,28.96,14.600000000000001,75.0,12.0
970.0,90.0,22.5,-39.8,28.75,17.5,75.0,12.0
970.0,90.0,23.3,-40.0,28.83,18.3,75.0,12.0
972.0,88.0,24.0,-40.1,28.9,19.0,75.0,12.0
974.0,85.0,24.6,-40.3,28.96,19.6,75.0,12.0
990.0,60.0,27.7,-40.0,28.77,22.7,75.0,12.0
994.0,55.0,28.1,-39.8,28.81,23.1,75.0,12.0
1000.0,50.0,28.5,-39.3,28.85,23.5,75.0,12.0
1005.0,45.0,28.9,-38.9,28.89,23.9,75.0,12.0
1006.0,43.0,29.1,-38.3,28.91,24.1,75.0,12.0
1007.0,38.0,29.8,-37.7,28.98,24.8,75.0,12.0
1007.0,35.0,29.9,-37.7,28.99,24.9,75.0,12.0
1007.0,35.0,29.9,-37.5,28.99,24.9,75.0,12.0
1007.0,35.0,29.9,-37.2,28.99,24.9,75.0,12.0
1011.0,35.0,30.4,-37.1,28.54,10.399999999999999,75.0,12.0
1011.0,35.0,30.5,-37.2,28.55,10.5,75.0,12.0
1012.0,33.0,30.7,-37.4,28.57,10.7,75.0,12.0
1012.0,30.0,30.9,-37.6,28.59,10.899999999999999,75.0,12.0
1012.0,30.0,30.9,-37.8,28.59,10.899999999999999,75.0,12.0
1014.0,28.0,30.6,-38.8,28.56,10.600000000000001,75.0,12.0
1014.0,25.0,30.7,-38.9,28.57,10.7,75.0,12.0
1014.0,25.0,30.6,-39.0,28.56,10.600000000000001,75.0,12.0
1014.0,25.0,30.5,-39.2,28.55,10.5,75.0,12.0
1015.0,25.0,30.4,-39.5,28.54,10.399999999999999,75.0,12.0
1015.0,25.0,30.3,-40.5,28.53,10.3,75.0,12.0
1015.0,25.0,30.3,-40.8,28.53,10.3,75.0,12.0
1016.0,25.0,30.4,-41.0,28.54,10.399999999999999,75.0,12.0
1016.0,25.0,30.4,-41.2,28.54,10.399999999999999,75.0,12.0
1016.0,25.0,30.6,-41.6,28.56,10.600000000000001,75.0,12.0
1017.0,25.0,32.0,-42.9,28.7,12.0,75.0,12.0
1017.0,25.0,32.3,-43.3,28.73,12.299999999999997,75.0,12.0
1017.0,25.0,32.7,-43.5,28.77,12.700000000000003,75.0,12.0
1017.0,25.0,33.1,-43.8,28.81,13.100000000000001,75.0,12.0
1018.0,23.0,33.5,-44.0,28.85,13.5,75.0,12.0
1018.0,20.0,33.9,-44.2,28.89,13.899999999999999,75.0,12.0
1019.0,20.0,35.1,-44.8,28.51,15.100000000000001,75.0,12.0
1019.0,20.0,35.5,-45.0,28.55,15.5,75.0,12.0
1019.0,20.0,36.0,-45.1,28.6,16.0,75.0,12.0
1019.0,20.0,36.4,-45.2,28.64,16.4,75.0,12.0
1011.0,30.0,9.0,-45.6,28.9,19.0,75.0,12.0
1011.0,30.0,9.1,-46.5,28.91,19.1,75.0,12.0
1011.0,30.0,10.1,-51.4,28.51,20.1,75.0,12.0
1011.0,33.0,10.3,-52.5,28.53,20.3,75.0,12.0
1010.0,35.0,10.5,-53.5,28.55,20.5,75.0,12.0
1010.0,35.0,10.8,-54.7,28.58,20.8,75.0,12.0
1009.0,45.0,11.8,-60.8,28.68,21.8,75.0,12.0
1010.0,40.0,11.9,-61.8,28.69,21.9,75.0,12.0
1010.0,35.0,12.1,-62.8,28.71,22.1,75.0,12.0
1008.0,30.0,11.3,-37.5,28.63,21.3,75.0,12.0
1007.0,30.0,11.3,-38.3,28.63,21.3,75.0,12.0
1006.0,33.0,11.4,-39.0,28.64,21.4,75.0,12.0
1005.0,35.0,11.5,-39.8,28.65,21.5,75.0,12.0
997.0,50.0,12.6,-43.7,28.76,22.6,75.0,12.0
994.0,55.0,12.8,-44.5,28.78,22.8,75.0,12.0
991.0,60.0,13.1,-45.1,28.81,23.1,75.0,12.0
987.0,65.0,13.3,-45.8,28.83,23.3,75.0,12.0
986.0,68.0,13.5,-46.3,28.85,23.5,75.0,12.0
984.0,70.0,13.7,-46.8,28.87,23.7,75.0,12.0
975.0,83.0,14.4,-48.1,28.94,24.4,75.0,12.0
970.0,90.0,14.7,-48.5,28.97,24.7,75.0,12.0
966.0,95.0,15.1,-48.9,28.51,10.1,75.0,12.0
962.0,100.0,15.4,-49.3,28.54,10.4,75.0,12.0
962.0,100.0,15.7,-49.6,28.57,10.7,75.0,12.0
958.0,105.0,17.2,-51.6,28.72,12.2,75.0,12.0
953.0,110.0,17.4,-52.0,28.74,12.399999999999999,75.0,12.0
948.0,115.0,17.7,-52.3,28.77,12.7,75.0,12.0
948.0,115.0,17.9,-52.6,28.79,12.899999999999999,75.0,12.0
948.0,115.0,18.6,-54.4,28.86,13.600000000000001,75.0,12.0
948.0,113.0,18.7,-54.7,28.87,13.7,75.0,12.0
948.0,110.0,18.8,-55.0,28.88,13.8,75.0,12.0
951.0,108.0,18.9,-55.4,28.89,13.899999999999999,75.0,12.0
956.0,100.0,19.2,-58.1,28.92,14.2,75.0,12.0
952.0,105.0,19.3,-58.7,28.93,14.3,75.0,12.0
948.0,110.0,19.4,-59.3,28.94,14.399999999999999,75.0,12.0
947.0,110.0,19.5,-60.0,28.95,14.5,75.0,12.0
949.0,120.0,20.0,-63.5,28.5,15.0,75.0,12.0
946.0,123.0,20.1,-64.3,28.51,15.100000000000001,75.0,12.0
942.0,125.0,20.3,-65.0,28.53,15.3,75.0,12.0
942.0,123.0,20.5,-65.7,28.55,15.5,75.0,12.0
937.0,120.0,21.4,-69.1,28.64,16.4,75.0,12.0
939.0,120.0,21.6,-69.8,28.66,16.6,75.0,12.0
941.0,120.0,21.8,-70.4,28.68,16.8,75.0,12.0
940.0,120.0,22.0,-70.9,28.7,17.0,75.0,12.0
939.0,120.0,23.2,-73.5,28.82,18.2,75.0,12.0
944.0,118.0,23.5,-73.9,28.85,18.5,75.0,12.0
948.0,115.0,23.8,-74.3,28.88,18.8,75.0,12.0
948.0,110.0,24.0,-74.7,28.9,19.0,75.0,12.0
958.0,95.0,25.3,-76.3,28.53,20.3,75.0,12.0
959.0,93.0,25.5,-76.7,28.55,20.5,75.0,12.0
960.0,90.0,25.7,-77.1,28.57,20.7,75.0,12.0
960.0,88.0,25.9,-77.3,28.59,20.9,75.0,12.0
962.0,90.0,26.8,-78.5,28.68,21.8,75.0,12.0
962.0,90.0,26.8,-78.8,28.68,21.8,75.0,12.0
962.0,90.0,26.8,-79.1,28.68,21.8,75.0,12.0
960.0,93.0,26.9,-79.3,28.69,21.9,75.0,12.0
969.0,80.0,27.4,-80.7,28.74,22.4,75.0,12.0
972.0,70.0,27.6,-81.2,28.76,22.6,75.0,12.0
975.0,60.0,27.8,-81.7,28.78,22.8,75.0,12.0
977.0,58.0,28.0,-82.0,28.8,23.0,75.0,12.0
982.0,55.0,29.2,-83.7,28.92,24.2,75.0,12.0
982.0,53.0,29.6,-83.8,28.96,24.6,75.0,12.0
982.0,50.0,30.1,-84.0,28.51,10.100000000000001,75.0,12.0
983.0,43.0,30.6,-84.3,28.56,10.600000000000001,75.0,12.0
984.0,35.0,31.0,-84.6,28.6,11.0,75.0,12.0
992.0,25.0,32.0,-85.2,28.7,12.0,75.0,12.0
994.0,25.0,32.3,-85.2,28.73,12.299999999999997,75.0,12.0
996.0,25.0,32.5,-85.1,28.75,12.5,75.0,12.0
997.0,25.0,33.0,-84.9,28.8,13.0,75.0,12.0
998.0,25.0,33.4,-84.7,28.84,13.399999999999999,75.0,12.0
1001.0,25.0,36.1,-83.2,28.61,16.1,75.0,12.0
1002.0,25.0,37.0,-82.7,28.7,17.0,75.0,12.0
1002.0,25.0,37.8,-82.1,28.78,17.799999999999997,75.0,12.0
1002.0,25.0,38.3,-81.7,28.83,18.299999999999997,75.0,12.0
1002.0,33.0,43.5,-76.7,28.85,23.5,75.0,12.0
1002.0,30.0,44.3,-75.7,28.93,24.299999999999997,75.0,12.0
1003.0,28.0,44.8,-74.5,28.98,24.799999999999997,75.0,12.0
1005.0,20.0,46.6,-67.3,28.66,11.600000000000001,75.0,12.0
1005.0,20.0,46.9,-65.8,28.69,11.899999999999999,75.0,12.0
1015.0,25.0,31.8,-78.1,28.68,11.8,75.0,12.0
1015.0,25.0,31.7,-78.0,28.67,11.7,75.0,12.0
1014.0,25.0,31.6,-78.0,28.66,11.600000000000001,75.0,12.0
1013.0,28.0,31.5,-78.0,28.65,11.5,75.0,12.0
1000.0,45.0,31.3,-78.5,28.63,11.3,75.0,12.0
999.0,48.0,31.3,-78.7,28.63,11.3,75.0,12.0
997.0,50.0,31.3,-78.8,28.63,11.3,75.0,12.0
996.0,53.0,31.4,-78.9,28.64,11.399999999999999,75.0,12.0
986.0,65.0,32.8,-79.5,28.78,12.799999999999997,75.0,12.0
989.0,55.0,33.1,-79.5,28.81,13.100000000000001,75.0,12.0
992.0,45.0,33.5,-79.6,28.85,13.5,75.0,12.0
994.0,38.0,33.9,-79.5,28.89,13.899999999999999,75.0,12.0
1001.0,28.0,36.0,-78.3,28.6,16.0,75.0,12.0
1002.0,30.0,36.4,-77.8,28.64,16.4,75.0,12.0
1002.0,33.0,36.8,-77.2,28.68,16.799999999999997,75.0,12.0
1001.0,35.0,39.1,-72.9,28.91,19.1,75.0,12.0
1000.0,35.0,39.7,-71.7,28.97,19.700000000000003,75.0,12.0
999.0,35.0,40.2,-70.5,28.52,20.200000000000003,75.0,12.0
999.0,38.0,40.6,-69.0,28.56,20.6,75.0,12.0
999.0,45.0,43.0,-59.6,28.8,23.0,75.0,12.0
999.0,45.0,44.0,-57.3,28.9,24.0,75.0,12.0
998.0,45.0,45.0,-55.0,28.5,10.0,75.0,12.0
995.0,45.0,49.3,-41.0,28.93,14.299999999999997,75.0,12.0
1016.0,25.0,29.0,-65.2,28.9,24.0,75.0,12.0
1015.0,30.0,29.2,-66.6,28.92,24.2,75.0,12.0
1015.0,30.0,29.4,-66.9,28.94,24.4,75.0,12.0
1015.0,30.0,29.7,-67.2,28.97,24.7,75.0,12.0
1015.0,30.0,29.9,-67.8,28.99,24.9,75.0,12.0
1012.0,35.0,31.1,-69.8,28.61,11.100000000000001,75.0,12.0
1009.0,38.0,31.5,-70.2,28.65,11.5,75.0,12.0
1005.0,40.0,31.8,-70.5,28.68,11.8,75.0,12.0
1005.0,40.0,32.2,-70.8,28.72,12.200000000000003,75.0,12.0
1008.0,45.0,36.7,-71.5,28.67,16.700000000000003,75.0,12.0
1008.0,45.0,37.6,-71.4,28.76,17.6,75.0,12.0
1010.0,40.0,38.8,-71.3,28.88,18.799999999999997,75.0,12.0
1014.0,25.0,43.1,-70.5,28.81,23.1,75.0,12.0
1009.0,25.0,9.7,-27.6,28.97,19.7,75.0,12.0
1004.0,38.0,9.6,-31.2,28.96,19.6,75.0,12.0
1003.0,40.0,9.5,-32.1,28.95,19.5,75.0,12.0
1002.0,42.0,9.4,-32.9,28.94,19.4,75.0,12.0
1000.0,45.0,9.3,-33.6,28.93,19.3,75.0,12.0
997.0,50.0,8.9,-37.4,28.89,18.9,75.0,12.0
997.0,50.0,8.9,-38.2,28.89,18.9,75.0,12.0
996.0,52.0,8.9,-39.0,28.89,18.9,75.0,12.0
994.0,55.0,9.0,-39.9,28.9,19.0,75.0,12.0
982.0,75.0,9.7,-44.2,28.97,19.7,75.0,12.0
977.0,85.0,9.8,-45.1,28.98,19.8,75.0,12.0
966.0,98.0,10.0,-46.0,28.5,20.0,75.0,12.0
955.0,110.0,10.2,-46.8,28.52,20.2,75.0,12.0
952.0,112.0,10.4,-47.6,28.54,20.4,75.0,12.0
955.0,110.0,11.0,-52.5,28.6,21.0,75.0,12.0
962.0,100.0,11.2,-53.5,28.62,21.2,75.0,12.0
969.0,90.0,11.3,-54.4,28.63,21.3,75.0,12.0
966.0,90.0,11.2,-55.2,28.62,21.2,75.0,12.0
963.0,100.0,11.6,-59.4,28.66,21.6,75.0,12.0
960.0,102.0,11.7,-60.2,28.67,21.7,75.0,12.0
956.0,105.0,11.8,-61.1,28.68,21.8,75.0,12.0
953.0,110.0,11.9,-61.9,28.69,21.9,75.0,12.0
950.0,115.0,12.0,-62.6,28.7,22.0,75.0,12.0
955.0,120.0,12.6,-65.5,28.76,22.6,75.0,12.0
952.0,120.0,12.8,-66.2,28.78,22.8,75.0,12.0
950.0,120.0,13.0,-67.0,28.8,23.0,75.0,12.0
920.0,135.0,14.4,-71.3,28.94,24.4,75.0,12.0
921.0,130.0,14.7,-71.9,28.97,24.7,75.0,12.0
922.0,130.0,14.9,-72.3,28.99,24.9,75.0,12.0
937.0,122.0,16.5,-75.2,28.65,11.5,75.0,12.0
940.0,120.0,16.8,-75.8,28.68,11.8,75.0,12.0
933.0,128.0,17.1,-76.2,28.71,12.100000000000001,75.0,12.0
925.0,125.0,17.7,-78.4,28.77,12.7,75.0,12.0
922.0,135.0,17.9,-78.7,28.79,12.899999999999999,75.0,12.0
920.0,145.0,18.0,-79.0,28.8,13.0,75.0,12.0
915.0,145.0,18.1,-79.3,28.81,13.100000000000001,75.0,12.0
919.0,135.0,18.8,-81.2,28.88,13.8,75.0,12.0
920.0,132.0,19.0,-81.7,28.9,14.0,75.0,12.0
920.0,130.0,19.1,-82.1,28.91,14.100000000000001,75.0,12.0
918.0,135.0,19.3,-82.4,28.93,14.3,75.0,12.0
915.0,140.0,20.4,-84.1,28.54,15.399999999999999,75.0,12.0
914.0,140.0,20.6,-84.4,28.56,15.600000000000001,75.0,12.0
912.0,140.0,20.9,-84.7,28.59,15.899999999999999,75.0,12.0
913.0,140.0,21.2,-84.9,28.62,16.2,75.0,12.0
930.0,122.0,23.4,-86.2,28.84,18.4,75.0,12.0
931.0,120.0,23.7,-86.5,28.87,18.7,75.0,12.0
930.0,120.0,24.2,-86.8,28.92,19.2,75.0,12.0
939.0,115.0,26.7,-87.9,28.67,21.7,75.0,12.0
938.0,115.0,27.3,-88.1,28.73,22.3,75.0,12.0
937.0,115.0,27.9,-88.2,28.79,22.9,75.0,12.0
934.0,112.0,28.4,-88.2,28.84,23.4,75.0,12.0
965.0,70.0,31.4,-87.7,28.64,11.399999999999999,75.0,12.0
970.0,60.0,31.9,-87.6,28.69,11.899999999999999,75.0,12.0
975.0,50.0,32.5,-87.4,28.75,12.5,75.0,12.0
980.0,40.0,33.1,-87.0,28.81,13.100000000000001,75.0,12.0
994.0,20.0,35.4,-84.0,28.54,15.399999999999999,75.0,12.0
995.0,20.0,35.8,-83.2,28.58,15.799999999999997,75.0,12.0
996.0,20.0,36.2,-82.3,28.62,16.200000000000003,75.0,12.0
999.0,15.0,38.0,-77.6,28.8,18.0,75.0,12.0
1000.0,15.0,38.4,-76.7,28.84,18.4,75.0,12.0
1001.0,20.0,38.2,-76.1,28.82,18.200000000000003,75.0,12.0
1002.0,25.0,38.0,-75.5,28.8,18.0,75.0,12.0
1002.0,30.0,37.8,-74.8,28.78,17.799999999999997,75.0,12.0
1003.0,35.0,37.5,-74.0,28.75,17.5,75.0,12.0
1006.0,35.0,35.2,-74.2,28.52,15.200000000000003,75.0,12.0
1008.0,35.0,34.5,-74.5,28.95,14.5,75.0,12.0
1008.0,35.0,33.6,-75.2,28.86,13.600000000000001,75.0,12.0
1008.0,35.0,32.8,-75.8,28.78,12.799999999999997,75.0,12.0
1008.0,35.0,31.9,-76.7,28.69,11.899999999999999,75.0,12.0
1008.0,35.0,31.0,-77.5,28.6,11.0,75.0,12.0
1009.0,30.0,27.5,-78.7,28.75,22.5,75.0,12.0
1009.0,28.0,26.9,-78.9,28.69,21.9,75.0,12.0
1009.0,25.0,26.4,-79.1,28.64,21.4,75.0,12.0
1009.0,25.0,26.2,-79.4,28.62,21.2,75.0,12.0
1010.0,25.0,25.5,-82.2,28.55,20.5,75.0,12.0
1010.0,25.0,25.2,-82.8,28.52,20.2,75.0,12.0
1010.0,25.0,25.0,-83.4,28.5,20.0,75.0,12.0
1010.0,25.0,26.0,-87.3,28.6,21.0,75.0,12.0
1009.0,28.0,26.2,-87.9,28.62,21.2,75.0,12.0
1008.0,30.0,26.5,-88.6,28.65,21.5,75.0,12.0
1008.0,32.0,26.8,-89.0,28.68,21.8,75.0,12.0
1007.0,35.0,27.1,-89.5,28.71,22.1,75.0,12.0
1000.0,45.0,29.0,-92.5,28.9,24.0,75.0,12.0
1003.0,40.0,29.2,-92.7,28.92,24.2,75.0,12.0
1003.0,35.0,29.4,-93.0,28.94,24.4,75.0,12.0
1003.0,30.0,29.6,-93.2,28.96,24.6,75.0,12.0
1009.0,25.0,31.5,-39.7,28.65,11.5,75.0,12.0
1009.0,25.0,31.6,-39.5,28.66,11.600000000000001,75.0,12.0
1009.0,25.0,31.7,-39.3,28.67,11.7,75.0,12.0
1010.0,25.0,32.0,-38.7,28.7,12.0,75.0,12.0
1012.0,25.0,32.5,-37.6,28.75,12.5,75.0,12.0
1012.0,25.0,32.8,-37.1,28.78,12.799999999999997,75.0,12.0
1012.0,25.0,33.3,-36.5,28.83,13.299999999999997,75.0,12.0
1012.0,25.0,33.8,-36.0,28.88,13.799999999999997,75.0,12.0
1013.0,30.0,36.4,-34.0,28.64,16.4,75.0,12.0
1013.0,30.0,36.5,-33.6,28.65,16.5,75.0,12.0
1014.0,30.0,36.2,-33.5,28.62,16.200000000000003,75.0,12.0
1014.0,30.0,36.0,-33.4,28.6,16.0,75.0,12.0
1016.0,22.0,35.4,-30.2,28.54,15.399999999999999,75.0,12.0
1016.0,20.0,35.3,-29.5,28.53,15.299999999999997,75.0,12.0
1010.0,25.0,15.9,-60.0,28.59,10.9,75.0,12.0
1010.0,25.0,15.9,-60.4,28.59,10.9,75.0,12.0
1006.0,35.0,16.4,-62.6,28.64,11.399999999999999,75.0,12.0
1001.0,42.0,16.5,-63.0,28.65,11.5,75.0,12.0
996.0,50.0,16.7,-63.5,28.67,11.7,75.0,12.0
996.0,52.0,16.9,-63.8,28.69,11.899999999999999,75.0,12.0
991.0,60.0,17.6,-65.4,28.76,12.600000000000001,75.0,12.0
991.0,60.0,17.9,-65.8,28.79,12.899999999999999,75.0,12.0
991.0,60.0,18.1,-66.2,28.81,13.100000000000001,75.0,12.0
984.0,70.0,18.6,-68.5,28.86,13.600000000000001,75.0,12.0
986.0,68.0,18.7,-68.8,28.87,13.7,75.0,12.0
988.0,65.0,18.8,-69.0,28.88,13.8,75.0,12.0
989.0,62.0,19.0,-69.2,28.9,14.0,75.0,12.0
990.0,50.0,19.7,-70.7,28.97,14.7,75.0,12.0
996.0,40.0,19.9,-71.2,28.99,14.899999999999999,75.0,12.0
1002.0,30.0,20.0,-71.6,28.5,15.0,75.0,12.0
1000.0,45.0,20.8,-72.7,28.58,15.8,75.0,12.0
1000.0,45.0,21.2,-72.8,28.62,16.2,75.0,12.0
1002.0,42.0,21.4,-72.5,28.64,16.4,75.0,12.0
1005.0,40.0,21.7,-72.3,28.67,16.7,75.0,12.0
1004.0,40.0,21.9,-72.2,28.69,16.9,75.0,12.0
1002.0,40.0,22.2,-72.2,28.72,17.2,75.0,12.0
1001.0,40.0,23.1,-72.4,28.81,18.1,75.0,12.0
1000.0,40.0,23.5,-72.5,28.85,18.5,75.0,12.0
998.0,42.0,23.9,-72.4,28.89,18.9,75.0,12.0
996.0,45.0,24.2,-72.3,28.92,19.2,75.0,12.0
995.0,48.0,24.5,-72.2,28.95,19.5,75.0,12.0
994.0,50.0,24.8,-72.1,28.98,19.8,75.0,12.0
989.0,60.0,26.6,-71.7,28.66,21.6,75.0,12.0
986.0,68.0,26.9,-71.6,28.69,21.9,75.0,12.0
984.0,75.0,27.2,-71.4,28.72,22.2,75.0,12.0
983.0,75.0,27.3,-71.1,28.73,22.3,75.0,12.0
972.0,75.0,27.5,-69.3,28.75,22.5,75.0,12.0
972.0,75.0,27.4,-69.2,28.74,22.4,75.0,12.0
972.0,78.0,27.3,-69.1,28.73,22.3,75.0,12.0
968.0,85.0,26.5,-68.5,28.65,21.5,75.0,12.0
968.0,85.0,26.4,-68.7,28.64,21.4,75.0,12.0
967.0,85.0,26.2,-68.8,28.62,21.2,75.0,12.0
966.0,85.0,25.9,-68.9,28.59,20.9,75.0,12.0
966.0,80.0,25.5,-69.6,28.55,20.5,75.0,12.0
966.0,78.0,25.6,-69.8,28.56,20.6,75.0,12.0
966.0,75.0,25.8,-70.0,28.58,20.8,75.0,12.0
966.0,72.0,25.9,-70.2,28.59,20.9,75.0,12.0
969.0,80.0,26.2,-72.2,28.62,21.2,75.0,12.0
968.0,82.0,26.3,-72.7,28.63,21.3,75.0,12.0
968.0,85.0,26.4,-73.1,28.64,21.4,75.0,12.0
966.0,85.0,26.4,-73.7,28.64,21.4,75.0,12.0
957.0,100.0,26.6,-76.9,28.66,21.6,75.0,12.0
954.0,102.0,26.8,-77.6,28.68,21.8,75.0,12.0
952.0,105.0,26.9,-78.2,28.69,21.9,75.0,12.0
952.0,105.0,27.0,-78.8,28.7,22.0,75.0,12.0
965.0,75.0,27.7,-81.6,28.77,22.7,75.0,12.0
968.0,65.0,28.0,-81.9,28.8,23.0,75.0,12.0
970.0,55.0,28.3,-82.3,28.83,23.3,75.0,12.0
974.0,50.0,28.8,-82.5,28.88,23.8,75.0,12.0
990.0,32.0,31.8,-83.8,28.68,11.8,75.0,12.0
993.0,30.0,32.5,-83.6,28.75,12.5,75.0,12.0
996.0,28.0,32.9,-83.4,28.79,12.899999999999999,75.0,12.0
1000.0,20.0,35.4,-81.0,28.54,15.399999999999999,75.0,12.0
1000.0,22.0,36.3,-79.7,28.63,16.299999999999997,75.0,12.0
999.0,25.0,37.3,-78.4,28.73,17.299999999999997,75.0,12.0
999.0,25.0,37.8,-77.4,28.78,17.799999999999997,75.0,12.0
999.0,35.0,38.5,-72.5,28.85,18.5,75.0,12.0
1008.0,30.0,11.2,-29.9,28.62,21.2,75.0,12.0
1007.0,30.0,11.2,-30.7,28.62,21.2,75.0,12.0
1006.0,32.0,11.2,-31.4,28.62,21.2,75.0,12.0
1005.0,35.0,11.2,-32.1,28.62,21.2,75.0,12.0
996.0,52.0,11.8,-34.8,28.68,21.8,75.0,12.0
994.0,55.0,12.1,-35.3,28.71,22.1,75.0,12.0
993.0,55.0,12.6,-35.6,28.76,22.6,75.0,12.0
992.0,55.0,13.0,-36.0,28.8,23.0,75.0,12.0
972.0,88.0,14.8,-38.4,28.98,24.8,75.0,12.0
970.0,90.0,15.0,-38.8,28.5,10.0,75.0,12.0
968.0,92.0,15.3,-39.2,28.53,10.3,75.0,12.0
965.0,95.0,15.6,-39.7,28.56,10.6,75.0,12.0
965.0,95.0,15.8,-40.2,28.58,10.8,75.0,12.0
965.0,95.0,15.9,-40.8,28.59,10.9,75.0,12.0
958.0,102.0,16.1,-42.0,28.61,11.100000000000001,75.0,12.0
955.0,105.0,16.3,-42.4,28.63,11.3,75.0,12.0
953.0,108.0,16.5,-42.9,28.65,11.5,75.0,12.0
951.0,110.0,16.7,-43.4,28.67,11.7,75.0,12.0
951.0,110.0,16.8,-44.5,28.68,11.8,75.0,12.0
950.0,112.0,17.2,-45.6,28.72,12.2,75.0,12.0
951.0,110.0,17.5,-46.0,28.75,12.5,75.0,12.0
951.0,110.0,17.8,-46.2,28.78,12.8,75.0,12.0
951.0,110.0,18.1,-46.5,28.81,13.100000000000001,75.0,12.0
940.0,122.0,20.2,-47.5,28.52,15.2,75.0,12.0
943.0,120.0,20.8,-47.8,28.58,15.8,75.0,12.0
946.0,112.0,21.6,-48.0,28.66,16.6,75.0,12.0
948.0,105.0,22.3,-48.3,28.73,17.3,75.0,12.0
952.0,102.0,23.0,-48.5,28.8,18.0,75.0,12.0
967.0,90.0,26.2,-49.5,28.62,21.2,75.0,12.0
968.0,90.0,26.9,-49.1,28.69,21.9,75.0,12.0
970.0,90.0,27.5,-48.7,28.75,22.5,75.0,12.0
968.0,92.0,28.2,-48.2,28.82,23.2,75.0,12.0
952.0,108.0,31.6,-45.3,28.66,11.600000000000001,75.0,12.0
953.0,105.0,32.5,-44.4,28.75,12.5,75.0,12.0
954.0,98.0,33.5,-43.7,28.85,13.5,75.0,12.0
955.0,90.0,34.5,-43.0,28.95,14.5,75.0,12.0
960.0,72.0,41.0,-40.9,28.6,21.0,75.0,12.0
961.0,70.0,42.6,-40.5,28.76,22.6,75.0,12.0
962.0,68.0,44.0,-40.5,28.9,24.0,75.0,12.0
962.0,65.0,45.5,-40.5,28.55,10.5,75.0,12.0
1004.0,30.0,13.3,-32.4,28.83,23.3,75.0,12.0
1004.0,30.0,13.3,-33.3,28.83,23.3,75.0,12.0
1003.0,35.0,13.4,-34.8,28.84,23.4,75.0,12.0
1002.0,40.0,13.5,-35.4,28.85,23.5,75.0,12.0
1000.0,45.0,13.6,-35.9,28.86,23.6,75.0,12.0
997.0,50.0,13.7,-36.4,28.87,23.7,75.0,12.0
990.0,60.0,14.0,-38.7,28.9,24.0,75.0,12.0
990.0,60.0,14.1,-39.1,28.91,24.1,75.0,12.0
990.0,60.0,14.2,-39.4,28.92,24.2,75.0,12.0
990.0,60.0,14.3,-39.7,28.93,24.3,75.0,12.0
998.0,48.0,14.3,-40.9,28.93,24.3,75.0,12.0
1000.0,45.0,14.2,-41.1,28.92,24.2,75.0,12.0
1000.0,45.0,14.1,-41.3,28.91,24.1,75.0,12.0
1000.0,45.0,13.9,-41.5,28.89,23.9,75.0,12.0
1002.0,38.0,13.1,-40.3,28.81,23.1,75.0,12.0
1003.0,35.0,13.1,-40.0,28.81,23.1,75.0,12.0
1004.0,32.0,13.7,-40.2,28.87,23.7,75.0,12.0
1005.0,30.0,14.3,-40.5,28.93,24.3,75.0,12.0
1002.0,38.0,13.9,-42.8,28.89,23.9,75.0,12.0
1003.0,35.0,13.9,-43.2,28.89,23.9,75.0,12.0
1004.0,32.0,13.9,-43.5,28.89,23.9,75.0,12.0
1005.0,30.0,14.0,-43.8,28.9,24.0,75.0,12.0
1002.0,40.0,15.3,-45.1,28.53,10.3,75.0,12.0
1000.0,45.0,15.7,-45.4,28.57,10.7,75.0,12.0
1000.0,45.0,16.2,-45.5,28.62,11.2,75.0,12.0
1000.0,45.0,16.7,-45.7,28.67,11.7,75.0,12.0
996.0,52.0,18.4,-46.0,28.84,13.399999999999999,75.0,12.0
994.0,55.0,18.7,-46.0,28.87,13.7,75.0,12.0
996.0,52.0,18.9,-46.0,28.89,13.899999999999999,75.0,12.0
997.0,50.0,19.2,-46.0,28.92,14.2,75.0,12.0
998.0,48.0,19.4,-46.0,28.94,14.399999999999999,75.0,12.0
1000.0,45.0,20.3,-46.2,28.53,15.3,75.0,12.0
1000.0,45.0,20.6,-46.2,28.56,15.600000000000001,75.0,12.0
1001.0,42.0,21.0,-46.2,28.6,16.0,75.0,12.0
1002.0,40.0,21.3,-46.2,28.63,16.3,75.0,12.0
1001.0,42.0,23.6,-46.5,28.86,18.6,75.0,12.0
1000.0,45.0,24.3,-46.5,28.93,19.3,75.0,12.0
997.0,50.0,24.9,-46.5,28.99,19.9,75.0,12.0
994.0,55.0,25.4,-46.5,28.54,20.4,75.0,12.0
990.0,60.0,28.2,-46.0,28.82,23.2,75.0,12.0
990.0,60.0,28.9,-45.8,28.89,23.9,75.0,12.0
990.0,60.0,29.5,-45.8,28.95,24.5,75.0,12.0
990.0,60.0,30.1,-45.8,28.51,10.100000000000001,75.0,12.0
996.0,52.0,32.2,-47.0,28.72,12.200000000000003,75.0,12.0
997.0,50.0,32.4,-47.3,28.74,12.399999999999999,75.0,12.0
998.0,48.0,32.8,-47.5,28.78,12.799999999999997,75.0,12.0
1000.0,45.0,33.1,-47.8,28.81,13.100000000000001,75.0,12.0
990.0,60.0,36.3,-47.0,28.63,16.299999999999997,75.0,12.0
990.0,60.0,37.0,-46.4,28.7,17.0,75.0,12.0
990.0,60.0,37.7,-45.8,28.77,17.700000000000003,75.0,12.0
987.0,65.0,41.0,-40.4,28.6,21.0,75.0,12.0
987.0,65.0,41.6,-39.1,28.66,21.6,75.0,12.0
990.0,60.0,42.2,-37.5,28.72,22.200000000000003,75.0,12.0
994.0,55.0,42.8,-36.0,28.78,22.799999999999997,75.0,12.0
1006.0,32.0,24.1,-94.8,28.91,19.1,75.0,12.0
1004.0,35.0,24.1,-94.2,28.91,19.1,75.0,12.0
1000.0,40.0,24.6,-93.7,28.96,19.6,75.0,12.0
1000.0,38.0,26.6,-92.4,28.66,21.6,75.0,12.0
997.0,40.0,26.8,-92.0,28.68,21.8,75.0,12.0
998.0,40.0,27.1,-91.7,28.71,22.1,75.0,12.0
1001.0,28.0,29.9,-90.9,28.99,24.9,75.0,12.0
1002.0,25.0,30.4,-90.9,28.54,10.399999999999999,75.0,12.0
1002.0,25.0,31.2,-91.0,28.62,11.2,75.0,12.0
1000.0,40.0,31.5,-66.5,28.65,11.5,75.0,12.0
999.0,40.0,31.8,-66.5,28.68,11.8,75.0,12.0
998.0,40.0,32.1,-66.5,28.71,12.100000000000001,75.0,12.0
996.0,40.0,32.5,-66.0,28.75,12.5,75.0,12.0
986.0,45.0,36.0,-61.8,28.6,16.0,75.0,12.0
986.0,45.0,37.2,-61.1,28.72,17.200000000000003,75.0,12.0
986.0,45.0,38.5,-60.5,28.85,18.5,75.0,12.0
1002.0,35.0,26.5,-41.9,28.65,21.5,75.0,12.0
1001.0,35.0,26.6,-42.2,28.66,21.6,75.0,12.0
1000.0,35.0,26.8,-42.5,28.68,21.8,75.0,12.0
1000.0,35.0,26.4,-44.3,28.64,21.4,75.0,12.0
1000.0,35.0,26.3,-44.3,28.63,21.3,75.0,12.0
1000.0,35.0,26.2,-44.4,28.62,21.2,75.0,12.0
1000.0,35.0,28.2,-44.0,28.82,23.2,75.0,12.0
1000.0,35.0,28.4,-44.5,28.84,23.4,75.0,12.0
999.0,35.0,28.7,-45.1,28.87,23.7,75.0,12.0
998.0,40.0,29.6,-47.9,28.96,24.6,75.0,12.0
998.0,42.0,29.9,-48.3,28.99,24.9,75.0,12.0
998.0,45.0,30.2,-48.8,28.52,10.2,75.0,12.0
997.0,40.0,31.3,-51.0,28.63,11.3,75.0,12.0
997.0,40.0,31.5,-51.0,28.65,11.5,75.0,12.0
997.0,40.0,31.7,-51.0,28.67,11.7,75.0,12.0
997.0,40.0,31.6,-50.4,28.66,11.600000000000001,75.0,12.0
997.0,38.0,31.3,-50.2,28.63,11.3,75.0,12.0
997.0,35.0,31.0,-50.1,28.6,11.0,75.0,12.0
995.0,30.0,29.1,-50.4,28.91,24.1,75.0,12.0
996.0,30.0,28.8,-50.2,28.88,23.8,75.0,12.0
996.0,30.0,28.5,-50.1,28.85,23.5,75.0,12.0
1000.0,30.0,26.5,-50.3,28.65,21.5,75.0,12.0
1001.0,28.0,26.4,-50.5,28.64,21.4,75.0,12.0
1002.0,25.0,26.2,-50.6,28.62,21.2,75.0,12.0
1010.0,25.0,25.0,-50.4,28.5,20.0,75.0,12.0
1010.0,25.0,25.1,-50.6,28.51,20.1,75.0,12.0
1011.0,25.0,25.1,-50.9,28.51,20.1,75.0,12.0
1014.0,20.0,26.1,-51.4,28.61,21.1,75.0,12.0
1004.0,25.0,16.9,-84.0,28.69,11.899999999999999,75.0,12.0
1004.0,28.0,17.1,-84.0,28.71,12.100000000000001,75.0,12.0
1003.0,30.0,17.4,-83.9,28.74,12.399999999999999,75.0,12.0
1002.0,35.0,19.0,-84.0,28.9,14.0,75.0,12.0
1002.0,35.0,19.4,-84.0,28.94,14.399999999999999,75.0,12.0
1002.0,35.0,19.7,-84.1,28.97,14.7,75.0,12.0
1002.0,38.0,20.0,-84.2,28.5,15.0,75.0,12.0
1001.0,40.0,20.4,-84.2,28.54,15.399999999999999,75.0,12.0
998.0,52.0,23.9,-84.9,28.89,18.9,75.0,12.0
995.0,55.0,24.9,-85.1,28.99,19.9,75.0,12.0
992.0,58.0,25.7,-85.3,28.57,20.7,75.0,12.0
990.0,60.0,26.5,-85.6,28.65,21.5,75.0,12.0
990.0,52.0,29.5,-87.3,28.95,24.5,75.0,12.0
991.0,50.0,30.1,-87.5,28.51,10.100000000000001,75.0,12.0
992.0,40.0,30.8,-87.5,28.58,10.8,75.0,12.0
994.0,30.0,31.4,-87.6,28.64,11.399999999999999,75.0,12.0
1003.0,20.0,35.0,-88.0,28.5,15.0,75.0,12.0
1004.0,20.0,36.0,-87.9,28.6,16.0,75.0,12.0
1005.0,20.0,37.0,-87.8,28.7,17.0,75.0,12.0
1006.0,20.0,37.8,-87.7,28.78,17.799999999999997,75.0,12.0
1006.0,20.0,38.5,-87.5,28.85,18.5,75.0,12.0
1005.0,20.0,42.0,-85.0,28.7,22.0,75.0,12.0
1005.0,20.0,42.5,-84.5,28.75,22.5,75.0,12.0
1005.0,20.0,43.0,-84.0,28.8,23.0,75.0,12.0
1004.0,20.0,43.4,-82.5,28.84,23.4,75.0,12.0
1003.0,20.0,43.7,-81.1,28.87,23.700000000000003,75.0,12.0
1006.0,30.0,19.7,-95.4,28.97,14.7,75.0,12.0
1006.0,32.0,19.9,-95.6,28.99,14.899999999999999,75.0,12.0
1005.0,35.0,20.0,-95.8,28.5,15.0,75.0,12.0
1005.0,35.0,20.8,-97.3,28.58,15.8,75.0,12.0
1006.0,30.0,21.1,-97.7,28.61,16.1,75.0,12.0
1007.0,25.0,21.4,-98.1,28.64,16.4,75.0,12.0
1008.0,25.0,21.7,-98.3,28.67,16.7,75.0,12.0
1008.0,25.0,22.0,-98.5,28.7,17.0,75.0,12.0
1009.0,30.0,18.3,-86.7,28.83,13.3,75.0,12.0
1008.0,30.0,18.5,-87.0,28.85,13.5,75.0,12.0
1007.0,30.0,18.6,-87.2,28.86,13.600000000000001,75.0,12.0
1011.0,25.0,20.9,-88.5,28.59,15.899999999999999,75.0,12.0
1010.0,28.0,21.6,-88.8,28.66,16.6,75.0,12.0
1010.0,30.0,22.3,-89.0,28.73,17.3,75.0,12.0
1010.0,30.0,23.1,-89.3,28.81,18.1,75.0,12.0
1009.0,30.0,23.9,-89.7,28.89,18.9,75.0,12.0
1002.0,45.0,26.4,-90.4,28.64,21.4,75.0,12.0
1000.0,52.0,27.0,-90.5,28.7,22.0,75.0,12.0
997.0,60.0,27.6,-90.5,28.76,22.6,75.0,12.0
994.0,62.0,28.1,-90.4,28.81,23.1,75.0,12.0
992.0,65.0,28.5,-90.3,28.85,23.5,75.0,12.0
998.0,40.0,30.8,-88.9,28.58,10.8,75.0,12.0
999.0,35.0,31.2,-88.5,28.62,11.2,75.0,12.0
1000.0,30.0,31.6,-88.1,28.66,11.600000000000001,75.0,12.0
1002.0,28.0,32.0,-87.7,28.7,12.0,75.0,12.0
1004.0,25.0,32.4,-87.2,28.74,12.399999999999999,75.0,12.0
1009.0,20.0,34.6,-84.1,28.96,14.600000000000001,75.0,12.0
1010.0,20.0,35.1,-82.9,28.51,15.100000000000001,75.0,12.0
1010.0,20.0,35.6,-81.8,28.56,15.600000000000001,75.0,12.0
1010.0,20.0,36.4,-80.9,28.64,16.4,75.0,12.0
1010.0,20.0,37.1,-80.0,28.71,17.1,75.0,12.0
1009.0,25.0,38.4,-76.7,28.84,18.4,75.0,12.0
1009.0,25.0,38.8,-75.8,28.88,18.799999999999997,75.0,12.0
1009.0,25.0,39.1,-74.8,28.91,19.1,75.0,12.0
1009.0,25.0,39.5,-72.0,28.95,19.5,75.0,12.0
1007.0,30.0,41.6,-69.8,28.66,21.6,75.0,12.0
1006.0,30.0,42.5,-69.7,28.75,22.5,75.0,12.0
1006.0,30.0,43.5,-69.6,28.85,23.5,75.0,12.0
1006.0,30.0,44.2,-69.7,28.92,24.200000000000003,75.0,12.0
1006.0,30.0,44.9,-69.8,28.99,24.9,75.0,12.0
1006.0,25.0,46.5,-67.6,28.65,11.5,75.0,12.0
1006.0,22.0,47.2,-67.0,28.72,12.200000000000003,75.0,12.0
1006.0,20.0,48.0,-66.4,28.8,13.0,75.0,12.0
1006.0,20.0,48.2,-65.5,28.82,13.200000000000003,75.0,12.0
1006.0,20.0,48.5,-64.5,28.85,13.5,75.0,12.0
1010.0,25.0,12.0,-60.8,28.7,22.0,75.0,12.0
1010.0,28.0,12.1,-61.6,28.71,22.1,75.0,12.0
1007.0,35.0,13.0,-65.9,28.8,23.0,75.0,12.0
1006.0,38.0,13.3,-66.6,28.83,23.3,75.0,12.0
1005.0,40.0,13.6,-67.3,28.86,23.6,75.0,12.0
1002.0,42.0,13.9,-67.9,28.89,23.9,75.0,12.0
991.0,55.0,15.1,-70.9,28.51,10.1,75.0,12.0
990.0,58.0,15.3,-71.4,28.53,10.3,75.0,12.0
989.0,60.0,15.6,-71.9,28.56,10.6,75.0,12.0
986.0,65.0,15.9,-72.5,28.59,10.9,75.0,12.0
967.0,90.0,17.6,-74.9,28.76,12.600000000000001,75.0,12.0
962.0,95.0,18.1,-75.5,28.81,13.100000000000001,75.0,12.0
957.0,100.0,18.5,-76.1,28.85,13.5,75.0,12.0
954.0,110.0,18.9,-76.6,28.89,13.899999999999999,75.0,12.0
940.0,125.0,21.4,-80.0,28.64,16.4,75.0,12.0
941.0,120.0,22.0,-80.6,28.7,17.0,75.0,12.0
950.0,110.0,22.4,-81.1,28.74,17.4,75.0,12.0
960.0,100.0,22.7,-81.6,28.77,17.7,75.0,12.0
967.0,80.0,24.3,-83.4,28.93,19.3,75.0,12.0
964.0,85.0,24.8,-83.8,28.98,19.8,75.0,12.0
962.0,90.0,25.2,-84.2,28.52,20.2,75.0,12.0
952.0,100.0,25.6,-84.6,28.56,20.6,75.0,12.0
942.0,110.0,26.1,-85.0,28.61,21.1,75.0,12.0
930.0,120.0,28.5,-86.3,28.85,23.5,75.0,12.0
936.0,115.0,29.2,-86.6,28.92,24.2,75.0,12.0
942.0,110.0,29.9,-86.9,28.99,24.9,75.0,12.0
956.0,78.0,30.7,-87.3,28.57,10.7,75.0,12.0
970.0,45.0,31.5,-87.7,28.65,11.5,75.0,12.0
997.0,25.0,33.9,-88.8,28.89,13.899999999999999,75.0,12.0
1000.0,22.0,34.6,-88.9,28.96,14.600000000000001,75.0,12.0
1002.0,20.0,35.3,-89.1,28.53,15.299999999999997,75.0,12.0
1002.0,20.0,35.8,-89.2,28.58,15.799999999999997,75.0,12.0
1003.0,20.0,36.4,-89.2,28.64,16.4,75.0,12.0
1007.0,15.0,37.7,-88.7,28.77,17.700000000000003,75.0,12.0
1008.0,15.0,37.9,-88.5,28.79,17.9,75.0,12.0
1008.0,15.0,38.1,-88.3,28.81,18.1,75.0,12.0
1009.0,15.0,38.5,-87.8,28.85,18.5,75.0,12.0
1010.0,15.0,39.2,-86.2,28.92,19.200000000000003,75.0,12.0
1010.0,15.0,39.2,-85.8,28.92,19.200000000000003,75.0,12.0
1010.0,12.0,39.2,-85.8,28.92,19.200000000000003,75.0,12.0
1009.0,10.0,39.2,-85.7,28.92,19.200000000000003,75.0,12.0
1010.0,10.0,38.7,-85.6,28.87,18.700000000000003,75.0,12.0
1010.0,10.0,38.5,-85.6,28.85,18.5,75.0,12.0
1010.0,10.0,38.4,-85.6,28.84,18.4,75.0,12.0
1010.0,10.0,38.2,-85.7,28.82,18.200000000000003,75.0,12.0
1009.0,10.0,38.1,-85.8,28.81,18.1,75.0,12.0
1012.0,10.0,38.1,-86.4,28.81,18.1,75.0,12.0
1012.0,10.0,38.2,-86.5,28.82,18.200000000000003,75.0,12.0
1012.0,10.0,38.4,-86.6,28.84,18.4,75.0,12.0
1012.0,10.0,38.5,-86.7,28.85,18.5,75.0,12.0
1011.0,10.0,38.6,-86.8,28.86,18.6,75.0,12.0
1013.0,10.0,40.2,-86.2,28.52,20.200000000000003,75.0,12.0
1014.0,10.0,40.5,-85.7,28.55,20.5,75.0,12.0
1014.0,10.0,40.8,-85.2,28.58,20.799999999999997,75.0,12.0
1014.0,10.0,41.0,-84.7,28.6,21.0,75.0,12.0
1013.0,10.0,41.3,-84.1,28.63,21.299999999999997,75.0,12.0
1012.0,10.0,43.5,-81.8,28.85,23.5,75.0,12.0
1012.0,10.0,43.9,-81.4,28.89,23.9,75.0,12.0
1011.0,10.0,44.2,-81.0,28.92,24.200000000000003,75.0,12.0
1010.0,10.0,44.6,-80.5,28.96,24.6,75.0,12.0
1009.0,30.0,10.9,-43.9,28.59,20.9,75.0,12.0
1009.0,30.0,10.9,-44.4,28.59,20.9,75.0,12.0
1008.0,30.0,10.9,-44.9,28.59,20.9,75.0,12.0
1007.0,30.0,11.0,-45.4,28.6,21.0,75.0,12.0
1006.0,32.0,11.0,-46.1,28.6,21.0,75.0,12.0
1004.0,42.0,11.0,-49.4,28.6,21.0,75.0,12.0
1004.0,45.0,11.0,-50.2,28.6,21.0,75.0,12.0
1004.0,45.0,11.0,-51.1,28.6,21.0,75.0,12.0
1004.0,45.0,11.0,-52.0,28.6,21.0,75.0,12.0
1004.0,45.0,11.0,-52.9,28.6,21.0,75.0,12.0
1003.0,50.0,11.2,-57.2,28.62,21.2,75.0,12.0
1003.0,52.0,11.3,-58.0,28.63,21.3,75.0,12.0
1003.0,55.0,11.4,-58.9,28.64,21.4,75.0,12.0
1001.0,62.0,11.5,-59.5,28.65,21.5,75.0,12.0
980.0,85.0,12.4,-63.2,28.74,22.4,75.0,12.0
976.0,92.0,12.7,-64.1,28.77,22.7,75.0,12.0
971.0,100.0,12.9,-64.9,28.79,22.9,75.0,12.0
966.0,105.0,14.3,-70.9,28.93,24.3,75.0,12.0
969.0,95.0,14.5,-71.8,28.95,24.5,75.0,12.0
944.0,130.0,15.9,-76.5,28.59,10.9,75.0,12.0
940.0,132.0,16.1,-77.2,28.61,11.100000000000001,75.0,12.0
937.0,135.0,16.4,-78.0,28.64,11.399999999999999,75.0,12.0
933.0,138.0,16.8,-78.8,28.68,11.8,75.0,12.0
946.0,130.0,18.3,-82.8,28.83,13.3,75.0,12.0
947.0,128.0,18.6,-83.5,28.86,13.600000000000001,75.0,12.0
948.0,125.0,18.9,-84.3,28.89,13.899999999999999,75.0,12.0
950.0,122.0,19.2,-85.0,28.92,14.2,75.0,12.0
951.0,120.0,19.5,-85.8,28.95,14.5,75.0,12.0
975.0,65.0,21.3,-88.9,28.63,16.3,75.0,12.0
980.0,65.0,21.6,-89.6,28.66,16.6,75.0,12.0
984.0,65.0,22.0,-90.3,28.7,17.0,75.0,12.0
982.0,70.0,22.3,-90.9,28.73,17.3,75.0,12.0
981.0,75.0,22.6,-91.5,28.76,17.6,75.0,12.0
977.0,80.0,23.7,-94.0,28.87,18.7,75.0,12.0
968.0,82.0,23.9,-94.5,28.89,18.9,75.0,12.0
959.0,85.0,24.1,-95.1,28.91,19.1,75.0,12.0
954.0,98.0,24.2,-95.6,28.92,19.2,75.0,12.0
948.0,110.0,24.4,-96.1,28.94,19.4,75.0,12.0
960.0,90.0,24.9,-98.2,28.99,19.9,75.0,12.0
975.0,70.0,25.0,-98.7,28.5,20.0,75.0,12.0
985.0,58.0,25.0,-99.2,28.5,20.0,75.0,12.0
995.0,45.0,25.0,-99.7,28.5,20.0,75.0,12.0
1010.0,30.0,25.0,-75.0,28.5,20.0,75.0,12.0
1010.0,35.0,25.4,-75.5,28.54,20.4,75.0,12.0
1007.0,45.0,26.6,-76.8,28.66,21.6,75.0,12.0
1006.0,45.0,27.0,-76.8,28.7,22.0,75.0,12.0
1006.0,45.0,27.4,-76.7,28.74,22.4,75.0,12.0
1004.0,45.0,27.8,-76.7,28.78,22.8,75.0,12.0
1003.0,45.0,28.1,-76.6,28.81,23.1,75.0,12.0
1001.0,60.0,29.2,-75.4,28.92,24.2,75.0,12.0
1001.0,60.0,29.4,-75.1,28.94,24.4,75.0,12.0
1001.0,60.0,29.7,-74.7,28.97,24.7,75.0,12.0
1001.0,58.0,29.9,-74.1,28.99,24.9,75.0,12.0
1001.0,45.0,30.7,-71.9,28.57,10.7,75.0,12.0
1000.0,45.0,30.9,-71.6,28.59,10.899999999999999,75.0,12.0
1000.0,45.0,31.1,-71.2,28.61,11.100000000000001,75.0,12.0
1000.0,42.0,31.1,-71.2,28.61,11.100000000000001,75.0,12.0
999.0,40.0,30.9,-69.8,28.59,10.899999999999999,75.0,12.0
999.0,40.0,30.9,-69.7,28.59,10.899999999999999,75.0,12.0
999.0,40.0,30.9,-69.6,28.59,10.899999999999999,75.0,12.0
1002.0,35.0,32.0,-68.2,28.7,12.0,75.0,12.0
1001.0,35.0,32.2,-68.3,28.72,12.200000000000003,75.0,12.0
999.0,45.0,33.2,-69.1,28.82,13.200000000000003,75.0,12.0
999.0,45.0,33.4,-69.2,28.84,13.399999999999999,75.0,12.0
999.0,45.0,33.6,-69.3,28.86,13.600000000000001,75.0,12.0
998.0,48.0,33.9,-69.3,28.89,13.899999999999999,75.0,12.0
998.0,48.0,36.5,-68.5,28.65,16.5,75.0,12.0
997.0,50.0,37.8,-67.3,28.78,17.799999999999997,75.0,12.0
997.0,50.0,40.8,-62.8,28.58,20.799999999999997,75.0,12.0
998.0,50.0,41.5,-61.5,28.65,21.5,75.0,12.0
1004.0,42.0,45.2,-53.2,28.52,10.200000000000003,75.0,12.0
1005.0,40.0,45.8,-51.7,28.58,10.799999999999997,75.0,12.0
1006.0,40.0,46.1,-50.2,28.61,11.100000000000001,75.0,12.0
1006.0,40.0,46.4,-48.8,28.64,11.399999999999999,75.0,12.0
1006.0,40.0,47.0,-47.4,28.7,12.0,75.0,12.0
1011.0,25.0,19.3,-92.9,28.93,14.3,75.0,12.0
1010.0,28.0,19.6,-93.3,28.96,14.600000000000001,75.0,12.0
1009.0,30.0,19.8,-93.8,28.98,14.8,75.0,12.0
1008.0,35.0,21.2,-96.2,28.62,16.2,75.0,12.0
1007.0,35.0,21.4,-96.6,28.64,16.4,75.0,12.0
1006.0,38.0,21.6,-97.1,28.66,16.6,75.0,12.0
1005.0,40.0,21.8,-97.6,28.68,16.8,75.0,12.0
1006.0,22.0,22.5,-100.7,28.75,17.5,75.0,12.0
1007.0,20.0,22.5,-101.4,28.75,17.5,75.0,12.0
1006.0,30.0,28.2,-68.8,28.82,23.2,75.0,12.0
1000.0,48.0,30.6,-68.0,28.56,10.600000000000001,75.0,12.0
999.0,50.0,30.9,-67.7,28.59,10.899999999999999,75.0,12.0
995.0,50.0,31.9,-63.6,28.69,11.899999999999999,75.0,12.0
994.0,52.0,31.9,-62.9,28.69,11.899999999999999,75.0,12.0
994.0,55.0,32.0,-62.1,28.7,12.0,75.0,12.0
995.0,50.0,32.5,-58.5,28.75,12.5,75.0,12.0
996.0,48.0,32.5,-58.1,28.75,12.5,75.0,12.0
997.0,45.0,32.5,-57.7,28.75,12.5,75.0,12.0
997.0,45.0,32.5,-57.4,28.75,12.5,75.0,12.0
995.0,50.0,33.5,-56.7,28.85,13.5,75.0,12.0
995.0,50.0,33.5,-56.7,28.85,13.5,75.0,12.0
995.0,50.0,33.5,-56.7,28.85,13.5,75.0,12.0
995.0,50.0,33.8,-56.1,28.88,13.799999999999997,75.0,12.0
996.0,48.0,35.5,-54.5,28.55,15.5,75.0,12.0
998.0,45.0,36.0,-54.0,28.6,16.0,75.0,12.0
998.0,45.0,36.4,-53.5,28.64,16.4,75.0,12.0
998.0,45.0,36.8,-52.9,28.68,16.799999999999997,75.0,12.0
998.0,45.0,39.1,-49.7,28.91,19.1,75.0,12.0
998.0,45.0,39.6,-48.6,28.96,19.6,75.0,12.0
998.0,45.0,40.0,-47.8,28.5,20.0,75.0,12.0
998.0,45.0,40.4,-46.9,28.54,20.4,75.0,12.0
998.0,45.0,40.8,-46.0,28.58,20.799999999999997,75.0,12.0
995.0,50.0,42.0,-42.0,28.7,22.0,75.0,12.0
995.0,50.0,42.3,-41.1,28.73,22.299999999999997,75.0,12.0
994.0,50.0,42.6,-40.0,28.76,22.6,75.0,12.0
994.0,50.0,43.0,-39.0,28.8,23.0,75.0,12.0
994.0,50.0,43.5,-38.0,28.85,23.5,75.0,12.0
994.0,50.0,44.5,-34.7,28.95,24.5,75.0,12.0
994.0,50.0,44.5,-34.1,28.95,24.5,75.0,12.0
994.0,50.0,44.5,-33.6,28.95,24.5,75.0,12.0
994.0,50.0,44.4,-33.1,28.94,24.4,75.0,12.0
996.0,48.0,44.3,-32.7,28.93,24.299999999999997,75.0,12.0
1002.0,38.0,43.7,-31.2,28.87,23.700000000000003,75.0,12.0
1003.0,35.0,43.5,-31.0,28.85,23.5,75.0,12.0
1004.0,32.0,43.4,-30.9,28.84,23.4,75.0,12.0
1005.0,30.0,43.3,-30.7,28.83,23.299999999999997,75.0,12.0
1006.0,30.0,43.1,-30.6,28.81,23.1,75.0,12.0
1008.0,30.0,42.2,-31.1,28.72,22.200000000000003,75.0,12.0
1009.0,30.0,42.0,-31.4,28.7,22.0,75.0,12.0
1010.0,28.0,41.6,-31.4,28.66,21.6,75.0,12.0
1010.0,25.0,41.3,-31.5,28.63,21.299999999999997,75.0,12.0
1010.0,25.0,41.0,-31.5,28.6,21.0,75.0,12.0
1011.0,25.0,40.5,-31.5,28.55,20.5,75.0,12.0
1011.0,25.0,40.5,-31.5,28.55,20.5,75.0,12.0
1012.0,25.0,40.9,-31.8,28.59,20.9,75.0,12.0
1012.0,25.0,41.2,-32.0,28.62,21.200000000000003,75.0,12.0
1014.0,25.0,41.6,-32.2,28.66,21.6,75.0,12.0
1009.0,25.0,12.9,-33.5,28.79,22.9,75.0,12.0
1008.0,28.0,15.1,-36.1,28.51,10.1,75.0,12.0
1008.0,30.0,15.6,-36.8,28.56,10.6,75.0,12.0
1008.0,30.0,16.1,-37.6,28.61,11.100000000000001,75.0,12.0
1008.0,30.0,16.6,-38.4,28.66,11.600000000000001,75.0,12.0
1008.0,30.0,16.9,-39.1,28.69,11.899999999999999,75.0,12.0
1008.0,30.0,17.9,-41.0,28.79,12.899999999999999,75.0,12.0
1008.0,30.0,18.2,-41.6,28.82,13.2,75.0,12.0
1008.0,30.0,18.5,-42.2,28.85,13.5,75.0,12.0
1008.0,30.0,18.8,-42.8,28.88,13.8,75.0,12.0
1008.0,30.0,19.1,-43.1,28.91,14.100000000000001,75.0,12.0
1006.0,32.0,19.9,-44.6,28.99,14.899999999999999,75.0,12.0
1005.0,35.0,20.2,-45.0,28.52,15.2,75.0,12.0
1005.0,35.0,20.5,-45.5,28.55,15.5,75.0,12.0
1005.0,35.0,20.8,-46.0,28.58,15.8,75.0,12.0
1008.0,32.0,22.0,-49.1,28.7,17.0,75.0,12.0
1009.0,30.0,22.2,-49.9,28.72,17.2,75.0,12.0
1009.0,30.0,22.3,-50.4,28.73,17.3,75.0,12.0
1009.0,30.0,22.4,-50.9,28.74,17.4,75.0,12.0
1009.0,30.0,22.4,-51.5,28.74,17.4,75.0,12.0
1009.0,30.0,22.4,-53.7,28.74,17.4,75.0,12.0
1009.0,30.0,22.4,-54.2,28.74,17.4,75.0,12.0
1009.0,30.0,22.4,-54.8,28.74,17.4,75.0,12.0
1009.0,30.0,22.4,-57.2,28.74,17.4,75.0,12.0
1008.0,30.0,22.6,-57.7,28.76,17.6,75.0,12.0
1008.0,30.0,22.8,-58.1,28.78,17.8,75.0,12.0
1006.0,32.0,23.1,-58.7,28.81,18.1,75.0,12.0
1001.0,45.0,24.7,-61.7,28.97,19.7,75.0,12.0
1001.0,45.0,25.0,-62.3,28.5,20.0,75.0,12.0
1001.0,45.0,25.4,-62.9,28.54,20.4,75.0,12.0
1001.0,45.0,25.9,-63.3,28.59,20.9,75.0,12.0
996.0,55.0,27.9,-66.3,28.79,22.9,75.0,12.0
996.0,55.0,28.1,-66.7,28.81,23.1,75.0,12.0
995.0,55.0,28.4,-67.1,28.84,23.4,75.0,12.0
994.0,58.0,28.6,-67.4,28.86,23.6,75.0,12.0
997.0,60.0,30.0,-69.0,28.5,10.0,75.0,12.0
998.0,60.0,30.4,-69.2,28.54,10.399999999999999,75.0,12.0
1000.0,60.0,30.8,-69.4,28.58,10.8,75.0,12.0
998.0,60.0,31.2,-69.7,28.62,11.2,75.0,12.0
999.0,55.0,33.1,-70.1,28.81,13.100000000000001,75.0,12.0
996.0,58.0,33.5,-70.0,28.85,13.5,75.0,12.0
994.0,60.0,34.0,-70.0,28.9,14.0,75.0,12.0
992.0,65.0,34.5,-69.8,28.95,14.5,75.0,12.0
982.0,78.0,36.4,-67.1,28.64,16.4,75.0,12.0
980.0,80.0,36.5,-66.5,28.65,16.5,75.0,12.0
980.0,80.0,36.5,-65.8,28.65,16.5,75.0,12.0
975.0,85.0,36.6,-63.0,28.66,16.6,75.0,12.0
972.0,88.0,36.5,-62.5,28.65,16.5,75.0,12.0
970.0,90.0,36.5,-62.0,28.65,16.5,75.0,12.0
974.0,85.0,36.5,-61.6,28.65,16.5,75.0,12.0
987.0,65.0,36.9,-59.1,28.69,16.9,75.0,12.0
987.0,65.0,37.2,-58.2,28.72,17.200000000000003,75.0,12.0
987.0,65.0,37.6,-57.3,28.76,17.6,75.0,12.0
991.0,55.0,41.8,-50.6,28.68,21.799999999999997,75.0,12.0
992.0,50.0,43.3,-48.9,28.83,23.299999999999997,75.0,12.0
1009.0,25.0,13.3,-43.6,28.83,23.3,75.0,12.0
1008.0,28.0,13.6,-44.2,28.86,23.6,75.0,12.0
1008.0,30.0,13.8,-44.7,28.88,23.8,75.0,12.0
1008.0,30.0,13.8,-45.2,28.88,23.8,75.0,12.0
1009.0,25.0,13.4,-46.2,28.84,23.4,75.0,12.0
1009.0,25.0,13.5,-46.4,28.85,23.5,75.0,12.0
1010.0,25.0,13.7,-46.5,28.87,23.7,75.0,12.0
1010.0,25.0,13.9,-46.7,28.89,23.9,75.0,12.0
1010.0,25.0,14.2,-47.0,28.92,24.2,75.0,12.0
1010.0,25.0,14.6,-48.8,28.96,24.6,75.0,12.0
1010.0,25.0,14.6,-49.3,28.96,24.6,75.0,12.0
1010.0,25.0,14.7,-49.6,28.97,24.7,75.0,12.0
1010.0,25.0,14.8,-49.9,28.98,24.8,75.0,12.0
1010.0,25.0,14.9,-50.1,28.99,24.9,75.0,12.0
1010.0,25.0,16.0,-52.0,28.6,11.0,75.0,12.0
1010.0,25.0,16.1,-52.6,28.61,11.100000000000001,75.0,12.0
1010.0,25.0,16.1,-53.2,28.61,11.100000000000001,75.0,12.0
1010.0,25.0,16.1,-53.7,28.61,11.100000000000001,75.0,12.0
1010.0,25.0,16.7,-55.6,28.67,11.7,75.0,12.0
1010.0,25.0,16.9,-56.1,28.69,11.899999999999999,75.0,12.0
1010.0,25.0,17.1,-56.6,28.71,12.100000000000001,75.0,12.0
1010.0,25.0,17.2,-57.2,28.72,12.2,75.0,12.0
1014.0,25.0,18.0,-60.1,28.8,13.0,75.0,12.0
1005.0,32.0,19.5,-94.8,28.95,14.5,75.0,12.0
1004.0,35.0,19.6,-95.0,28.96,14.600000000000001,75.0,12.0
1002.0,40.0,19.6,-95.3,28.96,14.600000000000001,75.0,12.0
1001.0,45.0,19.7,-95.7,28.97,14.7,75.0,12.0
1008.0,30.0,23.1,-75.1,28.81,18.1,75.0,12.0
1008.0,30.0,23.2,-75.4,28.82,18.2,75.0,12.0
1004.0,38.0,24.9,-76.7,28.99,19.9,75.0,12.0
1003.0,40.0,25.4,-76.9,28.54,20.4,75.0,12.0
1002.0,42.0,25.7,-77.3,28.57,20.7,75.0,12.0
994.0,55.0,26.2,-79.0,28.62,21.2,75.0,12.0
991.0,58.0,26.2,-79.3,28.62,21.2,75.0,12.0
988.0,60.0,26.2,-79.6,28.62,21.2,75.0,12.0
986.0,65.0,26.0,-79.9,28.6,21.0,75.0,12.0
979.0,75.0,25.1,-82.0,28.51,20.1,75.0,12.0
974.0,80.0,25.0,-82.3,28.5,20.0,75.0,12.0
968.0,85.0,24.9,-82.6,28.99,19.9,75.0,12.0
964.0,88.0,24.8,-82.9,28.98,19.8,75.0,12.0
959.0,90.0,24.6,-83.3,28.96,19.6,75.0,12.0
942.0,100.0,24.4,-84.7,28.94,19.4,75.0,12.0
945.0,100.0,24.4,-85.0,28.94,19.4,75.0,12.0
948.0,100.0,24.5,-85.3,28.95,19.5,75.0,12.0
944.0,100.0,24.6,-85.6,28.96,19.6,75.0,12.0
941.0,100.0,24.8,-85.9,28.98,19.8,75.0,12.0
909.0,145.0,25.7,-87.7,28.57,20.7,75.0,12.0
906.0,148.0,26.0,-88.2,28.6,21.0,75.0,12.0
902.0,150.0,26.3,-88.6,28.63,21.3,75.0,12.0
904.0,145.0,26.8,-88.9,28.68,21.8,75.0,12.0
905.0,140.0,27.2,-89.2,28.72,22.2,75.0,12.0
923.0,110.0,29.5,-89.6,28.95,24.5,75.0,12.0
936.0,95.0,30.3,-89.6,28.53,10.3,75.0,12.0
948.0,80.0,31.1,-89.6,28.61,11.100000000000001,75.0,12.0
954.0,65.0,31.9,-89.3,28.69,11.899999999999999,75.0,12.0
961.0,50.0,32.6,-89.1,28.76,12.600000000000001,75.0,12.0
985.0,30.0,35.6,-88.0,28.56,15.600000000000001,75.0,12.0
988.0,30.0,36.3,-87.5,28.63,16.299999999999997,75.0,12.0
990.0,30.0,37.0,-87.0,28.7,17.0,75.0,12.0
992.0,30.0,37.8,-86.2,28.78,17.799999999999997,75.0,12.0
994.0,30.0,38.6,-85.3,28.86,18.6,75.0,12.0
1009.0,25.0,14.0,-45.1,28.9,24.0,75.0,12.0
1008.0,25.0,14.4,-45.8,28.94,24.4,75.0,12.0
1007.0,25.0,14.9,-46.4,28.99,24.9,75.0,12.0
1007.0,25.0,15.3,-47.0,28.53,10.3,75.0,12.0
1008.0,25.0,17.7,-50.6,28.77,12.7,75.0,12.0
1008.0,22.0,18.1,-51.5,28.81,13.100000000000001,75.0,12.0
1009.0,20.0,18.5,-52.5,28.85,13.5,75.0,12.0
1010.0,20.0,24.2,-54.2,28.92,19.2,75.0,12.0
1010.0,22.0,24.9,-53.9,28.99,19.9,75.0,12.0
1010.0,25.0,25.5,-53.6,28.55,20.5,75.0,12.0
1010.0,25.0,26.2,-53.2,28.62,21.2,75.0,12.0
1006.0,35.0,29.0,-50.4,28.9,24.0,75.0,12.0
1006.0,35.0,29.6,-50.2,28.96,24.6,75.0,12.0
1007.0,35.0,30.1,-50.1,28.51,10.100000000000001,75.0,12.0
1010.0,30.0,31.9,-51.4,28.69,11.899999999999999,75.0,12.0
1010.0,30.0,32.1,-51.5,28.71,12.100000000000001,75.0,12.0
1010.0,30.0,32.3,-51.5,28.73,12.299999999999997,75.0,12.0
1010.0,28.0,32.3,-51.8,28.73,12.299999999999997,75.0,12.0
1010.0,25.0,33.2,-52.3,28.82,13.200000000000003,75.0,12.0
1010.0,25.0,33.5,-52.5,28.85,13.5,75.0,12.0
1010.0,25.0,33.9,-52.7,28.89,13.899999999999999,75.0,12.0
1010.0,25.0,34.3,-53.0,28.93,14.299999999999997,75.0,12.0
1010.0,25.0,36.6,-54.2,28.66,16.6,75.0,12.0
1010.0,25.0,37.0,-54.0,28.7,17.0,75.0,12.0
1010.0,25.0,37.4,-53.9,28.74,17.4,75.0,12.0
1008.0,30.0,18.8,-45.5,28.88,13.8,75.0,12.0
1008.0,30.0,19.1,-45.9,28.91,14.100000000000001,75.0,12.0
1008.0,30.0,19.3,-46.2,28.93,14.3,75.0,12.0
1008.0,30.0,19.6,-46.7,28.96,14.600000000000001,75.0,12.0
1006.0,35.0,21.1,-49.4,28.61,16.1,75.0,12.0
1004.0,38.0,21.3,-49.8,28.63,16.3,75.0,12.0
1003.0,40.0,21.5,-50.2,28.65,16.5,75.0,12.0
1002.0,42.0,21.8,-50.6,28.68,16.8,75.0,12.0
997.0,50.0,24.4,-53.1,28.94,19.4,75.0,12.0
996.0,52.0,24.9,-53.5,28.99,19.9,75.0,12.0
994.0,55.0,25.5,-54.0,28.55,20.5,75.0,12.0
992.0,58.0,26.0,-54.3,28.6,21.0,75.0,12.0
987.0,65.0,28.6,-55.5,28.86,23.6,75.0,12.0
984.0,70.0,29.1,-55.8,28.91,24.1,75.0,12.0
980.0,75.0,29.6,-56.0,28.96,24.6,75.0,12.0
980.0,75.0,29.9,-56.2,28.99,24.9,75.0,12.0
975.0,85.0,31.5,-56.8,28.65,11.5,75.0,12.0
972.0,88.0,31.8,-56.8,28.68,11.8,75.0,12.0
970.0,90.0,32.1,-56.7,28.71,12.100000000000001,75.0,12.0
975.0,80.0,33.5,-56.0,28.85,13.5,75.0,12.0
978.0,78.0,33.7,-55.7,28.87,13.700000000000003,75.0,12.0
980.0,75.0,33.9,-55.4,28.89,13.899999999999999,75.0,12.0
984.0,70.0,34.1,-55.0,28.91,14.100000000000001,75.0,12.0
980.0,75.0,35.6,-51.8,28.56,15.600000000000001,75.0,12.0
980.0,75.0,36.0,-51.3,28.6,16.0,75.0,12.0
980.0,75.0,36.5,-50.8,28.65,16.5,75.0,12.0
981.0,72.0,36.9,-50.3,28.69,16.9,75.0,12.0
985.0,65.0,38.3,-48.5,28.83,18.299999999999997,75.0,12.0
985.0,65.0,38.7,-48.0,28.87,18.700000000000003,75.0,12.0
985.0,65.0,38.9,-47.6,28.89,18.9,75.0,12.0
985.0,65.0,39.1,-47.2,28.91,19.1,75.0,12.0
988.0,55.0,40.1,-44.1,28.51,20.1,75.0,12.0
988.0,55.0,40.4,-43.4,28.54,20.4,75.0,12.0
988.0,52.0,40.8,-42.8,28.58,20.799999999999997,75.0,12.0
988.0,50.0,41.1,-42.1,28.61,21.1,75.0,12.0
988.0,50.0,41.5,-41.4,28.65,21.5,75.0,12.0
984.0,50.0,43.7,-38.5,28.87,23.700000000000003,75.0,12.0
980.0,50.0,44.5,-37.7,28.95,24.5,75.0,12.0
978.0,52.0,45.2,-37.0,28.52,10.200000000000003,75.0,12.0
975.0,55.0,46.0,-36.3,28.6,11.0,75.0,12.0
1008.0,30.0,28.4,-67.0,28.84,23.4,75.0,12.0
1006.0,32.0,28.4,-66.8,28.84,23.4,75.0,12.0
1000.0,50.0,28.5,-66.5,28.85,23.5,75.0,12.0
998.0,50.0,28.6,-66.5,28.86,23.6,75.0,12.0
997.0,50.0,28.6,-66.4,28.86,23.6,75.0,12.0
996.0,52.0,28.6,-66.3,28.86,23.6,75.0,12.0
986.0,68.0,29.1,-66.1,28.91,24.1,75.0,12.0
985.0,70.0,29.3,-66.0,28.93,24.3,75.0,12.0
984.0,72.0,29.5,-65.8,28.95,24.5,75.0,12.0
982.0,75.0,30.5,-63.8,28.55,10.5,75.0,12.0
982.0,75.0,30.9,-63.2,28.59,10.899999999999999,75.0,12.0
982.0,75.0,31.4,-62.7,28.64,11.399999999999999,75.0,12.0
980.0,78.0,32.0,-61.9,28.7,12.0,75.0,12.0
986.0,65.0,34.0,-55.8,28.9,14.0,75.0,12.0
988.0,60.0,34.2,-54.6,28.92,14.200000000000003,75.0,12.0
991.0,55.0,34.5,-53.4,28.95,14.5,75.0,12.0
994.0,55.0,34.6,-52.1,28.96,14.600000000000001,75.0,12.0
997.0,45.0,34.5,-47.5,28.95,14.5,75.0,12.0
997.0,45.0,34.5,-45.9,28.95,14.5,75.0,12.0
997.0,45.0,34.7,-45.0,28.97,14.700000000000003,75.0,12.0
997.0,45.0,34.9,-44.1,28.99,14.899999999999999,75.0,12.0
998.0,42.0,35.0,-43.1,28.5,15.0,75.0,12.0
1000.0,40.0,36.7,-39.5,28.67,16.700000000000003,75.0,12.0
1001.0,40.0,37.4,-38.3,28.74,17.4,75.0,12.0
1001.0,40.0,38.3,-37.0,28.83,18.299999999999997,75.0,12.0
1001.0,40.0,39.2,-35.6,28.92,19.200000000000003,75.0,12.0
1002.0,35.0,43.8,-30.1,28.88,23.799999999999997,75.0,12.0
1003.0,35.0,44.0,-28.1,28.9,24.0,75.0,12.0
1003.0,35.0,45.0,-26.6,28.5,10.0,75.0,12.0
1003.0,35.0,46.0,-25.0,28.6,11.0,75.0,12.0
1010.0,25.0,26.3,-78.3,28.63,21.3,75.0,12.0
1010.0,25.0,26.6,-78.3,28.66,21.6,75.0,12.0
1010.0,25.0,26.8,-78.3,28.68,21.8,75.0,12.0
1008.0,28.0,27.1,-78.4,28.71,22.1,75.0,12.0
998.0,42.0,28.8,-79.2,28.88,23.8,75.0,12.0
997.0,45.0,28.8,-79.3,28.88,23.8,75.0,12.0
996.0,45.0,28.8,-79.3,28.88,23.8,75.0,12.0
988.0,55.0,28.6,-79.6,28.86,23.6,75.0,12.0
988.0,58.0,28.6,-79.5,28.86,23.6,75.0,12.0
988.0,60.0,28.6,-79.5,28.86,23.6,75.0,12.0
989.0,62.0,28.6,-79.4,28.86,23.6,75.0,12.0
983.0,55.0,29.3,-79.1,28.93,24.3,75.0,12.0
983.0,60.0,29.6,-78.8,28.96,24.6,75.0,12.0
983.0,65.0,29.8,-78.5,28.98,24.8,75.0,12.0
983.0,62.0,30.0,-78.0,28.5,10.0,75.0,12.0
976.0,68.0,31.6,-76.4,28.66,11.600000000000001,75.0,12.0
977.0,70.0,31.7,-76.2,28.67,11.7,75.0,12.0
977.0,70.0,31.8,-76.1,28.68,11.8,75.0,12.0
978.0,70.0,31.6,-75.7,28.66,11.600000000000001,75.0,12.0
978.0,68.0,31.5,-75.8,28.65,11.5,75.0,12.0
978.0,65.0,31.4,-75.9,28.64,11.399999999999999,75.0,12.0
979.0,62.0,31.3,-76.1,28.63,11.3,75.0,12.0
988.0,55.0,31.5,-76.9,28.65,11.5,75.0,12.0
988.0,58.0,31.6,-77.1,28.66,11.600000000000001,75.0,12.0
989.0,60.0,31.7,-77.3,28.67,11.7,75.0,12.0
989.0,60.0,31.8,-77.5,28.68,11.8,75.0,12.0
989.0,60.0,32.1,-78.0,28.71,12.100000000000001,75.0,12.0
988.0,60.0,32.2,-78.0,28.72,12.200000000000003,75.0,12.0
988.0,60.0,32.3,-78.1,28.73,12.299999999999997,75.0,12.0
986.0,62.0,32.5,-78.1,28.75,12.5,75.0,12.0
980.0,75.0,33.4,-77.7,28.84,13.399999999999999,75.0,12.0
980.0,75.0,33.6,-77.6,28.86,13.600000000000001,75.0,12.0
979.0,75.0,33.9,-77.5,28.89,13.899999999999999,75.0,12.0
979.0,75.0,34.0,-77.2,28.9,14.0,75.0,12.0
984.0,65.0,34.7,-75.8,28.97,14.700000000000003,75.0,12.0
985.0,65.0,34.7,-75.7,28.97,14.700000000000003,75.0,12.0
986.0,65.0,34.7,-75.6,28.97,14.700000000000003,75.0,12.0
986.0,62.0,34.7,-75.3,28.97,14.700000000000003,75.0,12.0
994.0,52.0,35.9,-74.0,28.59,15.899999999999999,75.0,12.0
993.0,55.0,36.4,-73.6,28.64,16.4,75.0,12.0
994.0,55.0,36.8,-73.2,28.68,16.799999999999997,75.0,12.0
996.0,48.0,42.4,-66.1,28.74,22.4,75.0,12.0
1000.0,45.0,46.2,-59.9,28.62,11.200000000000003,75.0,12.0
1000.0,45.0,46.8,-58.0,28.68,11.799999999999997,75.0,12.0
999.0,45.0,47.4,-56.2,28.74,12.399999999999999,75.0,12.0
1000.0,45.0,47.9,-54.2,28.79,12.899999999999999,75.0,12.0
1000.0,45.0,49.2,-47.2,28.92,14.200000000000003,75.0,12.0
1000.0,45.0,49.5,-45.7,28.95,14.5,75.0,12.0
1000.0,45.0,49.8,-43.9,28.98,14.799999999999997,75.0,12.0
1008.0,30.0,13.3,-54.5,28.83,23.3,75.0,12.0
1008.0,32.0,13.4,-54.7,28.84,23.4,75.0,12.0
1007.0,35.0,13.5,-54.9,28.85,23.5,75.0,12.0
996.0,50.0,14.9,-55.5,28.99,24.9,75.0,12.0
994.0,52.0,15.2,-55.6,28.52,10.2,75.0,12.0
993.0,55.0,15.6,-55.7,28.56,10.6,75.0,12.0
990.0,60.0,15.9,-55.8,28.59,10.9,75.0,12.0
987.0,65.0,17.2,-56.2,28.72,12.2,75.0,12.0
987.0,65.0,17.5,-56.4,28.75,12.5,75.0,12.0
986.0,68.0,17.6,-56.5,28.76,12.600000000000001,75.0,12.0
990.0,60.0,18.1,-57.0,28.81,13.100000000000001,75.0,12.0
991.0,58.0,18.3,-57.1,28.83,13.3,75.0,12.0
992.0,55.0,18.5,-57.2,28.85,13.5,75.0,12.0
993.0,55.0,18.7,-57.2,28.87,13.7,75.0,12.0
1000.0,45.0,19.9,-57.0,28.99,14.899999999999999,75.0,12.0
1000.0,42.0,20.4,-57.0,28.54,15.399999999999999,75.0,12.0
1001.0,40.0,20.8,-56.9,28.58,15.8,75.0,12.0
1002.0,38.0,21.6,-56.8,28.66,16.6,75.0,12.0
1003.0,35.0,25.2,-57.2,28.52,20.2,75.0,12.0
1003.0,35.0,25.9,-57.4,28.59,20.9,75.0,12.0
1003.0,35.0,26.7,-57.6,28.67,21.7,75.0,12.0
1003.0,35.0,27.5,-57.9,28.75,22.5,75.0,12.0
1003.0,30.0,30.5,-62.2,28.55,10.5,75.0,12.0
1003.0,30.0,30.4,-63.0,28.54,10.399999999999999,75.0,12.0
1003.0,30.0,30.2,-63.7,28.52,10.2,75.0,12.0
1003.0,30.0,29.7,-63.8,28.97,24.7,75.0,12.0
1007.0,30.0,21.9,-71.5,28.69,16.9,75.0,12.0
1006.0,32.0,22.0,-71.9,28.7,17.0,75.0,12.0
1005.0,35.0,22.2,-72.3,28.72,17.2,75.0,12.0
1004.0,40.0,22.3,-72.7,28.73,17.3,75.0,12.0
997.0,55.0,22.8,-74.7,28.78,17.8,75.0,12.0
996.0,58.0,23.0,-75.3,28.8,18.0,75.0,12.0
994.0,60.0,23.1,-75.9,28.81,18.1,75.0,12.0
993.0,60.0,23.2,-76.6,28.82,18.2,75.0,12.0
985.0,70.0,23.7,-80.3,28.87,18.7,75.0,12.0
980.0,78.0,23.8,-80.9,28.88,18.8,75.0,12.0
975.0,85.0,23.9,-81.6,28.89,18.9,75.0,12.0
971.0,90.0,24.0,-82.2,28.9,19.0,75.0,12.0
930.0,132.0,24.2,-85.7,28.92,19.2,75.0,12.0
920.0,145.0,24.3,-86.2,28.93,19.3,75.0,12.0
908.0,148.0,24.4,-86.6,28.94,19.4,75.0,12.0
908.0,140.0,25.2,-88.3,28.52,20.2,75.0,12.0
910.0,132.0,25.4,-88.7,28.54,20.4,75.0,12.0
913.0,125.0,25.6,-89.1,28.56,20.6,75.0,12.0
914.0,122.0,25.8,-89.5,28.58,20.8,75.0,12.0
927.0,115.0,27.1,-91.5,28.71,22.1,75.0,12.0
928.0,112.0,27.5,-91.9,28.75,22.5,75.0,12.0
930.0,110.0,27.8,-92.3,28.78,22.8,75.0,12.0
930.0,108.0,28.2,-92.7,28.82,23.2,75.0,12.0
931.0,105.0,28.6,-93.0,28.86,23.6,75.0,12.0
962.0,55.0,31.1,-94.1,28.61,11.100000000000001,75.0,12.0
974.0,45.0,31.6,-94.1,28.66,11.600000000000001,75.0,12.0
978.0,40.0,32.2,-94.0,28.72,12.200000000000003,75.0,12.0
982.0,35.0,32.7,-94.0,28.77,12.700000000000003,75.0,12.0
998.0,25.0,35.2,-92.0,28.52,15.200000000000003,75.0,12.0
1000.0,25.0,35.8,-91.4,28.58,15.799999999999997,75.0,12.0
1002.0,22.0,36.4,-90.8,28.64,16.4,75.0,12.0
1009.0,25.0,11.8,-32.7,28.68,21.8,75.0,12.0
1008.0,28.0,12.0,-32.9,28.7,22.0,75.0,12.0
1007.0,30.0,12.2,-33.0,28.72,22.2,75.0,12.0
1008.0,30.0,13.6,-33.6,28.86,23.6,75.0,12.0
1008.0,30.0,13.8,-33.7,28.88,23.8,75.0,12.0
1008.0,30.0,14.1,-33.8,28.91,24.1,75.0,12.0
1008.0,30.0,14.4,-33.9,28.94,24.4,75.0,12.0
1008.0,25.0,16.1,-34.8,28.61,11.100000000000001,75.0,12.0
1009.0,25.0,16.6,-35.3,28.66,11.600000000000001,75.0,12.0
1006.0,28.0,19.0,-85.9,28.9,14.0,75.0,12.0
1005.0,30.0,19.1,-86.2,28.91,14.100000000000001,75.0,12.0
1004.0,30.0,19.2,-86.5,28.92,14.2,75.0,12.0
1003.0,35.0,19.8,-87.9,28.98,14.8,75.0,12.0
1004.0,35.0,20.1,-88.3,28.51,15.100000000000001,75.0,12.0
1004.0,35.0,20.3,-88.8,28.53,15.3,75.0,12.0
1004.0,32.0,20.4,-89.3,28.54,15.399999999999999,75.0,12.0
998.0,45.0,20.2,-92.0,28.52,15.2,75.0,12.0
997.0,50.0,20.1,-92.2,28.51,15.100000000000001,75.0,12.0
990.0,55.0,19.8,-93.2,28.98,14.8,75.0,12.0
982.0,58.0,18.2,-95.2,28.82,13.2,75.0,12.0
988.0,45.0,17.9,-95.6,28.79,12.899999999999999,75.0,12.0
994.0,38.0,17.5,-96.0,28.75,12.5,75.0,12.0
1000.0,30.0,17.2,-96.4,28.72,12.2,75.0,12.0
1006.0,32.0,35.3,-29.4,28.53,15.299999999999997,75.0,12.0
1004.0,35.0,35.9,-28.5,28.59,15.899999999999999,75.0,12.0
1000.0,40.0,36.5,-27.6,28.65,16.5,75.0,12.0
997.0,45.0,37.1,-26.7,28.71,17.1,75.0,12.0
1001.0,40.0,42.3,-23.1,28.73,22.299999999999997,75.0,12.0
1002.0,40.0,43.6,-23.0,28.86,23.6,75.0,12.0
1004.0,40.0,28.3,-80.2,28.83,23.3,75.0,12.0
1002.0,42.0,28.9,-80.6,28.89,23.9,75.0,12.0
1001.0,45.0,29.5,-80.9,28.95,24.5,75.0,12.0
1002.0,45.0,30.0,-81.2,28.5,10.0,75.0,12.0
1005.0,25.0,31.8,-84.6,28.68,11.8,75.0,12.0
1006.0,20.0,31.5,-85.2,28.65,11.5,75.0,12.0
1006.0,15.0,31.2,-85.8,28.62,11.2,75.0,12.0
1006.0,12.0,30.8,-85.7,28.58,10.8,75.0,12.0
1008.0,30.0,27.7,-58.5,28.77,22.7,75.0,12.0
1008.0,30.0,28.2,-59.3,28.82,23.2,75.0,12.0
1009.0,30.0,28.8,-60.1,28.88,23.8,75.0,12.0
1009.0,28.0,29.1,-61.0,28.91,24.1,75.0,12.0
1009.0,25.0,29.5,-64.5,28.95,24.5,75.0,12.0
1009.0,25.0,29.8,-64.8,28.98,24.8,75.0,12.0
1009.0,25.0,30.0,-65.2,28.5,10.0,75.0,12.0
1009.0,30.0,32.5,-68.9,28.75,12.5,75.0,12.0
1008.0,30.0,33.0,-69.5,28.8,13.0,75.0,12.0
1008.0,30.0,33.5,-70.0,28.85,13.5,75.0,12.0
1008.0,30.0,33.9,-70.5,28.89,13.899999999999999,75.0,12.0
1008.0,30.0,36.7,-71.8,28.67,16.700000000000003,75.0,12.0
1008.0,30.0,37.2,-71.8,28.72,17.200000000000003,75.0,12.0
1008.0,30.0,37.8,-71.7,28.78,17.799999999999997,75.0,12.0
1008.0,30.0,38.1,-71.8,28.81,18.1,75.0,12.0
1011.0,35.0,38.9,-73.0,28.89,18.9,75.0,12.0
1011.0,38.0,38.8,-73.2,28.88,18.799999999999997,75.0,12.0
1011.0,40.0,38.7,-73.5,28.87,18.700000000000003,75.0,12.0
1008.0,40.0,37.2,-73.0,28.72,17.200000000000003,75.0,12.0
1007.0,40.0,37.5,-73.0,28.75,17.5,75.0,12.0
1006.0,40.0,37.8,-73.0,28.78,17.799999999999997,75.0,12.0
1006.0,40.0,37.9,-73.2,28.79,17.9,75.0,12.0
1005.0,35.0,38.6,-73.8,28.86,18.6,75.0,12.0
1005.0,32.0,39.1,-73.8,28.91,19.1,75.0,12.0
1005.0,30.0,39.6,-73.8,28.96,19.6,75.0,12.0
1000.0,42.0,33.0,-20.5,28.8,13.0,75.0,12.0
1000.0,45.0,33.0,-20.3,28.8,13.0,75.0,12.0
1000.0,45.0,33.0,-20.2,28.8,13.0,75.0,12.0
1000.0,45.0,33.1,-20.1,28.81,13.100000000000001,75.0,12.0
996.0,52.0,33.6,-19.5,28.86,13.600000000000001,75.0,12.0
995.0,55.0,33.8,-19.3,28.88,13.799999999999997,75.0,12.0
992.0,60.0,34.0,-19.1,28.9,14.0,75.0,12.0
988.0,65.0,34.1,-18.9,28.91,14.100000000000001,75.0,12.0
994.0,48.0,34.6,-16.2,28.96,14.600000000000001,75.0,12.0
995.0,45.0,34.7,-15.3,28.97,14.700000000000003,75.0,12.0
996.0,40.0,35.0,-14.1,28.5,15.0,75.0,12.0
998.0,35.0,35.4,-12.8,28.54,15.399999999999999,75.0,12.0
1002.0,30.0,37.2,-7.2,28.72,17.200000000000003,75.0,12.0
1003.0,30.0,37.7,-6.0,28.77,17.700000000000003,75.0,12.0
1004.0,25.0,17.6,-78.5,28.76,12.600000000000001,75.0,12.0
1004.0,25.0,17.6,-78.7,28.76,12.600000000000001,75.0,12.0
1003.0,30.0,17.5,-79.2,28.75,12.5,75.0,12.0
1002.0,30.0,17.5,-79.3,28.75,12.5,75.0,12.0
1002.0,30.0,17.5,-79.4,28.75,12.5,75.0,12.0
1002.0,30.0,17.4,-79.5,28.74,12.399999999999999,75.0,12.0
999.0,40.0,16.3,-79.7,28.63,11.3,75.0,12.0
998.0,42.0,16.1,-79.8,28.61,11.100000000000001,75.0,12.0
997.0,45.0,16.0,-79.8,28.6,11.0,75.0,12.0
992.0,50.0,15.9,-79.8,28.59,10.9,75.0,12.0
979.0,65.0,16.2,-80.3,28.62,11.2,75.0,12.0
977.0,70.0,16.4,-80.7,28.64,11.399999999999999,75.0,12.0
975.0,75.0,16.6,-81.1,28.66,11.600000000000001,75.0,12.0
887.0,150.0,17.4,-83.1,28.74,12.399999999999999,75.0,12.0
892.0,140.0,17.4,-83.4,28.74,12.399999999999999,75.0,12.0
892.0,138.0,17.6,-83.7,28.76,12.600000000000001,75.0,12.0
910.0,130.0,18.3,-85.2,28.83,13.3,75.0,12.0
914.0,130.0,18.5,-85.3,28.85,13.5,75.0,12.0
917.0,130.0,18.6,-85.5,28.86,13.600000000000001,75.0,12.0
920.0,130.0,18.9,-85.7,28.89,13.899999999999999,75.0,12.0
929.0,125.0,20.1,-86.4,28.51,15.100000000000001,75.0,12.0
928.0,122.0,20.2,-86.6,28.52,15.2,75.0,12.0
926.0,120.0,20.3,-86.7,28.53,15.3,75.0,12.0
928.0,120.0,20.5,-86.8,28.55,15.5,75.0,12.0
947.0,100.0,21.0,-87.1,28.6,16.0,75.0,12.0
952.0,92.0,21.1,-87.1,28.61,16.1,75.0,12.0
958.0,85.0,21.3,-87.1,28.63,16.3,75.0,12.0
959.0,85.0,21.5,-87.0,28.65,16.5,75.0,12.0
961.0,85.0,22.4,-86.1,28.74,17.4,75.0,12.0
962.0,88.0,22.8,-85.8,28.78,17.8,75.0,12.0
963.0,90.0,23.1,-85.4,28.81,18.1,75.0,12.0
960.0,92.0,23.6,-84.8,28.86,18.6,75.0,12.0
950.0,95.0,26.2,-81.0,28.62,21.2,75.0,12.0
952.0,100.0,27.1,-79.9,28.71,22.1,75.0,12.0
955.0,105.0,28.0,-78.8,28.8,23.0,75.0,12.0
955.0,108.0,29.1,-77.4,28.91,24.1,75.0,12.0
970.0,90.0,36.8,-67.9,28.68,16.799999999999997,75.0,12.0
973.0,82.0,38.6,-65.7,28.86,18.6,75.0,12.0
976.0,75.0,40.5,-63.5,28.55,20.5,75.0,12.0
977.0,68.0,41.5,-61.8,28.65,21.5,75.0,12.0
986.0,50.0,45.0,-55.0,28.5,10.0,75.0,12.0
988.0,45.0,45.2,-53.5,28.52,10.200000000000003,75.0,12.0
990.0,40.0,45.5,-52.0,28.55,10.5,75.0,12.0
1007.0,30.0,15.8,-67.5,28.58,10.8,75.0,12.0
1006.0,32.0,16.1,-68.0,28.61,11.100000000000001,75.0,12.0
1005.0,35.0,16.5,-68.5,28.65,11.5,75.0,12.0
1002.0,40.0,16.9,-69.0,28.69,11.899999999999999,75.0,12.0
1002.0,35.0,18.6,-72.2,28.86,13.600000000000001,75.0,12.0
1003.0,32.0,19.2,-72.5,28.92,14.2,75.0,12.0
1004.0,30.0,19.8,-72.7,28.98,14.8,75.0,12.0
1004.0,30.0,20.7,-72.8,28.57,15.7,75.0,12.0
1004.0,30.0,25.1,-72.4,28.51,20.1,75.0,12.0
1004.0,30.0,26.5,-71.6,28.65,21.5,75.0,12.0
1004.0,30.0,27.9,-70.8,28.79,22.9,75.0,12.0
1007.0,30.0,10.4,-80.9,28.54,20.4,75.0,12.0
1007.0,30.0,10.6,-81.0,28.56,20.6,75.0,12.0
1000.0,45.0,11.3,-81.3,28.63,21.3,75.0,12.0
998.0,48.0,11.4,-81.3,28.64,21.4,75.0,12.0
997.0,50.0,11.6,-81.3,28.66,21.6,75.0,12.0
996.0,50.0,11.8,-81.2,28.68,21.8,75.0,12.0
993.0,50.0,12.8,-81.0,28.78,22.8,75.0,12.0
992.0,50.0,13.0,-81.0,28.8,23.0,75.0,12.0
991.0,50.0,13.2,-81.1,28.82,23.2,75.0,12.0
990.0,55.0,13.3,-81.2,28.83,23.3,75.0,12.0
982.0,75.0,13.7,-81.6,28.87,23.7,75.0,12.0
981.0,75.0,13.7,-81.8,28.87,23.7,75.0,12.0
980.0,75.0,13.7,-82.1,28.87,23.7,75.0,12.0
975.0,82.0,13.6,-82.3,28.86,23.6,75.0,12.0
970.0,90.0,12.9,-83.5,28.79,22.9,75.0,12.0
980.0,72.0,12.8,-83.8,28.78,22.8,75.0,12.0
990.0,55.0,12.7,-84.1,28.77,22.7,75.0,12.0
995.0,38.0,12.7,-84.5,28.77,22.7,75.0,12.0
1006.0,30.0,13.8,-63.4,28.88,23.8,75.0,12.0
1006.0,30.0,13.9,-63.8,28.89,23.9,75.0,12.0
1005.0,30.0,14.1,-64.2,28.91,24.1,75.0,12.0
1004.0,30.0,14.1,-64.6,28.91,24.1,75.0,12.0
1004.0,35.0,14.4,-67.1,28.94,24.4,75.0,12.0
1004.0,32.0,14.6,-67.8,28.96,24.6,75.0,12.0
1005.0,30.0,14.7,-68.4,28.97,24.7,75.0,12.0
1006.0,30.0,14.8,-69.2,28.98,24.8,75.0,12.0
1006.0,25.0,14.7,-73.1,28.97,24.7,75.0,12.0
1006.0,25.0,14.8,-74.2,28.98,24.8,75.0,12.0
1006.0,25.0,14.8,-75.4,28.98,24.8,75.0,12.0
1006.0,25.0,14.9,-76.5,28.99,24.9,75.0,12.0
1007.0,30.0,15.6,-81.7,28.56,10.6,75.0,12.0
1007.0,30.0,15.7,-82.4,28.57,10.7,75.0,12.0
1007.0,30.0,15.8,-83.1,28.58,10.8,75.0,12.0
1007.0,30.0,15.8,-83.6,28.58,10.8,75.0,12.0
1006.0,30.0,15.5,-85.5,28.55,10.5,75.0,12.0
1006.0,32.0,15.6,-85.5,28.56,10.6,75.0,12.0
1006.0,35.0,15.7,-85.6,28.57,10.7,75.0,12.0
1006.0,38.0,15.8,-85.6,28.58,10.8,75.0,12.0
1002.0,45.0,16.1,-85.4,28.61,11.100000000000001,75.0,12.0
1004.0,40.0,16.2,-85.2,28.62,11.2,75.0,12.0
1004.0,40.0,16.3,-85.1,28.63,11.3,75.0,12.0
1007.0,30.0,16.7,-85.2,28.67,11.7,75.0,12.0
1007.0,30.0,16.8,-85.3,28.68,11.8,75.0,12.0
1007.0,30.0,16.9,-85.5,28.69,11.899999999999999,75.0,12.0
1008.0,28.0,17.0,-85.5,28.7,12.0,75.0,12.0
1008.0,25.0,16.7,-84.8,28.67,11.7,75.0,12.0
1008.0,25.0,16.5,-84.5,28.65,11.5,75.0,12.0
1009.0,25.0,16.4,-84.3,28.64,11.399999999999999,75.0,12.0
1009.0,25.0,15.9,-83.9,28.59,10.9,75.0,12.0
1010.0,25.0,27.0,-48.0,28.7,22.0,75.0,12.0
1010.0,25.0,26.9,-47.8,28.69,21.9,75.0,12.0
1009.0,25.0,26.7,-47.5,28.67,21.7,75.0,12.0
1007.0,30.0,27.7,-44.8,28.77,22.7,75.0,12.0
1005.0,32.0,27.9,-44.1,28.79,22.9,75.0,12.0
1003.0,35.0,28.0,-43.5,28.8,23.0,75.0,12.0
996.0,35.0,29.9,-40.1,28.99,24.9,75.0,12.0
995.0,38.0,30.4,-39.9,28.54,10.399999999999999,75.0,12.0
994.0,40.0,30.9,-39.6,28.59,10.899999999999999,75.0,12.0
988.0,45.0,31.2,-39.8,28.62,11.2,75.0,12.0
987.0,45.0,30.9,-40.1,28.59,10.899999999999999,75.0,12.0
986.0,45.0,30.7,-40.5,28.57,10.7,75.0,12.0
983.0,50.0,27.4,-41.2,28.74,22.4,75.0,12.0
983.0,50.0,26.9,-41.0,28.69,21.9,75.0,12.0
983.0,50.0,26.4,-40.8,28.64,21.4,75.0,12.0
980.0,60.0,24.8,-39.0,28.98,19.8,75.0,12.0
980.0,60.0,24.7,-39.0,28.97,19.7,75.0,12.0
980.0,60.0,24.6,-38.9,28.96,19.6,75.0,12.0
982.0,55.0,23.3,-39.6,28.83,18.3,75.0,12.0
984.0,52.0,23.1,-39.7,28.81,18.1,75.0,12.0
985.0,50.0,22.8,-39.8,28.78,17.8,75.0,12.0
995.0,38.0,21.9,-38.9,28.69,16.9,75.0,12.0
997.0,35.0,22.0,-38.4,28.7,17.0,75.0,12.0
997.0,35.0,22.3,-37.8,28.73,17.3,75.0,12.0
997.0,35.0,22.6,-37.3,28.76,17.6,75.0,12.0
988.0,52.0,25.8,-33.0,28.58,20.8,75.0,12.0
982.0,60.0,26.7,-31.9,28.67,21.7,75.0,12.0
982.0,60.0,27.5,-30.9,28.75,22.5,75.0,12.0
982.0,60.0,28.3,-29.9,28.83,23.3,75.0,12.0
984.0,60.0,30.0,-23.2,28.5,10.0,75.0,12.0
985.0,60.0,30.2,-21.6,28.52,10.2,75.0,12.0
986.0,60.0,30.2,-19.9,28.52,10.2,75.0,12.0
986.0,60.0,30.2,-18.2,28.52,10.2,75.0,12.0
996.0,42.0,31.6,-8.8,28.66,11.600000000000001,75.0,12.0
1000.0,35.0,32.6,-6.6,28.76,12.600000000000001,75.0,12.0
1002.0,32.0,34.0,-3.8,28.9,14.0,75.0,12.0
993.0,45.0,31.6,-50.0,28.66,11.600000000000001,75.0,12.0
993.0,45.0,31.5,-50.4,28.65,11.5,75.0,12.0
993.0,45.0,31.4,-50.8,28.64,11.399999999999999,75.0,12.0
991.0,55.0,30.8,-53.5,28.58,10.8,75.0,12.0
991.0,52.0,30.5,-53.9,28.55,10.5,75.0,12.0
991.0,50.0,30.1,-54.2,28.51,10.100000000000001,75.0,12.0
992.0,50.0,30.8,-51.9,28.58,10.8,75.0,12.0
992.0,52.0,31.1,-51.6,28.61,11.100000000000001,75.0,12.0
991.0,55.0,31.4,-51.3,28.64,11.399999999999999,75.0,12.0
989.0,60.0,33.2,-48.9,28.82,13.200000000000003,75.0,12.0
988.0,62.0,33.5,-48.4,28.85,13.5,75.0,12.0
987.0,65.0,33.9,-47.9,28.89,13.899999999999999,75.0,12.0
987.0,65.0,34.5,-45.0,28.95,14.5,75.0,12.0
987.0,65.0,34.5,-44.4,28.95,14.5,75.0,12.0
987.0,65.0,34.5,-43.7,28.95,14.5,75.0,12.0
984.0,70.0,34.3,-39.8,28.93,14.299999999999997,75.0,12.0
984.0,70.0,34.3,-39.3,28.93,14.299999999999997,75.0,12.0
985.0,70.0,34.3,-38.8,28.93,14.299999999999997,75.0,12.0
981.0,75.0,33.8,-35.5,28.88,13.799999999999997,75.0,12.0
983.0,72.0,33.8,-35.0,28.88,13.799999999999997,75.0,12.0
985.0,70.0,33.7,-34.6,28.87,13.700000000000003,75.0,12.0
987.0,65.0,32.3,-33.7,28.73,12.299999999999997,75.0,12.0
987.0,65.0,31.9,-34.0,28.69,11.899999999999999,75.0,12.0
987.0,65.0,31.6,-34.2,28.66,11.600000000000001,75.0,12.0
987.0,65.0,29.4,-37.1,28.94,24.4,75.0,12.0
989.0,62.0,29.0,-37.6,28.9,24.0,75.0,12.0
991.0,60.0,28.7,-38.1,28.87,23.7,75.0,12.0
1005.0,30.0,26.5,-40.0,28.65,21.5,75.0,12.0
1006.0,30.0,26.2,-40.2,28.62,21.2,75.0,12.0
1006.0,30.0,25.9,-40.5,28.59,20.9,75.0,12.0
1009.0,25.0,24.7,-40.1,28.97,19.7,75.0,12.0
1009.0,25.0,24.7,-39.7,28.97,19.7,75.0,12.0
1009.0,25.0,24.7,-39.2,28.97,19.7,75.0,12.0
1002.0,45.0,24.7,-36.6,28.97,19.7,75.0,12.0
1001.0,45.0,24.9,-36.8,28.99,19.9,75.0,12.0
1000.0,45.0,25.2,-37.0,28.52,20.2,75.0,12.0
997.0,50.0,25.7,-37.9,28.57,20.7,75.0,12.0
998.0,48.0,25.7,-38.0,28.57,20.7,75.0,12.0
1000.0,45.0,25.7,-38.1,28.57,20.7,75.0,12.0
997.0,50.0,25.2,-38.5,28.52,20.2,75.0,12.0
996.0,52.0,25.1,-38.5,28.51,20.1,75.0,12.0
994.0,55.0,25.0,-38.6,28.5,20.0,75.0,12.0
1000.0,45.0,23.8,-40.4,28.88,18.8,75.0,12.0
998.0,48.0,23.7,-40.6,28.87,18.7,75.0,12.0
997.0,50.0,23.6,-40.8,28.86,18.6,75.0,12.0
994.0,55.0,23.2,-41.6,28.82,18.2,75.0,12.0
994.0,55.0,23.1,-41.9,28.81,18.1,75.0,12.0
994.0,55.0,23.0,-42.1,28.8,18.0,75.0,12.0
1000.0,45.0,21.9,-43.6,28.69,16.9,75.0,12.0
1001.0,42.0,21.8,-44.1,28.68,16.8,75.0,12.0
1002.0,40.0,21.7,-44.6,28.67,16.7,75.0,12.0
1006.0,35.0,22.2,-47.3,28.72,17.2,75.0,12.0
1006.0,35.0,22.4,-47.6,28.74,17.4,75.0,12.0
1007.0,35.0,22.7,-47.9,28.77,17.7,75.0,12.0
1008.0,30.0,23.1,-49.6,28.81,18.1,75.0,12.0
1008.0,28.0,23.2,-49.9,28.82,18.2,75.0,12.0
1009.0,25.0,23.3,-50.2,28.83,18.3,75.0,12.0
1014.0,25.0,24.8,-54.2,28.98,19.8,75.0,12.0
1015.0,25.0,25.6,-55.0,28.56,20.6,75.0,12.0
1016.0,25.0,26.3,-55.7,28.63,21.3,75.0,12.0
1003.0,30.0,21.0,-85.3,28.6,16.0,75.0,12.0
1003.0,30.0,21.4,-85.5,28.64,16.4,75.0,12.0
1003.0,30.0,21.9,-85.7,28.69,16.9,75.0,12.0
1003.0,32.0,22.2,-86.0,28.72,17.2,75.0,12.0
1003.0,35.0,22.5,-86.3,28.75,17.5,75.0,12.0
1002.0,40.0,23.6,-87.8,28.86,18.6,75.0,12.0
1004.0,40.0,24.3,-87.8,28.93,19.3,75.0,12.0
1004.0,40.0,24.6,-87.8,28.96,19.6,75.0,12.0
1004.0,40.0,25.0,-87.8,28.5,20.0,75.0,12.0
1000.0,60.0,26.8,-86.3,28.68,21.8,75.0,12.0
998.0,60.0,27.1,-85.8,28.71,22.1,75.0,12.0
997.0,60.0,27.5,-85.4,28.75,22.5,75.0,12.0
996.0,60.0,27.8,-85.2,28.78,22.8,75.0,12.0
995.0,60.0,28.0,-85.0,28.8,23.0,75.0,12.0
996.0,45.0,29.5,-84.1,28.95,24.5,75.0,12.0
996.0,40.0,29.9,-83.8,28.99,24.9,75.0,12.0
997.0,35.0,30.3,-83.5,28.53,10.3,75.0,12.0
999.0,35.0,30.8,-83.2,28.58,10.8,75.0,12.0
1001.0,35.0,31.3,-82.8,28.63,11.3,75.0,12.0
1002.0,35.0,34.9,-79.1,28.99,14.899999999999999,75.0,12.0
1002.0,35.0,35.5,-77.5,28.55,15.5,75.0,12.0
1000.0,40.0,36.2,-75.2,28.62,16.200000000000003,75.0,12.0
999.0,45.0,37.0,-73.0,28.7,17.0,75.0,12.0
979.0,50.0,40.9,-66.8,28.59,20.9,75.0,12.0
975.0,52.0,41.8,-65.5,28.68,21.799999999999997,75.0,12.0
971.0,55.0,42.6,-64.2,28.76,22.6,75.0,12.0
970.0,55.0,43.3,-63.1,28.83,23.299999999999997,75.0,12.0
978.0,48.0,46.7,-56.8,28.67,11.700000000000003,75.0,12.0
985.0,45.0,47.4,-55.0,28.74,12.399999999999999,75.0,12.0
988.0,42.0,48.3,-53.2,28.83,13.299999999999997,75.0,12.0
990.0,40.0,49.3,-51.5,28.93,14.299999999999997,75.0,12.0
1009.0,30.0,37.2,-68.7,28.72,17.200000000000003,75.0,12.0
1009.0,30.0,37.5,-68.5,28.75,17.5,75.0,12.0
1009.0,30.0,37.7,-68.2,28.77,17.700000000000003,75.0,12.0
1009.0,30.0,38.0,-67.9,28.8,18.0,75.0,12.0
1003.0,40.0,40.0,-65.1,28.5,20.0,75.0,12.0
1000.0,42.0,40.5,-64.4,28.55,20.5,75.0,12.0
998.0,45.0,41.1,-63.7,28.61,21.1,75.0,12.0
998.0,42.0,41.8,-62.9,28.68,21.799999999999997,75.0,12.0
1006.0,32.0,44.6,-59.0,28.96,24.6,75.0,12.0
1007.0,30.0,45.5,-58.0,28.55,10.5,75.0,12.0
1008.0,28.0,46.3,-56.9,28.63,11.299999999999997,75.0,12.0
1010.0,25.0,47.9,-54.3,28.79,12.899999999999999,75.0,12.0
1013.0,25.0,49.5,-47.8,28.95,14.5,75.0,12.0
1014.0,25.0,49.8,-46.1,28.98,14.799999999999997,75.0,12.0
1010.0,30.0,32.3,-73.3,28.73,12.299999999999997,75.0,12.0
1009.0,32.0,32.6,-73.3,28.76,12.600000000000001,75.0,12.0
1008.0,35.0,33.0,-73.3,28.8,13.0,75.0,12.0
1007.0,35.0,33.4,-73.4,28.84,13.399999999999999,75.0,12.0
1006.0,35.0,33.8,-73.5,28.88,13.799999999999997,75.0,12.0
1004.0,40.0,35.2,-73.6,28.52,15.200000000000003,75.0,12.0
1004.0,45.0,35.5,-73.5,28.55,15.5,75.0,12.0
1003.0,50.0,35.9,-73.5,28.59,15.899999999999999,75.0,12.0
1002.0,50.0,36.2,-73.3,28.62,16.200000000000003,75.0,12.0
1002.0,50.0,36.6,-73.2,28.66,16.6,75.0,12.0
1002.0,50.0,38.3,-73.0,28.83,18.299999999999997,75.0,12.0
1002.0,48.0,38.7,-72.8,28.87,18.700000000000003,75.0,12.0
1002.0,45.0,39.1,-72.5,28.91,19.1,75.0,12.0
1002.0,45.0,39.5,-72.2,28.95,19.5,75.0,12.0
1003.0,45.0,39.8,-71.8,28.98,19.799999999999997,75.0,12.0
1002.0,40.0,42.4,-68.4,28.74,22.4,75.0,12.0
1001.0,38.0,43.1,-67.3,28.81,23.1,75.0,12.0
1001.0,35.0,44.6,-64.8,28.96,24.6,75.0,12.0
1002.0,35.0,45.5,-63.3,28.55,10.5,75.0,12.0
1004.0,32.0,47.9,-58.2,28.79,12.899999999999999,75.0,12.0
1004.0,30.0,48.5,-56.5,28.85,13.5,75.0,12.0
1006.0,40.0,17.2,-59.8,28.72,12.2,75.0,12.0
1005.0,45.0,17.4,-60.2,28.74,12.399999999999999,75.0,12.0
1004.0,50.0,17.7,-60.6,28.77,12.7,75.0,12.0
1004.0,50.0,17.9,-61.0,28.79,12.899999999999999,75.0,12.0
1001.0,55.0,19.0,-63.0,28.9,14.0,75.0,12.0
1002.0,52.0,19.3,-63.5,28.93,14.3,75.0,12.0
1004.0,50.0,19.6,-63.9,28.96,14.600000000000001,75.0,12.0
1006.0,50.0,19.8,-64.3,28.98,14.8,75.0,12.0
1011.0,35.0,20.4,-66.8,28.54,15.399999999999999,75.0,12.0
1011.0,32.0,20.5,-67.2,28.55,15.5,75.0,12.0
1011.0,30.0,20.6,-67.7,28.56,15.600000000000001,75.0,12.0
1011.0,25.0,21.2,-71.1,28.62,16.2,75.0,12.0
1012.0,25.0,21.2,-71.7,28.62,16.2,75.0,12.0
1012.0,25.0,21.3,-72.2,28.63,16.3,75.0,12.0
1012.0,25.0,21.4,-72.8,28.64,16.4,75.0,12.0
1012.0,20.0,21.8,-76.3,28.68,16.8,75.0,12.0
1012.0,20.0,22.0,-76.9,28.7,17.0,75.0,12.0
1012.0,20.0,22.1,-77.6,28.71,17.1,75.0,12.0
1012.0,20.0,22.2,-78.2,28.72,17.2,75.0,12.0
1013.0,15.0,23.2,-81.7,28.82,18.2,75.0,12.0
1007.0,30.0,11.6,-21.7,28.66,21.6,75.0,12.0
1007.0,30.0,13.0,-24.6,28.8,23.0,75.0,12.0
1007.0,30.0,13.4,-25.3,28.84,23.4,75.0,12.0
1006.0,30.0,13.8,-26.0,28.88,23.8,75.0,12.0
1005.0,30.0,14.2,-26.7,28.92,24.2,75.0,12.0
1002.0,42.0,16.2,-30.2,28.62,11.2,75.0,12.0
1001.0,45.0,16.7,-31.0,28.67,11.7,75.0,12.0
1001.0,45.0,17.1,-31.7,28.71,12.100000000000001,75.0,12.0
1001.0,45.0,17.6,-32.4,28.76,12.600000000000001,75.0,12.0
1000.0,45.0,19.6,-36.3,28.96,14.600000000000001,75.0,12.0
1000.0,45.0,20.1,-37.1,28.51,15.100000000000001,75.0,12.0
1000.0,45.0,20.5,-37.9,28.55,15.5,75.0,12.0
1000.0,45.0,20.9,-38.7,28.59,15.899999999999999,75.0,12.0
1000.0,45.0,21.3,-39.5,28.63,16.3,75.0,12.0
1002.0,42.0,23.1,-42.1,28.81,18.1,75.0,12.0
1002.0,40.0,23.6,-42.7,28.86,18.6,75.0,12.0
1004.0,38.0,24.0,-43.4,28.9,19.0,75.0,12.0
1005.0,35.0,24.4,-44.1,28.94,19.4,75.0,12.0
1006.0,35.0,24.6,-44.6,28.96,19.6,75.0,12.0
1010.0,28.0,25.4,-46.5,28.54,20.4,75.0,12.0
1010.0,25.0,25.7,-46.9,28.57,20.7,75.0,12.0
1010.0,25.0,26.1,-47.2,28.61,21.1,75.0,12.0
1011.0,25.0,26.5,-47.5,28.65,21.5,75.0,12.0
1012.0,25.0,28.9,-49.0,28.89,23.9,75.0,12.0
1012.0,25.0,29.4,-49.1,28.94,24.4,75.0,12.0
1012.0,25.0,30.0,-49.0,28.5,10.0,75.0,12.0
1012.0,25.0,30.6,-48.9,28.56,10.600000000000001,75.0,12.0
1012.0,25.0,31.4,-48.6,28.64,11.399999999999999,75.0,12.0
1008.0,30.0,12.7,-61.6,28.77,22.7,75.0,12.0
1005.0,35.0,13.7,-65.8,28.87,23.7,75.0,12.0
1004.0,35.0,13.8,-66.4,28.88,23.8,75.0,12.0
1004.0,35.0,14.0,-67.1,28.9,24.0,75.0,12.0
1003.0,38.0,14.2,-67.7,28.92,24.2,75.0,12.0
997.0,50.0,15.1,-70.4,28.51,10.1,75.0,12.0
997.0,52.0,15.4,-70.8,28.54,10.4,75.0,12.0
997.0,55.0,15.7,-71.2,28.57,10.7,75.0,12.0
996.0,55.0,16.0,-71.6,28.6,11.0,75.0,12.0
997.0,55.0,17.4,-73.4,28.74,12.399999999999999,75.0,12.0
1000.0,50.0,17.6,-73.7,28.76,12.600000000000001,75.0,12.0
1002.0,45.0,17.8,-74.0,28.78,12.8,75.0,12.0
1002.0,42.0,18.1,-74.3,28.81,13.100000000000001,75.0,12.0
1005.0,35.0,20.0,-75.6,28.5,15.0,75.0,12.0
1006.0,35.0,20.4,-76.0,28.54,15.399999999999999,75.0,12.0
1007.0,35.0,20.8,-76.4,28.58,15.8,75.0,12.0
1007.0,35.0,21.2,-76.9,28.62,16.2,75.0,12.0
1006.0,40.0,23.2,-79.3,28.82,18.2,75.0,12.0
1006.0,40.0,23.5,-79.6,28.85,18.5,75.0,12.0
1005.0,40.0,23.9,-79.9,28.89,18.9,75.0,12.0
1004.0,40.0,24.3,-80.2,28.93,19.3,75.0,12.0
1002.0,35.0,26.1,-81.0,28.61,21.1,75.0,12.0
1002.0,35.0,26.6,-81.0,28.66,21.6,75.0,12.0
1001.0,35.0,27.0,-80.9,28.7,22.0,75.0,12.0
1000.0,35.0,27.6,-80.8,28.76,22.6,75.0,12.0
995.0,55.0,30.6,-79.9,28.56,10.600000000000001,75.0,12.0
994.0,58.0,31.2,-79.6,28.62,11.2,75.0,12.0
993.0,60.0,31.9,-79.2,28.69,11.899999999999999,75.0,12.0
990.0,60.0,32.5,-78.8,28.75,12.5,75.0,12.0
991.0,30.0,35.8,-77.6,28.58,15.799999999999997,75.0,12.0
994.0,35.0,36.2,-77.4,28.62,16.200000000000003,75.0,12.0
997.0,40.0,36.6,-77.2,28.66,16.6,75.0,12.0
1000.0,40.0,36.9,-77.1,28.69,16.9,75.0,12.0
1007.0,40.0,38.2,-76.7,28.82,18.200000000000003,75.0,12.0
1008.0,40.0,38.5,-76.7,28.85,18.5,75.0,12.0
1010.0,40.0,38.9,-76.7,28.89,18.9,75.0,12.0
1011.0,38.0,39.4,-76.7,28.94,19.4,75.0,12.0
1014.0,20.0,43.1,-77.5,28.81,23.1,75.0,12.0
1014.0,20.0,43.8,-77.2,28.88,23.799999999999997,75.0,12.0
1015.0,20.0,44.5,-77.0,28.95,24.5,75.0,12.0
1015.0,20.0,45.0,-76.4,28.5,10.0,75.0,12.0
1007.0,30.0,14.1,-39.4,28.91,24.1,75.0,12.0
1007.0,30.0,15.7,-41.6,28.57,10.7,75.0,12.0
1007.0,30.0,16.0,-42.3,28.6,11.0,75.0,12.0
1007.0,30.0,16.2,-42.9,28.62,11.2,75.0,12.0
1007.0,30.0,16.4,-43.5,28.64,11.399999999999999,75.0,12.0
1007.0,30.0,16.5,-44.1,28.65,11.5,75.0,12.0
1006.0,35.0,16.9,-46.5,28.69,11.899999999999999,75.0,12.0
1005.0,35.0,17.0,-46.9,28.7,12.0,75.0,12.0
1004.0,38.0,17.1,-47.3,28.71,12.100000000000001,75.0,12.0
1003.0,40.0,17.3,-47.8,28.73,12.3,75.0,12.0
1003.0,42.0,18.3,-50.2,28.83,13.3,75.0,12.0
1003.0,45.0,18.5,-50.6,28.85,13.5,75.0,12.0
1002.0,45.0,18.8,-51.0,28.88,13.8,75.0,12.0
1000.0,45.0,19.0,-51.3,28.9,14.0,75.0,12.0
1002.0,40.0,19.9,-53.3,28.99,14.899999999999999,75.0,12.0
1002.0,40.0,20.1,-53.8,28.51,15.100000000000001,75.0,12.0
1002.0,40.0,20.3,-54.3,28.53,15.3,75.0,12.0
1002.0,40.0,20.6,-55.0,28.56,15.600000000000001,75.0,12.0
1002.0,40.0,21.7,-58.8,28.67,16.7,75.0,12.0
1001.0,42.0,21.8,-59.5,28.68,16.8,75.0,12.0
1000.0,45.0,21.9,-60.1,28.69,16.9,75.0,12.0
998.0,48.0,22.3,-60.5,28.73,17.3,75.0,12.0
992.0,50.0,24.4,-63.2,28.94,19.4,75.0,12.0
992.0,50.0,24.8,-63.6,28.98,19.8,75.0,12.0
991.0,50.0,25.1,-64.0,28.51,20.1,75.0,12.0
989.0,55.0,25.6,-64.3,28.56,20.6,75.0,12.0
978.0,75.0,28.1,-65.9,28.81,23.1,75.0,12.0
977.0,78.0,28.7,-66.0,28.87,23.7,75.0,12.0
976.0,80.0,29.3,-66.1,28.93,24.3,75.0,12.0
976.0,80.0,29.9,-66.2,28.99,24.9,75.0,12.0
974.0,75.0,32.4,-65.7,28.74,12.399999999999999,75.0,12.0
974.0,75.0,33.0,-65.3,28.8,13.0,75.0,12.0
974.0,75.0,33.6,-65.0,28.86,13.600000000000001,75.0,12.0
974.0,72.0,34.2,-64.5,28.92,14.200000000000003,75.0,12.0
976.0,65.0,37.4,-61.9,28.74,17.4,75.0,12.0
976.0,65.0,38.0,-61.0,28.8,18.0,75.0,12.0
977.0,65.0,38.5,-60.2,28.85,18.5,75.0,12.0
967.0,70.0,45.5,-55.6,28.55,10.5,75.0,12.0
965.0,70.0,46.0,-54.8,28.6,11.0,75.0,12.0
963.0,70.0,46.4,-54.0,28.64,11.399999999999999,75.0,12.0
964.0,68.0,47.0,-52.6,28.7,12.0,75.0,12.0
968.0,58.0,48.9,-46.8,28.89,13.899999999999999,75.0,12.0
970.0,55.0,49.2,-45.2,28.92,14.200000000000003,75.0,12.0
973.0,52.0,49.5,-43.9,28.95,14.5,75.0,12.0
976.0,50.0,49.8,-42.6,28.98,14.799999999999997,75.0,12.0
983.0,45.0,49.6,-33.8,28.96,14.600000000000001,75.0,12.0
984.0,45.0,49.5,-31.7,28.95,14.5,75.0,12.0
985.0,42.0,49.6,-29.6,28.96,14.600000000000001,75.0,12.0
986.0,40.0,49.8,-27.5,28.98,14.799999999999997,75.0,12.0
1012.0,25.0,20.2,-53.8,28.52,15.2,75.0,12.0
1012.0,28.0,20.2,-54.1,28.52,15.2,75.0,12.0
1008.0,35.0,20.9,-56.3,28.59,15.899999999999999,75.0,12.0
1006.0,38.0,21.1,-56.7,28.61,16.1,75.0,12.0
1005.0,40.0,21.4,-57.1,28.64,16.4,75.0,12.0
1004.0,45.0,21.6,-57.4,28.66,16.6,75.0,12.0
998.0,50.0,22.8,-58.2,28.78,17.8,75.0,12.0
996.0,52.0,23.1,-58.2,28.81,18.1,75.0,12.0
994.0,55.0,23.4,-58.2,28.84,18.4,75.0,12.0
990.0,60.0,23.7,-58.2,28.87,18.7,75.0,12.0
980.0,80.0,25.6,-57.9,28.56,20.6,75.0,12.0
972.0,88.0,26.1,-57.8,28.61,21.1,75.0,12.0
965.0,95.0,26.5,-57.7,28.65,21.5,75.0,12.0
960.0,100.0,26.9,-57.5,28.69,21.9,75.0,12.0
956.0,105.0,29.1,-56.2,28.91,24.1,75.0,12.0
957.0,105.0,29.5,-55.8,28.95,24.5,75.0,12.0
958.0,105.0,29.8,-55.4,28.98,24.8,75.0,12.0
973.0,85.0,31.1,-53.5,28.61,11.100000000000001,75.0,12.0
974.0,82.0,31.1,-53.5,28.61,11.100000000000001,75.0,12.0
976.0,80.0,31.1,-53.5,28.61,11.100000000000001,75.0,12.0
978.0,78.0,31.1,-53.5,28.61,11.100000000000001,75.0,12.0
987.0,65.0,31.3,-53.8,28.63,11.3,75.0,12.0
987.0,65.0,31.4,-53.8,28.64,11.399999999999999,75.0,12.0
987.0,65.0,31.5,-53.9,28.65,11.5,75.0,12.0
987.0,65.0,31.7,-53.8,28.67,11.7,75.0,12.0
983.0,70.0,33.3,-53.3,28.83,13.299999999999997,75.0,12.0
983.0,70.0,33.7,-53.1,28.87,13.700000000000003,75.0,12.0
983.0,70.0,34.1,-52.9,28.91,14.100000000000001,75.0,12.0
982.0,72.0,34.5,-52.5,28.95,14.5,75.0,12.0
976.0,80.0,36.9,-48.7,28.69,16.9,75.0,12.0
974.0,82.0,37.2,-47.5,28.72,17.200000000000003,75.0,12.0
972.0,85.0,37.5,-46.3,28.75,17.5,75.0,12.0
972.0,85.0,37.8,-44.8,28.78,17.799999999999997,75.0,12.0
974.0,85.0,38.0,-38.6,28.8,18.0,75.0,12.0
977.0,80.0,38.0,-37.0,28.8,18.0,75.0,12.0
978.0,78.0,37.9,-35.2,28.79,17.9,75.0,12.0
979.0,75.0,37.8,-33.5,28.78,17.799999999999997,75.0,12.0
982.0,68.0,37.7,-24.4,28.77,17.700000000000003,75.0,12.0
983.0,65.0,37.8,-22.6,28.78,17.799999999999997,75.0,12.0
983.0,65.0,38.1,-20.6,28.81,18.1,75.0,12.0
983.0,65.0,38.5,-18.5,28.85,18.5,75.0,12.0
986.0,55.0,43.8,-10.4,28.88,23.799999999999997,75.0,12.0
984.0,55.0,46.1,-9.7,28.61,11.100000000000001,75.0,12.0
982.0,55.0,48.5,-9.0,28.85,13.5,75.0,12.0
1007.0,25.0,11.9,-22.0,28.69,21.9,75.0,12.0
1007.0,28.0,11.9,-22.6,28.69,21.9,75.0,12.0
1007.0,30.0,11.9,-23.2,28.69,21.9,75.0,12.0
1007.0,30.0,12.1,-27.1,28.71,22.1,75.0,12.0
1007.0,30.0,12.2,-28.0,28.72,22.2,75.0,12.0
1006.0,30.0,12.3,-29.0,28.73,22.3,75.0,12.0
1006.0,30.0,12.5,-30.0,28.75,22.5,75.0,12.0
1004.0,38.0,13.4,-34.7,28.84,23.4,75.0,12.0
1003.0,40.0,13.6,-35.6,28.86,23.6,75.0,12.0
1003.0,40.0,13.8,-36.3,28.88,23.8,75.0,12.0
1003.0,40.0,14.0,-37.0,28.9,24.0,75.0,12.0
998.0,48.0,15.2,-40.2,28.52,10.2,75.0,12.0
997.0,50.0,15.5,-40.8,28.55,10.5,75.0,12.0
996.0,52.0,15.8,-41.5,28.58,10.8,75.0,12.0
995.0,55.0,16.2,-42.1,28.62,11.2,75.0,12.0
988.0,62.0,18.0,-44.8,28.8,13.0,75.0,12.0
987.0,65.0,18.4,-45.3,28.84,13.399999999999999,75.0,12.0
986.0,65.0,18.6,-45.8,28.86,13.600000000000001,75.0,12.0
986.0,65.0,18.9,-46.2,28.89,13.899999999999999,75.0,12.0
984.0,68.0,19.1,-46.7,28.91,14.100000000000001,75.0,12.0
978.0,78.0,20.1,-48.1,28.51,15.100000000000001,75.0,12.0
976.0,80.0,20.3,-48.4,28.53,15.3,75.0,12.0
973.0,85.0,20.6,-48.6,28.56,15.600000000000001,75.0,12.0
970.0,90.0,20.8,-48.8,28.58,15.8,75.0,12.0
966.0,95.0,21.1,-49.0,28.61,16.1,75.0,12.0
956.0,105.0,22.4,-49.5,28.74,17.4,75.0,12.0
958.0,105.0,22.7,-49.7,28.77,17.7,75.0,12.0
960.0,100.0,23.1,-50.0,28.81,18.1,75.0,12.0
962.0,95.0,23.6,-50.4,28.86,18.6,75.0,12.0
958.0,95.0,24.4,-52.5,28.94,19.4,75.0,12.0
957.0,92.0,24.4,-53.0,28.94,19.4,75.0,12.0
956.0,90.0,24.4,-53.5,28.94,19.4,75.0,12.0
959.0,90.0,25.4,-56.0,28.54,20.4,75.0,12.0
960.0,85.0,25.6,-56.4,28.56,20.6,75.0,12.0
960.0,80.0,25.9,-56.7,28.59,20.9,75.0,12.0
961.0,80.0,26.4,-56.9,28.64,21.4,75.0,12.0
968.0,75.0,29.0,-57.0,28.9,24.0,75.0,12.0
969.0,75.0,29.6,-57.0,28.96,24.6,75.0,12.0
970.0,75.0,30.2,-57.0,28.52,10.2,75.0,12.0
970.0,75.0,30.8,-56.8,28.58,10.8,75.0,12.0
970.0,70.0,33.6,-55.1,28.86,13.600000000000001,75.0,12.0
969.0,70.0,34.2,-54.4,28.92,14.200000000000003,75.0,12.0
968.0,70.0,34.9,-53.7,28.99,14.899999999999999,75.0,12.0
966.0,72.0,35.3,-52.7,28.53,15.299999999999997,75.0,12.0
962.0,80.0,36.8,-48.5,28.68,16.799999999999997,75.0,12.0
962.0,80.0,37.1,-47.5,28.71,17.1,75.0,12.0
962.0,78.0,37.4,-46.5,28.74,17.4,75.0,12.0
963.0,75.0,37.7,-45.4,28.77,17.700000000000003,75.0,12.0
964.0,72.0,38.2,-44.3,28.82,18.200000000000003,75.0,12.0
964.0,65.0,40.0,-39.5,28.5,20.0,75.0,12.0
964.0,65.0,40.6,-38.2,28.56,20.6,75.0,12.0
964.0,65.0,41.3,-37.0,28.63,21.299999999999997,75.0,12.0
964.0,65.0,42.0,-35.9,28.7,22.0,75.0,12.0
967.0,62.0,44.4,-32.5,28.94,24.4,75.0,12.0
968.0,60.0,44.7,-31.7,28.97,24.700000000000003,75.0,12.0
970.0,58.0,44.8,-30.8,28.98,24.799999999999997,75.0,12.0
982.0,50.0,45.8,-23.9,28.58,10.799999999999997,75.0,12.0
984.0,50.0,46.0,-22.7,28.6,11.0,75.0,12.0
985.0,48.0,46.6,-21.4,28.66,11.600000000000001,75.0,12.0
1012.0,30.0,26.1,-52.6,28.61,21.1,75.0,12.0
1006.0,40.0,28.3,-54.5,28.83,23.3,75.0,12.0
1006.0,40.0,28.6,-54.6,28.86,23.6,75.0,12.0
1006.0,40.0,28.8,-54.8,28.88,23.8,75.0,12.0
1003.0,45.0,29.2,-55.8,28.92,24.2,75.0,12.0
998.0,55.0,29.6,-56.8,28.96,24.6,75.0,12.0
990.0,68.0,31.0,-58.9,28.6,11.0,75.0,12.0
986.0,70.0,33.8,-60.3,28.88,13.799999999999997,75.0,12.0
986.0,70.0,34.5,-60.3,28.95,14.5,75.0,12.0
987.0,70.0,35.2,-60.3,28.52,15.200000000000003,75.0,12.0
988.0,68.0,36.2,-60.0,28.62,16.200000000000003,75.0,12.0
990.0,60.0,42.5,-56.2,28.75,22.5,75.0,12.0
992.0,58.0,44.0,-55.0,28.9,24.0,75.0,12.0
995.0,55.0,45.5,-53.7,28.55,10.5,75.0,12.0
996.0,55.0,46.5,-52.4,28.65,11.5,75.0,12.0
1000.0,35.0,49.5,-47.0,28.95,14.5,75.0,12.0
1012.0,35.0,35.5,-74.0,28.55,15.5,75.0,12.0
1010.0,38.0,35.2,-73.5,28.52,15.200000000000003,75.0,12.0
1009.0,40.0,35.0,-73.0,28.5,15.0,75.0,12.0
1007.0,45.0,34.6,-72.3,28.96,14.600000000000001,75.0,12.0
998.0,65.0,32.3,-73.1,28.73,12.299999999999997,75.0,12.0
998.0,65.0,31.9,-73.5,28.69,11.899999999999999,75.0,12.0
998.0,65.0,31.5,-74.0,28.65,11.5,75.0,12.0
999.0,60.0,31.2,-74.5,28.62,11.2,75.0,12.0
1001.0,50.0,30.4,-77.2,28.54,10.399999999999999,75.0,12.0
1001.0,50.0,30.4,-77.6,28.54,10.399999999999999,75.0,12.0
1001.0,50.0,30.4,-77.9,28.54,10.399999999999999,75.0,12.0
1003.0,45.0,30.9,-79.2,28.59,10.899999999999999,75.0,12.0
1003.0,42.0,30.9,-79.4,28.59,10.899999999999999,75.0,12.0
1003.0,40.0,30.9,-79.6,28.59,10.899999999999999,75.0,12.0
1003.0,40.0,30.8,-79.7,28.58,10.8,75.0,12.0
1003.0,40.0,30.7,-79.8,28.57,10.7,75.0,12.0
1003.0,30.0,30.1,-79.9,28.51,10.100000000000001,75.0,12.0
1003.0,30.0,29.9,-79.8,28.99,24.9,75.0,12.0
1003.0,30.0,29.7,-79.8,28.97,24.7,75.0,12.0
1004.0,30.0,29.5,-79.8,28.95,24.5,75.0,12.0
1005.0,25.0,28.8,-79.7,28.88,23.8,75.0,12.0
1005.0,25.0,28.6,-79.6,28.86,23.6,75.0,12.0
1005.0,25.0,28.5,-79.5,28.85,23.5,75.0,12.0
1006.0,25.0,28.5,-79.3,28.85,23.5,75.0,12.0
1006.0,25.0,29.1,-78.5,28.91,24.1,75.0,12.0
1006.0,25.0,29.2,-78.2,28.92,24.2,75.0,12.0
1006.0,25.0,29.4,-78.0,28.94,24.4,75.0,12.0
1006.0,25.0,29.5,-77.6,28.95,24.5,75.0,12.0
1007.0,25.0,30.8,-74.2,28.58,10.8,75.0,12.0
1007.0,25.0,31.1,-73.1,28.61,11.100000000000001,75.0,12.0
1007.0,25.0,31.4,-71.9,28.64,11.399999999999999,75.0,12.0
1007.0,25.0,31.6,-70.7,28.66,11.600000000000001,75.0,12.0
1008.0,25.0,18.1,-87.0,28.81,13.100000000000001,75.0,12.0
1006.0,25.0,19.1,-86.8,28.91,14.100000000000001,75.0,12.0
1006.0,25.0,19.4,-86.7,28.94,14.399999999999999,75.0,12.0
1005.0,25.0,19.6,-86.6,28.96,14.600000000000001,75.0,12.0
1005.0,25.0,19.9,-86.3,28.99,14.899999999999999,75.0,12.0
1005.0,25.0,20.1,-86.0,28.51,15.100000000000001,75.0,12.0
1004.0,30.0,22.3,-85.8,28.73,17.3,75.0,12.0
1002.0,35.0,23.0,-85.8,28.8,18.0,75.0,12.0
1000.0,40.0,23.6,-85.7,28.86,18.6,75.0,12.0
998.0,45.0,24.0,-85.5,28.9,19.0,75.0,12.0
997.0,50.0,24.3,-85.2,28.93,19.3,75.0,12.0
1000.0,40.0,27.0,-83.2,28.7,22.0,75.0,12.0
1000.0,35.0,28.4,-82.7,28.84,23.4,75.0,12.0
1001.0,30.0,29.7,-82.1,28.97,24.7,75.0,12.0
999.0,32.0,30.5,-81.8,28.55,10.5,75.0,12.0
997.0,35.0,31.4,-81.4,28.64,11.399999999999999,75.0,12.0
994.0,40.0,32.8,-80.0,28.78,12.799999999999997,75.0,12.0
994.0,40.0,33.2,-79.2,28.82,13.200000000000003,75.0,12.0
994.0,40.0,33.7,-78.4,28.87,13.700000000000003,75.0,12.0
993.0,40.0,34.5,-77.2,28.95,14.5,75.0,12.0
992.0,40.0,35.3,-76.0,28.53,15.299999999999997,75.0,12.0
990.0,40.0,39.0,-73.2,28.9,19.0,75.0,12.0
990.0,38.0,39.9,-72.7,28.99,19.9,75.0,12.0
991.0,35.0,40.7,-72.1,28.57,20.700000000000003,75.0,12.0
992.0,35.0,41.5,-71.4,28.65,21.5,75.0,12.0
992.0,35.0,42.4,-70.8,28.74,22.4,75.0,12.0
992.0,30.0,46.0,-69.0,28.6,11.0,75.0,12.0
992.0,30.0,47.5,-68.5,28.75,12.5,75.0,12.0
999.0,45.0,39.1,-64.2,28.91,19.1,75.0,12.0
999.0,45.0,39.9,-63.2,28.99,19.9,75.0,12.0
999.0,45.0,40.7,-62.3,28.57,20.700000000000003,75.0,12.0
996.0,45.0,41.6,-61.1,28.66,21.6,75.0,12.0
991.0,50.0,45.0,-56.0,28.5,10.0,75.0,12.0
990.0,55.0,46.0,-54.5,28.6,11.0,75.0,12.0
989.0,58.0,47.5,-52.0,28.75,12.5,75.0,12.0
988.0,60.0,49.0,-49.5,28.9,14.0,75.0,12.0
1006.0,30.0,12.1,-29.8,28.71,22.1,75.0,12.0
1005.0,30.0,12.1,-30.7,28.71,22.1,75.0,12.0
1005.0,30.0,12.1,-31.5,28.71,22.1,75.0,12.0
1005.0,30.0,12.0,-32.4,28.7,22.0,75.0,12.0
1004.0,32.0,11.8,-37.4,28.68,21.8,75.0,12.0
1004.0,35.0,11.8,-38.3,28.68,21.8,75.0,12.0
1003.0,38.0,11.8,-39.2,28.68,21.8,75.0,12.0
1002.0,40.0,11.8,-40.1,28.68,21.8,75.0,12.0
1000.0,45.0,11.9,-40.9,28.69,21.9,75.0,12.0
997.0,50.0,12.2,-44.2,28.72,22.2,75.0,12.0
997.0,50.0,12.3,-45.1,28.73,22.3,75.0,12.0
996.0,52.0,12.6,-46.0,28.76,22.6,75.0,12.0
994.0,55.0,12.8,-47.0,28.78,22.8,75.0,12.0
992.0,58.0,12.9,-48.1,28.79,22.9,75.0,12.0
972.0,80.0,13.5,-53.3,28.85,23.5,75.0,12.0
972.0,80.0,13.7,-54.4,28.87,23.7,75.0,12.0
972.0,80.0,13.8,-55.5,28.88,23.8,75.0,12.0
974.0,80.0,13.9,-56.6,28.89,23.9,75.0,12.0
967.0,90.0,14.4,-61.7,28.94,24.4,75.0,12.0
964.0,100.0,14.6,-62.6,28.96,24.6,75.0,12.0
961.0,110.0,14.8,-63.5,28.98,24.8,75.0,12.0
923.0,145.0,15.4,-68.0,28.54,10.4,75.0,12.0
926.0,138.0,15.7,-68.8,28.57,10.7,75.0,12.0
930.0,130.0,15.9,-69.5,28.59,10.9,75.0,12.0
925.0,125.0,16.0,-70.2,28.6,11.0,75.0,12.0
923.0,125.0,16.8,-74.3,28.68,11.8,75.0,12.0
926.0,125.0,17.0,-75.2,28.7,12.0,75.0,12.0
930.0,125.0,17.1,-76.0,28.71,12.100000000000001,75.0,12.0
928.0,125.0,17.3,-76.9,28.73,12.3,75.0,12.0
926.0,130.0,17.8,-81.5,28.78,12.8,75.0,12.0
925.0,132.0,17.9,-82.4,28.79,12.899999999999999,75.0,12.0
924.0,135.0,18.0,-83.3,28.8,13.0,75.0,12.0
914.0,145.0,18.2,-85.1,28.82,13.2,75.0,12.0
935.0,110.0,18.9,-88.7,28.89,13.899999999999999,75.0,12.0
948.0,92.0,19.0,-89.6,28.9,14.0,75.0,12.0
960.0,75.0,19.2,-90.5,28.92,14.2,75.0,12.0
970.0,70.0,19.4,-91.3,28.94,14.399999999999999,75.0,12.0
979.0,65.0,19.7,-92.2,28.97,14.7,75.0,12.0
975.0,78.0,20.5,-96.4,28.55,15.5,75.0,12.0
974.0,75.0,20.5,-97.3,28.55,15.5,75.0,12.0
986.0,52.0,20.5,-98.2,28.55,15.5,75.0,12.0
998.0,30.0,20.5,-99.0,28.55,15.5,75.0,12.0
1006.0,25.0,23.7,-90.7,28.87,18.7,75.0,12.0
1005.0,30.0,25.2,-92.9,28.52,20.2,75.0,12.0
1004.0,32.0,25.5,-93.5,28.55,20.5,75.0,12.0
1004.0,35.0,25.8,-94.0,28.58,20.8,75.0,12.0
1004.0,35.0,26.1,-94.6,28.61,21.1,75.0,12.0
1003.0,35.0,26.3,-95.2,28.63,21.3,75.0,12.0
1006.0,28.0,28.5,-97.4,28.85,23.5,75.0,12.0
1006.0,25.0,28.8,-97.8,28.88,23.8,75.0,12.0
1006.0,25.0,29.1,-98.2,28.91,24.1,75.0,12.0
1006.0,25.0,29.4,-98.6,28.94,24.4,75.0,12.0
1008.0,20.0,30.8,-101.0,28.58,10.8,75.0,12.0
1008.0,20.0,31.1,-101.4,28.61,11.100000000000001,75.0,12.0
1008.0,20.0,31.8,-101.8,28.68,11.8,75.0,12.0
1008.0,20.0,33.6,-101.2,28.86,13.600000000000001,75.0,12.0
1007.0,20.0,34.0,-101.0,28.9,14.0,75.0,12.0
1004.0,25.0,34.8,-100.1,28.98,14.799999999999997,75.0,12.0
1004.0,28.0,35.8,-97.1,28.58,15.799999999999997,75.0,12.0
1007.0,20.0,35.9,-96.5,28.59,15.899999999999999,75.0,12.0
1009.0,25.0,11.5,-56.6,28.65,21.5,75.0,12.0
1008.0,28.0,11.5,-57.3,28.65,21.5,75.0,12.0
1008.0,30.0,11.5,-58.0,28.65,21.5,75.0,12.0
1008.0,32.0,11.8,-58.7,28.68,21.8,75.0,12.0
1001.0,50.0,12.2,-62.8,28.72,22.2,75.0,12.0
1000.0,55.0,12.3,-63.6,28.73,22.3,75.0,12.0
999.0,60.0,12.4,-64.5,28.74,22.4,75.0,12.0
996.0,62.0,12.5,-65.3,28.75,22.5,75.0,12.0
980.0,90.0,13.0,-69.4,28.8,23.0,75.0,12.0
971.0,102.0,13.2,-70.2,28.82,23.2,75.0,12.0
962.0,115.0,13.4,-71.1,28.84,23.4,75.0,12.0
948.0,132.0,13.6,-72.0,28.86,23.6,75.0,12.0
937.0,140.0,14.2,-76.9,28.92,24.2,75.0,12.0
944.0,128.0,14.2,-77.8,28.92,24.2,75.0,12.0
951.0,115.0,14.3,-78.7,28.93,24.3,75.0,12.0
950.0,115.0,14.4,-79.6,28.94,24.4,75.0,12.0
948.0,112.0,14.3,-83.8,28.93,24.3,75.0,12.0
962.0,85.0,14.3,-84.4,28.93,24.3,75.0,12.0
972.0,68.0,14.4,-84.9,28.94,24.4,75.0,12.0
1006.0,20.0,15.5,-87.3,28.55,10.5,75.0,12.0
1006.0,20.0,15.8,-87.8,28.58,10.8,75.0,12.0
1007.0,20.0,16.1,-88.3,28.61,11.100000000000001,75.0,12.0
1007.0,20.0,16.5,-89.5,28.65,11.5,75.0,12.0
1008.0,18.0,17.4,-93.1,28.74,12.399999999999999,75.0,12.0
1010.0,15.0,17.7,-93.8,28.77,12.7,75.0,12.0
1010.0,35.0,31.1,-73.8,28.61,11.100000000000001,75.0,12.0
1010.0,35.0,31.5,-74.2,28.65,11.5,75.0,12.0
1004.0,50.0,34.3,-76.4,28.93,14.299999999999997,75.0,12.0
1005.0,48.0,34.8,-76.3,28.98,14.799999999999997,75.0,12.0
1006.0,45.0,35.2,-76.3,28.52,15.200000000000003,75.0,12.0
1006.0,42.0,35.6,-76.0,28.56,15.600000000000001,75.0,12.0
1009.0,30.0,37.1,-73.8,28.71,17.1,75.0,12.0
1010.0,30.0,37.3,-72.9,28.73,17.299999999999997,75.0,12.0
1010.0,30.0,37.5,-72.0,28.75,17.5,75.0,12.0
1010.0,30.0,37.7,-71.0,28.77,17.700000000000003,75.0,12.0
1008.0,28.0,13.0,-44.0,28.8,23.0,75.0,12.0
1008.0,30.0,13.0,-44.3,28.8,23.0,75.0,12.0
1008.0,30.0,13.1,-44.7,28.81,23.1,75.0,12.0
1005.0,35.0,13.9,-47.1,28.89,23.9,75.0,12.0
1005.0,35.0,14.1,-47.5,28.91,24.1,75.0,12.0
1004.0,35.0,14.2,-47.8,28.92,24.2,75.0,12.0
1004.0,35.0,14.4,-48.1,28.94,24.4,75.0,12.0
1004.0,40.0,15.3,-49.9,28.53,10.3,75.0,12.0
1004.0,40.0,15.4,-50.2,28.54,10.4,75.0,12.0
1004.0,38.0,15.8,-50.9,28.58,10.8,75.0,12.0
1005.0,35.0,16.3,-53.3,28.63,11.3,75.0,12.0
1006.0,32.0,16.4,-53.8,28.64,11.399999999999999,75.0,12.0
1006.0,30.0,16.5,-54.4,28.65,11.5,75.0,12.0
1006.0,30.0,16.6,-54.9,28.66,11.600000000000001,75.0,12.0
1006.0,30.0,17.1,-57.2,28.71,12.100000000000001,75.0,12.0
1006.0,30.0,17.1,-57.7,28.71,12.100000000000001,75.0,12.0
1007.0,30.0,17.2,-58.1,28.72,12.2,75.0,12.0
1008.0,28.0,17.2,-58.5,28.72,12.2,75.0,12.0
1010.0,25.0,18.0,-60.6,28.8,13.0,75.0,12.0
1010.0,25.0,18.2,-60.8,28.82,13.2,75.0,12.0
1010.0,25.0,18.4,-61.0,28.84,13.399999999999999,75.0,12.0
1010.0,22.0,18.6,-61.2,28.86,13.600000000000001,75.0,12.0
1011.0,20.0,19.1,-62.0,28.91,14.100000000000001,75.0,12.0
1004.0,40.0,28.1,-95.0,28.81,23.1,75.0,12.0
1001.0,45.0,28.3,-95.0,28.83,23.3,75.0,12.0
999.0,50.0,28.6,-94.9,28.86,23.6,75.0,12.0
997.0,55.0,28.8,-94.8,28.88,23.8,75.0,12.0
994.0,50.0,30.6,-93.2,28.56,10.600000000000001,75.0,12.0
1000.0,35.0,31.0,-92.9,28.6,11.0,75.0,12.0
1006.0,25.0,31.7,-92.3,28.67,11.7,75.0,12.0
1012.0,20.0,32.7,-90.2,28.77,12.700000000000003,75.0,12.0
1005.0,30.0,29.1,-85.4,28.91,24.1,75.0,12.0
1005.0,30.0,29.4,-85.8,28.94,24.4,75.0,12.0
1005.0,30.0,29.7,-86.1,28.97,24.7,75.0,12.0
1006.0,28.0,30.0,-86.4,28.5,10.0,75.0,12.0
1006.0,35.0,36.1,-46.2,28.61,16.1,75.0,12.0
1004.0,35.0,36.0,-46.3,28.6,16.0,75.0,12.0
1004.0,35.0,36.2,-46.3,28.62,16.200000000000003,75.0,12.0
1004.0,35.0,36.5,-46.3,28.65,16.5,75.0,12.0
1004.0,35.0,36.8,-46.3,28.68,16.799999999999997,75.0,12.0
1004.0,35.0,38.7,-45.3,28.87,18.700000000000003,75.0,12.0
1004.0,35.0,39.3,-44.7,28.93,19.299999999999997,75.0,12.0
1004.0,32.0,40.1,-44.1,28.51,20.1,75.0,12.0
1004.0,30.0,41.0,-43.5,28.6,21.0,75.0,12.0
1005.0,35.0,10.4,-37.5,28.54,20.4,75.0,12.0
1005.0,35.0,10.6,-38.0,28.56,20.6,75.0,12.0
1005.0,35.0,10.7,-38.6,28.57,20.7,75.0,12.0
1005.0,35.0,10.8,-39.2,28.58,20.8,75.0,12.0
992.0,58.0,11.4,-42.0,28.64,21.4,75.0,12.0
988.0,65.0,11.7,-42.4,28.67,21.7,75.0,12.0
990.0,65.0,12.3,-43.3,28.73,22.3,75.0,12.0
1000.0,55.0,13.3,-46.2,28.83,23.3,75.0,12.0
1002.0,55.0,13.5,-46.8,28.85,23.5,75.0,12.0
1004.0,52.0,13.8,-47.3,28.88,23.8,75.0,12.0
1005.0,50.0,14.1,-47.9,28.91,24.1,75.0,12.0
1005.0,50.0,14.1,-48.3,28.91,24.1,75.0,12.0
1008.0,35.0,14.6,-49.0,28.96,24.6,75.0,12.0
1008.0,35.0,15.2,-49.2,28.52,10.2,75.0,12.0
1008.0,35.0,15.8,-49.4,28.58,10.8,75.0,12.0
1008.0,35.0,16.0,-50.2,28.6,11.0,75.0,12.0
1009.0,30.0,16.8,-54.2,28.68,11.8,75.0,12.0
1009.0,25.0,21.8,-94.8,28.68,16.8,75.0,12.0
1008.0,25.0,21.8,-95.0,28.68,16.8,75.0,12.0
1008.0,25.0,21.7,-95.2,28.67,16.7,75.0,12.0
1008.0,30.0,21.1,-94.6,28.61,16.1,75.0,12.0
1008.0,30.0,21.2,-94.6,28.62,16.2,75.0,12.0
1008.0,30.0,21.2,-94.7,28.62,16.2,75.0,12.0
1004.0,52.0,20.6,-95.4,28.56,15.600000000000001,75.0,12.0
996.0,65.0,20.5,-96.0,28.55,15.5,75.0,12.0
990.0,70.0,20.5,-96.3,28.55,15.5,75.0,12.0
1005.0,25.0,20.6,-98.3,28.56,15.600000000000001,75.0,12.0
1008.0,20.0,20.7,-98.7,28.57,15.7,75.0,12.0
1010.0,28.0,14.0,-26.0,28.9,24.0,75.0,12.0
1009.0,30.0,14.0,-26.2,28.9,24.0,75.0,12.0
1008.0,30.0,14.0,-26.4,28.9,24.0,75.0,12.0
1008.0,30.0,14.0,-26.6,28.9,24.0,75.0,12.0
1006.0,35.0,14.8,-27.8,28.98,24.8,75.0,12.0
1005.0,35.0,15.0,-28.1,28.5,10.0,75.0,12.0
1005.0,35.0,15.2,-28.6,28.52,10.2,75.0,12.0
1005.0,35.0,15.3,-29.0,28.53,10.3,75.0,12.0
1006.0,28.0,15.9,-31.4,28.59,10.9,75.0,12.0
1007.0,25.0,15.9,-32.0,28.59,10.9,75.0,12.0
1007.0,25.0,16.0,-32.6,28.6,11.0,75.0,12.0
1007.0,25.0,16.1,-33.3,28.61,11.100000000000001,75.0,12.0
1008.0,25.0,16.4,-36.6,28.64,11.399999999999999,75.0,12.0
1008.0,25.0,16.5,-37.2,28.65,11.5,75.0,12.0
1008.0,25.0,16.7,-37.9,28.67,11.7,75.0,12.0
1008.0,25.0,16.9,-38.6,28.69,11.899999999999999,75.0,12.0
1010.0,20.0,17.9,-42.0,28.79,12.899999999999999,75.0,12.0
1010.0,20.0,18.2,-42.6,28.82,13.2,75.0,12.0
1010.0,22.0,18.5,-43.0,28.85,13.5,75.0,12.0
1010.0,25.0,18.9,-43.5,28.89,13.899999999999999,75.0,12.0
1010.0,25.0,20.4,-46.0,28.54,15.399999999999999,75.0,12.0
1010.0,25.0,20.7,-46.5,28.57,15.7,75.0,12.0
1010.0,28.0,21.0,-47.0,28.6,16.0,75.0,12.0
1010.0,30.0,21.3,-47.5,28.63,16.3,75.0,12.0
1010.0,25.0,22.4,-50.7,28.74,17.4,75.0,12.0
1010.0,25.0,22.8,-51.0,28.78,17.8,75.0,12.0
1010.0,25.0,23.1,-51.3,28.81,18.1,75.0,12.0
1010.0,25.0,23.4,-51.6,28.84,18.4,75.0,12.0
1011.0,20.0,24.5,-53.0,28.95,19.5,75.0,12.0
1011.0,20.0,24.6,-53.2,28.96,19.6,75.0,12.0
1011.0,20.0,24.6,-53.5,28.96,19.6,75.0,12.0
1011.0,30.0,29.5,-52.6,28.95,24.5,75.0,12.0
1011.0,30.0,29.8,-51.8,28.98,24.8,75.0,12.0
1011.0,30.0,30.1,-51.0,28.51,10.100000000000001,75.0,12.0
1011.0,25.0,30.2,-49.4,28.52,10.2,75.0,12.0
1012.0,25.0,30.4,-49.4,28.54,10.399999999999999,75.0,12.0
1012.0,25.0,30.5,-49.4,28.55,10.5,75.0,12.0
1013.0,25.0,31.8,-50.3,28.68,11.8,75.0,12.0
1012.0,25.0,32.1,-50.1,28.71,12.100000000000001,75.0,12.0
1012.0,25.0,32.5,-50.0,28.75,12.5,75.0,12.0
1010.0,25.0,34.6,-46.8,28.96,14.600000000000001,75.0,12.0
1010.0,25.0,35.1,-45.8,28.51,15.100000000000001,75.0,12.0
1010.0,25.0,35.6,-44.7,28.56,15.600000000000001,75.0,12.0
1006.0,30.0,36.1,-40.6,28.61,16.1,75.0,12.0
1005.0,30.0,36.1,-39.9,28.61,16.1,75.0,12.0
1004.0,30.0,36.2,-39.3,28.62,16.200000000000003,75.0,12.0
1004.0,30.0,36.3,-38.8,28.63,16.299999999999997,75.0,12.0
1000.0,32.0,39.2,-34.4,28.92,19.200000000000003,75.0,12.0
999.0,35.0,39.8,-33.5,28.98,19.799999999999997,75.0,12.0
998.0,38.0,40.3,-32.6,28.53,20.299999999999997,75.0,12.0
996.0,40.0,40.8,-31.8,28.58,20.799999999999997,75.0,12.0
998.0,45.0,44.8,-27.5,28.98,24.799999999999997,75.0,12.0
998.0,45.0,45.8,-26.7,28.58,10.799999999999997,75.0,12.0
998.0,42.0,47.2,-25.9,28.72,12.200000000000003,75.0,12.0
999.0,40.0,48.7,-25.2,28.87,13.700000000000003,75.0,12.0
1009.0,25.0,18.1,-61.2,28.81,13.100000000000001,75.0,12.0
1009.0,25.0,18.2,-61.5,28.82,13.2,75.0,12.0
1009.0,25.0,18.6,-62.0,28.86,13.600000000000001,75.0,12.0
1007.0,25.0,19.2,-63.5,28.92,14.2,75.0,12.0
1006.0,25.0,19.1,-63.8,28.91,14.100000000000001,75.0,12.0
1006.0,25.0,19.1,-64.1,28.91,14.100000000000001,75.0,12.0
1006.0,25.0,19.0,-64.4,28.9,14.0,75.0,12.0
1004.0,25.0,17.2,-66.7,28.72,12.2,75.0,12.0
1004.0,25.0,16.9,-67.2,28.69,11.899999999999999,75.0,12.0
1004.0,25.0,16.5,-67.7,28.65,11.5,75.0,12.0
1004.0,25.0,16.3,-68.1,28.63,11.3,75.0,12.0
1004.0,25.0,15.3,-70.1,28.53,10.3,75.0,12.0
1004.0,25.0,15.4,-70.5,28.54,10.4,75.0,12.0
1004.0,25.0,15.4,-71.0,28.54,10.4,75.0,12.0
1004.0,28.0,15.6,-71.1,28.56,10.6,75.0,12.0
999.0,40.0,16.3,-71.6,28.63,11.3,75.0,12.0
998.0,45.0,16.5,-71.7,28.65,11.5,75.0,12.0
996.0,50.0,16.6,-71.8,28.66,11.600000000000001,75.0,12.0
998.0,50.0,16.9,-71.9,28.69,11.899999999999999,75.0,12.0
1002.0,40.0,19.2,-72.9,28.92,14.2,75.0,12.0
1002.0,42.0,19.7,-73.2,28.97,14.7,75.0,12.0
1001.0,45.0,20.2,-73.6,28.52,15.2,75.0,12.0
1000.0,45.0,20.6,-74.1,28.56,15.600000000000001,75.0,12.0
999.0,40.0,20.8,-76.8,28.58,15.8,75.0,12.0
1000.0,38.0,20.8,-77.1,28.58,15.8,75.0,12.0
1000.0,35.0,20.8,-77.4,28.58,15.8,75.0,12.0
995.0,45.0,22.5,-78.3,28.75,17.5,75.0,12.0
995.0,45.0,22.6,-78.5,28.76,17.6,75.0,12.0
995.0,45.0,22.6,-78.8,28.76,17.6,75.0,12.0
995.0,48.0,22.8,-78.7,28.78,17.8,75.0,12.0
993.0,50.0,23.9,-78.0,28.89,18.9,75.0,12.0
992.0,52.0,24.5,-77.7,28.95,19.5,75.0,12.0
992.0,55.0,25.1,-77.3,28.51,20.1,75.0,12.0
986.0,62.0,25.8,-76.9,28.58,20.8,75.0,12.0
981.0,70.0,28.7,-74.4,28.87,23.7,75.0,12.0
980.0,70.0,29.5,-73.8,28.95,24.5,75.0,12.0
980.0,70.0,30.3,-73.3,28.53,10.3,75.0,12.0
980.0,70.0,31.3,-72.8,28.63,11.3,75.0,12.0
974.0,75.0,36.4,-70.9,28.64,16.4,75.0,12.0
972.0,75.0,37.6,-70.3,28.76,17.6,75.0,12.0
970.0,75.0,38.8,-69.7,28.88,18.799999999999997,75.0,12.0
969.0,72.0,40.0,-69.0,28.5,20.0,75.0,12.0
966.0,60.0,47.5,-64.3,28.75,12.5,75.0,12.0
966.0,60.0,49.4,-63.2,28.94,14.399999999999999,75.0,12.0
1009.0,35.0,18.3,-61.8,28.83,13.3,75.0,12.0
1008.0,35.0,19.1,-73.8,28.91,14.100000000000001,75.0,12.0
1008.0,32.0,19.1,-74.8,28.91,14.100000000000001,75.0,12.0
1007.0,30.0,19.4,-80.1,28.94,14.399999999999999,75.0,12.0
1007.0,30.0,19.5,-80.7,28.95,14.5,75.0,12.0
1007.0,30.0,19.6,-84.2,28.96,14.600000000000001,75.0,12.0
1007.0,30.0,19.5,-85.1,28.95,14.5,75.0,12.0
1007.0,30.0,22.5,-87.8,28.75,17.5,75.0,12.0
1007.0,30.0,23.3,-88.2,28.83,18.3,75.0,12.0
1005.0,35.0,17.5,-87.5,28.75,12.5,75.0,12.0
1005.0,35.0,18.0,-88.4,28.8,13.0,75.0,12.0
1005.0,35.0,18.1,-88.6,28.81,13.100000000000001,75.0,12.0
1005.0,35.0,18.2,-88.8,28.82,13.2,75.0,12.0
1006.0,30.0,18.0,-90.4,28.8,13.0,75.0,12.0
1006.0,30.0,17.9,-90.6,28.79,12.899999999999999,75.0,12.0
1006.0,30.0,17.8,-90.8,28.78,12.8,75.0,12.0
1006.0,28.0,17.7,-90.9,28.77,12.7,75.0,12.0
1006.0,35.0,13.1,-24.0,28.81,23.1,75.0,12.0
1006.0,35.0,13.1,-24.6,28.81,23.1,75.0,12.0
1006.0,35.0,13.2,-25.2,28.82,23.2,75.0,12.0
1002.0,42.0,14.4,-28.5,28.94,24.4,75.0,12.0
1000.0,45.0,14.8,-29.2,28.98,24.8,75.0,12.0
1000.0,45.0,15.1,-30.0,28.51,10.1,75.0,12.0
1000.0,45.0,15.4,-30.8,28.54,10.4,75.0,12.0
1000.0,45.0,16.4,-35.4,28.64,11.399999999999999,75.0,12.0
1000.0,45.0,16.4,-36.4,28.64,11.399999999999999,75.0,12.0
1000.0,45.0,16.5,-37.4,28.65,11.5,75.0,12.0
1000.0,45.0,16.6,-38.4,28.66,11.600000000000001,75.0,12.0
1000.0,45.0,16.7,-39.3,28.67,11.7,75.0,12.0
1000.0,45.0,17.3,-43.3,28.73,12.3,75.0,12.0
1000.0,45.0,17.6,-44.3,28.76,12.600000000000001,75.0,12.0
1000.0,45.0,18.0,-45.2,28.8,13.0,75.0,12.0
1000.0,45.0,18.4,-46.2,28.84,13.399999999999999,75.0,12.0
997.0,50.0,18.6,-47.0,28.86,13.600000000000001,75.0,12.0
981.0,72.0,19.2,-50.0,28.92,14.2,75.0,12.0
975.0,80.0,19.4,-50.7,28.94,14.399999999999999,75.0,12.0
968.0,90.0,19.6,-51.2,28.96,14.600000000000001,75.0,12.0
960.0,100.0,19.9,-51.6,28.99,14.899999999999999,75.0,12.0
958.0,102.0,20.2,-51.9,28.52,15.2,75.0,12.0
962.0,98.0,21.5,-53.2,28.65,16.5,75.0,12.0
970.0,90.0,21.8,-53.5,28.68,16.8,75.0,12.0
975.0,82.0,22.1,-54.0,28.71,17.1,75.0,12.0
980.0,75.0,22.4,-54.4,28.74,17.4,75.0,12.0
982.0,72.0,22.5,-54.8,28.75,17.5,75.0,12.0
987.0,65.0,23.8,-57.0,28.88,18.8,75.0,12.0
980.0,75.0,24.1,-57.4,28.91,19.1,75.0,12.0
974.0,85.0,24.5,-57.8,28.95,19.5,75.0,12.0
972.0,88.0,24.9,-58.2,28.99,19.9,75.0,12.0
977.0,80.0,26.3,-59.8,28.63,21.3,75.0,12.0
978.0,78.0,26.6,-60.1,28.66,21.6,75.0,12.0
980.0,75.0,26.9,-60.5,28.69,21.9,75.0,12.0
980.0,75.0,27.1,-60.8,28.71,22.1,75.0,12.0
980.0,75.0,28.3,-61.8,28.83,23.3,75.0,12.0
978.0,78.0,28.6,-62.0,28.86,23.6,75.0,12.0
976.0,80.0,28.8,-62.1,28.88,23.8,75.0,12.0
976.0,75.0,29.7,-62.5,28.97,24.7,75.0,12.0
980.0,70.0,29.8,-62.5,28.98,24.8,75.0,12.0
983.0,65.0,29.9,-62.5,28.99,24.9,75.0,12.0
984.0,65.0,29.9,-62.5,28.99,24.9,75.0,12.0
988.0,60.0,29.9,-62.7,28.99,24.9,75.0,12.0
990.0,58.0,30.0,-62.8,28.5,10.0,75.0,12.0
991.0,55.0,30.1,-62.9,28.51,10.100000000000001,75.0,12.0
990.0,55.0,30.3,-63.0,28.53,10.3,75.0,12.0
994.0,55.0,31.6,-63.8,28.66,11.600000000000001,75.0,12.0
994.0,58.0,32.0,-63.9,28.7,12.0,75.0,12.0
995.0,60.0,32.5,-64.1,28.75,12.5,75.0,12.0
995.0,60.0,33.0,-63.9,28.8,13.0,75.0,12.0
995.0,60.0,35.3,-63.0,28.53,15.299999999999997,75.0,12.0
995.0,60.0,35.8,-62.8,28.58,15.799999999999997,75.0,12.0
995.0,60.0,36.2,-62.5,28.62,16.200000000000003,75.0,12.0
995.0,60.0,36.5,-62.1,28.65,16.5,75.0,12.0
995.0,60.0,36.8,-60.9,28.68,16.799999999999997,75.0,12.0
995.0,60.0,36.5,-60.8,28.65,16.5,75.0,12.0
995.0,60.0,36.3,-60.7,28.63,16.299999999999997,75.0,12.0
996.0,58.0,36.0,-60.5,28.6,16.0,75.0,12.0
997.0,50.0,34.3,-58.9,28.93,14.299999999999997,75.0,12.0
997.0,50.0,34.1,-58.3,28.91,14.100000000000001,75.0,12.0
997.0,50.0,33.9,-57.8,28.89,13.899999999999999,75.0,12.0
997.0,50.0,33.8,-56.9,28.88,13.799999999999997,75.0,12.0
995.0,55.0,35.0,-53.7,28.5,15.0,75.0,12.0
995.0,55.0,35.5,-53.0,28.55,15.5,75.0,12.0
992.0,60.0,36.2,-52.2,28.62,16.200000000000003,75.0,12.0
989.0,65.0,36.9,-51.5,28.69,16.9,75.0,12.0
989.0,65.0,37.8,-50.6,28.78,17.799999999999997,75.0,12.0
989.0,65.0,41.2,-47.1,28.62,21.200000000000003,75.0,12.0
989.0,65.0,42.1,-46.3,28.71,22.1,75.0,12.0
989.0,65.0,42.9,-45.3,28.79,22.9,75.0,12.0
989.0,65.0,43.7,-44.3,28.87,23.700000000000003,75.0,12.0
985.0,60.0,48.8,-38.5,28.88,13.799999999999997,75.0,12.0
1010.0,25.0,31.7,-79.8,28.67,11.7,75.0,12.0
1007.0,35.0,32.4,-78.8,28.74,12.399999999999999,75.0,12.0
1006.0,40.0,32.6,-78.5,28.76,12.600000000000001,75.0,12.0
1006.0,45.0,32.8,-78.2,28.78,12.799999999999997,75.0,12.0
1006.0,45.0,33.0,-78.0,28.8,13.0,75.0,12.0
1006.0,45.0,33.2,-77.8,28.82,13.200000000000003,75.0,12.0
1006.0,45.0,34.1,-76.7,28.91,14.100000000000001,75.0,12.0
1006.0,45.0,34.3,-76.4,28.93,14.299999999999997,75.0,12.0
1007.0,45.0,34.5,-76.1,28.95,14.5,75.0,12.0
1006.0,45.0,34.7,-75.8,28.97,14.700000000000003,75.0,12.0
1005.0,45.0,34.9,-75.4,28.99,14.899999999999999,75.0,12.0
1000.0,55.0,36.2,-73.2,28.62,16.200000000000003,75.0,12.0
1000.0,55.0,36.5,-72.6,28.65,16.5,75.0,12.0
1000.0,55.0,36.8,-72.0,28.68,16.799999999999997,75.0,12.0
1000.0,55.0,37.1,-71.3,28.71,17.1,75.0,12.0
998.0,55.0,40.0,-67.0,28.5,20.0,75.0,12.0
1000.0,48.0,42.5,-62.5,28.75,22.5,75.0,12.0
1008.0,40.0,17.8,-83.6,28.78,12.8,75.0,12.0
1008.0,40.0,18.2,-84.1,28.82,13.2,75.0,12.0
1008.0,40.0,18.6,-84.6,28.86,13.600000000000001,75.0,12.0
1008.0,42.0,19.2,-85.2,28.92,14.2,75.0,12.0
1007.0,45.0,19.8,-85.8,28.98,14.8,75.0,12.0
1005.0,45.0,21.8,-88.8,28.68,16.8,75.0,12.0
1005.0,45.0,22.3,-89.6,28.73,17.3,75.0,12.0
1005.0,45.0,22.8,-90.4,28.78,17.8,75.0,12.0
1002.0,45.0,22.9,-91.2,28.79,17.9,75.0,12.0
1000.0,45.0,23.0,-92.0,28.8,18.0,75.0,12.0
993.0,55.0,23.7,-94.1,28.87,18.7,75.0,12.0
992.0,58.0,24.0,-94.5,28.9,19.0,75.0,12.0
990.0,60.0,24.3,-94.9,28.93,19.3,75.0,12.0
986.0,62.0,24.6,-95.3,28.96,19.6,75.0,12.0
982.0,65.0,24.9,-95.7,28.99,19.9,75.0,12.0
967.0,85.0,25.9,-96.7,28.59,20.9,75.0,12.0
967.0,80.0,26.1,-97.0,28.61,21.1,75.0,12.0
967.0,75.0,26.4,-97.2,28.64,21.4,75.0,12.0
976.0,65.0,26.5,-97.8,28.65,21.5,75.0,12.0
994.0,40.0,27.5,-99.5,28.75,22.5,75.0,12.0
995.0,35.0,27.9,-100.0,28.79,22.9,75.0,12.0
998.0,30.0,28.1,-100.7,28.81,23.1,75.0,12.0
1000.0,25.0,28.3,-101.4,28.83,23.3,75.0,12.0
1008.0,25.0,29.1,-104.5,28.91,24.1,75.0,12.0
1009.0,25.0,29.4,-105.0,28.94,24.4,75.0,12.0
1010.0,22.0,29.7,-105.3,28.97,24.7,75.0,12.0
1012.0,20.0,30.0,-105.7,28.5,10.0,75.0,12.0
1012.0,20.0,31.4,-106.5,28.64,11.399999999999999,75.0,12.0
1014.0,20.0,31.9,-106.7,28.69,11.899999999999999,75.0,12.0
1015.0,20.0,32.4,-106.5,28.74,12.399999999999999,75.0,12.0
1016.0,20.0,32.9,-106.3,28.79,12.899999999999999,75.0,12.0
1010.0,25.0,28.1,-87.4,28.81,23.1,75.0,12.0
1010.0,28.0,28.1,-87.6,28.81,23.1,75.0,12.0
1009.0,30.0,28.1,-87.8,28.81,23.1,75.0,12.0
1006.0,38.0,28.1,-88.2,28.81,23.1,75.0,12.0
1002.0,45.0,28.1,-88.5,28.81,23.1,75.0,12.0
1002.0,40.0,28.1,-90.3,28.81,23.1,75.0,12.0
1002.0,40.0,28.2,-90.7,28.82,23.2,75.0,12.0
1001.0,40.0,28.3,-91.0,28.83,23.3,75.0,12.0
1000.0,45.0,28.4,-91.3,28.84,23.4,75.0,12.0
999.0,50.0,28.5,-91.7,28.85,23.5,75.0,12.0
996.0,55.0,29.6,-94.2,28.96,24.6,75.0,12.0
998.0,48.0,29.8,-94.5,28.98,24.8,75.0,12.0
1003.0,30.0,30.6,-95.7,28.56,10.600000000000001,75.0,12.0
1012.0,20.0,32.4,-98.3,28.74,12.399999999999999,75.0,12.0
1012.0,20.0,32.7,-98.7,28.77,12.700000000000003,75.0,12.0
1011.0,30.0,18.4,-67.4,28.84,13.399999999999999,75.0,12.0
1010.0,32.0,18.4,-68.1,28.84,13.399999999999999,75.0,12.0
1009.0,35.0,18.5,-68.8,28.85,13.5,75.0,12.0
1008.0,38.0,18.6,-69.5,28.86,13.600000000000001,75.0,12.0
1007.0,40.0,18.8,-72.9,28.88,13.8,75.0,12.0
1007.0,40.0,19.0,-73.8,28.9,14.0,75.0,12.0
1007.0,40.0,19.1,-74.6,28.91,14.100000000000001,75.0,12.0
1006.0,42.0,19.2,-75.2,28.92,14.2,75.0,12.0
1003.0,45.0,20.0,-78.1,28.5,15.0,75.0,12.0
1004.0,45.0,20.4,-78.8,28.54,15.399999999999999,75.0,12.0
1006.0,45.0,20.7,-79.6,28.57,15.7,75.0,12.0
1004.0,45.0,20.9,-79.9,28.59,15.899999999999999,75.0,12.0
1002.0,50.0,23.2,-81.2,28.82,18.2,75.0,12.0
1001.0,50.0,23.8,-81.5,28.88,18.8,75.0,12.0
1000.0,50.0,24.3,-81.7,28.93,19.3,75.0,12.0
998.0,50.0,24.6,-81.8,28.96,19.6,75.0,12.0
997.0,50.0,25.0,-81.9,28.5,20.0,75.0,12.0
988.0,55.0,26.4,-81.4,28.64,21.4,75.0,12.0
987.0,58.0,26.7,-81.2,28.67,21.7,75.0,12.0
986.0,60.0,27.0,-81.1,28.7,22.0,75.0,12.0
987.0,58.0,27.2,-81.0,28.72,22.2,75.0,12.0
994.0,45.0,28.4,-80.6,28.84,23.4,75.0,12.0
996.0,45.0,28.5,-80.6,28.85,23.5,75.0,12.0
997.0,45.0,28.7,-80.6,28.87,23.7,75.0,12.0
995.0,48.0,28.8,-80.5,28.88,23.8,75.0,12.0
993.0,50.0,29.2,-80.7,28.92,24.2,75.0,12.0
993.0,52.0,29.2,-80.8,28.92,24.2,75.0,12.0
993.0,55.0,29.3,-81.0,28.93,24.3,75.0,12.0
994.0,52.0,29.3,-81.1,28.93,24.3,75.0,12.0
996.0,45.0,29.6,-82.4,28.96,24.6,75.0,12.0
996.0,42.0,29.7,-82.7,28.97,24.7,75.0,12.0
997.0,40.0,29.8,-83.0,28.98,24.8,75.0,12.0
996.0,42.0,29.8,-83.4,28.98,24.8,75.0,12.0
996.0,45.0,29.7,-83.8,28.97,24.7,75.0,12.0
998.0,40.0,30.0,-85.2,28.5,10.0,75.0,12.0
998.0,40.0,30.2,-85.6,28.52,10.2,75.0,12.0
999.0,40.0,30.5,-85.9,28.55,10.5,75.0,12.0
999.0,35.0,30.6,-86.3,28.56,10.600000000000001,75.0,12.0
999.0,30.0,30.8,-86.7,28.58,10.8,75.0,12.0
1000.0,30.0,31.8,-88.4,28.68,11.8,75.0,12.0
1000.0,30.0,31.6,-89.1,28.66,11.600000000000001,75.0,12.0
1001.0,30.0,31.5,-89.7,28.65,11.5,75.0,12.0
1001.0,30.0,31.3,-90.0,28.63,11.3,75.0,12.0
1002.0,25.0,32.0,-89.4,28.7,12.0,75.0,12.0
1002.0,25.0,32.2,-89.2,28.72,12.200000000000003,75.0,12.0
1002.0,25.0,32.4,-89.0,28.74,12.399999999999999,75.0,12.0
1002.0,22.0,32.5,-88.8,28.75,12.5,75.0,12.0
1002.0,20.0,32.7,-88.6,28.77,12.700000000000003,75.0,12.0
1003.0,20.0,33.9,-87.2,28.89,13.899999999999999,75.0,12.0
1004.0,20.0,34.2,-86.8,28.92,14.200000000000003,75.0,12.0
1005.0,15.0,35.0,-85.8,28.5,15.0,75.0,12.0
1007.0,15.0,36.1,-84.4,28.61,16.1,75.0,12.0
1008.0,15.0,36.5,-84.0,28.65,16.5,75.0,12.0
1008.0,15.0,36.9,-83.6,28.69,16.9,75.0,12.0
1008.0,15.0,37.1,-83.4,28.71,17.1,75.0,12.0
1009.0,15.0,37.4,-83.2,28.74,17.4,75.0,12.0
1002.0,35.0,15.1,-69.6,28.51,10.1,75.0,12.0
999.0,42.0,15.4,-70.0,28.54,10.4,75.0,12.0
996.0,50.0,15.8,-70.5,28.58,10.8,75.0,12.0
994.0,55.0,16.1,-70.8,28.61,11.100000000000001,75.0,12.0
981.0,80.0,17.5,-72.1,28.75,12.5,75.0,12.0
986.0,75.0,17.8,-72.4,28.78,12.8,75.0,12.0
994.0,60.0,18.2,-72.9,28.82,13.2,75.0,12.0
998.0,45.0,18.7,-73.7,28.87,13.7,75.0,12.0
998.0,45.0,18.8,-73.8,28.88,13.8,75.0,12.0
999.0,45.0,18.9,-74.0,28.89,13.899999999999999,75.0,12.0
999.0,42.0,18.9,-74.5,28.89,13.899999999999999,75.0,12.0
984.0,60.0,17.9,-75.7,28.79,12.899999999999999,75.0,12.0
984.0,60.0,17.9,-76.0,28.79,12.899999999999999,75.0,12.0
984.0,60.0,18.0,-76.2,28.8,13.0,75.0,12.0
986.0,60.0,17.9,-76.6,28.79,12.899999999999999,75.0,12.0
989.0,50.0,18.3,-78.4,28.83,13.3,75.0,12.0
986.0,58.0,18.6,-78.8,28.86,13.600000000000001,75.0,12.0
984.0,65.0,18.8,-79.2,28.88,13.8,75.0,12.0
980.0,70.0,19.0,-79.6,28.9,14.0,75.0,12.0
955.0,110.0,20.7,-81.6,28.57,15.7,75.0,12.0
949.0,118.0,21.1,-82.0,28.61,16.1,75.0,12.0
943.0,125.0,21.6,-82.5,28.66,16.6,75.0,12.0
946.0,122.0,22.1,-83.0,28.71,17.1,75.0,12.0
961.0,100.0,24.8,-85.5,28.98,19.8,75.0,12.0
960.0,98.0,25.4,-86.1,28.54,20.4,75.0,12.0
956.0,95.0,26.4,-87.2,28.64,21.4,75.0,12.0
953.0,95.0,26.9,-87.7,28.69,21.9,75.0,12.0
955.0,95.0,28.8,-90.3,28.88,23.8,75.0,12.0
956.0,90.0,29.3,-90.8,28.93,24.3,75.0,12.0
958.0,85.0,29.8,-91.4,28.98,24.8,75.0,12.0
964.0,72.0,30.2,-91.8,28.52,10.2,75.0,12.0
971.0,60.0,30.7,-92.3,28.57,10.7,75.0,12.0
991.0,25.0,32.4,-93.7,28.74,12.399999999999999,75.0,12.0
993.0,20.0,32.7,-93.9,28.77,12.700000000000003,75.0,12.0
994.0,20.0,33.0,-93.9,28.8,13.0,75.0,12.0
995.0,20.0,33.2,-93.9,28.82,13.200000000000003,75.0,12.0
997.0,20.0,33.8,-94.4,28.88,13.799999999999997,75.0,12.0
998.0,20.0,33.9,-94.4,28.89,13.899999999999999,75.0,12.0
998.0,20.0,34.0,-94.4,28.9,14.0,75.0,12.0
998.0,18.0,34.1,-94.2,28.91,14.100000000000001,75.0,12.0
998.0,15.0,34.3,-94.1,28.93,14.299999999999997,75.0,12.0
1000.0,15.0,36.2,-92.3,28.62,16.200000000000003,75.0,12.0
1000.0,18.0,37.4,-91.5,28.74,17.4,75.0,12.0
1000.0,20.0,38.5,-90.7,28.85,18.5,75.0,12.0
1001.0,20.0,39.4,-89.7,28.94,19.4,75.0,12.0
1002.0,20.0,40.2,-88.7,28.52,20.200000000000003,75.0,12.0
1004.0,20.0,43.7,-83.8,28.87,23.700000000000003,75.0,12.0
1003.0,35.0,20.1,-58.6,28.51,15.100000000000001,75.0,12.0
1003.0,35.0,20.3,-59.1,28.53,15.3,75.0,12.0
1003.0,35.0,20.5,-59.6,28.55,15.5,75.0,12.0
1002.0,38.0,20.6,-60.0,28.56,15.600000000000001,75.0,12.0
1000.0,45.0,21.1,-62.4,28.61,16.1,75.0,12.0
1000.0,45.0,21.3,-62.9,28.63,16.3,75.0,12.0
1000.0,45.0,21.5,-63.4,28.65,16.5,75.0,12.0
1000.0,45.0,21.6,-64.0,28.66,16.6,75.0,12.0
1000.0,45.0,21.9,-66.2,28.69,16.9,75.0,12.0
1000.0,45.0,22.0,-66.6,28.7,17.0,75.0,12.0
1000.0,45.0,22.2,-66.9,28.72,17.2,75.0,12.0
1000.0,48.0,22.4,-67.2,28.74,17.4,75.0,12.0
999.0,40.0,23.5,-69.8,28.85,18.5,75.0,12.0
998.0,40.0,23.6,-70.4,28.86,18.6,75.0,12.0
997.0,40.0,23.6,-71.0,28.86,18.6,75.0,12.0
997.0,42.0,23.6,-71.3,28.86,18.6,75.0,12.0
990.0,60.0,22.8,-72.2,28.78,17.8,75.0,12.0
988.0,65.0,22.6,-72.3,28.76,17.6,75.0,12.0
985.0,70.0,22.3,-72.4,28.73,17.3,75.0,12.0
981.0,72.0,22.1,-72.3,28.71,17.1,75.0,12.0
983.0,60.0,21.0,-73.0,28.6,16.0,75.0,12.0
984.0,58.0,20.8,-73.0,28.58,15.8,75.0,12.0
985.0,55.0,20.6,-72.9,28.56,15.600000000000001,75.0,12.0
986.0,55.0,20.5,-72.8,28.55,15.5,75.0,12.0
996.0,45.0,20.6,-71.9,28.56,15.600000000000001,75.0,12.0
995.0,48.0,21.1,-71.8,28.61,16.1,75.0,12.0
994.0,50.0,21.6,-71.8,28.66,16.6,75.0,12.0
992.0,52.0,22.1,-71.8,28.71,17.1,75.0,12.0
989.0,55.0,24.1,-73.2,28.91,19.1,75.0,12.0
989.0,55.0,24.6,-73.8,28.96,19.6,75.0,12.0
989.0,55.0,25.1,-74.3,28.51,20.1,75.0,12.0
988.0,55.0,25.6,-75.0,28.56,20.6,75.0,12.0
980.0,55.0,28.2,-78.5,28.82,23.2,75.0,12.0
980.0,58.0,29.0,-78.6,28.9,24.0,75.0,12.0
980.0,60.0,29.9,-78.7,28.99,24.9,75.0,12.0
980.0,60.0,30.7,-79.0,28.57,10.7,75.0,12.0
985.0,45.0,35.7,-78.1,28.57,15.700000000000003,75.0,12.0
989.0,45.0,36.8,-77.4,28.68,16.799999999999997,75.0,12.0
993.0,45.0,37.8,-76.7,28.78,17.799999999999997,75.0,12.0
994.0,45.0,38.9,-75.6,28.89,18.9,75.0,12.0
995.0,45.0,43.8,-68.0,28.88,23.799999999999997,75.0,12.0
995.0,45.0,44.8,-65.8,28.98,24.799999999999997,75.0,12.0
995.0,45.0,45.7,-63.7,28.57,10.700000000000003,75.0,12.0
996.0,42.0,46.4,-61.4,28.64,11.399999999999999,75.0,12.0
996.0,35.0,47.8,-52.1,28.78,12.799999999999997,75.0,12.0
1006.0,32.0,17.2,-37.7,28.72,12.2,75.0,12.0
1005.0,35.0,17.3,-38.4,28.73,12.3,75.0,12.0
1004.0,40.0,17.4,-39.1,28.74,12.399999999999999,75.0,12.0
1003.0,45.0,17.5,-39.9,28.75,12.5,75.0,12.0
1000.0,48.0,18.4,-43.5,28.84,13.399999999999999,75.0,12.0
999.0,50.0,18.7,-44.3,28.87,13.7,75.0,12.0
998.0,52.0,19.0,-45.0,28.9,14.0,75.0,12.0
996.0,55.0,19.3,-45.8,28.93,14.3,75.0,12.0
995.0,55.0,19.6,-46.5,28.96,14.600000000000001,75.0,12.0
989.0,60.0,20.6,-50.3,28.56,15.600000000000001,75.0,12.0
984.0,68.0,20.9,-51.1,28.59,15.899999999999999,75.0,12.0
979.0,75.0,21.1,-51.9,28.61,16.1,75.0,12.0
968.0,90.0,21.5,-52.7,28.65,16.5,75.0,12.0
937.0,120.0,23.0,-56.4,28.8,18.0,75.0,12.0
938.0,118.0,23.2,-57.0,28.82,18.2,75.0,12.0
940.0,115.0,23.4,-57.7,28.84,18.4,75.0,12.0
942.0,115.0,23.5,-58.4,28.85,18.5,75.0,12.0
954.0,105.0,23.5,-61.9,28.85,18.5,75.0,12.0
956.0,102.0,23.4,-62.6,28.84,18.4,75.0,12.0
959.0,100.0,23.2,-63.4,28.82,18.2,75.0,12.0
960.0,100.0,23.0,-64.2,28.8,18.0,75.0,12.0
965.0,95.0,21.9,-67.7,28.69,16.9,75.0,12.0
958.0,105.0,21.7,-68.3,28.67,16.7,75.0,12.0
950.0,115.0,21.5,-69.0,28.65,16.5,75.0,12.0
948.0,115.0,21.4,-69.7,28.64,16.4,75.0,12.0
947.0,110.0,21.0,-72.8,28.6,16.0,75.0,12.0
946.0,108.0,21.0,-73.4,28.6,16.0,75.0,12.0
946.0,105.0,21.0,-74.0,28.6,16.0,75.0,12.0
946.0,110.0,21.1,-74.6,28.61,16.1,75.0,12.0
960.0,85.0,21.1,-77.8,28.61,16.1,75.0,12.0
962.0,80.0,21.1,-78.4,28.61,16.1,75.0,12.0
964.0,75.0,21.2,-79.1,28.62,16.2,75.0,12.0
964.0,72.0,21.4,-79.7,28.64,16.4,75.0,12.0
965.0,70.0,22.4,-82.4,28.74,17.4,75.0,12.0
966.0,68.0,22.5,-82.8,28.75,17.5,75.0,12.0
966.0,65.0,22.7,-83.3,28.77,17.7,75.0,12.0
967.0,65.0,22.9,-83.7,28.79,17.9,75.0,12.0
959.0,80.0,23.8,-85.2,28.88,18.8,75.0,12.0
958.0,82.0,24.0,-85.5,28.9,19.0,75.0,12.0
951.0,85.0,24.4,-86.1,28.94,19.4,75.0,12.0
946.0,85.0,25.5,-88.0,28.55,20.5,75.0,12.0
949.0,85.0,25.6,-88.5,28.56,20.6,75.0,12.0
952.0,85.0,25.8,-88.9,28.58,20.8,75.0,12.0
953.0,85.0,26.0,-89.5,28.6,21.0,75.0,12.0
954.0,85.0,26.1,-90.0,28.61,21.1,75.0,12.0
954.0,95.0,27.2,-92.7,28.72,22.2,75.0,12.0
954.0,95.0,27.5,-93.2,28.75,22.5,75.0,12.0
953.0,95.0,27.9,-93.6,28.79,22.9,75.0,12.0
952.0,95.0,28.3,-94.0,28.83,23.3,75.0,12.0
966.0,68.0,31.0,-95.2,28.6,11.0,75.0,12.0
974.0,50.0,31.7,-95.3,28.67,11.7,75.0,12.0
977.0,42.0,32.6,-95.1,28.76,12.600000000000001,75.0,12.0
980.0,35.0,33.5,-94.9,28.85,13.5,75.0,12.0
987.0,40.0,37.6,-91.0,28.76,17.6,75.0,12.0
988.0,45.0,39.0,-89.1,28.9,19.0,75.0,12.0
988.0,50.0,40.3,-87.2,28.53,20.299999999999997,75.0,12.0
988.0,50.0,41.8,-84.3,28.68,21.799999999999997,75.0,12.0
986.0,35.0,47.2,-71.1,28.72,12.200000000000003,75.0,12.0
1005.0,35.0,12.8,-23.7,28.78,22.8,75.0,12.0
1005.0,35.0,13.0,-24.2,28.8,23.0,75.0,12.0
1002.0,40.0,13.2,-24.8,28.82,23.2,75.0,12.0
1000.0,45.0,13.3,-25.3,28.83,23.3,75.0,12.0
994.0,55.0,13.6,-27.7,28.86,23.6,75.0,12.0
994.0,55.0,13.7,-28.2,28.87,23.7,75.0,12.0
994.0,55.0,13.8,-28.7,28.88,23.8,75.0,12.0
994.0,55.0,13.8,-29.2,28.88,23.8,75.0,12.0
998.0,48.0,14.2,-31.4,28.92,24.2,75.0,12.0
1000.0,45.0,14.4,-31.9,28.94,24.4,75.0,12.0
1001.0,42.0,14.5,-32.3,28.95,24.5,75.0,12.0
1002.0,40.0,14.6,-32.7,28.96,24.6,75.0,12.0
1002.0,40.0,15.5,-34.2,28.55,10.5,75.0,12.0
1003.0,40.0,15.6,-34.5,28.56,10.6,75.0,12.0
1004.0,38.0,15.7,-34.7,28.57,10.7,75.0,12.0
1004.0,35.0,15.8,-34.9,28.58,10.8,75.0,12.0
1006.0,28.0,16.6,-36.8,28.66,11.600000000000001,75.0,12.0
1007.0,25.0,16.7,-37.3,28.67,11.7,75.0,12.0
1007.0,25.0,16.8,-37.8,28.68,11.8,75.0,12.0
1007.0,25.0,16.8,-38.3,28.68,11.8,75.0,12.0
1007.0,30.0,17.1,-40.5,28.71,12.100000000000001,75.0,12.0
1007.0,30.0,17.1,-40.9,28.71,12.100000000000001,75.0,12.0
1007.0,28.0,17.1,-41.2,28.71,12.100000000000001,75.0,12.0
1007.0,25.0,17.2,-41.6,28.72,12.2,75.0,12.0
1008.0,25.0,17.8,-43.8,28.78,12.8,75.0,12.0
1009.0,25.0,18.0,-44.2,28.8,13.0,75.0,12.0
1010.0,25.0,18.1,-44.9,28.81,13.100000000000001,75.0,12.0
1010.0,25.0,18.1,-45.6,28.81,13.100000000000001,75.0,12.0
1010.0,25.0,16.3,-51.4,28.63,11.3,75.0,12.0
1010.0,25.0,16.3,-52.0,28.63,11.3,75.0,12.0
1010.0,25.0,16.3,-52.5,28.63,11.3,75.0,12.0
1010.0,22.0,16.3,-53.0,28.63,11.3,75.0,12.0
1002.0,40.0,22.4,-68.7,28.74,17.4,75.0,12.0
1002.0,40.0,22.8,-68.6,28.78,17.8,75.0,12.0
1001.0,40.0,23.1,-68.4,28.81,18.1,75.0,12.0
1000.0,42.0,23.6,-68.2,28.86,18.6,75.0,12.0
998.0,50.0,26.0,-68.6,28.6,21.0,75.0,12.0
999.0,50.0,26.4,-68.6,28.64,21.4,75.0,12.0
1000.0,50.0,26.9,-68.6,28.69,21.9,75.0,12.0
999.0,52.0,27.8,-68.6,28.78,22.8,75.0,12.0
996.0,65.0,31.2,-69.5,28.62,11.2,75.0,12.0
996.0,68.0,32.2,-69.6,28.72,12.200000000000003,75.0,12.0
995.0,70.0,33.3,-69.7,28.83,13.299999999999997,75.0,12.0
995.0,70.0,34.3,-69.7,28.93,14.299999999999997,75.0,12.0
989.0,75.0,39.4,-68.2,28.94,19.4,75.0,12.0
986.0,72.0,40.5,-67.5,28.55,20.5,75.0,12.0
984.0,70.0,41.6,-66.7,28.66,21.6,75.0,12.0
984.0,68.0,42.7,-66.5,28.77,22.700000000000003,75.0,12.0
994.0,45.0,47.7,-63.5,28.77,12.700000000000003,75.0,12.0
996.0,42.0,48.0,-63.0,28.8,13.0,75.0,12.0
999.0,40.0,48.2,-62.6,28.82,13.200000000000003,75.0,12.0
1000.0,38.0,48.3,-62.0,28.83,13.299999999999997,75.0,12.0
1005.0,25.0,48.1,-60.8,28.81,13.100000000000001,75.0,12.0
1010.0,48.0,37.5,-35.2,28.75,17.5,75.0,12.0
1009.0,50.0,37.0,-35.5,28.7,17.0,75.0,12.0
1008.0,52.0,36.8,-35.8,28.68,16.799999999999997,75.0,12.0
1007.0,55.0,36.5,-36.0,28.65,16.5,75.0,12.0
995.0,68.0,37.5,-37.6,28.75,17.5,75.0,12.0
992.0,70.0,37.5,-38.0,28.75,17.5,75.0,12.0
992.0,70.0,37.5,-38.5,28.75,17.5,75.0,12.0
992.0,70.0,37.4,-39.0,28.74,17.4,75.0,12.0
994.0,52.0,37.1,-41.9,28.71,17.1,75.0,12.0
995.0,50.0,37.0,-42.5,28.7,17.0,75.0,12.0
995.0,50.0,36.9,-43.3,28.69,16.9,75.0,12.0
995.0,50.0,36.8,-44.1,28.68,16.799999999999997,75.0,12.0
995.0,50.0,37.2,-47.7,28.72,17.200000000000003,75.0,12.0
995.0,50.0,37.5,-48.0,28.75,17.5,75.0,12.0
995.0,50.0,37.8,-48.2,28.78,17.799999999999997,75.0,12.0
996.0,50.0,38.2,-48.4,28.82,18.200000000000003,75.0,12.0
996.0,50.0,40.6,-48.9,28.56,20.6,75.0,12.0
995.0,50.0,41.2,-48.8,28.62,21.200000000000003,75.0,12.0
994.0,50.0,41.7,-48.8,28.67,21.700000000000003,75.0,12.0
995.0,40.0,45.7,-46.9,28.57,10.700000000000003,75.0,12.0
995.0,40.0,46.6,-46.6,28.66,11.600000000000001,75.0,12.0
995.0,40.0,47.5,-46.3,28.75,12.5,75.0,12.0
1000.0,45.0,19.1,-94.1,28.91,14.100000000000001,75.0,12.0
999.0,50.0,19.4,-94.5,28.94,14.399999999999999,75.0,12.0
998.0,52.0,19.5,-94.8,28.95,14.5,75.0,12.0
998.0,55.0,19.7,-95.2,28.97,14.7,75.0,12.0
1002.0,42.0,19.9,-96.7,28.99,14.899999999999999,75.0,12.0
1007.0,30.0,19.9,-96.9,28.99,14.899999999999999,75.0,12.0
1006.0,32.0,15.8,-36.9,28.58,10.8,75.0,12.0
1006.0,35.0,16.0,-37.1,28.6,11.0,75.0,12.0
1006.0,35.0,16.2,-37.4,28.62,11.2,75.0,12.0
1005.0,35.0,16.4,-37.7,28.64,11.399999999999999,75.0,12.0
1006.0,32.0,16.7,-39.3,28.67,11.7,75.0,12.0
1006.0,30.0,16.8,-39.6,28.68,11.8,75.0,12.0
1006.0,30.0,17.0,-40.0,28.7,12.0,75.0,12.0
1007.0,30.0,17.2,-40.3,28.72,12.2,75.0,12.0
1008.0,28.0,18.1,-43.4,28.81,13.100000000000001,75.0,12.0
1008.0,25.0,18.3,-44.0,28.83,13.3,75.0,12.0
1008.0,25.0,18.5,-44.5,28.85,13.5,75.0,12.0
1008.0,25.0,18.6,-45.0,28.86,13.600000000000001,75.0,12.0
1011.0,20.0,22.0,-48.0,28.7,17.0,75.0,12.0
1005.0,30.0,15.2,-69.6,28.52,10.2,75.0,12.0
1004.0,30.0,15.0,-69.7,28.5,10.0,75.0,12.0
991.0,50.0,14.2,-69.1,28.92,24.2,75.0,12.0
987.0,55.0,14.1,-68.9,28.91,24.1,75.0,12.0
983.0,60.0,13.9,-68.8,28.89,23.9,75.0,12.0
983.0,62.0,14.0,-68.5,28.9,24.0,75.0,12.0
984.0,75.0,14.9,-67.4,28.99,24.9,75.0,12.0
980.0,78.0,15.2,-67.0,28.52,10.2,75.0,12.0
977.0,80.0,15.6,-66.5,28.56,10.6,75.0,12.0
974.0,88.0,16.1,-65.8,28.61,11.100000000000001,75.0,12.0
975.0,90.0,19.6,-62.1,28.96,14.600000000000001,75.0,12.0
980.0,80.0,20.4,-61.2,28.54,15.399999999999999,75.0,12.0
985.0,70.0,21.1,-60.4,28.61,16.1,75.0,12.0
986.0,68.0,22.0,-59.6,28.7,17.0,75.0,12.0
982.0,75.0,27.9,-55.7,28.79,22.9,75.0,12.0
984.0,70.0,29.0,-55.0,28.9,24.0,75.0,12.0
985.0,65.0,30.1,-54.4,28.51,10.100000000000001,75.0,12.0
996.0,40.0,33.0,-51.3,28.8,13.0,75.0,12.0
999.0,38.0,33.2,-50.9,28.82,13.200000000000003,75.0,12.0
1002.0,35.0,33.5,-50.5,28.85,13.5,75.0,12.0
1011.0,25.0,35.1,-48.3,28.51,15.100000000000001,75.0,12.0
1012.0,25.0,35.4,-47.9,28.54,15.399999999999999,75.0,12.0
1012.0,25.0,35.7,-47.5,28.57,15.700000000000003,75.0,12.0
1015.0,25.0,37.6,-45.3,28.76,17.6,75.0,12.0
1016.0,25.0,37.8,-44.8,28.78,17.799999999999997,75.0,12.0
1016.0,25.0,37.9,-44.3,28.79,17.9,75.0,12.0
1004.0,25.0,15.5,-82.8,28.55,10.5,75.0,12.0
1004.0,25.0,15.7,-83.0,28.57,10.7,75.0,12.0
1005.0,25.0,15.9,-83.2,28.59,10.9,75.0,12.0
1005.0,25.0,15.9,-83.4,28.59,10.9,75.0,12.0
1005.0,25.0,15.9,-84.4,28.59,10.9,75.0,12.0
1006.0,25.0,15.8,-84.7,28.58,10.8,75.0,12.0
1006.0,25.0,15.4,-85.3,28.54,10.4,75.0,12.0
1004.0,25.0,13.7,-81.7,28.87,23.7,75.0,12.0
1000.0,40.0,15.4,-82.0,28.54,10.4,75.0,12.0
997.0,48.0,15.8,-82.0,28.58,10.8,75.0,12.0
990.0,60.0,16.5,-81.8,28.65,11.5,75.0,12.0
979.0,75.0,18.0,-81.6,28.8,13.0,75.0,12.0
977.0,78.0,18.3,-81.5,28.83,13.3,75.0,12.0
970.0,90.0,18.8,-81.2,28.88,13.8,75.0,12.0
944.0,125.0,19.8,-79.6,28.98,14.8,75.0,12.0
948.0,125.0,20.0,-79.2,28.5,15.0,75.0,12.0
960.0,108.0,20.4,-78.4,28.54,15.399999999999999,75.0,12.0
1002.0,35.0,21.3,-77.8,28.63,16.3,75.0,12.0
1003.0,30.0,21.5,-77.8,28.65,16.5,75.0,12.0
1004.0,25.0,21.6,-77.9,28.66,16.6,75.0,12.0
1004.0,25.0,21.7,-77.9,28.67,16.7,75.0,12.0
1007.0,20.0,22.4,-77.7,28.74,17.4,75.0,12.0
1008.0,20.0,22.4,-77.7,28.74,17.4,75.0,12.0
1008.0,20.0,22.5,-77.6,28.75,17.5,75.0,12.0
1008.0,20.0,22.4,-77.5,28.74,17.4,75.0,12.0
1009.0,20.0,21.8,-77.9,28.68,16.8,75.0,12.0
1009.0,20.0,21.6,-78.1,28.66,16.6,75.0,12.0
1009.0,20.0,21.3,-78.3,28.63,16.3,75.0,12.0
1009.0,20.0,21.1,-78.5,28.61,16.1,75.0,12.0
1009.0,20.0,21.0,-80.7,28.6,16.0,75.0,12.0
1009.0,20.0,21.2,-81.2,28.62,16.2,75.0,12.0
1009.0,20.0,21.4,-81.7,28.64,16.4,75.0,12.0
1010.0,20.0,21.8,-82.2,28.68,16.8,75.0,12.0
1010.0,20.0,24.4,-85.1,28.94,19.4,75.0,12.0
1010.0,20.0,25.0,-85.5,28.5,20.0,75.0,12.0
1010.0,20.0,25.9,-85.7,28.59,20.9,75.0,12.0
1008.0,25.0,14.4,-24.4,28.94,24.4,75.0,12.0
1008.0,25.0,14.4,-24.9,28.94,24.4,75.0,12.0
1008.0,25.0,14.4,-25.4,28.94,24.4,75.0,12.0
1008.0,25.0,14.4,-25.8,28.94,24.4,75.0,12.0
1006.0,25.0,14.4,-28.4,28.94,24.4,75.0,12.0
1006.0,25.0,14.5,-29.0,28.95,24.5,75.0,12.0
1006.0,25.0,14.6,-29.5,28.96,24.6,75.0,12.0
1006.0,25.0,14.6,-30.0,28.96,24.6,75.0,12.0
1005.0,30.0,11.8,-24.0,28.68,21.8,75.0,12.0
997.0,50.0,11.8,-27.4,28.68,21.8,75.0,12.0
994.0,55.0,11.8,-28.0,28.68,21.8,75.0,12.0
992.0,58.0,11.9,-28.6,28.69,21.9,75.0,12.0
990.0,60.0,11.9,-29.2,28.69,21.9,75.0,12.0
1010.0,22.0,15.1,-29.6,28.51,10.1,75.0,12.0
1009.0,25.0,15.4,-30.1,28.54,10.4,75.0,12.0
1008.0,28.0,15.8,-30.6,28.58,10.8,75.0,12.0
1008.0,30.0,16.1,-31.1,28.61,11.100000000000001,75.0,12.0
1008.0,30.0,17.5,-33.8,28.75,12.5,75.0,12.0
1008.0,30.0,17.8,-34.3,28.78,12.8,75.0,12.0
1008.0,28.0,18.2,-34.8,28.82,13.2,75.0,12.0
1008.0,25.0,18.6,-35.2,28.86,13.600000000000001,75.0,12.0
995.0,55.0,46.0,-43.2,28.6,11.0,75.0,12.0
992.0,45.0,44.4,-41.1,28.94,24.4,75.0,12.0
992.0,45.0,44.0,-40.3,28.9,24.0,75.0,12.0
993.0,42.0,43.9,-39.5,28.89,23.9,75.0,12.0
994.0,40.0,43.8,-38.7,28.88,23.799999999999997,75.0,12.0
999.0,35.0,43.1,-35.5,28.81,23.1,75.0,12.0
1000.0,35.0,42.9,-35.3,28.79,22.9,75.0,12.0
1000.0,35.0,42.6,-35.2,28.76,22.6,75.0,12.0
999.0,35.0,42.3,-35.2,28.73,22.299999999999997,75.0,12.0
996.0,38.0,39.5,-35.0,28.95,19.5,75.0,12.0
996.0,40.0,38.7,-34.6,28.87,18.700000000000003,75.0,12.0
996.0,40.0,38.0,-33.9,28.8,18.0,75.0,12.0
995.0,40.0,37.4,-33.2,28.74,17.4,75.0,12.0
996.0,40.0,37.2,-29.2,28.72,17.200000000000003,75.0,12.0
996.0,40.0,37.7,-28.7,28.77,17.700000000000003,75.0,12.0
996.0,40.0,38.2,-28.6,28.82,18.200000000000003,75.0,12.0
996.0,40.0,38.6,-28.5,28.86,18.6,75.0,12.0
997.0,35.0,40.0,-29.7,28.5,20.0,75.0,12.0
997.0,35.0,40.2,-30.0,28.52,20.200000000000003,75.0,12.0
996.0,38.0,40.5,-30.2,28.55,20.5,75.0,12.0
996.0,40.0,40.9,-30.4,28.59,20.9,75.0,12.0
996.0,35.0,41.1,-32.2,28.61,21.1,75.0,12.0
996.0,35.0,40.8,-32.5,28.58,20.799999999999997,75.0,12.0
996.0,38.0,40.3,-32.4,28.53,20.299999999999997,75.0,12.0
995.0,40.0,39.9,-32.3,28.99,19.9,75.0,12.0
992.0,42.0,38.4,-28.1,28.84,18.4,75.0,12.0
992.0,45.0,38.3,-26.8,28.83,18.299999999999997,75.0,12.0
992.0,48.0,38.5,-25.4,28.85,18.5,75.0,12.0
991.0,50.0,38.8,-23.9,28.88,18.799999999999997,75.0,12.0
988.0,55.0,43.1,-18.1,28.81,23.1,75.0,12.0
987.0,55.0,44.3,-17.1,28.93,24.299999999999997,75.0,12.0
986.0,52.0,45.5,-16.3,28.55,10.5,75.0,12.0
986.0,50.0,46.6,-15.5,28.66,11.600000000000001,75.0,12.0
1007.0,35.0,17.0,-51.9,28.7,12.0,75.0,12.0
1007.0,35.0,17.3,-52.6,28.73,12.3,75.0,12.0
1007.0,35.0,17.6,-53.4,28.76,12.600000000000001,75.0,12.0
1006.0,45.0,18.7,-56.8,28.87,13.7,75.0,12.0
1006.0,42.0,18.9,-57.3,28.89,13.899999999999999,75.0,12.0
1007.0,40.0,19.0,-57.9,28.9,14.0,75.0,12.0
990.0,40.0,45.5,-25.1,28.55,10.5,75.0,12.0
991.0,40.0,46.2,-24.0,28.62,11.200000000000003,75.0,12.0
992.0,40.0,47.0,-23.0,28.7,12.0,75.0,12.0
992.0,40.0,47.9,-22.0,28.79,12.899999999999999,75.0,12.0
1008.0,28.0,13.0,-21.8,28.8,23.0,75.0,12.0
1008.0,30.0,13.2,-22.6,28.82,23.2,75.0,12.0
1008.0,30.0,13.4,-23.5,28.84,23.4,75.0,12.0
1008.0,30.0,13.6,-24.3,28.86,23.6,75.0,12.0
1006.0,32.0,14.2,-28.8,28.92,24.2,75.0,12.0
1006.0,35.0,14.3,-29.7,28.93,24.3,75.0,12.0
1006.0,35.0,13.9,-23.0,28.89,23.9,75.0,12.0
1005.0,40.0,13.8,-23.3,28.88,23.8,75.0,12.0
1005.0,40.0,13.8,-23.5,28.88,23.8,75.0,12.0
1005.0,40.0,13.8,-23.7,28.88,23.8,75.0,12.0
1006.0,32.0,14.1,-25.1,28.91,24.1,75.0,12.0
1006.0,30.0,14.2,-25.5,28.92,24.2,75.0,12.0
1006.0,30.0,14.4,-25.9,28.94,24.4,75.0,12.0
1006.0,30.0,14.7,-26.4,28.97,24.7,75.0,12.0
1004.0,32.0,16.1,-29.5,28.61,11.100000000000001,75.0,12.0
1004.0,35.0,16.3,-30.4,28.63,11.3,75.0,12.0
1006.0,30.0,12.9,-20.9,28.79,22.9,75.0,12.0
1006.0,30.0,13.0,-21.3,28.8,23.0,75.0,12.0
1006.0,32.0,13.1,-21.7,28.81,23.1,75.0,12.0
1005.0,35.0,13.1,-22.1,28.81,23.1,75.0,12.0
1004.0,40.0,14.2,-24.8,28.92,24.2,75.0,12.0
1004.0,40.0,14.5,-25.4,28.95,24.5,75.0,12.0
1004.0,42.0,14.8,-25.9,28.98,24.8,75.0,12.0
1003.0,45.0,15.0,-26.5,28.5,10.0,75.0,12.0
990.0,65.0,15.8,-28.8,28.58,10.8,75.0,12.0
987.0,70.0,15.9,-29.2,28.59,10.9,75.0,12.0
979.0,80.0,16.1,-29.9,28.61,11.100000000000001,75.0,12.0
1003.0,35.0,17.3,-30.4,28.73,12.3,75.0,12.0
1004.0,32.0,17.4,-30.2,28.74,12.399999999999999,75.0,12.0
1005.0,30.0,17.4,-30.0,28.74,12.399999999999999,75.0,12.0
1004.0,32.0,17.5,-29.1,28.75,12.5,75.0,12.0
1004.0,35.0,17.5,-28.8,28.75,12.5,75.0,12.0
1004.0,35.0,17.6,-28.6,28.76,12.600000000000001,75.0,12.0
1003.0,35.0,17.6,-28.3,28.76,12.600000000000001,75.0,12.0
1000.0,45.0,18.6,-27.6,28.86,13.600000000000001,75.0,12.0
998.0,50.0,19.0,-27.6,28.9,14.0,75.0,12.0
996.0,55.0,19.4,-27.6,28.94,14.399999999999999,75.0,12.0
993.0,60.0,19.7,-27.7,28.97,14.7,75.0,12.0
988.0,65.0,21.8,-28.1,28.68,16.8,75.0,12.0
990.0,60.0,22.3,-28.3,28.73,17.3,75.0,12.0
993.0,55.0,22.8,-28.5,28.78,17.8,75.0,12.0
996.0,50.0,23.2,-28.6,28.82,18.2,75.0,12.0
1005.0,32.0,25.1,-28.9,28.51,20.1,75.0,12.0
1010.0,30.0,27.1,-30.4,28.71,22.1,75.0,12.0
996.0,42.0,42.5,-29.5,28.75,22.5,75.0,12.0
998.0,40.0,43.1,-28.1,28.81,23.1,75.0,12.0
998.0,40.0,43.3,-27.2,28.83,23.299999999999997,75.0,12.0
998.0,40.0,43.5,-26.3,28.85,23.5,75.0,12.0
1004.0,35.0,41.9,-24.3,28.69,21.9,75.0,12.0
1004.0,35.0,41.4,-24.0,28.64,21.4,75.0,12.0
1005.0,35.0,40.8,-23.8,28.58,20.799999999999997,75.0,12.0
1006.0,35.0,40.3,-23.5,28.53,20.299999999999997,75.0,12.0
1004.0,35.0,38.0,-22.6,28.8,18.0,75.0,12.0
1004.0,35.0,37.6,-22.6,28.76,17.6,75.0,12.0
1004.0,35.0,37.2,-22.5,28.72,17.200000000000003,75.0,12.0
1004.0,35.0,36.7,-22.4,28.67,16.700000000000003,75.0,12.0
1005.0,30.0,34.7,-21.7,28.97,14.700000000000003,75.0,12.0
1005.0,30.0,34.4,-21.4,28.94,14.399999999999999,75.0,12.0
1005.0,30.0,34.2,-21.0,28.92,14.200000000000003,75.0,12.0
1005.0,30.0,34.0,-20.6,28.9,14.0,75.0,12.0
1006.0,30.0,33.5,-18.9,28.85,13.5,75.0,12.0
1006.0,30.0,33.4,-18.5,28.84,13.399999999999999,75.0,12.0
1006.0,30.0,33.3,-18.1,28.83,13.299999999999997,75.0,12.0
1006.0,30.0,33.2,-17.8,28.82,13.200000000000003,75.0,12.0
1006.0,25.0,32.7,-16.2,28.77,12.700000000000003,75.0,12.0
1007.0,25.0,32.6,-15.9,28.76,12.600000000000001,75.0,12.0
1007.0,25.0,32.5,-15.6,28.75,12.5,75.0,12.0
1010.0,22.0,32.0,-14.6,28.7,12.0,75.0,12.0
1010.0,20.0,31.9,-14.6,28.69,11.899999999999999,75.0,12.0
1011.0,20.0,31.8,-14.6,28.68,11.8,75.0,12.0
1010.0,22.0,9.4,-21.0,28.94,19.4,75.0,12.0
1010.0,25.0,9.3,-21.6,28.93,19.3,75.0,12.0
1010.0,25.0,9.3,-22.2,28.93,19.3,75.0,12.0
1009.0,25.0,9.3,-22.9,28.93,19.3,75.0,12.0
1008.0,28.0,9.7,-26.3,28.97,19.7,75.0,12.0
1008.0,30.0,9.9,-27.0,28.99,19.9,75.0,12.0
1008.0,30.0,10.2,-27.6,28.52,20.2,75.0,12.0
1008.0,30.0,10.6,-28.2,28.56,20.6,75.0,12.0
1010.0,22.0,8.8,-19.9,28.88,18.8,75.0,12.0
1010.0,25.0,9.0,-20.6,28.9,19.0,75.0,12.0
1010.0,25.0,9.2,-21.3,28.92,19.2,75.0,12.0
1009.0,25.0,9.5,-22.0,28.95,19.5,75.0,12.0
1006.0,32.0,11.1,-25.4,28.61,21.1,75.0,12.0
1006.0,35.0,11.1,-26.1,28.61,21.1,75.0,12.0
1006.0,35.0,11.1,-26.7,28.61,21.1,75.0,12.0
1006.0,35.0,11.2,-27.3,28.62,21.2,75.0,12.0
1006.0,40.0,12.4,-29.9,28.74,22.4,75.0,12.0
1006.0,40.0,12.7,-30.3,28.77,22.7,75.0,12.0
1010.0,28.0,12.3,-23.8,28.73,22.3,75.0,12.0
1010.0,30.0,12.5,-24.5,28.75,22.5,75.0,12.0
1010.0,30.0,12.8,-25.2,28.78,22.8,75.0,12.0
1009.0,30.0,13.0,-25.9,28.8,23.0,75.0,12.0
1006.0,38.0,14.4,-29.2,28.94,24.4,75.0,12.0
1005.0,40.0,14.7,-29.9,28.97,24.7,75.0,12.0
1009.0,30.0,16.4,-39.0,28.64,11.399999999999999,75.0,12.0
1009.0,30.0,16.4,-39.6,28.64,11.399999999999999,75.0,12.0
1009.0,30.0,16.4,-40.2,28.64,11.399999999999999,75.0,12.0
1009.0,30.0,16.5,-40.9,28.65,11.5,75.0,12.0
973.0,85.0,35.5,-29.6,28.55,15.5,75.0,12.0
977.0,80.0,35.7,-28.5,28.57,15.700000000000003,75.0,12.0
987.0,62.0,37.5,-24.1,28.75,17.5,75.0,12.0
990.0,60.0,37.9,-23.2,28.79,17.9,75.0,12.0
993.0,52.0,38.4,-22.1,28.84,18.4,75.0,12.0
996.0,45.0,38.9,-21.1,28.89,18.9,75.0,12.0
1003.0,35.0,39.9,-17.1,28.99,19.9,75.0,12.0
1004.0,30.0,39.8,-16.6,28.98,19.799999999999997,75.0,12.0
1010.0,20.0,12.9,-27.4,28.79,22.9,75.0,12.0
1010.0,20.0,12.9,-28.5,28.79,22.9,75.0,12.0
1010.0,20.0,13.0,-29.6,28.8,23.0,75.0,12.0
986.0,50.0,36.7,-30.4,28.67,16.700000000000003,75.0,12.0
986.0,50.0,36.5,-30.0,28.65,16.5,75.0,12.0
985.0,52.0,36.4,-29.5,28.64,16.4,75.0,12.0
984.0,55.0,36.2,-29.0,28.62,16.200000000000003,75.0,12.0
984.0,52.0,35.0,-27.4,28.5,15.0,75.0,12.0
984.0,50.0,34.6,-27.3,28.96,14.600000000000001,75.0,12.0
984.0,50.0,34.1,-27.2,28.91,14.100000000000001,75.0,12.0
984.0,50.0,33.6,-27.2,28.86,13.600000000000001,75.0,12.0
986.0,45.0,31.4,-26.5,28.64,11.399999999999999,75.0,12.0
987.0,45.0,31.0,-26.4,28.6,11.0,75.0,12.0
987.0,45.0,30.8,-26.3,28.58,10.8,75.0,12.0
987.0,45.0,30.5,-26.2,28.55,10.5,75.0,12.0
987.0,50.0,30.5,-25.5,28.55,10.5,75.0,12.0
987.0,50.0,30.6,-25.4,28.56,10.600000000000001,75.0,12.0
988.0,50.0,30.8,-25.6,28.58,10.8,75.0,12.0
988.0,50.0,30.9,-25.8,28.59,10.899999999999999,75.0,12.0
994.0,45.0,31.4,-27.0,28.64,11.399999999999999,75.0,12.0
995.0,45.0,31.5,-27.4,28.65,11.5,75.0,12.0
996.0,45.0,31.6,-27.8,28.66,11.600000000000001,75.0,12.0
996.0,45.0,31.8,-28.1,28.68,11.8,75.0,12.0
996.0,40.0,32.0,-29.7,28.7,12.0,75.0,12.0
997.0,40.0,32.0,-29.9,28.7,12.0,75.0,12.0
997.0,40.0,31.9,-30.0,28.69,11.899999999999999,75.0,12.0
997.0,40.0,31.7,-30.1,28.67,11.7,75.0,12.0
996.0,42.0,30.9,-30.4,28.59,10.899999999999999,75.0,12.0
995.0,45.0,30.7,-30.5,28.57,10.7,75.0,12.0
994.0,48.0,30.4,-30.6,28.54,10.399999999999999,75.0,12.0
993.0,50.0,30.2,-30.7,28.52,10.2,75.0,12.0
993.0,50.0,28.9,-31.6,28.89,23.9,75.0,12.0
993.0,50.0,28.7,-31.9,28.87,23.7,75.0,12.0
993.0,52.0,28.6,-32.2,28.86,23.6,75.0,12.0
993.0,55.0,28.5,-32.5,28.85,23.5,75.0,12.0
990.0,62.0,28.9,-34.1,28.89,23.9,75.0,12.0
988.0,65.0,29.2,-34.4,28.92,24.2,75.0,12.0
988.0,65.0,29.4,-34.6,28.94,24.4,75.0,12.0
988.0,65.0,29.7,-34.8,28.97,24.7,75.0,12.0
988.0,65.0,32.0,-35.9,28.7,12.0,75.0,12.0
988.0,65.0,32.6,-36.1,28.76,12.600000000000001,75.0,12.0
987.0,68.0,33.2,-36.4,28.82,13.200000000000003,75.0,12.0
986.0,70.0,33.8,-36.6,28.88,13.799999999999997,75.0,12.0
980.0,78.0,36.4,-38.0,28.64,16.4,75.0,12.0
978.0,80.0,36.8,-38.3,28.68,16.799999999999997,75.0,12.0
978.0,80.0,37.0,-38.6,28.7,17.0,75.0,12.0
978.0,80.0,37.2,-38.9,28.72,17.200000000000003,75.0,12.0
990.0,62.0,36.1,-39.4,28.61,16.1,75.0,12.0
991.0,60.0,35.9,-39.4,28.59,15.899999999999999,75.0,12.0
993.0,58.0,35.6,-39.4,28.56,15.600000000000001,75.0,12.0
995.0,55.0,35.4,-39.4,28.54,15.399999999999999,75.0,12.0
995.0,55.0,34.4,-38.2,28.94,14.399999999999999,75.0,12.0
995.0,55.0,34.3,-37.9,28.93,14.299999999999997,75.0,12.0
995.0,55.0,34.3,-37.5,28.93,14.299999999999997,75.0,12.0
995.0,55.0,34.3,-37.1,28.93,14.299999999999997,75.0,12.0
1000.0,45.0,34.8,-34.6,28.98,14.799999999999997,75.0,12.0
1000.0,45.0,34.9,-34.0,28.99,14.899999999999999,75.0,12.0
1000.0,42.0,35.1,-33.2,28.51,15.100000000000001,75.0,12.0
1000.0,40.0,35.4,-32.5,28.54,15.399999999999999,75.0,12.0
1008.0,25.0,12.4,-38.0,28.74,22.4,75.0,12.0
1008.0,25.0,13.0,-38.4,28.8,23.0,75.0,12.0
1008.0,25.0,13.6,-38.7,28.86,23.6,75.0,12.0
1006.0,30.0,16.9,-40.9,28.69,11.899999999999999,75.0,12.0
1006.0,30.0,17.4,-41.2,28.74,12.399999999999999,75.0,12.0
1006.0,32.0,17.8,-41.5,28.78,12.8,75.0,12.0
1005.0,35.0,18.2,-41.8,28.82,13.2,75.0,12.0
1000.0,42.0,19.9,-42.1,28.99,14.899999999999999,75.0,12.0
998.0,45.0,20.2,-42.0,28.52,15.2,75.0,12.0
997.0,45.0,20.6,-41.8,28.56,15.600000000000001,75.0,12.0
996.0,45.0,21.0,-41.5,28.6,16.0,75.0,12.0
994.0,45.0,23.1,-38.6,28.81,18.1,75.0,12.0
994.0,45.0,23.5,-37.8,28.85,18.5,75.0,12.0
987.0,40.0,41.9,-28.3,28.69,21.9,75.0,12.0
988.0,40.0,41.0,-27.6,28.6,21.0,75.0,12.0
989.0,40.0,40.0,-27.0,28.5,20.0,75.0,12.0
992.0,40.0,39.6,-24.1,28.96,19.6,75.0,12.0
992.0,40.0,39.8,-23.6,28.98,19.799999999999997,75.0,12.0
992.0,40.0,40.1,-22.9,28.51,20.1,75.0,12.0
995.0,35.0,41.9,-18.1,28.69,21.9,75.0,12.0
995.0,30.0,42.1,-17.5,28.71,22.1,75.0,12.0
995.0,30.0,42.0,-16.8,28.7,22.0,75.0,12.0
996.0,30.0,41.1,-12.7,28.61,21.1,75.0,12.0
996.0,30.0,41.0,-12.0,28.6,21.0,75.0,12.0
996.0,30.0,41.0,-11.6,28.6,21.0,75.0,12.0
1000.0,28.0,40.1,-8.3,28.51,20.1,75.0,12.0
1002.0,25.0,40.0,-7.5,28.5,20.0,75.0,12.0
1005.0,28.0,31.0,-29.6,28.6,11.0,75.0,12.0
1006.0,25.0,30.9,-28.6,28.59,10.899999999999999,75.0,12.0
1009.0,25.0,11.3,-20.0,28.63,21.3,75.0,12.0
1009.0,25.0,11.8,-22.3,28.68,21.8,75.0,12.0
1009.0,25.0,12.0,-22.8,28.7,22.0,75.0,12.0
1008.0,25.0,12.2,-23.4,28.72,22.2,75.0,12.0
1008.0,25.0,12.4,-23.9,28.74,22.4,75.0,12.0
1006.0,38.0,13.7,-28.1,28.87,23.7,75.0,12.0
1005.0,40.0,13.9,-29.0,28.89,23.9,75.0,12.0
1004.0,42.0,14.2,-29.9,28.92,24.2,75.0,12.0
1007.0,35.0,14.2,-25.2,28.92,24.2,75.0,12.0
1007.0,35.0,14.3,-25.9,28.93,24.3,75.0,12.0
1007.0,35.0,14.5,-26.5,28.95,24.5,75.0,12.0
1007.0,35.0,14.7,-27.2,28.97,24.7,75.0,12.0
1009.0,25.0,13.0,-18.9,28.8,23.0,75.0,12.0
1009.0,25.0,13.0,-19.3,28.8,23.0,75.0,12.0
1008.0,25.0,13.0,-19.8,28.8,23.0,75.0,12.0
1008.0,25.0,13.0,-20.3,28.8,23.0,75.0,12.0
1006.0,38.0,13.4,-23.0,28.84,23.4,75.0,12.0
1005.0,40.0,13.5,-23.6,28.85,23.5,75.0,12.0
1004.0,42.0,13.6,-24.1,28.86,23.6,75.0,12.0
1004.0,45.0,13.7,-24.6,28.87,23.7,75.0,12.0
1000.0,55.0,14.2,-26.9,28.92,24.2,75.0,12.0
1000.0,55.0,14.3,-27.3,28.93,24.3,75.0,12.0
1000.0,55.0,14.5,-27.6,28.95,24.5,75.0,12.0
999.0,55.0,14.7,-27.9,28.97,24.7,75.0,12.0
990.0,65.0,15.9,-28.8,28.59,10.9,75.0,12.0
987.0,70.0,16.3,-28.9,28.63,11.3,75.0,12.0
983.0,75.0,16.9,-28.9,28.69,11.899999999999999,75.0,12.0
979.0,80.0,17.4,-28.9,28.74,12.399999999999999,75.0,12.0
980.0,78.0,20.5,-28.9,28.55,15.5,75.0,12.0
980.0,75.0,21.2,-28.9,28.62,16.2,75.0,12.0
980.0,75.0,21.8,-29.0,28.68,16.8,75.0,12.0
980.0,75.0,22.3,-29.1,28.73,17.3,75.0,12.0
987.0,58.0,24.3,-30.4,28.93,19.3,75.0,12.0
1008.0,40.0,36.3,-30.2,28.63,16.299999999999997,75.0,12.0
1008.0,40.0,36.7,-29.8,28.67,16.700000000000003,75.0,12.0
990.0,42.0,41.6,-26.1,28.66,21.6,75.0,12.0
992.0,40.0,41.6,-24.7,28.66,21.6,75.0,12.0
994.0,40.0,41.5,-23.4,28.65,21.5,75.0,12.0
995.0,50.0,32.2,-28.5,28.72,12.200000000000003,75.0,12.0
995.0,50.0,32.0,-28.2,28.7,12.0,75.0,12.0
995.0,50.0,31.9,-27.9,28.69,11.899999999999999,75.0,12.0
998.0,45.0,33.2,-27.5,28.82,13.200000000000003,75.0,12.0
998.0,45.0,33.5,-27.7,28.85,13.5,75.0,12.0
998.0,42.0,33.6,-27.8,28.86,13.600000000000001,75.0,12.0
999.0,40.0,34.2,-27.0,28.92,14.200000000000003,75.0,12.0
999.0,40.0,34.5,-26.9,28.95,14.5,75.0,12.0
999.0,40.0,34.8,-26.9,28.98,14.799999999999997,75.0,12.0
1003.0,30.0,37.1,-27.8,28.71,17.1,75.0,12.0
1012.0,20.0,9.0,-29.0,28.9,19.0,75.0,12.0
1012.0,20.0,9.2,-29.9,28.92,19.2,75.0,12.0
1003.0,35.0,47.3,-18.5,28.73,12.299999999999997,75.0,12.0
1003.0,35.0,47.5,-15.0,28.75,12.5,75.0,12.0
1014.0,25.0,36.1,-30.2,28.61,16.1,75.0,12.0
1014.0,25.0,35.6,-30.2,28.56,15.600000000000001,75.0,12.0
1014.0,25.0,35.1,-30.2,28.51,15.100000000000001,75.0,12.0
1004.0,40.0,12.6,-18.9,28.76,22.6,75.0,12.0
1004.0,45.0,13.1,-19.5,28.81,23.1,75.0,12.0
1001.0,50.0,13.6,-20.1,28.86,23.6,75.0,12.0
998.0,55.0,14.0,-20.7,28.9,24.0,75.0,12.0
988.0,72.0,15.7,-22.9,28.57,10.7,75.0,12.0
986.0,75.0,16.1,-23.3,28.61,11.100000000000001,75.0,12.0
987.0,72.0,16.5,-23.7,28.65,11.5,75.0,12.0
988.0,70.0,16.8,-24.1,28.68,11.8,75.0,12.0
997.0,55.0,18.0,-26.2,28.8,13.0,75.0,12.0
1000.0,50.0,18.2,-26.7,28.82,13.2,75.0,12.0
1002.0,48.0,18.4,-27.1,28.84,13.399999999999999,75.0,12.0
1003.0,45.0,18.7,-27.6,28.87,13.7,75.0,12.0
1004.0,40.0,19.5,-30.1,28.95,14.5,75.0,12.0
1009.0,28.0,12.1,-23.8,28.71,22.1,75.0,12.0
1008.0,30.0,12.2,-24.4,28.72,22.2,75.0,12.0
1008.0,32.0,12.2,-25.0,28.72,22.2,75.0,12.0
1007.0,35.0,12.3,-25.7,28.73,22.3,75.0,12.0
1001.0,48.0,12.6,-28.6,28.76,22.6,75.0,12.0
1000.0,50.0,12.7,-29.2,28.77,22.7,75.0,12.0
1001.0,48.0,12.8,-29.9,28.78,22.8,75.0,12.0
1010.0,25.0,9.4,-24.2,28.94,19.4,75.0,12.0
1010.0,25.0,9.6,-24.9,28.96,19.6,75.0,12.0
1010.0,25.0,9.7,-25.5,28.97,19.7,75.0,12.0
1010.0,25.0,10.6,-28.1,28.56,20.6,75.0,12.0
1010.0,25.0,10.7,-28.6,28.57,20.7,75.0,12.0
1010.0,25.0,10.8,-29.1,28.58,20.8,75.0,12.0
1009.0,25.0,11.0,-29.6,28.6,21.0,75.0,12.0
982.0,45.0,43.2,-29.1,28.82,23.200000000000003,75.0,12.0
984.0,45.0,43.5,-27.3,28.85,23.5,75.0,12.0
988.0,45.0,44.2,-20.9,28.92,24.200000000000003,75.0,12.0
988.0,45.0,44.2,-19.9,28.92,24.200000000000003,75.0,12.0
988.0,42.0,44.2,-19.0,28.92,24.200000000000003,75.0,12.0
989.0,40.0,44.1,-18.2,28.91,24.1,75.0,12.0
994.0,35.0,43.2,-14.4,28.82,23.200000000000003,75.0,12.0
996.0,35.0,43.1,-13.9,28.81,23.1,75.0,12.0
997.0,32.0,43.0,-13.4,28.8,23.0,75.0,12.0
1000.0,32.0,42.0,-11.1,28.7,22.0,75.0,12.0
1001.0,35.0,41.8,-10.8,28.68,21.799999999999997,75.0,12.0
1001.0,35.0,41.5,-10.7,28.65,21.5,75.0,12.0
1002.0,35.0,39.6,-9.4,28.96,19.6,75.0,12.0
1003.0,35.0,39.5,-9.1,28.95,19.5,75.0,12.0
1004.0,32.0,39.3,-8.9,28.93,19.299999999999997,75.0,12.0
1010.0,20.0,37.6,-9.1,28.76,17.6,75.0,12.0
1010.0,20.0,37.3,-9.2,28.73,17.299999999999997,75.0,12.0
1010.0,20.0,37.0,-9.1,28.7,17.0,75.0,12.0
1011.0,20.0,35.3,-8.6,28.53,15.299999999999997,75.0,12.0
1011.0,20.0,35.1,-8.4,28.51,15.100000000000001,75.0,12.0
1012.0,18.0,35.0,-8.2,28.5,15.0,75.0,12.0
981.0,75.0,30.8,-28.7,28.58,10.8,75.0,12.0
981.0,75.0,31.6,-28.4,28.66,11.600000000000001,75.0,12.0
981.0,75.0,32.5,-28.0,28.75,12.5,75.0,12.0
986.0,55.0,38.0,-27.0,28.8,18.0,75.0,12.0
986.0,55.0,39.8,-27.4,28.98,19.799999999999997,75.0,12.0
1018.0,25.0,30.4,-30.2,28.54,10.399999999999999,75.0,12.0
1019.0,25.0,30.5,-29.9,28.55,10.5,75.0,12.0
1020.0,25.0,30.6,-29.5,28.56,10.600000000000001,75.0,12.0
1009.0,20.0,11.0,-19.4,28.6,21.0,75.0,12.0
1009.0,20.0,11.0,-20.3,28.6,21.0,75.0,12.0
1009.0,20.0,11.0,-21.2,28.6,21.0,75.0,12.0
1008.0,28.0,11.3,-25.6,28.63,21.3,75.0,12.0
1008.0,30.0,11.5,-26.5,28.65,21.5,75.0,12.0
1008.0,32.0,11.8,-27.4,28.68,21.8,75.0,12.0
1007.0,35.0,12.0,-28.2,28.7,22.0,75.0,12.0
1008.0,28.0,40.5,-27.0,28.55,20.5,75.0,12.0
1008.0,25.0,40.9,-26.1,28.59,20.9,75.0,12.0
1010.0,20.0,13.1,-19.0,28.81,23.1,75.0,12.0
1010.0,22.0,13.8,-19.8,28.88,23.8,75.0,12.0
1010.0,25.0,14.1,-20.0,28.91,24.1,75.0,12.0
1010.0,25.0,14.4,-20.4,28.94,24.4,75.0,12.0
1009.0,25.0,14.8,-20.8,28.98,24.8,75.0,12.0
1009.0,28.0,16.5,-23.9,28.65,11.5,75.0,12.0
1009.0,30.0,16.8,-24.5,28.68,11.8,75.0,12.0
1009.0,30.0,17.0,-25.1,28.7,12.0,75.0,12.0
1009.0,30.0,17.2,-25.8,28.72,12.2,75.0,12.0
1008.0,35.0,17.6,-29.2,28.76,12.600000000000001,75.0,12.0
1007.0,35.0,17.6,-29.8,28.76,12.600000000000001,75.0,12.0
1006.0,35.0,17.6,-30.3,28.76,12.600000000000001,75.0,12.0
1008.0,28.0,13.3,-27.0,28.83,23.3,75.0,12.0
1007.0,30.0,13.4,-27.3,28.84,23.4,75.0,12.0
1007.0,30.0,13.5,-27.6,28.85,23.5,75.0,12.0
1007.0,30.0,13.6,-27.8,28.86,23.6,75.0,12.0
1006.0,32.0,14.8,-29.6,28.98,24.8,75.0,12.0
1006.0,35.0,15.1,-30.0,28.51,10.1,75.0,12.0
1005.0,38.0,15.6,-30.4,28.56,10.6,75.0,12.0
1007.0,25.0,9.6,-102.2,28.96,19.6,75.0,12.0
1006.0,28.0,9.6,-102.7,28.96,19.6,75.0,12.0
1006.0,30.0,9.6,-103.1,28.96,19.6,75.0,12.0
998.0,48.0,9.7,-105.5,28.97,19.7,75.0,12.0
997.0,50.0,9.7,-106.1,28.97,19.7,75.0,12.0
997.0,50.0,9.7,-106.7,28.97,19.7,75.0,12.0
997.0,50.0,9.7,-107.3,28.97,19.7,75.0,12.0
1000.0,45.0,10.2,-111.1,28.52,20.2,75.0,12.0
1000.0,45.0,10.4,-111.9,28.54,20.4,75.0,12.0
1000.0,45.0,10.4,-112.7,28.54,20.4,75.0,12.0
1000.0,45.0,10.5,-113.5,28.55,20.5,75.0,12.0
998.0,48.0,11.3,-117.9,28.63,21.3,75.0,12.0
1000.0,45.0,11.5,-118.8,28.65,21.5,75.0,12.0
1000.0,45.0,11.7,-119.8,28.67,21.7,75.0,12.0
1000.0,45.0,11.8,-120.7,28.68,21.8,75.0,12.0
1000.0,45.0,12.7,-125.0,28.77,22.7,75.0,12.0
1000.0,45.0,12.9,-125.9,28.79,22.9,75.0,12.0
1000.0,45.0,13.2,-126.8,28.82,23.2,75.0,12.0
1000.0,45.0,13.4,-127.6,28.84,23.4,75.0,12.0
1001.0,42.0,14.2,-131.2,28.92,24.2,75.0,12.0
1002.0,40.0,14.4,-131.8,28.94,24.4,75.0,12.0
1004.0,38.0,14.5,-132.5,28.95,24.5,75.0,12.0
1005.0,35.0,14.6,-133.2,28.96,24.6,75.0,12.0
1006.0,32.0,14.6,-133.9,28.96,24.6,75.0,12.0
1009.0,25.0,14.2,-137.0,28.92,24.2,75.0,12.0
1009.0,25.0,14.1,-137.8,28.91,24.1,75.0,12.0
1009.0,25.0,14.1,-138.5,28.91,24.1,75.0,12.0
1009.0,25.0,14.1,-139.2,28.91,24.1,75.0,12.0
1010.0,22.0,14.2,-139.8,28.92,24.2,75.0,12.0
1007.0,25.0,15.9,-103.2,28.59,10.9,75.0,12.0
1003.0,33.0,16.4,-103.5,28.64,11.399999999999999,75.0,12.0
1001.0,35.0,16.5,-103.5,28.65,11.5,75.0,12.0
1001.0,40.0,16.6,-103.6,28.66,11.600000000000001,75.0,12.0
1000.0,45.0,16.6,-103.6,28.66,11.600000000000001,75.0,12.0
999.0,48.0,16.7,-104.2,28.67,11.7,75.0,12.0
997.0,50.0,16.7,-104.3,28.67,11.7,75.0,12.0
998.0,48.0,16.6,-104.4,28.66,11.600000000000001,75.0,12.0
998.0,45.0,16.6,-104.5,28.66,11.600000000000001,75.0,12.0
1000.0,45.0,16.3,-104.8,28.63,11.3,75.0,12.0
1000.0,45.0,16.1,-104.9,28.61,11.100000000000001,75.0,12.0
1001.0,43.0,16.0,-105.0,28.6,11.0,75.0,12.0
1002.0,40.0,15.9,-105.1,28.59,10.9,75.0,12.0
1005.0,33.0,15.6,-105.8,28.56,10.6,75.0,12.0
1006.0,30.0,15.5,-106.0,28.55,10.5,75.0,12.0
1006.0,28.0,15.4,-106.2,28.54,10.4,75.0,12.0
1006.0,25.0,15.3,-106.3,28.53,10.3,75.0,12.0
1008.0,25.0,15.5,-106.1,28.55,10.5,75.0,12.0
1008.0,25.0,15.5,-106.0,28.55,10.5,75.0,12.0
1009.0,25.0,15.6,-105.8,28.56,10.6,75.0,12.0
1009.0,25.0,15.6,-105.7,28.56,10.6,75.0,12.0
1009.0,20.0,15.9,-104.7,28.59,10.9,75.0,12.0
1009.0,20.0,15.9,-104.5,28.59,10.9,75.0,12.0
1009.0,20.0,15.9,-104.3,28.59,10.9,75.0,12.0
1009.0,20.0,16.0,-104.1,28.6,11.0,75.0,12.0
1009.0,20.0,16.3,-103.8,28.63,11.3,75.0,12.0
1009.0,20.0,16.4,-103.7,28.64,11.399999999999999,75.0,12.0
1009.0,20.0,16.5,-103.7,28.65,11.5,75.0,12.0
1009.0,20.0,16.6,-103.6,28.66,11.600000000000001,75.0,12.0
1007.0,25.0,13.9,-97.2,28.89,23.9,75.0,12.0
1001.0,40.0,14.9,-97.5,28.99,24.9,75.0,12.0
998.0,45.0,15.0,-97.3,28.5,10.0,75.0,12.0
997.0,50.0,15.4,-97.4,28.54,10.4,75.0,12.0
996.0,55.0,15.7,-97.6,28.57,10.7,75.0,12.0
1003.0,28.0,16.6,-98.9,28.66,11.600000000000001,75.0,12.0
1005.0,25.0,16.7,-99.3,28.67,11.7,75.0,12.0
1007.0,25.0,16.6,-99.6,28.66,11.600000000000001,75.0,12.0
1008.0,25.0,16.6,-99.9,28.66,11.600000000000001,75.0,12.0
1008.0,25.0,15.9,-101.5,28.59,10.9,75.0,12.0
1008.0,25.0,15.7,-101.8,28.57,10.7,75.0,12.0
1006.0,35.0,15.1,-117.5,28.51,10.1,75.0,12.0
1006.0,35.0,15.5,-117.9,28.55,10.5,75.0,12.0
1006.0,33.0,15.8,-118.3,28.58,10.8,75.0,12.0
1006.0,30.0,16.0,-118.6,28.6,11.0,75.0,12.0
1007.0,25.0,17.1,-120.7,28.71,12.100000000000001,75.0,12.0
1007.0,25.0,17.3,-121.1,28.73,12.3,75.0,12.0
1007.0,25.0,17.5,-121.6,28.75,12.5,75.0,12.0
1007.0,25.0,17.6,-122.0,28.76,12.600000000000001,75.0,12.0
1010.0,20.0,18.4,-124.8,28.84,13.399999999999999,75.0,12.0
1010.0,20.0,18.6,-125.5,28.86,13.600000000000001,75.0,12.0
1005.0,28.0,14.4,-106.9,28.94,24.4,75.0,12.0
1005.0,30.0,14.6,-107.5,28.96,24.6,75.0,12.0
1005.0,30.0,14.6,-108.1,28.96,24.6,75.0,12.0
1005.0,30.0,14.6,-108.7,28.96,24.6,75.0,12.0
1000.0,43.0,14.8,-110.8,28.98,24.8,75.0,12.0
999.0,45.0,14.9,-111.2,28.99,24.9,75.0,12.0
997.0,50.0,15.1,-111.7,28.51,10.1,75.0,12.0
994.0,55.0,15.3,-112.1,28.53,10.3,75.0,12.0
994.0,55.0,17.6,-114.9,28.76,12.600000000000001,75.0,12.0
994.0,55.0,18.0,-115.6,28.8,13.0,75.0,12.0
996.0,53.0,18.4,-116.3,28.84,13.399999999999999,75.0,12.0
997.0,50.0,18.9,-117.1,28.89,13.899999999999999,75.0,12.0
1004.0,33.0,19.9,-120.5,28.99,14.899999999999999,75.0,12.0
1005.0,30.0,20.0,-121.2,28.5,15.0,75.0,12.0
1006.0,28.0,20.0,-121.8,28.5,15.0,75.0,12.0
1006.0,25.0,20.0,-122.5,28.5,15.0,75.0,12.0
1008.0,23.0,19.4,-125.7,28.94,14.399999999999999,75.0,12.0
1008.0,20.0,19.2,-126.2,28.92,14.2,75.0,12.0
1008.0,20.0,19.0,-126.6,28.9,14.0,75.0,12.0
1008.0,20.0,18.9,-126.9,28.89,13.899999999999999,75.0,12.0
1009.0,20.0,18.6,-129.3,28.86,13.600000000000001,75.0,12.0
1009.0,20.0,18.6,-129.8,28.86,13.600000000000001,75.0,12.0
1009.0,20.0,18.6,-130.2,28.86,13.600000000000001,75.0,12.0
1009.0,20.0,18.6,-130.6,28.86,13.600000000000001,75.0,12.0
1009.0,25.0,14.0,-105.3,28.9,24.0,75.0,12.0
1009.0,28.0,14.2,-106.2,28.92,24.2,75.0,12.0
1008.0,30.0,14.3,-107.0,28.93,24.3,75.0,12.0
1001.0,43.0,15.1,-110.8,28.51,10.1,75.0,12.0
1002.0,40.0,15.2,-111.6,28.52,10.2,75.0,12.0
1002.0,40.0,15.3,-112.4,28.53,10.3,75.0,12.0
1002.0,40.0,15.3,-113.2,28.53,10.3,75.0,12.0
1004.0,38.0,15.5,-116.8,28.55,10.5,75.0,12.0
1005.0,35.0,15.5,-117.6,28.55,10.5,75.0,12.0
1006.0,35.0,15.4,-118.4,28.54,10.4,75.0,12.0
1006.0,35.0,15.4,-119.2,28.54,10.4,75.0,12.0
1009.0,30.0,15.2,-122.2,28.52,10.2,75.0,12.0
1009.0,30.0,15.2,-122.6,28.52,10.2,75.0,12.0
1009.0,30.0,15.3,-123.1,28.53,10.3,75.0,12.0
1009.0,30.0,15.4,-123.6,28.54,10.4,75.0,12.0
1009.0,30.0,15.9,-127.0,28.59,10.9,75.0,12.0
1009.0,30.0,15.9,-127.7,28.59,10.9,75.0,12.0
1009.0,30.0,16.0,-128.4,28.6,11.0,75.0,12.0
1009.0,30.0,16.1,-129.1,28.61,11.100000000000001,75.0,12.0
1010.0,28.0,16.3,-129.7,28.63,11.3,75.0,12.0
1010.0,25.0,16.9,-132.1,28.69,11.899999999999999,75.0,12.0
1010.0,25.0,17.1,-132.8,28.71,12.100000000000001,75.0,12.0
1010.0,25.0,17.3,-133.7,28.73,12.3,75.0,12.0
1010.0,25.0,17.5,-134.5,28.75,12.5,75.0,12.0
1010.0,20.0,17.6,-138.3,28.76,12.600000000000001,75.0,12.0
1010.0,20.0,17.7,-139.0,28.77,12.7,75.0,12.0
1010.0,20.0,17.8,-139.8,28.78,12.8,75.0,12.0
1010.0,20.0,17.8,-140.5,28.78,12.8,75.0,12.0
1010.0,20.0,17.9,-141.4,28.79,12.899999999999999,75.0,12.0
1008.0,28.0,16.4,-116.3,28.64,11.399999999999999,75.0,12.0
1007.0,30.0,16.5,-116.6,28.65,11.5,75.0,12.0
1005.0,35.0,16.6,-116.9,28.66,11.600000000000001,75.0,12.0
1003.0,40.0,16.6,-117.2,28.66,11.600000000000001,75.0,12.0
999.0,48.0,15.6,-122.8,28.56,10.6,75.0,12.0
999.0,45.0,15.5,-123.4,28.55,10.5,75.0,12.0
1000.0,45.0,15.4,-124.0,28.54,10.4,75.0,12.0
1000.0,45.0,15.4,-124.6,28.54,10.4,75.0,12.0
1003.0,38.0,15.5,-127.5,28.55,10.5,75.0,12.0
1004.0,35.0,15.5,-128.0,28.55,10.5,75.0,12.0
1005.0,35.0,15.6,-128.7,28.56,10.6,75.0,12.0
1005.0,35.0,15.6,-129.3,28.56,10.6,75.0,12.0
1007.0,30.0,16.1,-132.8,28.61,11.100000000000001,75.0,12.0
1007.0,30.0,16.2,-133.5,28.62,11.2,75.0,12.0
1007.0,30.0,16.3,-134.3,28.63,11.3,75.0,12.0
1007.0,30.0,16.3,-135.0,28.63,11.3,75.0,12.0
1007.0,30.0,16.3,-135.8,28.63,11.3,75.0,12.0
1008.0,28.0,16.3,-139.0,28.63,11.3,75.0,12.0
1008.0,25.0,16.3,-139.8,28.63,11.3,75.0,12.0
1009.0,25.0,16.2,-140.7,28.62,11.2,75.0,12.0
1009.0,25.0,16.1,-141.5,28.61,11.100000000000001,75.0,12.0
1006.0,30.0,13.9,-113.0,28.89,23.9,75.0,12.0
1005.0,30.0,14.1,-113.6,28.91,24.1,75.0,12.0
1005.0,33.0,14.3,-114.2,28.93,24.3,75.0,12.0
1005.0,35.0,14.5,-114.8,28.95,24.5,75.0,12.0
1005.0,35.0,15.8,-117.3,28.58,10.8,75.0,12.0
1006.0,33.0,18.3,-122.3,28.83,13.3,75.0,12.0
1006.0,30.0,18.6,-123.2,28.86,13.600000000000001,75.0,12.0
1007.0,30.0,18.5,-124.0,28.85,13.5,75.0,12.0
1007.0,30.0,18.4,-124.7,28.84,13.399999999999999,75.0,12.0
1009.0,28.0,18.4,-127.8,28.84,13.399999999999999,75.0,12.0
1009.0,25.0,18.4,-128.4,28.84,13.399999999999999,75.0,12.0
1009.0,25.0,18.4,-128.9,28.84,13.399999999999999,75.0,12.0
1009.0,25.0,18.4,-129.3,28.84,13.399999999999999,75.0,12.0
1008.0,30.0,20.6,-107.2,28.56,15.600000000000001,75.0,12.0
1007.0,30.0,20.7,-107.3,28.57,15.7,75.0,12.0
1006.0,33.0,20.9,-107.4,28.59,15.899999999999999,75.0,12.0
1005.0,35.0,21.0,-107.5,28.6,16.0,75.0,12.0
996.0,50.0,21.6,-108.4,28.66,16.6,75.0,12.0
992.0,55.0,21.8,-108.6,28.68,16.8,75.0,12.0
991.0,58.0,22.0,-108.7,28.7,17.0,75.0,12.0
989.0,60.0,22.2,-108.7,28.72,17.2,75.0,12.0
983.0,73.0,24.1,-109.9,28.91,19.1,75.0,12.0
985.0,70.0,24.2,-110.1,28.92,19.2,75.0,12.0
987.0,68.0,24.3,-110.3,28.93,19.3,75.0,12.0
989.0,65.0,24.4,-110.4,28.94,19.4,75.0,12.0
1008.0,23.0,26.6,-112.8,28.66,21.6,75.0,12.0
1008.0,20.0,26.9,-113.0,28.69,21.9,75.0,12.0
1004.0,38.0,14.6,-131.3,28.96,24.6,75.0,12.0
1002.0,40.0,14.8,-131.9,28.98,24.8,75.0,12.0
1000.0,45.0,15.1,-132.4,28.51,10.1,75.0,12.0
997.0,50.0,15.4,-133.0,28.54,10.4,75.0,12.0
996.0,53.0,15.8,-133.6,28.58,10.8,75.0,12.0
984.0,70.0,16.8,-136.2,28.68,11.8,75.0,12.0
981.0,75.0,16.9,-136.9,28.69,11.899999999999999,75.0,12.0
977.0,80.0,17.0,-137.6,28.7,12.0,75.0,12.0
973.0,85.0,17.2,-138.3,28.72,12.2,75.0,12.0
973.0,85.0,17.3,-139.1,28.73,12.3,75.0,12.0
971.0,88.0,17.3,-142.1,28.73,12.3,75.0,12.0
970.0,90.0,17.3,-142.9,28.73,12.3,75.0,12.0
973.0,90.0,17.5,-143.7,28.75,12.5,75.0,12.0
976.0,90.0,17.6,-144.4,28.76,12.600000000000001,75.0,12.0
978.0,90.0,17.7,-145.3,28.77,12.7,75.0,12.0
991.0,75.0,18.2,-149.6,28.82,13.2,75.0,12.0
996.0,70.0,18.1,-150.4,28.81,13.100000000000001,75.0,12.0
1000.0,65.0,18.1,-151.3,28.81,13.100000000000001,75.0,12.0
1000.0,60.0,18.0,-152.2,28.8,13.0,75.0,12.0
1002.0,40.0,17.0,-156.1,28.7,12.0,75.0,12.0
1004.0,38.0,16.8,-156.8,28.68,11.8,75.0,12.0
1005.0,35.0,16.5,-157.6,28.65,11.5,75.0,12.0
1005.0,35.0,16.3,-158.3,28.63,11.3,75.0,12.0
1005.0,35.0,15.3,-161.9,28.53,10.3,75.0,12.0
1007.0,33.0,15.2,-162.7,28.52,10.2,75.0,12.0
1009.0,30.0,15.1,-163.4,28.51,10.1,75.0,12.0
1009.0,30.0,15.0,-164.2,28.5,10.0,75.0,12.0
1009.0,25.0,14.7,-169.1,28.97,24.7,75.0,12.0
1009.0,25.0,14.7,-170.0,28.97,24.7,75.0,12.0
1009.0,28.0,14.7,-170.9,28.97,24.7,75.0,12.0
1010.0,30.0,14.2,-175.5,28.92,24.2,75.0,12.0
1010.0,30.0,13.9,-176.4,28.89,23.9,75.0,12.0
1009.0,30.0,13.7,-177.4,28.87,23.7,75.0,12.0
1009.0,30.0,13.6,-178.4,28.86,23.6,75.0,12.0
1009.0,30.0,13.6,-179.4,28.86,23.6,75.0,12.0
1009.0,25.0,13.2,-177.4,28.82,23.2,75.0,12.0
1001.0,30.0,19.1,-111.8,28.91,14.100000000000001,75.0,12.0
1001.0,30.0,19.3,-112.0,28.93,14.3,75.0,12.0
1001.0,30.0,19.4,-112.3,28.94,14.399999999999999,75.0,12.0
1001.0,30.0,19.5,-112.5,28.95,14.5,75.0,12.0
1000.0,35.0,21.2,-114.6,28.62,16.2,75.0,12.0
1001.0,33.0,21.5,-115.0,28.65,16.5,75.0,12.0
1002.0,30.0,21.9,-115.4,28.69,16.9,75.0,12.0
1005.0,30.0,23.1,-117.5,28.81,18.1,75.0,12.0
1005.0,30.0,23.1,-117.9,28.81,18.1,75.0,12.0
1006.0,30.0,23.4,-118.2,28.84,18.4,75.0,12.0
1006.0,30.0,23.6,-118.5,28.86,18.6,75.0,12.0
1009.0,25.0,24.1,-119.7,28.91,19.1,75.0,12.0
1009.0,25.0,24.3,-119.8,28.93,19.3,75.0,12.0
1009.0,25.0,24.5,-119.9,28.95,19.5,75.0,12.0
1009.0,25.0,24.6,-120.0,28.96,19.6,75.0,12.0
1010.0,20.0,25.5,-120.2,28.55,20.5,75.0,12.0
1010.0,20.0,25.7,-120.0,28.57,20.7,75.0,12.0
1011.0,20.0,25.9,-119.8,28.59,20.9,75.0,12.0
1011.0,20.0,26.0,-119.5,28.6,21.0,75.0,12.0
1011.0,20.0,25.1,-118.3,28.51,20.1,75.0,12.0
1011.0,20.0,24.8,-118.2,28.98,19.8,75.0,12.0
1012.0,18.0,24.6,-118.1,28.96,19.6,75.0,12.0
1012.0,15.0,24.3,-118.0,28.93,19.3,75.0,12.0
1013.0,15.0,23.4,-117.6,28.84,18.4,75.0,12.0
1013.0,15.0,23.3,-117.4,28.83,18.3,75.0,12.0
1013.0,15.0,23.3,-117.2,28.83,18.3,75.0,12.0
1013.0,15.0,23.2,-117.0,28.82,18.2,75.0,12.0
1007.0,25.0,14.7,-108.2,28.97,24.7,75.0,12.0
1006.0,28.0,14.9,-108.4,28.99,24.9,75.0,12.0
1005.0,30.0,15.2,-108.6,28.52,10.2,75.0,12.0
1003.0,38.0,16.8,-109.9,28.68,11.8,75.0,12.0
1001.0,40.0,17.1,-110.3,28.71,12.100000000000001,75.0,12.0
1001.0,43.0,17.4,-110.7,28.74,12.399999999999999,75.0,12.0
1000.0,45.0,17.7,-111.0,28.77,12.7,75.0,12.0
987.0,65.0,19.4,-112.8,28.94,14.399999999999999,75.0,12.0
987.0,65.0,19.7,-113.2,28.97,14.7,75.0,12.0
989.0,63.0,19.9,-113.6,28.99,14.899999999999999,75.0,12.0
990.0,60.0,20.1,-114.0,28.51,15.100000000000001,75.0,12.0
1001.0,43.0,20.7,-115.6,28.57,15.7,75.0,12.0
1002.0,40.0,20.7,-115.9,28.57,15.7,75.0,12.0
1003.0,38.0,20.6,-116.2,28.56,15.600000000000001,75.0,12.0
1004.0,35.0,20.5,-116.4,28.55,15.5,75.0,12.0
1007.0,28.0,20.3,-116.9,28.53,15.3,75.0,12.0
1007.0,25.0,20.2,-117.0,28.52,15.2,75.0,12.0
1007.0,25.0,20.1,-117.1,28.51,15.100000000000001,75.0,12.0
1007.0,25.0,20.0,-117.2,28.5,15.0,75.0,12.0
1007.0,25.0,19.0,-117.7,28.9,14.0,75.0,12.0
1007.0,25.0,18.9,-117.8,28.89,13.899999999999999,75.0,12.0
1007.0,25.0,18.8,-117.9,28.88,13.8,75.0,12.0
1007.0,25.0,18.7,-118.1,28.87,13.7,75.0,12.0
1007.0,25.0,18.4,-119.1,28.84,13.399999999999999,75.0,12.0
1007.0,25.0,18.4,-119.3,28.84,13.399999999999999,75.0,12.0
1007.0,25.0,18.3,-119.5,28.83,13.3,75.0,12.0
1007.0,25.0,18.2,-119.7,28.82,13.2,75.0,12.0
1006.0,25.0,17.7,-120.2,28.77,12.7,75.0,12.0
1006.0,25.0,17.6,-120.2,28.76,12.600000000000001,75.0,12.0
1007.0,25.0,17.5,-120.2,28.75,12.5,75.0,12.0
1007.0,25.0,17.3,-120.2,28.73,12.3,75.0,12.0
1009.0,20.0,16.7,-120.5,28.67,11.7,75.0,12.0
1009.0,20.0,16.6,-120.5,28.66,11.600000000000001,75.0,12.0
1009.0,20.0,16.5,-120.6,28.65,11.5,75.0,12.0
1009.0,20.0,16.4,-120.7,28.64,11.399999999999999,75.0,12.0
1009.0,20.0,15.9,-120.8,28.59,10.9,75.0,12.0
1009.0,20.0,15.7,-120.8,28.57,10.7,75.0,12.0
1009.0,20.0,15.6,-120.7,28.56,10.6,75.0,12.0
1009.0,20.0,15.5,-120.6,28.55,10.5,75.0,12.0
1004.0,25.0,16.5,-105.7,28.65,11.5,75.0,12.0
1003.0,28.0,16.6,-106.0,28.66,11.600000000000001,75.0,12.0
1002.0,30.0,16.8,-106.3,28.68,11.8,75.0,12.0
999.0,38.0,17.2,-107.2,28.72,12.2,75.0,12.0
998.0,40.0,17.3,-107.2,28.73,12.3,75.0,12.0
998.0,40.0,17.4,-107.3,28.74,12.399999999999999,75.0,12.0
998.0,40.0,17.5,-107.3,28.75,12.5,75.0,12.0
996.0,50.0,18.1,-108.1,28.81,13.100000000000001,75.0,12.0
994.0,55.0,18.3,-108.3,28.83,13.3,75.0,12.0
991.0,60.0,18.5,-108.4,28.85,13.5,75.0,12.0
987.0,65.0,18.6,-108.6,28.86,13.600000000000001,75.0,12.0
987.0,65.0,19.7,-109.3,28.97,14.7,75.0,12.0
987.0,65.0,20.1,-109.4,28.51,15.100000000000001,75.0,12.0
984.0,70.0,20.6,-109.5,28.56,15.600000000000001,75.0,12.0
980.0,75.0,21.0,-109.5,28.6,16.0,75.0,12.0
976.0,75.0,24.5,-110.3,28.95,19.5,75.0,12.0
980.0,70.0,25.4,-110.8,28.54,20.4,75.0,12.0
983.0,65.0,26.2,-111.3,28.62,21.2,75.0,12.0
985.0,60.0,27.0,-111.8,28.7,22.0,75.0,12.0
1001.0,33.0,29.6,-113.3,28.96,24.6,75.0,12.0
1002.0,30.0,29.9,-113.5,28.99,24.9,75.0,12.0
1003.0,30.0,30.2,-113.6,28.52,10.2,75.0,12.0
1003.0,30.0,30.5,-113.7,28.55,10.5,75.0,12.0
1007.0,23.0,31.3,-113.4,28.63,11.3,75.0,12.0
1007.0,20.0,31.5,-113.6,28.65,11.5,75.0,12.0
1007.0,20.0,31.5,-113.8,28.65,11.5,75.0,12.0
1007.0,20.0,31.5,-114.1,28.65,11.5,75.0,12.0
1011.0,20.0,30.4,-114.4,28.54,10.399999999999999,75.0,12.0
1012.0,20.0,30.2,-114.5,28.52,10.2,75.0,12.0
1012.0,20.0,30.0,-114.6,28.5,10.0,75.0,12.0
1012.0,20.0,29.9,-114.7,28.99,24.9,75.0,12.0
1007.0,25.0,15.7,-108.1,28.57,10.7,75.0,12.0
1006.0,28.0,15.7,-108.3,28.57,10.7,75.0,12.0
1005.0,30.0,15.7,-108.4,28.57,10.7,75.0,12.0
1004.0,38.0,15.4,-109.0,28.54,10.4,75.0,12.0
1002.0,40.0,15.3,-109.0,28.53,10.3,75.0,12.0
1000.0,45.0,15.2,-109.1,28.52,10.2,75.0,12.0
997.0,50.0,15.1,-109.1,28.51,10.1,75.0,12.0
993.0,58.0,15.7,-109.5,28.57,10.7,75.0,12.0
992.0,60.0,16.0,-109.7,28.6,11.0,75.0,12.0
990.0,63.0,16.1,-110.0,28.61,11.100000000000001,75.0,12.0
987.0,65.0,16.2,-110.3,28.62,11.2,75.0,12.0
970.0,90.0,17.1,-111.8,28.71,12.100000000000001,75.0,12.0
970.0,90.0,17.4,-112.0,28.74,12.399999999999999,75.0,12.0
970.0,90.0,17.7,-112.3,28.77,12.7,75.0,12.0
970.0,90.0,18.0,-112.6,28.8,13.0,75.0,12.0
975.0,83.0,19.1,-113.5,28.91,14.100000000000001,75.0,12.0
976.0,80.0,19.3,-113.6,28.93,14.3,75.0,12.0
976.0,80.0,19.5,-113.7,28.95,14.5,75.0,12.0
976.0,80.0,19.7,-113.8,28.97,14.7,75.0,12.0
999.0,45.0,20.1,-113.9,28.51,15.100000000000001,75.0,12.0
1000.0,40.0,20.1,-113.9,28.51,15.100000000000001,75.0,12.0
1001.0,38.0,20.2,-113.8,28.52,15.2,75.0,12.0
1001.0,35.0,20.3,-113.6,28.53,15.3,75.0,12.0
1002.0,30.0,20.1,-112.1,28.51,15.100000000000001,75.0,12.0
1002.0,30.0,20.1,-111.6,28.51,15.100000000000001,75.0,12.0
1002.0,30.0,20.2,-111.0,28.52,15.2,75.0,12.0
1002.0,30.0,20.3,-110.4,28.53,15.3,75.0,12.0
1004.0,25.0,21.6,-107.6,28.66,16.6,75.0,12.0
1004.0,25.0,22.3,-107.2,28.73,17.3,75.0,12.0
1004.0,25.0,22.7,-107.1,28.77,17.7,75.0,12.0
1003.0,25.0,23.1,-106.9,28.81,18.1,75.0,12.0
1001.0,45.0,12.3,-99.2,28.73,22.3,75.0,12.0
1000.0,50.0,12.4,-99.5,28.74,22.4,75.0,12.0
1000.0,48.0,12.8,-99.8,28.78,22.8,75.0,12.0
1000.0,45.0,13.1,-100.0,28.81,23.1,75.0,12.0
996.0,53.0,14.8,-101.7,28.98,24.8,75.0,12.0
994.0,55.0,15.0,-102.1,28.5,10.0,75.0,12.0
994.0,55.0,15.3,-102.5,28.53,10.3,75.0,12.0
994.0,55.0,15.5,-102.9,28.55,10.5,75.0,12.0
989.0,60.0,16.8,-104.5,28.68,11.8,75.0,12.0
990.0,55.0,17.1,-104.8,28.71,12.100000000000001,75.0,12.0
993.0,53.0,17.3,-104.9,28.73,12.3,75.0,12.0
995.0,50.0,17.4,-105.0,28.74,12.399999999999999,75.0,12.0
999.0,38.0,17.6,-104.5,28.76,12.600000000000001,75.0,12.0
998.0,40.0,17.9,-104.4,28.79,12.899999999999999,75.0,12.0
998.0,43.0,18.1,-104.5,28.81,13.100000000000001,75.0,12.0
997.0,45.0,18.4,-104.5,28.84,13.399999999999999,75.0,12.0
1001.0,35.0,20.0,-104.6,28.5,15.0,75.0,12.0
1002.0,30.0,20.3,-104.5,28.53,15.3,75.0,12.0
1003.0,28.0,20.6,-104.2,28.56,15.600000000000001,75.0,12.0
1004.0,25.0,20.8,-103.8,28.58,15.8,75.0,12.0
1005.0,33.0,10.2,-100.8,28.52,20.2,75.0,12.0
1002.0,35.0,10.3,-101.2,28.53,20.3,75.0,12.0
1001.0,40.0,10.4,-101.6,28.54,20.4,75.0,12.0
1000.0,45.0,10.6,-101.9,28.56,20.6,75.0,12.0
987.0,65.0,11.4,-103.8,28.64,21.4,75.0,12.0
987.0,65.0,11.6,-104.2,28.66,21.6,75.0,12.0
986.0,68.0,11.6,-104.6,28.66,21.6,75.0,12.0
984.0,70.0,11.7,-105.0,28.67,21.7,75.0,12.0
992.0,58.0,12.1,-107.3,28.71,22.1,75.0,12.0
994.0,55.0,12.2,-107.8,28.72,22.2,75.0,12.0
997.0,50.0,12.3,-108.2,28.73,22.3,75.0,12.0
1000.0,45.0,12.4,-108.6,28.74,22.4,75.0,12.0
1004.0,38.0,13.3,-111.2,28.83,23.3,75.0,12.0
1005.0,35.0,13.3,-111.7,28.83,23.3,75.0,12.0
1005.0,35.0,13.4,-112.0,28.84,23.4,75.0,12.0
1005.0,35.0,13.6,-112.3,28.86,23.6,75.0,12.0
1002.0,40.0,14.1,-113.1,28.91,24.1,75.0,12.0
1002.0,40.0,14.3,-113.2,28.93,24.3,75.0,12.0
1004.0,38.0,14.4,-113.3,28.94,24.4,75.0,12.0
1005.0,35.0,14.6,-113.5,28.96,24.6,75.0,12.0
1008.0,30.0,15.4,-114.3,28.54,10.4,75.0,12.0
1008.0,30.0,15.5,-114.4,28.55,10.5,75.0,12.0
1008.0,28.0,15.6,-114.6,28.56,10.6,75.0,12.0
1008.0,25.0,15.7,-114.7,28.57,10.7,75.0,12.0
1006.0,25.0,14.7,-107.6,28.97,24.7,75.0,12.0
1002.0,40.0,16.3,-109.3,28.63,11.3,75.0,12.0
1000.0,45.0,16.6,-109.6,28.66,11.600000000000001,75.0,12.0
998.0,48.0,16.9,-109.8,28.69,11.899999999999999,75.0,12.0
997.0,50.0,17.1,-109.9,28.71,12.100000000000001,75.0,12.0
1002.0,38.0,18.0,-110.4,28.8,13.0,75.0,12.0
1002.0,35.0,18.2,-110.5,28.82,13.2,75.0,12.0
1002.0,32.0,18.4,-110.6,28.84,13.399999999999999,75.0,12.0
1003.0,30.0,18.5,-110.7,28.85,13.5,75.0,12.0
1007.0,25.0,18.9,-111.0,28.89,13.899999999999999,75.0,12.0
1008.0,25.0,18.8,-111.0,28.88,13.8,75.0,12.0
1008.0,25.0,18.8,-110.8,28.88,13.8,75.0,12.0
1008.0,25.0,18.8,-110.7,28.88,13.8,75.0,12.0
1010.0,18.0,18.4,-110.0,28.84,13.399999999999999,75.0,12.0
1010.0,15.0,18.4,-110.1,28.84,13.399999999999999,75.0,12.0
1010.0,15.0,18.5,-110.2,28.85,13.5,75.0,12.0
1010.0,15.0,18.7,-110.4,28.87,13.7,75.0,12.0
1008.0,25.0,16.4,-119.6,28.64,11.399999999999999,75.0,12.0
1008.0,25.0,16.6,-119.9,28.66,11.600000000000001,75.0,12.0
1008.0,28.0,16.9,-120.3,28.69,11.899999999999999,75.0,12.0
1007.0,30.0,17.1,-120.8,28.71,12.100000000000001,75.0,12.0
1007.0,30.0,17.5,-122.5,28.75,12.5,75.0,12.0
1008.0,28.0,17.6,-123.6,28.76,12.600000000000001,75.0,12.0
1008.0,25.0,17.6,-124.1,28.76,12.600000000000001,75.0,12.0
1008.0,23.0,17.6,-124.6,28.76,12.600000000000001,75.0,12.0
1008.0,20.0,17.5,-125.0,28.75,12.5,75.0,12.0
1009.0,20.0,16.8,-126.7,28.68,11.8,75.0,12.0
1009.0,20.0,16.5,-127.2,28.65,11.5,75.0,12.0
1009.0,20.0,16.2,-127.8,28.62,11.2,75.0,12.0
1009.0,20.0,15.9,-128.3,28.59,10.9,75.0,12.0
1009.0,20.0,15.6,-128.8,28.56,10.6,75.0,12.0
1009.0,20.0,15.2,-129.3,28.52,10.2,75.0,12.0
1006.0,30.0,14.6,-105.5,28.96,24.6,75.0,12.0
1004.0,33.0,15.1,-106.2,28.51,10.1,75.0,12.0
1002.0,35.0,15.5,-106.8,28.55,10.5,75.0,12.0
1000.0,40.0,15.9,-107.4,28.59,10.9,75.0,12.0
997.0,45.0,16.4,-108.0,28.64,11.399999999999999,75.0,12.0
993.0,53.0,17.9,-110.1,28.79,12.899999999999999,75.0,12.0
991.0,55.0,18.4,-110.8,28.84,13.399999999999999,75.0,12.0
993.0,53.0,19.0,-111.5,28.9,14.0,75.0,12.0
994.0,50.0,19.6,-112.2,28.96,14.600000000000001,75.0,12.0
996.0,48.0,20.1,-113.0,28.51,15.100000000000001,75.0,12.0
997.0,45.0,20.7,-113.7,28.57,15.7,75.0,12.0
1001.0,38.0,21.8,-115.8,28.68,16.8,75.0,12.0
1002.0,35.0,22.1,-116.6,28.71,17.1,75.0,12.0
1003.0,33.0,22.3,-117.3,28.73,17.3,75.0,12.0
1004.0,30.0,22.5,-117.9,28.75,17.5,75.0,12.0
1005.0,30.0,22.7,-118.6,28.77,17.7,75.0,12.0
1005.0,30.0,22.9,-119.2,28.79,17.9,75.0,12.0
1007.0,28.0,23.3,-120.9,28.83,18.3,75.0,12.0
1007.0,25.0,23.4,-121.4,28.84,18.4,75.0,12.0
1008.0,25.0,23.5,-121.8,28.85,18.5,75.0,12.0
1008.0,25.0,23.6,-122.3,28.86,18.6,75.0,12.0
1008.0,25.0,23.7,-122.8,28.87,18.7,75.0,12.0
1008.0,25.0,23.8,-123.3,28.88,18.8,75.0,12.0
1008.0,23.0,24.1,-125.0,28.91,19.1,75.0,12.0
1008.0,20.0,24.1,-125.5,28.91,19.1,75.0,12.0
1008.0,20.0,24.1,-125.9,28.91,19.1,75.0,12.0
1008.0,20.0,24.2,-126.3,28.92,19.2,75.0,12.0
1009.0,20.0,24.3,-126.7,28.93,19.3,75.0,12.0
1009.0,20.0,24.4,-127.0,28.94,19.4,75.0,12.0
1009.0,20.0,25.0,-127.7,28.5,20.0,75.0,12.0
1009.0,20.0,25.2,-127.8,28.52,20.2,75.0,12.0
1010.0,18.0,25.4,-127.9,28.54,20.4,75.0,12.0
1010.0,15.0,25.6,-128.1,28.56,20.6,75.0,12.0
1010.0,15.0,25.8,-128.2,28.58,20.8,75.0,12.0
1010.0,15.0,26.0,-128.3,28.6,21.0,75.0,12.0
1011.0,15.0,26.2,-128.4,28.62,21.2,75.0,12.0
1012.0,15.0,26.5,-128.3,28.65,21.5,75.0,12.0
1012.0,15.0,26.7,-128.2,28.67,21.7,75.0,12.0
1013.0,15.0,26.8,-128.1,28.68,21.8,75.0,12.0
1013.0,15.0,26.9,-127.9,28.69,21.9,75.0,12.0
1014.0,15.0,26.9,-127.8,28.69,21.9,75.0,12.0
1014.0,15.0,26.9,-127.6,28.69,21.9,75.0,12.0
1015.0,15.0,26.9,-127.4,28.69,21.9,75.0,12.0
1008.0,30.0,14.4,-113.1,28.94,24.4,75.0,12.0
1007.0,33.0,14.6,-114.5,28.96,24.6,75.0,12.0
1005.0,35.0,14.7,-114.9,28.97,24.7,75.0,12.0
1003.0,40.0,14.8,-115.3,28.98,24.8,75.0,12.0
1000.0,45.0,14.9,-115.7,28.99,24.9,75.0,12.0
1000.0,45.0,14.9,-116.0,28.99,24.9,75.0,12.0
1000.0,45.0,15.0,-116.3,28.5,10.0,75.0,12.0
1000.0,45.0,15.3,-117.2,28.53,10.3,75.0,12.0
1000.0,45.0,15.3,-117.4,28.53,10.3,75.0,12.0
999.0,48.0,15.4,-117.7,28.54,10.4,75.0,12.0
997.0,50.0,15.5,-118.0,28.55,10.5,75.0,12.0
997.0,50.0,15.7,-118.3,28.57,10.7,75.0,12.0
997.0,50.0,15.9,-118.7,28.59,10.9,75.0,12.0
996.0,53.0,16.1,-119.6,28.61,11.100000000000001,75.0,12.0
994.0,55.0,16.1,-119.8,28.61,11.100000000000001,75.0,12.0
993.0,58.0,16.1,-120.2,28.61,11.100000000000001,75.0,12.0
991.0,60.0,16.2,-120.5,28.62,11.2,75.0,12.0
989.0,63.0,16.3,-120.8,28.63,11.3,75.0,12.0
987.0,65.0,16.3,-121.0,28.63,11.3,75.0,12.0
983.0,73.0,16.3,-121.8,28.63,11.3,75.0,12.0
984.0,70.0,16.3,-122.2,28.63,11.3,75.0,12.0
987.0,65.0,16.3,-122.6,28.63,11.3,75.0,12.0
990.0,60.0,16.3,-123.0,28.63,11.3,75.0,12.0
994.0,55.0,16.3,-123.5,28.63,11.3,75.0,12.0
997.0,50.0,16.3,-123.9,28.63,11.3,75.0,12.0
1003.0,38.0,16.1,-124.9,28.61,11.100000000000001,75.0,12.0
1004.0,35.0,16.1,-125.7,28.61,11.100000000000001,75.0,12.0
1004.0,35.0,16.1,-126.1,28.61,11.100000000000001,75.0,12.0
1004.0,35.0,16.3,-126.5,28.63,11.3,75.0,12.0
1004.0,35.0,16.4,-126.9,28.64,11.399999999999999,75.0,12.0
1005.0,33.0,16.9,-128.0,28.69,11.899999999999999,75.0,12.0
1005.0,30.0,17.1,-129.0,28.71,12.100000000000001,75.0,12.0
1005.0,30.0,17.3,-129.6,28.73,12.3,75.0,12.0
1006.0,30.0,17.5,-130.1,28.75,12.5,75.0,12.0
1006.0,30.0,17.6,-130.7,28.76,12.600000000000001,75.0,12.0
1006.0,30.0,17.8,-131.3,28.78,12.8,75.0,12.0
1006.0,30.0,18.1,-132.4,28.81,13.100000000000001,75.0,12.0
1006.0,30.0,18.4,-133.0,28.84,13.399999999999999,75.0,12.0
1007.0,28.0,18.5,-133.6,28.85,13.5,75.0,12.0
1007.0,25.0,18.7,-134.1,28.87,13.7,75.0,12.0
1008.0,25.0,18.9,-134.6,28.89,13.899999999999999,75.0,12.0
1009.0,25.0,19.1,-135.2,28.91,14.100000000000001,75.0,12.0
1010.0,25.0,19.1,-135.9,28.91,14.100000000000001,75.0,12.0
1008.0,25.0,12.2,-112.8,28.72,22.2,75.0,12.0
1008.0,28.0,12.3,-113.5,28.73,22.3,75.0,12.0
1007.0,30.0,12.3,-114.2,28.73,22.3,75.0,12.0
1005.0,33.0,12.4,-114.8,28.74,22.4,75.0,12.0
1003.0,35.0,12.5,-115.5,28.75,22.5,75.0,12.0
997.0,50.0,13.1,-117.4,28.81,23.1,75.0,12.0
993.0,55.0,13.2,-118.0,28.82,23.2,75.0,12.0
992.0,58.0,13.4,-118.6,28.84,23.4,75.0,12.0
990.0,60.0,13.6,-119.1,28.86,23.6,75.0,12.0
989.0,63.0,13.9,-119.8,28.89,23.9,75.0,12.0
987.0,65.0,14.1,-120.5,28.91,24.1,75.0,12.0
977.0,80.0,15.2,-122.8,28.52,10.2,75.0,12.0
974.0,85.0,15.5,-123.4,28.55,10.5,75.0,12.0
970.0,90.0,15.8,-124.0,28.58,10.8,75.0,12.0
964.0,95.0,16.3,-125.2,28.63,11.3,75.0,12.0
959.0,103.0,17.1,-126.7,28.71,12.100000000000001,75.0,12.0
960.0,100.0,17.4,-127.2,28.74,12.399999999999999,75.0,12.0
962.0,98.0,17.6,-127.7,28.76,12.600000000000001,75.0,12.0
964.0,95.0,17.8,-128.2,28.78,12.8,75.0,12.0
972.0,85.0,18.0,-128.7,28.8,13.0,75.0,12.0
980.0,75.0,18.1,-129.2,28.81,13.100000000000001,75.0,12.0
984.0,70.0,18.2,-129.8,28.82,13.2,75.0,12.0
996.0,50.0,18.5,-132.4,28.85,13.5,75.0,12.0
998.0,45.0,18.6,-133.2,28.86,13.600000000000001,75.0,12.0
999.0,43.0,18.6,-133.9,28.86,13.600000000000001,75.0,12.0
1000.0,40.0,18.7,-134.6,28.87,13.7,75.0,12.0
1001.0,38.0,18.8,-135.3,28.88,13.8,75.0,12.0
1006.0,28.0,18.9,-138.1,28.89,13.899999999999999,75.0,12.0
1007.0,25.0,18.9,-138.8,28.89,13.899999999999999,75.0,12.0
1007.0,25.0,18.9,-139.6,28.89,13.899999999999999,75.0,12.0
1007.0,25.0,19.0,-140.4,28.9,14.0,75.0,12.0
1007.0,25.0,19.1,-141.2,28.91,14.100000000000001,75.0,12.0
1008.0,25.0,12.0,-127.2,28.7,22.0,75.0,12.0
1008.0,25.0,12.0,-127.5,28.7,22.0,75.0,12.0
1008.0,25.0,12.0,-127.7,28.7,22.0,75.0,12.0
1008.0,25.0,12.0,-127.8,28.7,22.0,75.0,12.0
1008.0,30.0,11.8,-133.3,28.68,21.8,75.0,12.0
1008.0,30.0,12.0,-134.0,28.7,22.0,75.0,12.0
1008.0,30.0,12.4,-134.5,28.74,22.4,75.0,12.0
1007.0,30.0,12.9,-135.0,28.79,22.9,75.0,12.0
1007.0,33.0,13.3,-135.7,28.83,23.3,75.0,12.0
1003.0,40.0,13.9,-137.8,28.89,23.9,75.0,12.0
1000.0,45.0,14.0,-138.3,28.9,24.0,75.0,12.0
997.0,50.0,14.2,-138.8,28.92,24.2,75.0,12.0
994.0,55.0,14.3,-139.3,28.93,24.3,75.0,12.0
993.0,55.0,14.4,-139.7,28.94,24.4,75.0,12.0
990.0,60.0,15.2,-141.0,28.52,10.2,75.0,12.0
990.0,60.0,15.4,-141.2,28.54,10.4,75.0,12.0
993.0,58.0,15.6,-141.4,28.56,10.6,75.0,12.0
995.0,55.0,15.8,-141.6,28.58,10.8,75.0,12.0
996.0,53.0,15.9,-141.8,28.59,10.9,75.0,12.0
998.0,35.0,16.1,-142.6,28.61,11.100000000000001,75.0,12.0
998.0,35.0,16.2,-142.8,28.62,11.2,75.0,12.0
998.0,33.0,16.3,-143.1,28.63,11.3,75.0,12.0
998.0,30.0,16.4,-143.4,28.64,11.399999999999999,75.0,12.0
1000.0,30.0,16.4,-143.8,28.64,11.399999999999999,75.0,12.0
1008.0,30.0,16.2,-145.9,28.62,11.2,75.0,12.0
1009.0,28.0,16.1,-146.4,28.61,11.100000000000001,75.0,12.0
1010.0,25.0,16.0,-147.0,28.6,11.0,75.0,12.0
1011.0,25.0,15.9,-147.6,28.59,10.9,75.0,12.0
1012.0,20.0,15.0,-150.5,28.5,10.0,75.0,12.0
1012.0,20.0,14.8,-151.0,28.98,24.8,75.0,12.0
1012.0,20.0,14.5,-151.5,28.95,24.5,75.0,12.0
1012.0,20.0,14.4,-152.0,28.94,24.4,75.0,12.0
1012.0,20.0,14.0,-154.0,28.9,24.0,75.0,12.0
997.0,55.0,17.6,-111.7,28.76,12.600000000000001,75.0,12.0
990.0,65.0,18.0,-112.2,28.8,13.0,75.0,12.0
989.0,65.0,18.4,-112.6,28.84,13.399999999999999,75.0,12.0
987.0,65.0,18.8,-113.0,28.88,13.8,75.0,12.0
981.0,73.0,20.5,-114.7,28.55,15.5,75.0,12.0
983.0,70.0,20.8,-115.0,28.58,15.8,75.0,12.0
985.0,68.0,21.1,-115.3,28.61,16.1,75.0,12.0
987.0,65.0,21.3,-115.6,28.63,16.3,75.0,12.0
1001.0,43.0,21.9,-117.3,28.69,16.9,75.0,12.0
1002.0,40.0,22.0,-117.6,28.7,17.0,75.0,12.0
1004.0,35.0,22.1,-117.9,28.71,17.1,75.0,12.0
1006.0,30.0,22.1,-118.3,28.71,17.1,75.0,12.0
1007.0,25.0,22.6,-119.8,28.76,17.6,75.0,12.0
1007.0,25.0,22.5,-120.0,28.75,17.5,75.0,12.0
1007.0,25.0,22.4,-120.3,28.74,17.4,75.0,12.0
1007.0,25.0,22.3,-120.5,28.73,17.3,75.0,12.0
1008.0,25.0,17.3,-123.6,28.73,12.3,75.0,12.0
1007.0,28.0,17.6,-123.7,28.76,12.600000000000001,75.0,12.0
1006.0,30.0,17.8,-123.7,28.78,12.8,75.0,12.0
1005.0,30.0,18.5,-124.5,28.85,13.5,75.0,12.0
1005.0,30.0,18.6,-124.8,28.86,13.600000000000001,75.0,12.0
1005.0,30.0,18.8,-125.1,28.88,13.8,75.0,12.0
1005.0,30.0,18.9,-125.4,28.89,13.899999999999999,75.0,12.0
1008.0,25.0,19.5,-127.3,28.95,14.5,75.0,12.0
1009.0,25.0,19.7,-127.7,28.97,14.7,75.0,12.0
1009.0,25.0,19.8,-128.2,28.98,14.8,75.0,12.0
1009.0,25.0,19.9,-128.7,28.99,14.899999999999999,75.0,12.0
1009.0,25.0,19.9,-131.4,28.99,14.899999999999999,75.0,12.0
1009.0,25.0,19.9,-131.9,28.99,14.899999999999999,75.0,12.0
1009.0,23.0,19.9,-132.6,28.99,14.899999999999999,75.0,12.0
1009.0,20.0,19.8,-133.2,28.98,14.8,75.0,12.0
1009.0,20.0,19.8,-133.6,28.98,14.8,75.0,12.0
1010.0,20.0,19.3,-135.5,28.93,14.3,75.0,12.0
1010.0,20.0,19.0,-136.0,28.9,14.0,75.0,12.0
1010.0,20.0,18.8,-136.5,28.88,13.8,75.0,12.0
1010.0,20.0,18.5,-137.0,28.85,13.5,75.0,12.0
1010.0,20.0,18.3,-137.8,28.83,13.3,75.0,12.0
1006.0,33.0,15.1,-106.5,28.51,10.1,75.0,12.0
1005.0,35.0,15.6,-107.0,28.56,10.6,75.0,12.0
1004.0,38.0,16.1,-107.7,28.61,11.100000000000001,75.0,12.0
1002.0,40.0,16.5,-108.4,28.65,11.5,75.0,12.0
997.0,53.0,18.1,-112.1,28.81,13.100000000000001,75.0,12.0
998.0,50.0,18.3,-112.8,28.83,13.3,75.0,12.0
999.0,48.0,18.4,-113.5,28.84,13.399999999999999,75.0,12.0
1000.0,45.0,18.5,-114.2,28.85,13.5,75.0,12.0
999.0,48.0,18.8,-117.1,28.88,13.8,75.0,12.0
998.0,50.0,18.8,-117.5,28.88,13.8,75.0,12.0
998.0,50.0,18.9,-118.0,28.89,13.899999999999999,75.0,12.0
997.0,50.0,19.0,-118.5,28.9,14.0,75.0,12.0
1001.0,45.0,19.4,-120.8,28.94,14.399999999999999,75.0,12.0
1001.0,45.0,19.5,-121.3,28.95,14.5,75.0,12.0
1003.0,40.0,19.6,-121.8,28.96,14.600000000000001,75.0,12.0
1004.0,35.0,19.7,-122.4,28.97,14.7,75.0,12.0
1008.0,23.0,20.2,-125.0,28.52,15.2,75.0,12.0
1008.0,20.0,20.3,-125.6,28.53,15.3,75.0,12.0
1009.0,20.0,20.4,-126.3,28.54,15.399999999999999,75.0,12.0
1009.0,20.0,20.5,-127.0,28.55,15.5,75.0,12.0
1010.0,20.0,21.1,-130.8,28.61,16.1,75.0,12.0
1010.0,20.0,21.1,-131.5,28.61,16.1,75.0,12.0
1010.0,20.0,21.1,-132.3,28.61,16.1,75.0,12.0
1010.0,20.0,21.2,-133.0,28.62,16.2,75.0,12.0
1010.0,20.0,21.3,-133.5,28.63,16.3,75.0,12.0
1010.0,20.0,21.3,-135.5,28.63,16.3,75.0,12.0
1010.0,20.0,21.3,-136.0,28.63,16.3,75.0,12.0
1010.0,20.0,21.3,-136.6,28.63,16.3,75.0,12.0
1010.0,20.0,21.3,-137.2,28.63,16.3,75.0,12.0
1011.0,18.0,21.4,-137.9,28.64,16.4,75.0,12.0
1011.0,15.0,22.0,-140.9,28.7,17.0,75.0,12.0
1011.0,15.0,22.3,-141.7,28.73,17.3,75.0,12.0
1011.0,15.0,22.6,-142.4,28.76,17.6,75.0,12.0
1011.0,15.0,22.9,-143.1,28.79,17.9,75.0,12.0
1012.0,15.0,23.0,-143.8,28.8,18.0,75.0,12.0
1008.0,28.0,12.3,-103.4,28.73,22.3,75.0,12.0
1007.0,30.0,12.7,-103.7,28.77,22.7,75.0,12.0
1006.0,33.0,13.0,-104.2,28.8,23.0,75.0,12.0
1005.0,35.0,13.3,-104.6,28.83,23.3,75.0,12.0
999.0,48.0,14.4,-107.2,28.94,24.4,75.0,12.0
997.0,50.0,14.6,-107.7,28.96,24.6,75.0,12.0
996.0,53.0,14.8,-108.1,28.98,24.8,75.0,12.0
994.0,55.0,15.0,-108.5,28.5,10.0,75.0,12.0
982.0,73.0,16.3,-111.0,28.63,11.3,75.0,12.0
980.0,75.0,16.5,-111.4,28.65,11.5,75.0,12.0
978.0,78.0,16.6,-111.7,28.66,11.600000000000001,75.0,12.0
976.0,80.0,16.8,-112.0,28.68,11.8,75.0,12.0
943.0,120.0,18.1,-113.6,28.81,13.100000000000001,75.0,12.0
943.0,120.0,18.3,-113.9,28.83,13.3,75.0,12.0
946.0,118.0,18.6,-114.2,28.86,13.600000000000001,75.0,12.0
948.0,115.0,18.8,-114.5,28.88,13.8,75.0,12.0
973.0,85.0,20.4,-115.7,28.54,15.399999999999999,75.0,12.0
976.0,80.0,20.8,-115.9,28.58,15.8,75.0,12.0
980.0,75.0,21.2,-116.2,28.62,16.2,75.0,12.0
984.0,70.0,21.6,-116.5,28.66,16.6,75.0,12.0
993.0,55.0,23.5,-117.8,28.85,18.5,75.0,12.0
995.0,50.0,23.9,-118.0,28.89,18.9,75.0,12.0
997.0,45.0,24.1,-118.2,28.91,19.1,75.0,12.0
999.0,40.0,24.4,-118.3,28.94,19.4,75.0,12.0
1003.0,28.0,25.8,-118.8,28.58,20.8,75.0,12.0
1004.0,25.0,26.0,-118.8,28.6,21.0,75.0,12.0
1005.0,25.0,26.3,-118.9,28.63,21.3,75.0,12.0
1005.0,25.0,26.6,-119.0,28.66,21.6,75.0,12.0
1009.0,20.0,27.5,-119.8,28.75,22.5,75.0,12.0
1010.0,20.0,27.5,-120.1,28.75,22.5,75.0,12.0
1010.0,20.0,27.4,-120.4,28.74,22.4,75.0,12.0
1010.0,20.0,27.3,-120.8,28.73,22.3,75.0,12.0
1011.0,20.0,25.8,-121.8,28.58,20.8,75.0,12.0
1011.0,20.0,25.5,-122.0,28.55,20.5,75.0,12.0
1010.0,20.0,25.2,-122.2,28.52,20.2,75.0,12.0
1009.0,20.0,24.9,-122.4,28.99,19.9,75.0,12.0
1009.0,20.0,23.3,-123.7,28.83,18.3,75.0,12.0
1009.0,20.0,23.0,-124.0,28.8,18.0,75.0,12.0
1009.0,20.0,22.8,-124.3,28.78,17.8,75.0,12.0
1009.0,20.0,22.6,-124.5,28.76,17.6,75.0,12.0
1009.0,20.0,21.5,-126.2,28.65,16.5,75.0,12.0
1009.0,20.0,21.1,-126.5,28.61,16.1,75.0,12.0
1010.0,20.0,20.8,-126.8,28.58,15.8,75.0,12.0
1010.0,20.0,20.4,-127.1,28.54,15.399999999999999,75.0,12.0
1004.0,33.0,15.3,-110.6,28.53,10.3,75.0,12.0
1004.0,35.0,15.4,-110.8,28.54,10.4,75.0,12.0
1004.0,35.0,15.7,-111.1,28.57,10.7,75.0,12.0
1003.0,35.0,16.0,-111.3,28.6,11.0,75.0,12.0
1003.0,35.0,17.0,-112.8,28.7,12.0,75.0,12.0
1003.0,35.0,17.2,-113.3,28.72,12.2,75.0,12.0
1003.0,38.0,17.3,-113.7,28.73,12.3,75.0,12.0
1002.0,40.0,17.3,-114.1,28.73,12.3,75.0,12.0
1004.0,30.0,17.4,-116.2,28.74,12.399999999999999,75.0,12.0
1004.0,30.0,17.4,-116.6,28.74,12.399999999999999,75.0,12.0
1004.0,30.0,17.4,-117.2,28.74,12.399999999999999,75.0,12.0
1004.0,30.0,17.4,-117.7,28.74,12.399999999999999,75.0,12.0
1004.0,30.0,17.4,-120.1,28.74,12.399999999999999,75.0,12.0
1004.0,30.0,17.4,-120.5,28.74,12.399999999999999,75.0,12.0
1004.0,33.0,17.4,-120.9,28.74,12.399999999999999,75.0,12.0
1003.0,35.0,17.4,-121.3,28.74,12.399999999999999,75.0,12.0
1000.0,45.0,17.4,-123.6,28.74,12.399999999999999,75.0,12.0
1000.0,45.0,17.3,-124.0,28.73,12.3,75.0,12.0
1000.0,45.0,17.3,-124.5,28.73,12.3,75.0,12.0
1000.0,45.0,17.2,-125.0,28.72,12.2,75.0,12.0
1000.0,45.0,16.6,-127.5,28.66,11.600000000000001,75.0,12.0
1000.0,45.0,16.6,-128.0,28.66,11.600000000000001,75.0,12.0
1000.0,45.0,16.6,-128.4,28.66,11.600000000000001,75.0,12.0
1000.0,45.0,16.6,-128.9,28.66,11.600000000000001,75.0,12.0
1002.0,38.0,16.9,-130.2,28.69,11.899999999999999,75.0,12.0
1000.0,40.0,17.0,-130.4,28.7,12.0,75.0,12.0
999.0,45.0,17.1,-130.7,28.71,12.100000000000001,75.0,12.0
997.0,50.0,17.2,-130.9,28.72,12.2,75.0,12.0
989.0,63.0,18.0,-131.9,28.8,13.0,75.0,12.0
991.0,60.0,18.2,-132.0,28.82,13.2,75.0,12.0
993.0,58.0,18.3,-132.0,28.83,13.3,75.0,12.0
994.0,55.0,18.4,-132.0,28.84,13.399999999999999,75.0,12.0
1005.0,30.0,18.1,-132.3,28.81,13.100000000000001,75.0,12.0
1006.0,30.0,18.0,-132.3,28.8,13.0,75.0,12.0
1006.0,30.0,17.9,-132.4,28.79,12.899999999999999,75.0,12.0
1006.0,30.0,17.9,-132.5,28.79,12.899999999999999,75.0,12.0
1008.0,30.0,17.5,-133.2,28.75,12.5,75.0,12.0
1008.0,30.0,17.4,-133.3,28.74,12.399999999999999,75.0,12.0
1008.0,30.0,17.2,-133.6,28.72,12.2,75.0,12.0
1009.0,25.0,16.9,-134.1,28.69,11.899999999999999,75.0,12.0
1009.0,25.0,16.8,-134.2,28.68,11.8,75.0,12.0
1009.0,25.0,16.7,-134.4,28.67,11.7,75.0,12.0
1009.0,25.0,16.6,-134.7,28.66,11.600000000000001,75.0,12.0
1009.0,28.0,16.5,-134.9,28.65,11.5,75.0,12.0
1009.0,30.0,16.4,-135.2,28.64,11.399999999999999,75.0,12.0
1009.0,30.0,16.3,-135.9,28.63,11.3,75.0,12.0
1009.0,30.0,16.2,-136.2,28.62,11.2,75.0,12.0
1009.0,30.0,16.1,-136.4,28.61,11.100000000000001,75.0,12.0
1009.0,30.0,16.1,-136.7,28.61,11.100000000000001,75.0,12.0
1009.0,30.0,16.1,-137.1,28.61,11.100000000000001,75.0,12.0
1009.0,30.0,16.0,-137.4,28.6,11.0,75.0,12.0
1009.0,30.0,16.0,-137.8,28.6,11.0,75.0,12.0
1011.0,30.0,16.0,-139.3,28.6,11.0,75.0,12.0
1011.0,30.0,16.0,-139.5,28.6,11.0,75.0,12.0
1011.0,30.0,16.0,-139.8,28.6,11.0,75.0,12.0
1011.0,30.0,16.0,-140.0,28.6,11.0,75.0,12.0
1005.0,30.0,11.2,-93.5,28.62,21.2,75.0,12.0
1005.0,30.0,11.3,-94.4,28.63,21.3,75.0,12.0
1004.0,30.0,11.4,-95.3,28.64,21.4,75.0,12.0
1002.0,38.0,11.8,-98.5,28.68,21.8,75.0,12.0
1001.0,40.0,11.9,-99.2,28.69,21.9,75.0,12.0
1001.0,43.0,11.9,-99.8,28.69,21.9,75.0,12.0
1000.0,45.0,12.0,-100.4,28.7,22.0,75.0,12.0
989.0,63.0,12.8,-102.9,28.78,22.8,75.0,12.0
987.0,65.0,13.1,-103.4,28.81,23.1,75.0,12.0
983.0,70.0,13.4,-103.7,28.84,23.4,75.0,12.0
979.0,75.0,13.6,-104.0,28.86,23.6,75.0,12.0
950.0,113.0,14.9,-105.8,28.99,24.9,75.0,12.0
942.0,120.0,15.2,-106.1,28.52,10.2,75.0,12.0
936.0,125.0,15.6,-106.4,28.56,10.6,75.0,12.0
930.0,130.0,15.9,-106.8,28.59,10.9,75.0,12.0
936.0,125.0,16.8,-107.6,28.68,11.8,75.0,12.0
936.0,125.0,17.0,-107.7,28.7,12.0,75.0,12.0
936.0,125.0,17.2,-107.8,28.72,12.2,75.0,12.0
936.0,125.0,17.4,-108.0,28.74,12.399999999999999,75.0,12.0
948.0,115.0,18.3,-108.8,28.83,13.3,75.0,12.0
948.0,115.0,18.5,-109.0,28.85,13.5,75.0,12.0
949.0,113.0,18.7,-109.3,28.87,13.7,75.0,12.0
950.0,110.0,18.9,-109.5,28.89,13.899999999999999,75.0,12.0
960.0,100.0,19.6,-110.7,28.96,14.600000000000001,75.0,12.0
960.0,100.0,19.8,-110.9,28.98,14.8,75.0,12.0
960.0,100.0,20.1,-111.1,28.51,15.100000000000001,75.0,12.0
960.0,100.0,20.5,-111.2,28.55,15.5,75.0,12.0
964.0,93.0,21.7,-112.0,28.67,16.7,75.0,12.0
965.0,90.0,21.9,-112.1,28.69,16.9,75.0,12.0
970.0,75.0,22.4,-112.4,28.74,17.4,75.0,12.0
981.0,58.0,23.1,-113.0,28.81,18.1,75.0,12.0
987.0,50.0,23.3,-113.2,28.83,18.3,75.0,12.0
991.0,48.0,23.6,-113.3,28.86,18.6,75.0,12.0
995.0,45.0,23.9,-113.4,28.89,18.9,75.0,12.0
998.0,38.0,24.4,-113.5,28.94,19.4,75.0,12.0
1001.0,30.0,24.8,-113.5,28.98,19.8,75.0,12.0
1002.0,28.0,26.3,-113.0,28.63,21.3,75.0,12.0
1003.0,25.0,26.9,-112.7,28.69,21.9,75.0,12.0
1003.0,23.0,27.7,-112.3,28.77,22.7,75.0,12.0
1003.0,20.0,28.5,-112.0,28.85,23.5,75.0,12.0
1004.0,20.0,29.3,-111.7,28.93,24.3,75.0,12.0
1004.0,20.0,30.0,-111.3,28.5,10.0,75.0,12.0
1006.0,30.0,13.8,-111.3,28.88,23.8,75.0,12.0
1006.0,30.0,13.9,-112.0,28.89,23.9,75.0,12.0
1006.0,30.0,13.9,-112.7,28.89,23.9,75.0,12.0
1005.0,35.0,14.7,-115.6,28.97,24.7,75.0,12.0
1005.0,30.0,15.0,-116.0,28.5,10.0,75.0,12.0
1006.0,28.0,15.2,-116.3,28.52,10.2,75.0,12.0
1006.0,25.0,15.3,-116.5,28.53,10.3,75.0,12.0
1007.0,25.0,16.1,-117.6,28.61,11.100000000000001,75.0,12.0
1007.0,25.0,16.0,-117.9,28.6,11.0,75.0,12.0
1007.0,23.0,15.8,-118.2,28.58,10.8,75.0,12.0
1007.0,20.0,15.5,-118.5,28.55,10.5,75.0,12.0
1006.0,30.0,14.4,-96.7,28.94,24.4,75.0,12.0
1006.0,30.0,14.6,-97.0,28.96,24.6,75.0,12.0
1006.0,30.0,14.8,-97.2,28.98,24.8,75.0,12.0
1005.0,33.0,15.9,-99.0,28.59,10.9,75.0,12.0
1004.0,35.0,16.2,-99.2,28.62,11.2,75.0,12.0
1000.0,45.0,16.4,-99.6,28.64,11.399999999999999,75.0,12.0
1006.0,25.0,18.3,-109.2,28.83,13.3,75.0,12.0
1005.0,30.0,21.4,-108.9,28.64,16.4,75.0,12.0
1005.0,30.0,22.2,-108.8,28.72,17.2,75.0,12.0
1005.0,30.0,22.9,-108.7,28.79,17.9,75.0,12.0
1004.0,30.0,23.6,-108.6,28.86,18.6,75.0,12.0
1005.0,30.0,9.8,-95.2,28.98,19.8,75.0,12.0
1004.0,32.0,9.9,-95.1,28.99,19.9,75.0,12.0
1004.0,35.0,10.1,-94.9,28.51,20.1,75.0,12.0
1000.0,45.0,10.7,-93.6,28.57,20.7,75.0,12.0
998.0,48.0,10.8,-93.2,28.58,20.8,75.0,12.0
997.0,50.0,10.8,-92.9,28.58,20.8,75.0,12.0
997.0,50.0,10.9,-92.6,28.59,20.9,75.0,12.0
997.0,50.0,11.0,-92.3,28.6,21.0,75.0,12.0
990.0,60.0,12.1,-91.2,28.71,22.1,75.0,12.0
986.0,65.0,12.3,-90.9,28.73,22.3,75.0,12.0
983.0,70.0,12.5,-90.6,28.75,22.5,75.0,12.0
986.0,65.0,12.6,-90.2,28.76,22.6,75.0,12.0
990.0,60.0,12.6,-89.9,28.76,22.6,75.0,12.0
1003.0,35.0,12.7,-88.5,28.77,22.7,75.0,12.0
1004.0,30.0,12.8,-88.2,28.78,22.8,75.0,12.0
1006.0,25.0,13.0,-87.9,28.8,23.0,75.0,12.0
1007.0,22.0,13.2,-87.7,28.82,23.2,75.0,12.0
1008.0,20.0,13.4,-87.4,28.84,23.4,75.0,12.0
1006.0,25.0,13.6,-101.7,28.86,23.6,75.0,12.0
1005.0,30.0,13.9,-102.8,28.89,23.9,75.0,12.0
1003.0,38.0,15.0,-105.5,28.5,10.0,75.0,12.0
1002.0,40.0,15.2,-106.0,28.52,10.2,75.0,12.0
1001.0,43.0,15.4,-106.6,28.54,10.4,75.0,12.0
1000.0,45.0,15.7,-107.1,28.57,10.7,75.0,12.0
1003.0,38.0,16.8,-109.9,28.68,11.8,75.0,12.0
1004.0,35.0,16.9,-110.4,28.69,11.899999999999999,75.0,12.0
1005.0,33.0,17.0,-110.8,28.7,12.0,75.0,12.0
1005.0,30.0,17.1,-111.3,28.71,12.100000000000001,75.0,12.0
1008.0,20.0,18.0,-113.3,28.8,13.0,75.0,12.0
1008.0,20.0,18.2,-113.6,28.82,13.2,75.0,12.0
1009.0,20.0,18.4,-113.9,28.84,13.399999999999999,75.0,12.0
1009.0,20.0,18.7,-114.3,28.87,13.7,75.0,12.0
1009.0,20.0,18.5,-114.7,28.85,13.5,75.0,12.0
1009.0,20.0,18.3,-114.7,28.83,13.3,75.0,12.0
1009.0,20.0,18.2,-114.7,28.82,13.2,75.0,12.0
1004.0,30.0,13.3,-97.8,28.83,23.3,75.0,12.0
1003.0,35.0,13.5,-97.9,28.85,23.5,75.0,12.0
1003.0,35.0,13.8,-98.0,28.88,23.8,75.0,12.0
1003.0,35.0,14.0,-98.0,28.9,24.0,75.0,12.0
1000.0,45.0,14.9,-99.8,28.99,24.9,75.0,12.0
1000.0,45.0,15.1,-100.2,28.51,10.1,75.0,12.0
1001.0,43.0,15.3,-100.7,28.53,10.3,75.0,12.0
1002.0,40.0,15.5,-101.1,28.55,10.5,75.0,12.0
1006.0,28.0,15.7,-104.0,28.57,10.7,75.0,12.0
1006.0,25.0,15.5,-104.4,28.55,10.5,75.0,12.0
1006.0,25.0,15.3,-104.8,28.53,10.3,75.0,12.0
1006.0,25.0,15.1,-105.1,28.51,10.1,75.0,12.0
1005.0,20.0,14.5,-106.3,28.95,24.5,75.0,12.0
1004.0,20.0,14.5,-106.7,28.95,24.5,75.0,12.0
1004.0,23.0,14.6,-107.1,28.96,24.6,75.0,12.0
1003.0,25.0,14.7,-107.5,28.97,24.7,75.0,12.0
1006.0,25.0,15.2,-108.5,28.52,10.2,75.0,12.0
1006.0,25.0,15.4,-108.7,28.54,10.4,75.0,12.0
1006.0,25.0,15.7,-109.0,28.57,10.7,75.0,12.0
1006.0,25.0,15.9,-109.3,28.59,10.9,75.0,12.0
1006.0,23.0,18.4,-111.6,28.84,13.399999999999999,75.0,12.0
1006.0,20.0,18.7,-112.2,28.87,13.7,75.0,12.0
1006.0,20.0,19.0,-112.8,28.9,14.0,75.0,12.0
1006.0,20.0,19.3,-113.5,28.93,14.3,75.0,12.0
1008.0,20.0,21.1,-116.3,28.61,16.1,75.0,12.0
1008.0,20.0,21.2,-117.1,28.62,16.2,75.0,12.0
1008.0,20.0,21.2,-117.9,28.62,16.2,75.0,12.0
1008.0,20.0,21.2,-118.7,28.62,16.2,75.0,12.0
1008.0,30.0,14.9,-99.2,28.99,24.9,75.0,12.0
1003.0,40.0,16.4,-100.1,28.64,11.399999999999999,75.0,12.0
1003.0,40.0,16.7,-100.4,28.67,11.7,75.0,12.0
1004.0,38.0,16.9,-100.9,28.69,11.899999999999999,75.0,12.0
1005.0,35.0,17.2,-101.4,28.72,12.2,75.0,12.0
1008.0,33.0,18.3,-104.3,28.83,13.3,75.0,12.0
1008.0,30.0,18.4,-104.8,28.84,13.399999999999999,75.0,12.0
1009.0,30.0,18.4,-105.3,28.84,13.399999999999999,75.0,12.0
1009.0,30.0,18.5,-105.8,28.85,13.5,75.0,12.0
1011.0,18.0,18.8,-107.5,28.88,13.8,75.0,12.0
1011.0,15.0,18.9,-107.6,28.89,13.899999999999999,75.0,12.0
1000.0,35.0,15.6,-104.7,28.56,10.6,75.0,12.0
1000.0,35.0,15.9,-105.0,28.59,10.9,75.0,12.0
999.0,38.0,16.4,-105.4,28.64,11.399999999999999,75.0,12.0
998.0,40.0,16.8,-105.8,28.68,11.8,75.0,12.0
992.0,55.0,19.1,-108.2,28.91,14.100000000000001,75.0,12.0
989.0,60.0,19.5,-108.7,28.95,14.5,75.0,12.0
992.0,55.0,19.9,-109.2,28.99,14.899999999999999,75.0,12.0
994.0,50.0,20.2,-109.6,28.52,15.2,75.0,12.0
1004.0,28.0,21.8,-111.2,28.68,16.8,75.0,12.0
1005.0,25.0,22.0,-111.5,28.7,17.0,75.0,12.0
1005.0,25.0,22.3,-111.8,28.73,17.3,75.0,12.0
1005.0,25.0,22.5,-112.1,28.75,17.5,75.0,12.0
1007.0,20.0,23.7,-113.6,28.87,18.7,75.0,12.0
1007.0,20.0,23.9,-113.8,28.89,18.9,75.0,12.0
1006.0,28.0,14.2,-114.3,28.92,24.2,75.0,12.0
1005.0,30.0,14.3,-114.8,28.93,24.3,75.0,12.0
1005.0,33.0,14.6,-115.3,28.96,24.6,75.0,12.0
1005.0,35.0,14.8,-115.8,28.98,24.8,75.0,12.0
994.0,55.0,15.5,-118.3,28.55,10.5,75.0,12.0
994.0,55.0,15.6,-118.6,28.56,10.6,75.0,12.0
994.0,55.0,15.9,-119.1,28.59,10.9,75.0,12.0
994.0,55.0,16.1,-119.6,28.61,11.100000000000001,75.0,12.0
988.0,65.0,16.9,-121.2,28.69,11.899999999999999,75.0,12.0
986.0,65.0,17.1,-121.6,28.71,12.100000000000001,75.0,12.0
984.0,68.0,17.4,-121.9,28.74,12.399999999999999,75.0,12.0
982.0,70.0,17.6,-122.2,28.76,12.600000000000001,75.0,12.0
979.0,75.0,18.5,-123.9,28.85,13.5,75.0,12.0
979.0,75.0,18.6,-124.3,28.86,13.600000000000001,75.0,12.0
979.0,75.0,18.7,-124.7,28.87,13.7,75.0,12.0
979.0,75.0,18.8,-125.1,28.88,13.8,75.0,12.0
981.0,70.0,19.2,-127.1,28.92,14.2,75.0,12.0
983.0,65.0,19.2,-127.5,28.92,14.2,75.0,12.0
985.0,65.0,19.2,-127.9,28.92,14.2,75.0,12.0
987.0,65.0,19.2,-128.3,28.92,14.2,75.0,12.0
990.0,60.0,18.5,-129.9,28.85,13.5,75.0,12.0
990.0,60.0,18.3,-130.3,28.83,13.3,75.0,12.0
990.0,60.0,18.1,-130.7,28.81,13.100000000000001,75.0,12.0
990.0,60.0,17.9,-131.0,28.79,12.899999999999999,75.0,12.0
992.0,55.0,17.8,-131.4,28.78,12.8,75.0,12.0
1003.0,35.0,17.2,-133.1,28.72,12.2,75.0,12.0
1004.0,30.0,17.1,-133.7,28.71,12.100000000000001,75.0,12.0
1006.0,28.0,17.1,-134.1,28.71,12.100000000000001,75.0,12.0
1008.0,25.0,17.2,-134.6,28.72,12.2,75.0,12.0
1008.0,23.0,17.1,-135.2,28.71,12.100000000000001,75.0,12.0
1008.0,20.0,16.9,-137.5,28.69,11.899999999999999,75.0,12.0
1008.0,20.0,16.8,-138.0,28.68,11.8,75.0,12.0
1009.0,20.0,16.7,-138.5,28.67,11.7,75.0,12.0
1010.0,20.0,16.6,-139.0,28.66,11.600000000000001,75.0,12.0
1010.0,20.0,16.6,-139.5,28.66,11.600000000000001,75.0,12.0
1003.0,38.0,13.4,-110.2,28.84,23.4,75.0,12.0
1002.0,40.0,13.5,-110.4,28.85,23.5,75.0,12.0
1001.0,43.0,13.6,-111.0,28.86,23.6,75.0,12.0
1000.0,45.0,13.6,-111.5,28.86,23.6,75.0,12.0
1000.0,40.0,14.2,-113.1,28.92,24.2,75.0,12.0
1000.0,40.0,14.4,-113.3,28.94,24.4,75.0,12.0
1002.0,38.0,14.6,-113.4,28.96,24.6,75.0,12.0
1003.0,35.0,14.7,-113.5,28.97,24.7,75.0,12.0
1003.0,35.0,15.4,-114.5,28.54,10.4,75.0,12.0
1003.0,35.0,15.5,-114.8,28.55,10.5,75.0,12.0
1003.0,38.0,15.5,-115.1,28.55,10.5,75.0,12.0
1002.0,40.0,15.5,-115.4,28.55,10.5,75.0,12.0
1003.0,33.0,14.5,-115.7,28.95,24.5,75.0,12.0
1004.0,30.0,14.3,-115.6,28.93,24.3,75.0,12.0
1005.0,30.0,14.4,-115.5,28.94,24.4,75.0,12.0
1005.0,30.0,14.4,-115.4,28.94,24.4,75.0,12.0
1007.0,28.0,14.0,-116.3,28.9,24.0,75.0,12.0
1008.0,25.0,13.9,-116.5,28.89,23.9,75.0,12.0
1007.0,25.0,13.3,-96.6,28.83,23.3,75.0,12.0
1007.0,28.0,13.4,-97.4,28.84,23.4,75.0,12.0
1006.0,30.0,13.5,-98.2,28.85,23.5,75.0,12.0
996.0,53.0,13.9,-101.9,28.89,23.9,75.0,12.0
994.0,55.0,14.0,-102.5,28.9,24.0,75.0,12.0
991.0,60.0,14.2,-103.1,28.92,24.2,75.0,12.0
987.0,65.0,14.3,-103.7,28.93,24.3,75.0,12.0
980.0,73.0,16.1,-106.3,28.61,11.100000000000001,75.0,12.0
979.0,75.0,16.5,-107.1,28.65,11.5,75.0,12.0
976.0,83.0,16.9,-107.8,28.69,11.899999999999999,75.0,12.0
972.0,90.0,17.2,-108.5,28.72,12.2,75.0,12.0
973.0,88.0,18.5,-111.9,28.85,13.5,75.0,12.0
974.0,85.0,18.6,-112.3,28.86,13.600000000000001,75.0,12.0
975.0,83.0,18.8,-112.8,28.88,13.8,75.0,12.0
976.0,80.0,18.9,-113.2,28.89,13.899999999999999,75.0,12.0
984.0,70.0,19.8,-115.3,28.98,14.8,75.0,12.0
985.0,70.0,20.0,-115.6,28.5,15.0,75.0,12.0
986.0,68.0,20.2,-115.8,28.52,15.2,75.0,12.0
986.0,65.0,20.4,-116.1,28.54,15.399999999999999,75.0,12.0
992.0,60.0,21.7,-117.5,28.67,16.7,75.0,12.0
994.0,55.0,22.0,-117.7,28.7,17.0,75.0,12.0
996.0,50.0,22.4,-118.1,28.74,17.4,75.0,12.0
998.0,45.0,22.7,-118.4,28.77,17.7,75.0,12.0
1003.0,33.0,24.1,-120.3,28.91,19.1,75.0,12.0
1003.0,30.0,24.3,-120.7,28.93,19.3,75.0,12.0
1004.0,28.0,24.5,-121.2,28.95,19.5,75.0,12.0
1004.0,25.0,24.7,-121.6,28.97,19.7,75.0,12.0
1007.0,25.0,25.5,-124.1,28.55,20.5,75.0,12.0
1007.0,25.0,25.6,-124.6,28.56,20.6,75.0,12.0
1008.0,25.0,25.6,-125.1,28.56,20.6,75.0,12.0
1008.0,25.0,25.7,-125.5,28.57,20.7,75.0,12.0
1009.0,25.0,25.6,-128.0,28.56,20.6,75.0,12.0
1009.0,25.0,25.5,-128.5,28.55,20.5,75.0,12.0
1010.0,25.0,25.5,-128.9,28.55,20.5,75.0,12.0
1010.0,25.0,25.5,-129.4,28.55,20.5,75.0,12.0
1006.0,28.0,16.9,-105.3,28.69,11.899999999999999,75.0,12.0
1005.0,30.0,17.0,-105.8,28.7,12.0,75.0,12.0
1005.0,33.0,17.1,-106.3,28.71,12.100000000000001,75.0,12.0
1004.0,35.0,17.2,-106.8,28.72,12.2,75.0,12.0
1000.0,45.0,17.6,-109.2,28.76,12.600000000000001,75.0,12.0
1000.0,45.0,17.5,-109.6,28.75,12.5,75.0,12.0
1001.0,43.0,17.4,-110.1,28.74,12.399999999999999,75.0,12.0
1001.0,40.0,17.4,-110.5,28.74,12.399999999999999,75.0,12.0
1004.0,35.0,17.4,-112.7,28.74,12.399999999999999,75.0,12.0
1004.0,35.0,17.3,-113.1,28.73,12.3,75.0,12.0
1005.0,33.0,17.2,-113.6,28.72,12.2,75.0,12.0
1005.0,30.0,17.1,-114.0,28.71,12.100000000000001,75.0,12.0
1006.0,25.0,16.9,-115.6,28.69,11.899999999999999,75.0,12.0
1006.0,25.0,16.9,-115.9,28.69,11.899999999999999,75.0,12.0
1006.0,25.0,16.9,-116.2,28.69,11.899999999999999,75.0,12.0
1006.0,25.0,17.0,-116.5,28.7,12.0,75.0,12.0
1009.0,23.0,17.0,-117.6,28.7,12.0,75.0,12.0
1009.0,20.0,17.0,-117.7,28.7,12.0,75.0,12.0
1009.0,20.0,17.0,-117.9,28.7,12.0,75.0,12.0
1009.0,20.0,17.0,-118.1,28.7,12.0,75.0,12.0
1009.0,20.0,17.1,-119.5,28.71,12.100000000000001,75.0,12.0
1009.0,20.0,17.1,-119.7,28.71,12.100000000000001,75.0,12.0
1009.0,20.0,17.1,-119.9,28.71,12.100000000000001,75.0,12.0
1009.0,20.0,17.1,-120.1,28.71,12.100000000000001,75.0,12.0
1010.0,20.0,16.9,-121.3,28.69,11.899999999999999,75.0,12.0
1010.0,20.0,16.9,-121.6,28.69,11.899999999999999,75.0,12.0
1010.0,20.0,16.9,-121.8,28.69,11.899999999999999,75.0,12.0
1010.0,20.0,16.8,-122.1,28.68,11.8,75.0,12.0
1010.0,20.0,15.6,-123.3,28.56,10.6,75.0,12.0
1010.0,20.0,15.4,-123.6,28.54,10.4,75.0,12.0
1010.0,20.0,15.1,-123.8,28.51,10.1,75.0,12.0
1010.0,20.0,14.8,-123.9,28.98,24.8,75.0,12.0
1011.0,15.0,13.7,-125.8,28.87,23.7,75.0,12.0
1011.0,15.0,13.4,-126.2,28.84,23.4,75.0,12.0
1008.0,30.0,14.8,-114.5,28.98,24.8,75.0,12.0
1008.0,30.0,14.8,-117.2,28.98,24.8,75.0,12.0
1008.0,30.0,14.8,-117.8,28.98,24.8,75.0,12.0
1008.0,30.0,14.8,-118.3,28.98,24.8,75.0,12.0
1008.0,30.0,14.8,-118.8,28.98,24.8,75.0,12.0
1008.0,30.0,14.3,-121.3,28.93,24.3,75.0,12.0
1007.0,30.0,14.3,-122.0,28.93,24.3,75.0,12.0
1007.0,30.0,14.3,-122.7,28.93,24.3,75.0,12.0
1007.0,30.0,14.2,-123.4,28.92,24.2,75.0,12.0
1007.0,30.0,13.9,-126.1,28.89,23.9,75.0,12.0
1007.0,30.0,13.8,-126.5,28.88,23.8,75.0,12.0
1007.0,33.0,13.8,-127.1,28.88,23.8,75.0,12.0
1006.0,35.0,13.8,-127.6,28.88,23.8,75.0,12.0
997.0,50.0,13.3,-130.8,28.83,23.3,75.0,12.0
994.0,55.0,13.1,-131.5,28.81,23.1,75.0,12.0
992.0,58.0,13.1,-132.1,28.81,23.1,75.0,12.0
990.0,60.0,13.0,-132.7,28.8,23.0,75.0,12.0
981.0,73.0,12.5,-135.1,28.75,22.5,75.0,12.0
979.0,75.0,12.4,-135.7,28.74,22.4,75.0,12.0
978.0,78.0,12.4,-136.1,28.74,22.4,75.0,12.0
977.0,80.0,12.3,-136.4,28.73,22.3,75.0,12.0
973.0,85.0,12.4,-138.3,28.74,22.4,75.0,12.0
973.0,85.0,12.5,-138.6,28.75,22.5,75.0,12.0
973.0,85.0,12.7,-138.9,28.77,22.7,75.0,12.0
973.0,85.0,12.9,-139.3,28.79,22.9,75.0,12.0
973.0,85.0,13.1,-139.6,28.81,23.1,75.0,12.0
970.0,90.0,13.7,-140.4,28.87,23.7,75.0,12.0
970.0,90.0,13.8,-140.6,28.88,23.8,75.0,12.0
970.0,90.0,14.0,-140.8,28.9,24.0,75.0,12.0
969.0,90.0,14.2,-141.1,28.92,24.2,75.0,12.0
967.0,93.0,14.4,-141.4,28.94,24.4,75.0,12.0
958.0,103.0,15.4,-142.4,28.54,10.4,75.0,12.0
955.0,105.0,15.6,-142.7,28.56,10.6,75.0,12.0
953.0,108.0,15.8,-143.0,28.58,10.8,75.0,12.0
951.0,110.0,16.0,-143.3,28.6,11.0,75.0,12.0
952.0,110.0,16.1,-143.6,28.61,11.100000000000001,75.0,12.0
956.0,105.0,16.5,-145.1,28.65,11.5,75.0,12.0
957.0,105.0,16.6,-145.4,28.66,11.600000000000001,75.0,12.0
957.0,105.0,16.7,-145.7,28.67,11.7,75.0,12.0
958.0,105.0,16.9,-145.9,28.69,11.899999999999999,75.0,12.0
958.0,105.0,17.0,-146.2,28.7,12.0,75.0,12.0
962.0,100.0,17.7,-147.0,28.77,12.7,75.0,12.0
964.0,98.0,17.9,-147.2,28.79,12.899999999999999,75.0,12.0
965.0,95.0,18.1,-147.3,28.81,13.100000000000001,75.0,12.0
968.0,93.0,18.4,-147.4,28.84,13.399999999999999,75.0,12.0
970.0,90.0,18.7,-147.6,28.87,13.7,75.0,12.0
982.0,70.0,20.1,-148.5,28.51,15.100000000000001,75.0,12.0
986.0,65.0,20.5,-148.8,28.55,15.5,75.0,12.0
989.0,60.0,20.8,-149.1,28.58,15.8,75.0,12.0
992.0,58.0,21.1,-149.3,28.61,16.1,75.0,12.0
1005.0,35.0,22.3,-150.4,28.73,17.3,75.0,12.0
1008.0,33.0,22.6,-150.8,28.76,17.6,75.0,12.0
1010.0,30.0,22.8,-151.1,28.78,17.8,75.0,12.0
1010.0,30.0,22.9,-151.6,28.79,17.9,75.0,12.0
1014.0,25.0,23.3,-153.8,28.83,18.3,75.0,12.0
1015.0,23.0,23.5,-154.2,28.85,18.5,75.0,12.0
1015.0,20.0,23.7,-154.6,28.87,18.7,75.0,12.0
1009.0,30.0,12.3,-118.0,28.73,22.3,75.0,12.0
1008.0,30.0,12.6,-118.3,28.76,22.6,75.0,12.0
1006.0,30.0,12.8,-118.7,28.78,22.8,75.0,12.0
996.0,53.0,12.9,-120.1,28.79,22.9,75.0,12.0
994.0,55.0,12.9,-120.4,28.79,22.9,75.0,12.0
991.0,60.0,12.9,-120.8,28.79,22.9,75.0,12.0
987.0,65.0,13.0,-121.3,28.8,23.0,75.0,12.0
979.0,75.0,13.0,-123.5,28.8,23.0,75.0,12.0
979.0,75.0,13.0,-124.0,28.8,23.0,75.0,12.0
977.0,80.0,13.1,-124.3,28.81,23.1,75.0,12.0
975.0,85.0,13.2,-124.7,28.82,23.2,75.0,12.0
952.0,110.0,13.8,-126.8,28.88,23.8,75.0,12.0
952.0,110.0,13.9,-127.2,28.89,23.9,75.0,12.0
952.0,110.0,14.0,-127.6,28.9,24.0,75.0,12.0
952.0,110.0,14.1,-127.9,28.91,24.1,75.0,12.0
948.0,115.0,14.2,-129.4,28.92,24.2,75.0,12.0
948.0,115.0,14.2,-129.6,28.92,24.2,75.0,12.0
949.0,115.0,14.1,-129.8,28.91,24.1,75.0,12.0
949.0,115.0,14.1,-130.1,28.91,24.1,75.0,12.0
963.0,98.0,13.4,-130.6,28.84,23.4,75.0,12.0
970.0,90.0,13.4,-130.6,28.84,23.4,75.0,12.0
975.0,85.0,13.4,-130.7,28.84,23.4,75.0,12.0
979.0,80.0,13.4,-130.8,28.84,23.4,75.0,12.0
991.0,60.0,13.3,-131.1,28.83,23.3,75.0,12.0
994.0,55.0,13.2,-131.2,28.82,23.2,75.0,12.0
994.0,55.0,13.3,-131.3,28.83,23.3,75.0,12.0
994.0,55.0,13.4,-131.4,28.84,23.4,75.0,12.0
999.0,48.0,14.4,-132.8,28.94,24.4,75.0,12.0
1000.0,45.0,14.6,-133.2,28.96,24.6,75.0,12.0
1000.0,45.0,14.8,-133.6,28.98,24.8,75.0,12.0
1000.0,45.0,14.9,-133.9,28.99,24.9,75.0,12.0
994.0,55.0,15.6,-135.6,28.56,10.6,75.0,12.0
994.0,55.0,15.7,-135.7,28.57,10.7,75.0,12.0
994.0,55.0,15.8,-135.8,28.58,10.8,75.0,12.0
994.0,55.0,15.9,-136.0,28.59,10.9,75.0,12.0
996.0,53.0,16.0,-137.0,28.6,11.0,75.0,12.0
997.0,50.0,16.0,-137.2,28.6,11.0,75.0,12.0
997.0,50.0,16.0,-137.4,28.6,11.0,75.0,12.0
997.0,50.0,16.0,-137.7,28.6,11.0,75.0,12.0
999.0,48.0,16.0,-137.9,28.6,11.0,75.0,12.0
995.0,53.0,16.1,-138.7,28.61,11.100000000000001,75.0,12.0
994.0,55.0,16.2,-138.9,28.62,11.2,75.0,12.0
992.0,60.0,16.3,-139.1,28.63,11.3,75.0,12.0
990.0,65.0,16.4,-139.3,28.64,11.399999999999999,75.0,12.0
989.0,65.0,16.4,-139.4,28.64,11.399999999999999,75.0,12.0
987.0,65.0,16.1,-139.6,28.61,11.100000000000001,75.0,12.0
987.0,65.0,15.9,-139.7,28.59,10.9,75.0,12.0
987.0,65.0,15.8,-139.8,28.58,10.8,75.0,12.0
987.0,65.0,15.7,-139.9,28.57,10.7,75.0,12.0
988.0,65.0,15.5,-140.0,28.55,10.5,75.0,12.0
998.0,58.0,14.6,-140.3,28.96,24.6,75.0,12.0
1000.0,55.0,14.4,-140.5,28.94,24.4,75.0,12.0
1000.0,55.0,14.3,-140.7,28.93,24.3,75.0,12.0
1000.0,55.0,14.2,-140.9,28.92,24.2,75.0,12.0
1000.0,55.0,14.3,-141.2,28.93,24.3,75.0,12.0
1004.0,48.0,14.9,-142.1,28.99,24.9,75.0,12.0
1005.0,45.0,15.2,-142.4,28.52,10.2,75.0,12.0
1005.0,45.0,15.6,-142.8,28.56,10.6,75.0,12.0
1005.0,45.0,16.0,-143.1,28.6,11.0,75.0,12.0
1005.0,45.0,16.4,-143.5,28.64,11.399999999999999,75.0,12.0
1008.0,40.0,18.0,-145.5,28.8,13.0,75.0,12.0
1009.0,38.0,18.2,-146.0,28.82,13.2,75.0,12.0
1010.0,35.0,18.4,-146.5,28.84,13.399999999999999,75.0,12.0
1010.0,35.0,18.5,-147.1,28.85,13.5,75.0,12.0
1010.0,35.0,18.7,-147.6,28.87,13.7,75.0,12.0
1012.0,30.0,19.0,-149.8,28.9,14.0,75.0,12.0
1012.0,30.0,19.1,-150.4,28.91,14.100000000000001,75.0,12.0
1012.0,30.0,19.1,-150.9,28.91,14.100000000000001,75.0,12.0
1013.0,28.0,19.1,-151.4,28.91,14.100000000000001,75.0,12.0
1013.0,25.0,19.4,-154.2,28.94,14.399999999999999,75.0,12.0
1007.0,30.0,12.4,-115.1,28.74,22.4,75.0,12.0
1005.0,35.0,12.4,-115.2,28.74,22.4,75.0,12.0
1005.0,35.0,12.4,-115.3,28.74,22.4,75.0,12.0
1005.0,35.0,12.3,-115.3,28.73,22.3,75.0,12.0
1005.0,33.0,12.9,-114.9,28.79,22.9,75.0,12.0
1005.0,30.0,13.3,-114.6,28.83,23.3,75.0,12.0
1006.0,28.0,13.8,-114.3,28.88,23.8,75.0,12.0
1007.0,25.0,14.2,-114.1,28.92,24.2,75.0,12.0
1009.0,20.0,13.7,-108.9,28.87,23.7,75.0,12.0
1009.0,20.0,13.9,-110.1,28.89,23.9,75.0,12.0
1009.0,20.0,14.1,-110.8,28.91,24.1,75.0,12.0
1009.0,20.0,14.3,-111.4,28.93,24.3,75.0,12.0
1006.0,33.0,15.1,-113.6,28.51,10.1,75.0,12.0
1005.0,35.0,15.2,-114.1,28.52,10.2,75.0,12.0
1005.0,35.0,15.3,-114.6,28.53,10.3,75.0,12.0
1005.0,35.0,15.4,-115.0,28.54,10.4,75.0,12.0
994.0,58.0,16.8,-116.7,28.68,11.8,75.0,12.0
990.0,60.0,17.2,-116.9,28.72,12.2,75.0,12.0
989.0,63.0,17.6,-117.2,28.76,12.600000000000001,75.0,12.0
987.0,65.0,18.0,-117.4,28.8,13.0,75.0,12.0
987.0,68.0,19.6,-119.1,28.96,14.600000000000001,75.0,12.0
987.0,65.0,19.9,-119.3,28.99,14.899999999999999,75.0,12.0
987.0,65.0,20.3,-119.5,28.53,15.3,75.0,12.0
987.0,65.0,20.7,-119.7,28.57,15.7,75.0,12.0
996.0,50.0,21.5,-120.7,28.65,16.5,75.0,12.0
997.0,45.0,21.7,-121.0,28.67,16.7,75.0,12.0
1000.0,43.0,21.8,-121.2,28.68,16.8,75.0,12.0
1002.0,40.0,21.8,-121.3,28.68,16.8,75.0,12.0
1008.0,30.0,14.8,-108.5,28.98,24.8,75.0,12.0
1004.0,38.0,15.1,-109.8,28.51,10.1,75.0,12.0
1003.0,40.0,15.2,-109.9,28.52,10.2,75.0,12.0
1003.0,40.0,15.3,-110.1,28.53,10.3,75.0,12.0
1002.0,40.0,15.4,-110.2,28.54,10.4,75.0,12.0
998.0,48.0,16.1,-110.7,28.61,11.100000000000001,75.0,12.0
997.0,50.0,16.3,-110.8,28.63,11.3,75.0,12.0
998.0,48.0,16.5,-110.9,28.65,11.5,75.0,12.0
998.0,45.0,16.7,-111.0,28.67,11.7,75.0,12.0
1000.0,45.0,17.8,-112.0,28.78,12.8,75.0,12.0
1000.0,45.0,18.0,-112.2,28.8,13.0,75.0,12.0
1001.0,43.0,18.3,-112.5,28.83,13.3,75.0,12.0
1001.0,40.0,18.5,-112.8,28.85,13.5,75.0,12.0
1004.0,33.0,20.0,-114.3,28.5,15.0,75.0,12.0
1004.0,30.0,20.3,-114.7,28.53,15.3,75.0,12.0
1005.0,30.0,20.6,-115.0,28.56,15.600000000000001,75.0,12.0
1005.0,30.0,21.0,-115.3,28.6,16.0,75.0,12.0
1006.0,25.0,22.1,-117.0,28.71,17.1,75.0,12.0
1006.0,25.0,22.3,-117.3,28.73,17.3,75.0,12.0
1006.0,23.0,22.3,-117.6,28.73,17.3,75.0,12.0
1006.0,20.0,22.3,-117.8,28.73,17.3,75.0,12.0
1006.0,20.0,21.7,-118.8,28.67,16.7,75.0,12.0
1006.0,20.0,21.5,-119.0,28.65,16.5,75.0,12.0
1006.0,20.0,21.3,-119.2,28.63,16.3,75.0,12.0
1006.0,20.0,21.1,-119.4,28.61,16.1,75.0,12.0
1008.0,20.0,19.8,-120.6,28.98,14.8,75.0,12.0
1008.0,20.0,19.5,-120.7,28.95,14.5,75.0,12.0
1008.0,20.0,19.4,-120.7,28.94,14.399999999999999,75.0,12.0
1008.0,20.0,19.2,-120.7,28.92,14.2,75.0,12.0
1010.0,15.0,18.8,-120.1,28.88,13.8,75.0,12.0
1010.0,15.0,18.7,-119.9,28.87,13.7,75.0,12.0
1010.0,15.0,18.6,-119.7,28.86,13.600000000000001,75.0,12.0
1010.0,15.0,18.6,-119.5,28.86,13.600000000000001,75.0,12.0
1007.0,25.0,17.2,-104.9,28.72,12.2,75.0,12.0
1005.0,30.0,16.8,-105.9,28.68,11.8,75.0,12.0
1005.0,30.0,16.8,-106.1,28.68,11.8,75.0,12.0
1005.0,30.0,16.9,-106.3,28.69,11.899999999999999,75.0,12.0
1004.0,30.0,16.9,-106.6,28.69,11.899999999999999,75.0,12.0
1001.0,43.0,18.4,-108.4,28.84,13.399999999999999,75.0,12.0
1000.0,45.0,18.8,-108.7,28.88,13.8,75.0,12.0
997.0,50.0,19.2,-109.0,28.92,14.2,75.0,12.0
994.0,55.0,19.6,-109.3,28.96,14.600000000000001,75.0,12.0
982.0,73.0,21.0,-110.7,28.6,16.0,75.0,12.0
980.0,75.0,21.2,-110.9,28.62,16.2,75.0,12.0
979.0,78.0,21.3,-111.1,28.63,16.3,75.0,12.0
977.0,80.0,21.4,-111.2,28.64,16.4,75.0,12.0
975.0,80.0,21.8,-111.8,28.68,16.8,75.0,12.0
976.0,75.0,21.8,-111.9,28.68,16.8,75.0,12.0
978.0,73.0,21.9,-111.9,28.69,16.9,75.0,12.0
979.0,70.0,22.0,-111.9,28.7,17.0,75.0,12.0
995.0,50.0,22.5,-112.2,28.75,17.5,75.0,12.0
998.0,45.0,22.6,-112.3,28.76,17.6,75.0,12.0
999.0,45.0,22.9,-112.3,28.79,17.9,75.0,12.0
1000.0,45.0,23.1,-112.3,28.81,18.1,75.0,12.0
1004.0,28.0,25.0,-113.0,28.5,20.0,75.0,12.0
1004.0,25.0,25.2,-113.1,28.52,20.2,75.0,12.0
1004.0,25.0,25.4,-113.2,28.54,20.4,75.0,12.0
1004.0,25.0,25.5,-113.3,28.55,20.5,75.0,12.0
1005.0,20.0,25.1,-112.8,28.51,20.1,75.0,12.0
1005.0,20.0,24.9,-112.6,28.99,19.9,75.0,12.0
1005.0,20.0,24.6,-112.3,28.96,19.6,75.0,12.0
1005.0,20.0,24.4,-112.1,28.94,19.4,75.0,12.0
1008.0,30.0,11.0,-101.2,28.6,21.0,75.0,12.0
1007.0,30.0,11.0,-101.7,28.6,21.0,75.0,12.0
1007.0,30.0,11.0,-101.8,28.6,21.0,75.0,12.0
1007.0,30.0,11.0,-101.9,28.6,21.0,75.0,12.0
1006.0,30.0,11.0,-102.1,28.6,21.0,75.0,12.0
1006.0,30.0,11.6,-103.5,28.66,21.6,75.0,12.0
1006.0,30.0,11.7,-103.8,28.67,21.7,75.0,12.0
1006.0,30.0,11.9,-104.1,28.69,21.9,75.0,12.0
1006.0,30.0,12.0,-104.4,28.7,22.0,75.0,12.0
1007.0,30.0,12.2,-106.2,28.72,22.2,75.0,12.0
1007.0,30.0,12.2,-106.6,28.72,22.2,75.0,12.0
1008.0,28.0,12.1,-107.1,28.71,22.1,75.0,12.0
1008.0,25.0,12.1,-107.5,28.71,22.1,75.0,12.0
1008.0,25.0,11.9,-109.8,28.69,21.9,75.0,12.0
1008.0,25.0,11.9,-110.3,28.69,21.9,75.0,12.0
1008.0,25.0,11.8,-111.3,28.68,21.8,75.0,12.0
1007.0,30.0,12.2,-114.1,28.72,22.2,75.0,12.0
1007.0,30.0,12.3,-114.7,28.73,22.3,75.0,12.0
1007.0,30.0,12.4,-115.2,28.74,22.4,75.0,12.0
1007.0,30.0,12.4,-115.6,28.74,22.4,75.0,12.0
1008.0,28.0,12.6,-118.3,28.76,22.6,75.0,12.0
1008.0,25.0,12.7,-118.9,28.77,22.7,75.0,12.0
1009.0,25.0,12.7,-119.3,28.77,22.7,75.0,12.0
1009.0,25.0,12.7,-119.6,28.77,22.7,75.0,12.0
1004.0,32.0,15.2,-100.8,28.52,10.2,75.0,12.0
1003.0,35.0,15.5,-100.7,28.55,10.5,75.0,12.0
1003.0,35.0,15.6,-100.9,28.56,10.6,75.0,12.0
1003.0,35.0,15.7,-101.1,28.57,10.7,75.0,12.0
1002.0,40.0,15.5,-101.1,28.55,10.5,75.0,12.0
1002.0,40.0,15.7,-101.0,28.57,10.7,75.0,12.0
1002.0,40.0,15.8,-101.0,28.58,10.8,75.0,12.0
1002.0,40.0,15.9,-101.1,28.59,10.9,75.0,12.0
1004.0,32.0,16.0,-101.6,28.6,11.0,75.0,12.0
1004.0,30.0,16.0,-101.7,28.6,11.0,75.0,12.0
1004.0,30.0,16.0,-101.9,28.6,11.0,75.0,12.0
1004.0,30.0,16.0,-102.1,28.6,11.0,75.0,12.0
1006.0,25.0,16.2,-103.3,28.62,11.2,75.0,12.0
1007.0,25.0,16.3,-103.5,28.63,11.3,75.0,12.0
1007.0,25.0,16.4,-103.6,28.64,11.399999999999999,75.0,12.0
1007.0,25.0,16.4,-103.7,28.64,11.399999999999999,75.0,12.0
1005.0,28.0,16.0,-102.8,28.6,11.0,75.0,12.0
1005.0,30.0,16.4,-102.5,28.64,11.399999999999999,75.0,12.0
1005.0,30.0,16.5,-102.4,28.65,11.5,75.0,12.0
1005.0,30.0,16.7,-102.3,28.67,11.7,75.0,12.0
1008.0,25.0,16.7,-100.6,28.67,11.7,75.0,12.0
1008.0,25.0,16.6,-100.1,28.66,11.600000000000001,75.0,12.0
1008.0,25.0,16.5,-99.7,28.65,11.5,75.0,12.0
1007.0,30.0,13.2,-110.3,28.82,23.2,75.0,12.0
994.0,55.0,13.9,-112.2,28.89,23.9,75.0,12.0
991.0,60.0,14.1,-112.6,28.91,24.1,75.0,12.0
987.0,68.0,14.2,-113.0,28.92,24.2,75.0,12.0
983.0,75.0,14.4,-113.5,28.94,24.4,75.0,12.0
972.0,88.0,15.7,-116.3,28.57,10.7,75.0,12.0
970.0,90.0,16.0,-116.9,28.6,11.0,75.0,12.0
966.0,95.0,16.3,-117.6,28.63,11.3,75.0,12.0
962.0,100.0,16.6,-118.2,28.66,11.600000000000001,75.0,12.0
962.0,95.0,17.9,-122.0,28.79,12.899999999999999,75.0,12.0
966.0,90.0,18.2,-122.7,28.82,13.2,75.0,12.0
975.0,75.0,18.6,-124.0,28.86,13.600000000000001,75.0,12.0
980.0,68.0,18.9,-124.7,28.89,13.899999999999999,75.0,12.0
998.0,45.0,19.5,-127.2,28.95,14.5,75.0,12.0
1001.0,40.0,19.7,-127.8,28.97,14.7,75.0,12.0
1002.0,38.0,19.8,-128.5,28.98,14.8,75.0,12.0
1003.0,35.0,19.9,-129.2,28.99,14.899999999999999,75.0,12.0
1004.0,32.0,20.0,-129.9,28.5,15.0,75.0,12.0
1006.0,25.0,20.8,-132.9,28.58,15.8,75.0,12.0
1007.0,25.0,21.0,-133.7,28.6,16.0,75.0,12.0
1008.0,25.0,21.2,-134.4,28.62,16.2,75.0,12.0
1008.0,25.0,21.5,-135.2,28.65,16.5,75.0,12.0
1008.0,25.0,21.8,-136.0,28.68,16.8,75.0,12.0
1011.0,20.0,22.8,-139.1,28.78,17.8,75.0,12.0
1012.0,20.0,23.0,-139.8,28.8,18.0,75.0,12.0
1012.0,20.0,23.2,-140.6,28.82,18.2,75.0,12.0
1013.0,20.0,23.5,-141.3,28.85,18.5,75.0,12.0
1013.0,20.0,23.8,-142.2,28.88,18.8,75.0,12.0
1006.0,30.0,13.5,-102.2,28.85,23.5,75.0,12.0
1000.0,45.0,15.2,-105.4,28.52,10.2,75.0,12.0
997.0,50.0,15.5,-106.1,28.55,10.5,75.0,12.0
994.0,55.0,15.8,-106.7,28.58,10.8,75.0,12.0
991.0,60.0,16.0,-107.3,28.6,11.0,75.0,12.0
982.0,72.0,17.5,-110.3,28.75,12.5,75.0,12.0
981.0,75.0,17.7,-110.8,28.77,12.7,75.0,12.0
983.0,70.0,17.9,-111.7,28.79,12.899999999999999,75.0,12.0
988.0,62.0,18.4,-113.6,28.84,13.399999999999999,75.0,12.0
989.0,60.0,18.5,-114.0,28.85,13.5,75.0,12.0
987.0,65.0,18.6,-114.5,28.86,13.600000000000001,75.0,12.0
985.0,70.0,18.8,-115.0,28.88,13.8,75.0,12.0
992.0,58.0,19.2,-117.5,28.92,14.2,75.0,12.0
993.0,55.0,19.3,-118.0,28.93,14.3,75.0,12.0
994.0,50.0,19.4,-118.5,28.94,14.399999999999999,75.0,12.0
996.0,45.0,19.5,-119.0,28.95,14.5,75.0,12.0
1006.0,30.0,20.2,-121.5,28.52,15.2,75.0,12.0
1008.0,30.0,20.4,-121.9,28.54,15.399999999999999,75.0,12.0
1008.0,28.0,20.5,-122.4,28.55,15.5,75.0,12.0
1009.0,25.0,20.7,-122.9,28.57,15.7,75.0,12.0
1010.0,25.0,21.2,-125.4,28.62,16.2,75.0,12.0
1010.0,25.0,21.3,-125.9,28.63,16.3,75.0,12.0
1010.0,25.0,21.3,-126.5,28.63,16.3,75.0,12.0
1010.0,25.0,21.3,-127.0,28.63,16.3,75.0,12.0
1010.0,25.0,21.1,-129.1,28.61,16.1,75.0,12.0
1010.0,25.0,21.1,-129.7,28.61,16.1,75.0,12.0
1010.0,25.0,21.0,-130.0,28.6,16.0,75.0,12.0
1010.0,25.0,20.9,-130.2,28.59,15.899999999999999,75.0,12.0
1010.0,25.0,20.8,-131.4,28.58,15.8,75.0,12.0
1010.0,25.0,20.7,-131.7,28.57,15.7,75.0,12.0
1010.0,25.0,20.6,-132.0,28.56,15.600000000000001,75.0,12.0
1010.0,25.0,20.6,-132.3,28.56,15.600000000000001,75.0,12.0
1008.0,25.0,12.3,-108.0,28.73,22.3,75.0,12.0
1008.0,28.0,12.4,-108.6,28.74,22.4,75.0,12.0
1007.0,30.0,12.4,-109.2,28.74,22.4,75.0,12.0
1004.0,38.0,12.3,-112.1,28.73,22.3,75.0,12.0
1002.0,40.0,12.3,-112.6,28.73,22.3,75.0,12.0
1001.0,43.0,12.3,-113.1,28.73,22.3,75.0,12.0
1000.0,45.0,12.2,-113.6,28.72,22.2,75.0,12.0
989.0,63.0,12.1,-116.6,28.71,22.1,75.0,12.0
986.0,68.0,12.0,-117.5,28.7,22.0,75.0,12.0
984.0,70.0,11.9,-117.9,28.69,21.9,75.0,12.0
975.0,83.0,11.8,-119.6,28.68,21.8,75.0,12.0
973.0,85.0,11.8,-119.9,28.68,21.8,75.0,12.0
970.0,90.0,11.9,-120.3,28.69,21.9,75.0,12.0
966.0,95.0,11.9,-120.7,28.69,21.9,75.0,12.0
954.0,108.0,12.5,-122.6,28.75,22.5,75.0,12.0
948.0,115.0,12.6,-123.0,28.76,22.6,75.0,12.0
945.0,118.0,12.8,-123.5,28.78,22.8,75.0,12.0
942.0,120.0,13.0,-123.9,28.8,23.0,75.0,12.0
940.0,123.0,13.3,-126.4,28.83,23.3,75.0,12.0
938.0,125.0,13.3,-126.9,28.83,23.3,75.0,12.0
936.0,128.0,13.4,-127.5,28.84,23.4,75.0,12.0
933.0,130.0,13.5,-128.0,28.85,23.5,75.0,12.0
934.0,128.0,13.9,-130.9,28.89,23.9,75.0,12.0
935.0,125.0,14.0,-131.4,28.9,24.0,75.0,12.0
941.0,120.0,14.2,-132.6,28.92,24.2,75.0,12.0
945.0,118.0,14.4,-133.3,28.94,24.4,75.0,12.0
950.0,110.0,14.9,-135.8,28.99,24.9,75.0,12.0
952.0,105.0,15.1,-136.5,28.51,10.1,75.0,12.0
965.0,95.0,15.5,-137.9,28.55,10.5,75.0,12.0
970.0,90.0,15.7,-138.5,28.57,10.7,75.0,12.0
983.0,78.0,16.2,-140.9,28.62,11.2,75.0,12.0
985.0,75.0,16.2,-141.3,28.62,11.2,75.0,12.0
990.0,70.0,16.2,-141.6,28.62,11.2,75.0,12.0
994.0,65.0,16.2,-141.8,28.62,11.2,75.0,12.0
997.0,60.0,16.2,-142.1,28.62,11.2,75.0,12.0
1006.0,30.0,16.2,-142.8,28.62,11.2,75.0,12.0
1007.0,30.0,16.2,-142.9,28.62,11.2,75.0,12.0
1009.0,25.0,16.1,-144.0,28.61,11.100000000000001,75.0,12.0
1009.0,25.0,16.2,-144.4,28.62,11.2,75.0,12.0
1009.0,25.0,16.3,-144.8,28.63,11.3,75.0,12.0
1010.0,25.0,17.3,-148.1,28.73,12.3,75.0,12.0
1010.0,25.0,17.4,-148.8,28.74,12.399999999999999,75.0,12.0
1010.0,25.0,17.5,-149.4,28.75,12.5,75.0,12.0
1007.0,25.0,12.2,-103.1,28.72,22.2,75.0,12.0
1006.0,25.0,12.5,-103.1,28.75,22.5,75.0,12.0
1006.0,28.0,12.8,-103.3,28.78,22.8,75.0,12.0
1005.0,30.0,13.1,-103.4,28.81,23.1,75.0,12.0
1004.0,35.0,15.4,-104.4,28.54,10.4,75.0,12.0
1003.0,35.0,15.9,-104.6,28.59,10.9,75.0,12.0
1002.0,38.0,16.4,-104.9,28.64,11.399999999999999,75.0,12.0
1001.0,40.0,16.8,-105.3,28.68,11.8,75.0,12.0
993.0,53.0,17.9,-107.3,28.79,12.899999999999999,75.0,12.0
991.0,55.0,18.0,-107.7,28.8,13.0,75.0,12.0
993.0,50.0,18.1,-108.4,28.81,13.100000000000001,75.0,12.0
995.0,45.0,18.8,-109.8,28.88,13.8,75.0,12.0
995.0,45.0,19.0,-110.1,28.9,14.0,75.0,12.0
995.0,45.0,19.3,-110.3,28.93,14.3,75.0,12.0
995.0,45.0,19.5,-110.4,28.95,14.5,75.0,12.0
993.0,50.0,20.9,-111.2,28.59,15.899999999999999,75.0,12.0
993.0,50.0,21.4,-111.3,28.64,16.4,75.0,12.0
992.0,53.0,21.9,-111.4,28.69,16.9,75.0,12.0
991.0,55.0,22.5,-111.5,28.75,17.5,75.0,12.0
992.0,53.0,24.8,-113.6,28.98,19.8,75.0,12.0
993.0,50.0,25.1,-114.1,28.51,20.1,75.0,12.0
998.0,45.0,25.6,-115.3,28.56,20.6,75.0,12.0
1009.0,25.0,27.0,-118.3,28.7,22.0,75.0,12.0
1009.0,25.0,27.2,-118.7,28.72,22.2,75.0,12.0
1009.0,25.0,27.5,-119.1,28.75,22.5,75.0,12.0
1009.0,25.0,27.9,-119.5,28.79,22.9,75.0,12.0
1010.0,20.0,27.9,-121.4,28.79,22.9,75.0,12.0
1010.0,20.0,27.9,-121.8,28.79,22.9,75.0,12.0
1011.0,20.0,27.8,-122.2,28.78,22.8,75.0,12.0
1011.0,20.0,27.6,-122.5,28.76,22.6,75.0,12.0
1011.0,20.0,27.7,-124.4,28.77,22.7,75.0,12.0
1011.0,20.0,27.9,-124.7,28.79,22.9,75.0,12.0
1011.0,20.0,28.1,-124.9,28.81,23.1,75.0,12.0
1011.0,20.0,28.4,-125.1,28.84,23.4,75.0,12.0
1012.0,18.0,30.0,-125.2,28.5,10.0,75.0,12.0
1012.0,15.0,30.3,-125.2,28.53,10.3,75.0,12.0
1012.0,15.0,30.5,-125.2,28.55,10.5,75.0,12.0
1012.0,15.0,30.6,-125.2,28.56,10.600000000000001,75.0,12.0
1009.0,30.0,14.1,-121.4,28.91,24.1,75.0,12.0
1007.0,33.0,14.2,-122.0,28.92,24.2,75.0,12.0
1005.0,35.0,14.3,-122.6,28.93,24.3,75.0,12.0
1000.0,43.0,14.8,-125.9,28.98,24.8,75.0,12.0
1000.0,45.0,14.8,-127.3,28.98,24.8,75.0,12.0
1000.0,45.0,14.8,-127.9,28.98,24.8,75.0,12.0
1003.0,38.0,14.9,-131.3,28.99,24.9,75.0,12.0
1004.0,35.0,15.0,-132.0,28.5,10.0,75.0,12.0
1005.0,33.0,15.1,-132.8,28.51,10.1,75.0,12.0
1006.0,30.0,15.2,-133.5,28.52,10.2,75.0,12.0
1007.0,30.0,15.2,-134.3,28.52,10.2,75.0,12.0
1009.0,25.0,15.1,-137.3,28.51,10.1,75.0,12.0
1009.0,25.0,15.0,-138.2,28.5,10.0,75.0,12.0
1010.0,25.0,15.0,-138.9,28.5,10.0,75.0,12.0
1010.0,25.0,15.0,-139.6,28.5,10.0,75.0,12.0
1013.0,25.0,14.7,-144.9,28.97,24.7,75.0,12.0
1013.0,25.0,14.6,-145.7,28.96,24.6,75.0,12.0
1009.0,30.0,12.8,-103.8,28.78,22.8,75.0,12.0
1005.0,35.0,13.9,-105.3,28.89,23.9,75.0,12.0
1004.0,35.0,14.1,-105.5,28.91,24.1,75.0,12.0
1004.0,35.0,14.3,-105.7,28.93,24.3,75.0,12.0
1004.0,35.0,14.4,-105.8,28.94,24.4,75.0,12.0
1005.0,30.0,14.9,-106.8,28.99,24.9,75.0,12.0
1005.0,30.0,15.0,-107.0,28.5,10.0,75.0,12.0
1006.0,28.0,15.1,-107.3,28.51,10.1,75.0,12.0
1006.0,25.0,15.2,-107.5,28.52,10.2,75.0,12.0
1007.0,25.0,15.6,-109.2,28.56,10.6,75.0,12.0
1007.0,25.0,15.7,-109.6,28.57,10.7,75.0,12.0
1008.0,20.0,16.2,-110.2,28.62,11.2,75.0,12.0
1008.0,20.0,17.5,-111.5,28.75,12.5,75.0,12.0
1008.0,20.0,17.7,-111.7,28.77,12.7,75.0,12.0
1009.0,20.0,17.8,-112.0,28.78,12.8,75.0,12.0
1009.0,20.0,17.8,-112.2,28.78,12.8,75.0,12.0
1006.0,30.0,12.9,-113.5,28.79,22.9,75.0,12.0
994.0,53.0,13.5,-116.8,28.85,23.5,75.0,12.0
992.0,55.0,13.7,-117.2,28.87,23.7,75.0,12.0
991.0,58.0,13.9,-117.7,28.89,23.9,75.0,12.0
990.0,60.0,14.1,-118.1,28.91,24.1,75.0,12.0
977.0,78.0,14.7,-121.1,28.97,24.7,75.0,12.0
975.0,80.0,14.8,-121.6,28.98,24.8,75.0,12.0
974.0,83.0,15.0,-122.2,28.5,10.0,75.0,12.0
973.0,85.0,15.2,-122.8,28.52,10.2,75.0,12.0
970.0,90.0,16.2,-125.8,28.62,11.2,75.0,12.0
970.0,90.0,16.4,-126.4,28.64,11.399999999999999,75.0,12.0
970.0,90.0,16.6,-127.0,28.66,11.600000000000001,75.0,12.0
970.0,90.0,16.8,-127.5,28.68,11.8,75.0,12.0
976.0,78.0,17.9,-130.1,28.79,12.899999999999999,75.0,12.0
978.0,75.0,18.1,-130.6,28.81,13.100000000000001,75.0,12.0
980.0,75.0,18.4,-131.1,28.84,13.399999999999999,75.0,12.0
981.0,75.0,18.6,-131.5,28.86,13.600000000000001,75.0,12.0
982.0,73.0,18.9,-131.9,28.89,13.899999999999999,75.0,12.0
992.0,55.0,19.9,-133.5,28.99,14.899999999999999,75.0,12.0
995.0,50.0,20.1,-133.9,28.51,15.100000000000001,75.0,12.0
998.0,48.0,20.4,-134.2,28.54,15.399999999999999,75.0,12.0
1000.0,45.0,20.7,-134.4,28.57,15.7,75.0,12.0
1000.0,45.0,20.9,-134.6,28.59,15.899999999999999,75.0,12.0
1002.0,45.0,21.8,-135.2,28.68,16.8,75.0,12.0
1002.0,45.0,22.0,-135.3,28.7,17.0,75.0,12.0
1003.0,45.0,22.3,-135.4,28.73,17.3,75.0,12.0
1003.0,45.0,22.5,-135.6,28.75,17.5,75.0,12.0
1004.0,43.0,22.6,-135.8,28.76,17.6,75.0,12.0
1007.0,35.0,22.8,-136.8,28.78,17.8,75.0,12.0
1009.0,30.0,22.8,-137.8,28.78,17.8,75.0,12.0
1009.0,30.0,22.8,-138.3,28.78,17.8,75.0,12.0
1009.0,25.0,22.8,-140.3,28.78,17.8,75.0,12.0
1009.0,25.0,23.1,-142.0,28.81,18.1,75.0,12.0
1009.0,25.0,23.2,-142.8,28.82,18.2,75.0,12.0
1005.0,33.0,12.3,-102.3,28.73,22.3,75.0,12.0
1004.0,35.0,12.5,-102.8,28.75,22.5,75.0,12.0
1003.0,38.0,12.8,-103.3,28.78,22.8,75.0,12.0
1002.0,40.0,13.1,-103.9,28.81,23.1,75.0,12.0
987.0,65.0,14.8,-106.7,28.98,24.8,75.0,12.0
955.0,105.0,18.1,-111.6,28.81,13.100000000000001,75.0,12.0
955.0,105.0,18.5,-112.1,28.85,13.5,75.0,12.0
955.0,105.0,18.9,-112.6,28.89,13.899999999999999,75.0,12.0
955.0,105.0,19.2,-113.1,28.92,14.2,75.0,12.0
971.0,88.0,20.4,-114.9,28.54,15.399999999999999,75.0,12.0
973.0,85.0,20.6,-115.2,28.56,15.600000000000001,75.0,12.0
974.0,83.0,20.8,-115.5,28.58,15.8,75.0,12.0
975.0,80.0,20.9,-115.7,28.59,15.899999999999999,75.0,12.0
982.0,68.0,21.6,-116.9,28.66,16.6,75.0,12.0
983.0,65.0,21.8,-117.1,28.68,16.8,75.0,12.0
985.0,60.0,22.0,-117.3,28.7,17.0,75.0,12.0
987.0,55.0,22.1,-117.6,28.71,17.1,75.0,12.0
994.0,48.0,22.7,-118.9,28.77,17.7,75.0,12.0
995.0,45.0,22.8,-119.1,28.78,17.8,75.0,12.0
997.0,43.0,23.0,-119.3,28.8,18.0,75.0,12.0
998.0,40.0,23.1,-119.5,28.81,18.1,75.0,12.0
1004.0,30.0,23.6,-120.8,28.86,18.6,75.0,12.0
1004.0,30.0,23.7,-121.1,28.87,18.7,75.0,12.0
1005.0,28.0,23.8,-121.3,28.88,18.8,75.0,12.0
1005.0,25.0,23.8,-121.6,28.88,18.8,75.0,12.0
1008.0,25.0,23.9,-122.4,28.89,18.9,75.0,12.0
1008.0,25.0,23.9,-122.6,28.89,18.9,75.0,12.0
1009.0,23.0,23.9,-122.7,28.89,18.9,75.0,12.0
1009.0,20.0,23.8,-122.8,28.88,18.8,75.0,12.0
1005.0,25.0,12.3,-94.6,28.73,22.3,75.0,12.0
1003.0,38.0,13.3,-95.9,28.83,23.3,75.0,12.0
1002.0,40.0,13.5,-96.3,28.85,23.5,75.0,12.0
1000.0,45.0,13.6,-96.6,28.86,23.6,75.0,12.0
997.0,50.0,13.7,-96.9,28.87,23.7,75.0,12.0
973.0,85.0,14.1,-98.8,28.91,24.1,75.0,12.0
965.0,95.0,14.2,-99.2,28.92,24.2,75.0,12.0
964.0,98.0,14.6,-99.6,28.96,24.6,75.0,12.0
962.0,100.0,14.9,-100.0,28.99,24.9,75.0,12.0
949.0,115.0,16.4,-102.2,28.64,11.399999999999999,75.0,12.0
948.0,115.0,16.9,-102.7,28.69,11.899999999999999,75.0,12.0
949.0,113.0,17.3,-103.3,28.73,12.3,75.0,12.0
950.0,110.0,17.6,-104.0,28.76,12.600000000000001,75.0,12.0
964.0,95.0,19.6,-106.3,28.96,14.600000000000001,75.0,12.0
968.0,90.0,20.2,-106.7,28.52,15.2,75.0,12.0
968.0,90.0,20.6,-107.2,28.56,15.600000000000001,75.0,12.0
968.0,90.0,21.0,-107.6,28.6,16.0,75.0,12.0
957.0,98.0,22.0,-108.8,28.7,17.0,75.0,12.0
958.0,95.0,22.4,-108.9,28.74,17.4,75.0,12.0
958.0,95.0,23.2,-109.2,28.82,18.2,75.0,12.0
980.0,65.0,24.5,-110.8,28.95,19.5,75.0,12.0
985.0,60.0,24.8,-111.0,28.98,19.8,75.0,12.0
987.0,55.0,25.1,-111.2,28.51,20.1,75.0,12.0
988.0,50.0,25.4,-111.4,28.54,20.4,75.0,12.0
994.0,38.0,27.0,-112.4,28.7,22.0,75.0,12.0
996.0,35.0,27.4,-112.5,28.74,22.4,75.0,12.0
999.0,33.0,27.6,-112.7,28.76,22.6,75.0,12.0
1002.0,30.0,27.9,-112.9,28.79,22.9,75.0,12.0
1007.0,30.0,16.0,-114.0,28.6,11.0,75.0,12.0
997.0,53.0,16.6,-115.1,28.66,11.600000000000001,75.0,12.0
994.0,55.0,16.7,-115.2,28.67,11.7,75.0,12.0
992.0,58.0,16.9,-115.3,28.69,11.899999999999999,75.0,12.0
990.0,60.0,17.0,-115.5,28.7,12.0,75.0,12.0
986.0,68.0,18.0,-116.7,28.8,13.0,75.0,12.0
987.0,65.0,18.2,-116.9,28.82,13.2,75.0,12.0
989.0,65.0,18.4,-117.2,28.84,13.399999999999999,75.0,12.0
990.0,65.0,18.7,-117.4,28.87,13.7,75.0,12.0
997.0,48.0,19.0,-118.4,28.9,14.0,75.0,12.0
998.0,45.0,19.0,-118.6,28.9,14.0,75.0,12.0
1001.0,43.0,19.0,-118.7,28.9,14.0,75.0,12.0
1003.0,40.0,19.0,-118.7,28.9,14.0,75.0,12.0
1006.0,33.0,18.5,-118.8,28.85,13.5,75.0,12.0
1007.0,30.0,18.4,-118.7,28.84,13.399999999999999,75.0,12.0
1008.0,30.0,18.4,-118.6,28.84,13.399999999999999,75.0,12.0
1009.0,30.0,18.3,-118.5,28.83,13.3,75.0,12.0
1007.0,33.0,18.0,-118.1,28.8,13.0,75.0,12.0
1005.0,35.0,17.8,-118.1,28.78,12.8,75.0,12.0
1006.0,35.0,17.8,-118.2,28.78,12.8,75.0,12.0
1006.0,35.0,17.7,-118.3,28.77,12.7,75.0,12.0
1007.0,30.0,16.6,-118.9,28.66,11.600000000000001,75.0,12.0
1007.0,30.0,16.4,-119.1,28.64,11.399999999999999,75.0,12.0
1007.0,30.0,16.3,-119.3,28.63,11.3,75.0,12.0
1007.0,30.0,16.2,-119.5,28.62,11.2,75.0,12.0
1004.0,35.0,16.4,-121.7,28.64,11.399999999999999,75.0,12.0
1003.0,35.0,16.5,-122.3,28.65,11.5,75.0,12.0
1004.0,35.0,16.5,-123.5,28.65,11.5,75.0,12.0
1007.0,30.0,16.5,-126.7,28.65,11.5,75.0,12.0
1007.0,30.0,16.5,-127.3,28.65,11.5,75.0,12.0
1007.0,30.0,16.4,-127.8,28.64,11.399999999999999,75.0,12.0
1007.0,30.0,16.4,-128.2,28.64,11.399999999999999,75.0,12.0
1009.0,25.0,16.1,-129.8,28.61,11.100000000000001,75.0,12.0
1009.0,25.0,16.0,-130.1,28.6,11.0,75.0,12.0
1009.0,25.0,15.8,-130.5,28.58,10.8,75.0,12.0
1009.0,25.0,15.5,-130.9,28.55,10.5,75.0,12.0
1009.0,20.0,15.0,-131.9,28.5,10.0,75.0,12.0
1009.0,20.0,15.0,-131.9,28.5,10.0,75.0,12.0
1009.0,20.0,15.0,-132.0,28.5,10.0,75.0,12.0
1006.0,30.0,15.9,-101.3,28.59,10.9,75.0,12.0
1005.0,30.0,16.2,-101.7,28.62,11.2,75.0,12.0
998.0,43.0,17.4,-104.0,28.74,12.399999999999999,75.0,12.0
997.0,45.0,17.6,-104.4,28.76,12.600000000000001,75.0,12.0
997.0,48.0,17.8,-104.7,28.78,12.8,75.0,12.0
997.0,50.0,18.0,-105.0,28.8,13.0,75.0,12.0
986.0,70.0,19.8,-106.2,28.98,14.8,75.0,12.0
985.0,75.0,20.3,-106.3,28.53,15.3,75.0,12.0
980.0,83.0,20.8,-106.4,28.58,15.8,75.0,12.0
975.0,90.0,21.3,-106.6,28.63,16.3,75.0,12.0
953.0,110.0,23.6,-107.2,28.86,18.6,75.0,12.0
954.0,110.0,24.0,-107.2,28.9,19.0,75.0,12.0
966.0,88.0,24.4,-107.3,28.94,19.4,75.0,12.0
978.0,65.0,24.7,-107.3,28.97,19.7,75.0,12.0
1006.0,25.0,17.3,-115.0,28.73,12.3,75.0,12.0
1002.0,35.0,17.9,-114.3,28.79,12.899999999999999,75.0,12.0
1001.0,35.0,18.1,-114.2,28.81,13.100000000000001,75.0,12.0
1000.0,38.0,18.3,-114.2,28.83,13.3,75.0,12.0
999.0,40.0,18.5,-114.1,28.85,13.5,75.0,12.0
1001.0,38.0,18.9,-113.8,28.89,13.899999999999999,75.0,12.0
1001.0,35.0,19.0,-113.8,28.9,14.0,75.0,12.0
1001.0,35.0,19.1,-113.8,28.91,14.100000000000001,75.0,12.0
1001.0,35.0,19.1,-113.7,28.91,14.100000000000001,75.0,12.0
1004.0,25.0,20.1,-113.7,28.51,15.100000000000001,75.0,12.0
1004.0,25.0,20.3,-113.7,28.53,15.3,75.0,12.0
1005.0,25.0,20.5,-113.8,28.55,15.5,75.0,12.0
1005.0,25.0,20.7,-113.9,28.57,15.7,75.0,12.0
1007.0,25.0,22.1,-114.7,28.71,17.1,75.0,12.0
1007.0,25.0,22.5,-114.8,28.75,17.5,75.0,12.0
1007.0,25.0,23.2,-114.9,28.82,18.2,75.0,12.0
1007.0,23.0,24.1,-114.1,28.91,19.1,75.0,12.0
1007.0,20.0,24.3,-113.8,28.93,19.3,75.0,12.0
1008.0,20.0,24.4,-113.2,28.94,19.4,75.0,12.0
1006.0,30.0,14.2,-117.2,28.92,24.2,75.0,12.0
1003.0,38.0,15.7,-117.8,28.57,10.7,75.0,12.0
1002.0,40.0,15.9,-117.8,28.59,10.9,75.0,12.0
1001.0,43.0,16.1,-117.8,28.61,11.100000000000001,75.0,12.0
1000.0,45.0,16.2,-117.9,28.62,11.2,75.0,12.0
1004.0,33.0,16.6,-118.0,28.66,11.600000000000001,75.0,12.0
1004.0,30.0,16.6,-117.9,28.66,11.600000000000001,75.0,12.0
1005.0,30.0,16.6,-117.6,28.66,11.600000000000001,75.0,12.0
1005.0,30.0,16.7,-117.3,28.67,11.7,75.0,12.0
1006.0,25.0,16.9,-115.5,28.69,11.899999999999999,75.0,12.0
1006.0,25.0,17.0,-115.2,28.7,12.0,75.0,12.0
1006.0,25.0,16.9,-114.9,28.69,11.899999999999999,75.0,12.0
1006.0,25.0,16.9,-114.6,28.69,11.899999999999999,75.0,12.0
1006.0,25.0,16.1,-112.9,28.61,11.100000000000001,75.0,12.0
1006.0,25.0,15.9,-112.6,28.59,10.9,75.0,12.0
1006.0,25.0,15.8,-112.4,28.58,10.8,75.0,12.0
1006.0,25.0,15.7,-112.2,28.57,10.7,75.0,12.0
1005.0,30.0,14.9,-111.0,28.99,24.9,75.0,12.0
1005.0,30.0,14.8,-110.6,28.98,24.8,75.0,12.0
1005.0,30.0,14.7,-109.7,28.97,24.7,75.0,12.0
1005.0,30.0,14.9,-105.1,28.99,24.9,75.0,12.0
1004.0,30.0,15.3,-104.3,28.53,10.3,75.0,12.0
1002.0,30.0,16.4,-103.6,28.64,11.399999999999999,75.0,12.0
1001.0,30.0,18.5,-104.3,28.85,13.5,75.0,12.0
1000.0,30.0,18.8,-104.6,28.88,13.8,75.0,12.0
1005.0,30.0,12.8,-127.7,28.78,22.8,75.0,12.0
1005.0,30.0,13.1,-127.7,28.81,23.1,75.0,12.0
1005.0,30.0,13.3,-127.7,28.83,23.3,75.0,12.0
1001.0,40.0,14.9,-126.9,28.99,24.9,75.0,12.0
1000.0,40.0,15.4,-126.5,28.54,10.4,75.0,12.0
1001.0,40.0,15.8,-126.1,28.58,10.8,75.0,12.0
1001.0,40.0,16.2,-125.7,28.62,11.2,75.0,12.0
1005.0,30.0,17.0,-124.3,28.7,12.0,75.0,12.0
1005.0,30.0,17.1,-123.9,28.71,12.100000000000001,75.0,12.0
1006.0,30.0,17.2,-123.5,28.72,12.2,75.0,12.0
1006.0,30.0,17.3,-123.1,28.73,12.3,75.0,12.0
1008.0,25.0,17.6,-121.1,28.76,12.600000000000001,75.0,12.0
1008.0,25.0,17.6,-120.6,28.76,12.600000000000001,75.0,12.0
1008.0,25.0,17.5,-120.3,28.75,12.5,75.0,12.0
1008.0,25.0,17.3,-119.9,28.73,12.3,75.0,12.0
1008.0,25.0,16.6,-118.2,28.66,11.600000000000001,75.0,12.0
1008.0,25.0,16.5,-117.8,28.65,11.5,75.0,12.0
1008.0,25.0,16.4,-117.3,28.64,11.399999999999999,75.0,12.0
1008.0,25.0,16.2,-116.8,28.62,11.2,75.0,12.0
1009.0,20.0,15.1,-113.7,28.51,10.1,75.0,12.0
1009.0,20.0,14.8,-113.0,28.98,24.8,75.0,12.0
1001.0,40.0,15.8,-107.0,28.58,10.8,75.0,12.0
1000.0,45.0,15.8,-107.4,28.58,10.8,75.0,12.0
1000.0,45.0,15.8,-107.8,28.58,10.8,75.0,12.0
1000.0,45.0,15.8,-108.1,28.58,10.8,75.0,12.0
997.0,50.0,15.8,-109.8,28.58,10.8,75.0,12.0
994.0,55.0,15.8,-110.2,28.58,10.8,75.0,12.0
987.0,65.0,15.9,-110.5,28.59,10.9,75.0,12.0
980.0,75.0,15.9,-110.8,28.59,10.9,75.0,12.0
974.0,85.0,16.5,-111.5,28.65,11.5,75.0,12.0
978.0,80.0,16.7,-111.6,28.67,11.7,75.0,12.0
979.0,78.0,17.0,-111.7,28.7,12.0,75.0,12.0
979.0,75.0,17.3,-111.8,28.73,12.3,75.0,12.0
995.0,50.0,19.3,-111.7,28.93,14.3,75.0,12.0
998.0,45.0,19.8,-111.5,28.98,14.8,75.0,12.0
999.0,43.0,20.3,-111.3,28.53,15.3,75.0,12.0
1000.0,40.0,20.8,-111.0,28.58,15.8,75.0,12.0
1002.0,38.0,23.1,-108.7,28.81,18.1,75.0,12.0
1003.0,35.0,23.7,-108.1,28.87,18.7,75.0,12.0
1004.0,30.0,24.1,-108.1,28.91,19.1,75.0,12.0
1005.0,25.0,24.5,-108.1,28.95,19.5,75.0,12.0
1008.0,30.0,16.8,-104.1,28.68,11.8,75.0,12.0
1007.0,30.0,16.8,-104.3,28.68,11.8,75.0,12.0
1007.0,30.0,16.8,-104.5,28.68,11.8,75.0,12.0
1007.0,30.0,16.7,-104.7,28.67,11.7,75.0,12.0
1009.0,25.0,15.9,-105.3,28.59,10.9,75.0,12.0
1009.0,25.0,15.7,-105.5,28.57,10.7,75.0,12.0
1010.0,23.0,15.8,-105.7,28.58,10.8,75.0,12.0
1010.0,20.0,15.8,-105.8,28.58,10.8,75.0,12.0
1010.0,20.0,16.0,-107.3,28.6,11.0,75.0,12.0
1010.0,20.0,16.0,-107.7,28.6,11.0,75.0,12.0
1010.0,20.0,16.0,-108.2,28.6,11.0,75.0,12.0
1010.0,20.0,16.0,-108.7,28.6,11.0,75.0,12.0
1004.0,30.0,13.6,-104.3,28.86,23.6,75.0,12.0
1004.0,30.0,13.8,-104.5,28.88,23.8,75.0,12.0
1004.0,30.0,14.1,-104.7,28.91,24.1,75.0,12.0
1004.0,30.0,14.3,-104.9,28.93,24.3,75.0,12.0
1002.0,35.0,15.2,-105.5,28.52,10.2,75.0,12.0
1002.0,35.0,15.3,-105.5,28.53,10.3,75.0,12.0
1003.0,33.0,15.4,-105.6,28.54,10.4,75.0,12.0
1004.0,30.0,15.5,-105.6,28.55,10.5,75.0,12.0
1007.0,25.0,15.9,-106.1,28.59,10.9,75.0,12.0
1007.0,25.0,16.0,-106.3,28.6,11.0,75.0,12.0
1007.0,30.0,13.1,-112.3,28.81,23.1,75.0,12.0
1009.0,25.0,12.3,-103.6,28.73,22.3,75.0,12.0
1008.0,25.0,12.7,-104.0,28.77,22.7,75.0,12.0
1003.0,43.0,13.0,-104.4,28.8,23.0,75.0,12.0
1000.0,50.0,13.0,-104.5,28.8,23.0,75.0,12.0
975.0,88.0,12.2,-103.8,28.72,22.2,75.0,12.0
965.0,95.0,12.0,-103.7,28.7,22.0,75.0,12.0
968.0,93.0,12.1,-103.5,28.71,22.1,75.0,12.0
970.0,90.0,12.1,-103.3,28.71,22.1,75.0,12.0
978.0,78.0,13.0,-102.8,28.8,23.0,75.0,12.0
980.0,70.0,13.2,-102.8,28.82,23.2,75.0,12.0
981.0,70.0,13.4,-102.8,28.84,23.4,75.0,12.0
982.0,70.0,13.5,-102.8,28.85,23.5,75.0,12.0
1000.0,45.0,13.9,-102.6,28.89,23.9,75.0,12.0
1002.0,40.0,14.0,-102.6,28.9,24.0,75.0,12.0
1002.0,40.0,14.2,-102.8,28.92,24.2,75.0,12.0
1002.0,40.0,14.3,-102.9,28.93,24.3,75.0,12.0
1000.0,45.0,15.2,-104.1,28.52,10.2,75.0,12.0
1000.0,45.0,15.3,-104.4,28.53,10.3,75.0,12.0
1001.0,43.0,15.4,-104.7,28.54,10.4,75.0,12.0
1002.0,40.0,15.5,-104.9,28.55,10.5,75.0,12.0
1005.0,35.0,15.3,-105.6,28.53,10.3,75.0,12.0
1005.0,35.0,15.2,-105.8,28.52,10.2,75.0,12.0
1005.0,33.0,15.1,-106.0,28.51,10.1,75.0,12.0
1005.0,30.0,15.0,-106.2,28.5,10.0,75.0,12.0
1006.0,28.0,14.8,-107.3,28.98,24.8,75.0,12.0
1006.0,25.0,14.8,-107.6,28.98,24.8,75.0,12.0
1006.0,30.0,12.8,-110.6,28.78,22.8,75.0,12.0
1007.0,25.0,13.1,-111.1,28.81,23.1,75.0,12.0
1007.0,25.0,13.1,-111.1,28.81,23.1,75.0,12.0
1007.0,25.0,13.1,-111.3,28.81,23.1,75.0,12.0
1007.0,25.0,13.1,-111.6,28.81,23.1,75.0,12.0
1005.0,30.0,12.9,-112.7,28.79,22.9,75.0,12.0
1005.0,30.0,12.9,-112.8,28.79,22.9,75.0,12.0
1005.0,33.0,12.9,-112.9,28.79,22.9,75.0,12.0
1004.0,35.0,12.8,-113.1,28.78,22.8,75.0,12.0
1004.0,35.0,12.8,-113.7,28.78,22.8,75.0,12.0
1004.0,35.0,12.8,-113.8,28.78,22.8,75.0,12.0
1004.0,35.0,12.9,-113.9,28.79,22.9,75.0,12.0
1004.0,35.0,12.9,-114.1,28.79,22.9,75.0,12.0
1005.0,30.0,13.3,-114.7,28.83,23.3,75.0,12.0
1005.0,30.0,13.3,-114.8,28.83,23.3,75.0,12.0
1005.0,30.0,13.3,-114.9,28.83,23.3,75.0,12.0
1005.0,30.0,13.2,-115.0,28.82,23.2,75.0,12.0
1008.0,25.0,12.9,-115.8,28.79,22.9,75.0,12.0
1008.0,25.0,12.8,-116.0,28.78,22.8,75.0,12.0
1008.0,25.0,12.8,-116.2,28.78,22.8,75.0,12.0
1008.0,25.0,12.8,-116.4,28.78,22.8,75.0,12.0
1008.0,25.0,12.4,-117.7,28.74,22.4,75.0,12.0
1008.0,25.0,12.3,-117.9,28.73,22.3,75.0,12.0
1008.0,25.0,12.2,-118.1,28.72,22.2,75.0,12.0
1008.0,25.0,12.1,-118.3,28.71,22.1,75.0,12.0
1008.0,25.0,11.4,-119.6,28.64,21.4,75.0,12.0
1008.0,25.0,11.3,-119.8,28.63,21.3,75.0,12.0
1008.0,25.0,11.2,-120.0,28.62,21.2,75.0,12.0
1008.0,25.0,11.1,-120.2,28.61,21.1,75.0,12.0
1008.0,25.0,10.8,-121.2,28.58,20.8,75.0,12.0
1008.0,25.0,10.7,-121.3,28.57,20.7,75.0,12.0
1008.0,25.0,10.7,-121.6,28.57,20.7,75.0,12.0
1008.0,25.0,10.7,-121.8,28.57,20.7,75.0,12.0
1008.0,25.0,10.6,-123.6,28.56,20.6,75.0,12.0
1008.0,25.0,10.6,-124.0,28.56,20.6,75.0,12.0
1008.0,25.0,10.6,-124.3,28.56,20.6,75.0,12.0
1008.0,25.0,10.5,-124.7,28.55,20.5,75.0,12.0
1008.0,25.0,10.9,-125.9,28.59,20.9,75.0,12.0
1008.0,25.0,10.9,-126.1,28.59,20.9,75.0,12.0
1008.0,25.0,10.9,-126.3,28.59,20.9,75.0,12.0
1008.0,25.0,10.9,-126.5,28.59,20.9,75.0,12.0
1007.0,30.0,14.2,-97.5,28.92,24.2,75.0,12.0
1007.0,30.0,14.2,-97.5,28.92,24.2,75.0,12.0
1007.0,30.0,14.2,-97.5,28.92,24.2,75.0,12.0
1004.0,38.0,13.8,-97.3,28.88,23.8,75.0,12.0
1003.0,40.0,13.6,-97.2,28.86,23.6,75.0,12.0
1003.0,40.0,13.4,-97.1,28.84,23.4,75.0,12.0
1002.0,40.0,13.2,-96.9,28.82,23.2,75.0,12.0
1004.0,35.0,13.0,-96.1,28.8,23.0,75.0,12.0
1004.0,35.0,12.9,-95.9,28.79,22.9,75.0,12.0
1004.0,35.0,12.9,-95.7,28.79,22.9,75.0,12.0
1005.0,33.0,12.9,-95.5,28.79,22.9,75.0,12.0
1005.0,30.0,12.9,-95.3,28.79,22.9,75.0,12.0
1001.0,45.0,13.2,-94.4,28.82,23.2,75.0,12.0
1001.0,45.0,13.3,-94.1,28.83,23.3,75.0,12.0
1000.0,45.0,13.4,-93.8,28.84,23.4,75.0,12.0
1000.0,45.0,13.6,-93.5,28.86,23.6,75.0,12.0
1000.0,45.0,13.7,-93.3,28.87,23.7,75.0,12.0
1000.0,45.0,14.6,-92.5,28.96,24.6,75.0,12.0
1003.0,35.0,14.9,-92.4,28.99,24.9,75.0,12.0
1006.0,25.0,15.2,-92.3,28.52,10.2,75.0,12.0
1005.0,30.0,15.9,-110.7,28.59,10.9,75.0,12.0
1005.0,30.0,16.2,-111.0,28.62,11.2,75.0,12.0
1004.0,30.0,17.0,-111.6,28.7,12.0,75.0,12.0
1006.0,25.0,18.2,-113.4,28.82,13.2,75.0,12.0
1006.0,25.0,18.4,-113.8,28.84,13.399999999999999,75.0,12.0
1007.0,25.0,18.6,-114.2,28.86,13.600000000000001,75.0,12.0
1007.0,25.0,18.8,-114.5,28.88,13.8,75.0,12.0
1009.0,20.0,19.5,-115.7,28.95,14.5,75.0,12.0
1009.0,20.0,19.6,-115.8,28.96,14.600000000000001,75.0,12.0
1009.0,18.0,19.8,-115.9,28.98,14.8,75.0,12.0
1009.0,15.0,20.0,-116.0,28.5,15.0,75.0,12.0
1009.0,15.0,20.1,-116.4,28.51,15.100000000000001,75.0,12.0
1009.0,15.0,20.1,-116.6,28.51,15.100000000000001,75.0,12.0
1009.0,15.0,20.1,-116.8,28.51,15.100000000000001,75.0,12.0
1006.0,30.0,17.0,-118.6,28.7,12.0,75.0,12.0
1006.0,30.0,17.3,-118.9,28.73,12.3,75.0,12.0
1006.0,30.0,17.5,-119.3,28.75,12.5,75.0,12.0
1006.0,28.0,18.9,-121.3,28.89,13.899999999999999,75.0,12.0
1006.0,25.0,19.0,-121.6,28.9,14.0,75.0,12.0
1007.0,25.0,19.0,-122.1,28.9,14.0,75.0,12.0
1007.0,25.0,19.0,-122.5,28.9,14.0,75.0,12.0
1009.0,23.0,19.5,-124.7,28.95,14.5,75.0,12.0
1009.0,20.0,19.6,-125.1,28.96,14.600000000000001,75.0,12.0
1006.0,30.0,15.6,-114.8,28.56,10.6,75.0,12.0
1006.0,30.0,15.7,-115.4,28.57,10.7,75.0,12.0
1007.0,28.0,15.8,-116.1,28.58,10.8,75.0,12.0
1008.0,25.0,15.8,-116.7,28.58,10.8,75.0,12.0
1008.0,25.0,16.9,-119.8,28.69,11.899999999999999,75.0,12.0
1008.0,25.0,17.0,-120.5,28.7,12.0,75.0,12.0
1009.0,25.0,17.2,-121.1,28.72,12.2,75.0,12.0
1009.0,25.0,17.4,-121.7,28.74,12.399999999999999,75.0,12.0
1007.0,25.0,11.3,-126.1,28.63,21.3,75.0,12.0
1007.0,25.0,11.3,-126.3,28.63,21.3,75.0,12.0
1007.0,25.0,11.4,-126.4,28.64,21.4,75.0,12.0
1006.0,25.0,11.6,-126.6,28.66,21.6,75.0,12.0
1006.0,33.0,12.3,-127.5,28.73,22.3,75.0,12.0
1005.0,35.0,12.5,-127.7,28.75,22.5,75.0,12.0
1003.0,40.0,12.8,-128.1,28.78,22.8,75.0,12.0
1000.0,45.0,13.0,-128.4,28.8,23.0,75.0,12.0
990.0,63.0,14.2,-130.4,28.92,24.2,75.0,12.0
987.0,65.0,14.4,-130.9,28.94,24.4,75.0,12.0
990.0,63.0,14.6,-131.4,28.96,24.6,75.0,12.0
992.0,60.0,14.8,-131.8,28.98,24.8,75.0,12.0
995.0,58.0,14.9,-132.3,28.99,24.9,75.0,12.0
1003.0,40.0,14.9,-134.3,28.99,24.9,75.0,12.0
1005.0,35.0,14.9,-134.8,28.99,24.9,75.0,12.0
1005.0,35.0,14.9,-135.4,28.99,24.9,75.0,12.0
1005.0,35.0,15.0,-136.0,28.5,10.0,75.0,12.0
1005.0,35.0,15.1,-136.6,28.51,10.1,75.0,12.0
1006.0,30.0,15.0,-139.5,28.5,10.0,75.0,12.0
1007.0,30.0,15.1,-140.1,28.51,10.1,75.0,12.0
1008.0,30.0,15.2,-140.7,28.52,10.2,75.0,12.0
1009.0,30.0,15.3,-141.3,28.53,10.3,75.0,12.0
1010.0,30.0,15.6,-144.3,28.56,10.6,75.0,12.0
1010.0,30.0,15.9,-145.8,28.59,10.9,75.0,12.0
1010.0,30.0,16.0,-146.6,28.6,11.0,75.0,12.0
1010.0,30.0,16.5,-152.8,28.65,11.5,75.0,12.0
1010.0,30.0,16.5,-153.8,28.65,11.5,75.0,12.0
1010.0,30.0,16.4,-154.8,28.64,11.399999999999999,75.0,12.0
1010.0,30.0,16.3,-160.1,28.63,11.3,75.0,12.0
1010.0,30.0,16.4,-161.0,28.64,11.399999999999999,75.0,12.0
1010.0,30.0,16.4,-161.8,28.64,11.399999999999999,75.0,12.0
1011.0,25.0,16.1,-167.4,28.61,11.100000000000001,75.0,12.0
1011.0,25.0,16.1,-168.3,28.61,11.100000000000001,75.0,12.0
1011.0,25.0,16.0,-169.2,28.6,11.0,75.0,12.0
1011.0,25.0,15.7,-174.2,28.57,10.7,75.0,12.0
1011.0,25.0,15.7,-175.0,28.57,10.7,75.0,12.0
1011.0,25.0,15.7,-175.9,28.57,10.7,75.0,12.0
1008.0,25.0,12.5,-104.6,28.75,22.5,75.0,12.0
1007.0,30.0,12.8,-106.3,28.78,22.8,75.0,12.0
1007.0,30.0,12.9,-106.6,28.79,22.9,75.0,12.0
1007.0,30.0,13.1,-106.9,28.81,23.1,75.0,12.0
1007.0,30.0,13.2,-107.3,28.82,23.2,75.0,12.0
1006.0,30.0,14.8,-108.7,28.98,24.8,75.0,12.0
1006.0,30.0,15.1,-108.9,28.51,10.1,75.0,12.0
1006.0,33.0,15.4,-109.1,28.54,10.4,75.0,12.0
1005.0,35.0,15.8,-109.3,28.58,10.8,75.0,12.0
1001.0,43.0,17.2,-110.2,28.72,12.2,75.0,12.0
999.0,45.0,17.5,-110.3,28.75,12.5,75.0,12.0
997.0,48.0,17.8,-110.4,28.78,12.8,75.0,12.0
995.0,50.0,18.1,-110.6,28.81,13.100000000000001,75.0,12.0
999.0,45.0,19.6,-111.6,28.96,14.600000000000001,75.0,12.0
1000.0,45.0,19.8,-111.8,28.98,14.8,75.0,12.0
1000.0,45.0,20.1,-112.1,28.51,15.100000000000001,75.0,12.0
1000.0,45.0,20.3,-112.3,28.53,15.3,75.0,12.0
1001.0,43.0,21.8,-114.3,28.68,16.8,75.0,12.0
1002.0,40.0,22.0,-114.8,28.7,17.0,75.0,12.0
1003.0,38.0,22.2,-115.3,28.72,17.2,75.0,12.0
1003.0,35.0,22.4,-115.7,28.74,17.4,75.0,12.0
1007.0,25.0,23.1,-117.8,28.81,18.1,75.0,12.0
1008.0,25.0,23.3,-118.2,28.83,18.3,75.0,12.0
1009.0,25.0,23.5,-118.6,28.85,18.5,75.0,12.0
1009.0,25.0,23.6,-118.9,28.86,18.6,75.0,12.0
1009.0,25.0,24.4,-120.7,28.94,19.4,75.0,12.0
1009.0,25.0,24.5,-121.0,28.95,19.5,75.0,12.0
1009.0,25.0,24.6,-121.3,28.96,19.6,75.0,12.0
1009.0,25.0,24.6,-121.5,28.96,19.6,75.0,12.0
1009.0,25.0,24.5,-122.3,28.95,19.5,75.0,12.0
1009.0,25.0,24.4,-122.5,28.94,19.4,75.0,12.0
1009.0,23.0,24.3,-122.5,28.93,19.3,75.0,12.0
1009.0,20.0,24.1,-122.5,28.91,19.1,75.0,12.0
1008.0,28.0,12.9,-123.0,28.79,22.9,75.0,12.0
1007.0,30.0,12.9,-123.4,28.79,22.9,75.0,12.0
1006.0,33.0,12.9,-123.8,28.79,22.9,75.0,12.0
1005.0,35.0,13.1,-126.2,28.81,23.1,75.0,12.0
1005.0,35.0,13.2,-126.7,28.82,23.2,75.0,12.0
1006.0,33.0,13.3,-127.2,28.83,23.3,75.0,12.0
1006.0,30.0,13.3,-127.7,28.83,23.3,75.0,12.0
1007.0,30.0,13.4,-126.4,28.84,23.4,75.0,12.0
1004.0,33.0,13.3,-127.1,28.83,23.3,75.0,12.0
1000.0,35.0,13.2,-127.8,28.82,23.2,75.0,12.0
996.0,50.0,12.8,-131.1,28.78,22.8,75.0,12.0
995.0,55.0,12.7,-131.8,28.77,22.7,75.0,12.0
995.0,55.0,12.6,-132.4,28.76,22.6,75.0,12.0
994.0,55.0,12.6,-133.1,28.76,22.6,75.0,12.0
981.0,75.0,12.6,-136.0,28.76,22.6,75.0,12.0
977.0,80.0,12.6,-136.6,28.76,22.6,75.0,12.0
970.0,90.0,12.6,-137.7,28.76,22.6,75.0,12.0
950.0,115.0,12.8,-140.1,28.78,22.8,75.0,12.0
950.0,115.0,12.9,-140.6,28.79,22.9,75.0,12.0
950.0,118.0,13.1,-141.1,28.81,23.1,75.0,12.0
949.0,120.0,13.2,-141.7,28.82,23.2,75.0,12.0
950.0,120.0,13.3,-142.3,28.83,23.3,75.0,12.0
958.0,115.0,13.9,-146.4,28.89,23.9,75.0,12.0
958.0,115.0,14.1,-147.0,28.91,24.1,75.0,12.0
959.0,113.0,15.4,-150.8,28.54,10.4,75.0,12.0
960.0,110.0,15.7,-151.4,28.57,10.7,75.0,12.0
965.0,105.0,15.9,-152.0,28.59,10.9,75.0,12.0
979.0,88.0,17.1,-154.8,28.71,12.100000000000001,75.0,12.0
1007.0,38.0,17.4,-158.5,28.74,12.399999999999999,75.0,12.0
1007.0,35.0,17.4,-159.0,28.74,12.399999999999999,75.0,12.0
1008.0,33.0,17.3,-159.6,28.73,12.3,75.0,12.0
1004.0,33.0,19.4,-109.5,28.94,14.399999999999999,75.0,12.0
1003.0,35.0,19.5,-110.0,28.95,14.5,75.0,12.0
1003.0,35.0,19.4,-110.6,28.94,14.399999999999999,75.0,12.0
1003.0,35.0,19.4,-111.2,28.94,14.399999999999999,75.0,12.0
1002.0,40.0,19.2,-113.6,28.92,14.2,75.0,12.0
1002.0,40.0,19.1,-114.5,28.91,14.100000000000001,75.0,12.0
1002.0,40.0,19.1,-114.9,28.91,14.100000000000001,75.0,12.0
1005.0,35.0,18.8,-117.3,28.88,13.8,75.0,12.0
1005.0,33.0,18.6,-118.2,28.86,13.600000000000001,75.0,12.0
1005.0,30.0,18.6,-118.6,28.86,13.600000000000001,75.0,12.0
1005.0,25.0,18.9,-120.8,28.89,13.899999999999999,75.0,12.0
1005.0,25.0,19.0,-121.2,28.9,14.0,75.0,12.0
1005.0,25.0,19.1,-121.7,28.91,14.100000000000001,75.0,12.0
1005.0,25.0,19.2,-122.1,28.92,14.2,75.0,12.0
1007.0,23.0,19.8,-123.8,28.98,14.8,75.0,12.0
1007.0,20.0,20.0,-123.9,28.5,15.0,75.0,12.0
1008.0,20.0,20.1,-124.1,28.51,15.100000000000001,75.0,12.0
1007.0,30.0,13.9,-96.8,28.89,23.9,75.0,12.0
1006.0,30.0,14.4,-97.6,28.94,24.4,75.0,12.0
1006.0,30.0,14.6,-98.0,28.96,24.6,75.0,12.0
1001.0,38.0,16.0,-100.1,28.6,11.0,75.0,12.0
1000.0,40.0,16.3,-100.6,28.63,11.3,75.0,12.0
999.0,43.0,16.6,-101.1,28.66,11.600000000000001,75.0,12.0
997.0,45.0,16.8,-101.6,28.68,11.8,75.0,12.0
997.0,48.0,17.8,-104.3,28.78,12.8,75.0,12.0
996.0,50.0,17.9,-104.7,28.79,12.899999999999999,75.0,12.0
996.0,50.0,17.9,-105.0,28.79,12.899999999999999,75.0,12.0
995.0,50.0,18.0,-105.3,28.8,13.0,75.0,12.0
994.0,55.0,18.4,-106.3,28.84,13.399999999999999,75.0,12.0
994.0,55.0,18.5,-106.5,28.85,13.5,75.0,12.0
994.0,55.0,18.6,-106.7,28.86,13.600000000000001,75.0,12.0
993.0,55.0,18.7,-106.8,28.87,13.7,75.0,12.0
986.0,60.0,19.6,-108.2,28.96,14.600000000000001,75.0,12.0
983.0,60.0,19.8,-108.4,28.98,14.8,75.0,12.0
981.0,60.0,20.1,-108.6,28.51,15.100000000000001,75.0,12.0
978.0,60.0,20.3,-108.7,28.53,15.3,75.0,12.0
972.0,73.0,22.1,-109.4,28.71,17.1,75.0,12.0
972.0,70.0,22.6,-109.6,28.76,17.6,75.0,12.0
974.0,68.0,23.1,-109.7,28.81,18.1,75.0,12.0
975.0,65.0,23.6,-109.8,28.86,18.6,75.0,12.0
985.0,65.0,26.1,-110.6,28.61,21.1,75.0,12.0
986.0,65.0,26.6,-110.7,28.66,21.6,75.0,12.0
988.0,63.0,27.3,-110.8,28.73,22.3,75.0,12.0
990.0,60.0,27.9,-110.9,28.79,22.9,75.0,12.0
1006.0,28.0,13.4,-107.5,28.84,23.4,75.0,12.0
1005.0,30.0,13.7,-107.9,28.87,23.7,75.0,12.0
1004.0,35.0,13.9,-108.3,28.89,23.9,75.0,12.0
1002.0,40.0,14.2,-108.8,28.92,24.2,75.0,12.0
993.0,58.0,15.2,-111.2,28.52,10.2,75.0,12.0
991.0,60.0,15.3,-111.6,28.53,10.3,75.0,12.0
989.0,63.0,15.5,-111.8,28.55,10.5,75.0,12.0
987.0,65.0,15.7,-112.1,28.57,10.7,75.0,12.0
986.0,68.0,17.1,-112.9,28.71,12.100000000000001,75.0,12.0
985.0,70.0,17.5,-113.1,28.75,12.5,75.0,12.0
985.0,70.0,17.9,-113.3,28.79,12.899999999999999,75.0,12.0
984.0,70.0,18.2,-113.4,28.82,13.2,75.0,12.0
989.0,63.0,19.6,-113.6,28.96,14.600000000000001,75.0,12.0
990.0,60.0,19.8,-113.5,28.98,14.8,75.0,12.0
992.0,58.0,20.1,-113.4,28.51,15.100000000000001,75.0,12.0
994.0,55.0,20.3,-113.3,28.53,15.3,75.0,12.0
1001.0,40.0,21.4,-112.7,28.64,16.4,75.0,12.0
1002.0,35.0,21.6,-112.5,28.66,16.6,75.0,12.0
1003.0,33.0,21.8,-112.3,28.68,16.8,75.0,12.0
1004.0,30.0,21.9,-112.1,28.69,16.9,75.0,12.0
1007.0,25.0,22.0,-111.3,28.7,17.0,75.0,12.0
1007.0,25.0,22.0,-110.9,28.7,17.0,75.0,12.0
1007.0,25.0,22.0,-110.7,28.7,17.0,75.0,12.0
1009.0,15.0,21.9,-110.0,28.69,16.9,75.0,12.0
1009.0,15.0,21.9,-109.9,28.69,16.9,75.0,12.0
1010.0,15.0,21.9,-109.8,28.69,16.9,75.0,12.0
1010.0,15.0,21.8,-109.6,28.68,16.8,75.0,12.0
1007.0,30.0,17.2,-128.0,28.72,12.2,75.0,12.0
1007.0,30.0,17.5,-128.8,28.75,12.5,75.0,12.0
1007.0,30.0,17.6,-129.1,28.76,12.600000000000001,75.0,12.0
1008.0,25.0,17.8,-130.1,28.78,12.8,75.0,12.0
1008.0,25.0,17.8,-130.2,28.78,12.8,75.0,12.0
1008.0,23.0,17.8,-130.3,28.78,12.8,75.0,12.0
1008.0,20.0,17.7,-130.3,28.77,12.7,75.0,12.0
1008.0,20.0,17.0,-130.7,28.7,12.0,75.0,12.0
1008.0,20.0,16.8,-130.7,28.68,11.8,75.0,12.0
1008.0,20.0,16.7,-130.4,28.67,11.7,75.0,12.0
1008.0,20.0,16.6,-130.1,28.66,11.600000000000001,75.0,12.0
1009.0,20.0,16.9,-128.4,28.69,11.899999999999999,75.0,12.0
1009.0,20.0,16.9,-128.2,28.69,11.899999999999999,75.0,12.0
1009.0,20.0,16.9,-128.1,28.69,11.899999999999999,75.0,12.0
1009.0,20.0,16.9,-127.9,28.69,11.899999999999999,75.0,12.0
1009.0,20.0,16.9,-127.3,28.69,11.899999999999999,75.0,12.0
1009.0,20.0,17.0,-127.3,28.7,12.0,75.0,12.0
1010.0,20.0,17.1,-127.4,28.71,12.100000000000001,75.0,12.0
1010.0,20.0,17.2,-127.6,28.72,12.2,75.0,12.0
1011.0,20.0,17.7,-128.9,28.77,12.7,75.0,12.0
1011.0,20.0,17.9,-129.3,28.79,12.899999999999999,75.0,12.0
1011.0,20.0,17.9,-129.8,28.79,12.899999999999999,75.0,12.0
1011.0,20.0,18.0,-130.3,28.8,13.0,75.0,12.0
1006.0,30.0,14.7,-108.9,28.97,24.7,75.0,12.0
1004.0,35.0,15.7,-111.3,28.57,10.7,75.0,12.0
1003.0,35.0,16.0,-111.7,28.6,11.0,75.0,12.0
1003.0,35.0,16.4,-112.0,28.64,11.399999999999999,75.0,12.0
1003.0,35.0,16.7,-112.2,28.67,11.7,75.0,12.0
997.0,50.0,18.5,-113.3,28.85,13.5,75.0,12.0
1000.0,45.0,19.7,-114.0,28.97,14.7,75.0,12.0
1003.0,38.0,21.9,-115.3,28.69,16.9,75.0,12.0
1003.0,35.0,22.3,-115.4,28.73,17.3,75.0,12.0
1004.0,33.0,22.7,-115.6,28.77,17.7,75.0,12.0
1004.0,30.0,23.1,-115.8,28.81,18.1,75.0,12.0
1006.0,25.0,23.9,-116.2,28.89,18.9,75.0,12.0
1006.0,25.0,24.0,-116.2,28.9,19.0,75.0,12.0
1006.0,25.0,24.0,-116.2,28.9,19.0,75.0,12.0
1006.0,25.0,24.0,-116.1,28.9,19.0,75.0,12.0
1007.0,25.0,23.7,-115.8,28.87,18.7,75.0,12.0
1007.0,25.0,23.6,-115.6,28.86,18.6,75.0,12.0
1007.0,25.0,23.5,-115.3,28.85,18.5,75.0,12.0
1007.0,25.0,23.4,-115.1,28.84,18.4,75.0,12.0
1008.0,25.0,22.6,-113.4,28.76,17.6,75.0,12.0
1008.0,25.0,22.4,-113.0,28.74,17.4,75.0,12.0
1008.0,25.0,22.1,-112.5,28.71,17.1,75.0,12.0
1008.0,25.0,21.9,-112.0,28.69,16.9,75.0,12.0
1005.0,25.0,15.0,-108.7,28.5,10.0,75.0,12.0
1003.0,30.0,14.8,-108.9,28.98,24.8,75.0,12.0
1003.0,30.0,14.7,-108.9,28.97,24.7,75.0,12.0
1003.0,30.0,14.6,-108.9,28.96,24.6,75.0,12.0
1002.0,30.0,14.5,-108.9,28.95,24.5,75.0,12.0
1001.0,33.0,14.1,-108.2,28.91,24.1,75.0,12.0
1001.0,30.0,14.0,-108.0,28.9,24.0,75.0,12.0
1001.0,30.0,14.0,-107.8,28.9,24.0,75.0,12.0
1000.0,35.0,14.4,-106.0,28.94,24.4,75.0,12.0
1000.0,35.0,14.5,-105.6,28.95,24.5,75.0,12.0
1000.0,35.0,14.6,-105.3,28.96,24.6,75.0,12.0
1000.0,35.0,14.7,-104.9,28.97,24.7,75.0,12.0
1000.0,35.0,16.3,-103.8,28.63,11.3,75.0,12.0
1000.0,35.0,16.6,-104.1,28.66,11.600000000000001,75.0,12.0
1000.0,35.0,16.6,-104.3,28.66,11.600000000000001,75.0,12.0
999.0,43.0,17.1,-105.2,28.71,12.100000000000001,75.0,12.0
998.0,45.0,17.2,-105.3,28.72,12.2,75.0,12.0
998.0,45.0,17.3,-105.5,28.73,12.3,75.0,12.0
997.0,45.0,17.4,-105.7,28.74,12.399999999999999,75.0,12.0
992.0,58.0,18.0,-106.6,28.8,13.0,75.0,12.0
991.0,60.0,18.2,-106.8,28.82,13.2,75.0,12.0
991.0,60.0,18.4,-106.9,28.84,13.399999999999999,75.0,12.0
991.0,60.0,18.6,-107.1,28.86,13.600000000000001,75.0,12.0
997.0,48.0,19.3,-107.4,28.93,14.3,75.0,12.0
998.0,45.0,19.4,-107.5,28.94,14.399999999999999,75.0,12.0
999.0,45.0,19.4,-107.7,28.94,14.399999999999999,75.0,12.0
1000.0,45.0,19.5,-107.8,28.95,14.5,75.0,12.0
1003.0,38.0,19.6,-109.1,28.96,14.600000000000001,75.0,12.0
1003.0,35.0,19.6,-109.5,28.96,14.600000000000001,75.0,12.0
1004.0,30.0,19.4,-110.4,28.94,14.399999999999999,75.0,12.0
1007.0,30.0,18.5,-113.1,28.85,13.5,75.0,12.0
1007.0,30.0,18.4,-113.6,28.84,13.399999999999999,75.0,12.0
1008.0,25.0,18.4,-114.8,28.84,13.399999999999999,75.0,12.0
1009.0,25.0,18.4,-117.5,28.84,13.399999999999999,75.0,12.0
1009.0,25.0,18.4,-118.0,28.84,13.399999999999999,75.0,12.0
1009.0,23.0,18.4,-118.5,28.84,13.399999999999999,75.0,12.0
1009.0,20.0,18.5,-118.9,28.85,13.5,75.0,12.0
1010.0,20.0,18.8,-120.9,28.88,13.8,75.0,12.0
1010.0,20.0,18.8,-121.3,28.88,13.8,75.0,12.0
1010.0,20.0,18.9,-121.6,28.89,13.899999999999999,75.0,12.0
1010.0,20.0,19.0,-121.9,28.9,14.0,75.0,12.0
1011.0,20.0,20.0,-122.5,28.5,15.0,75.0,12.0
1011.0,20.0,20.2,-122.5,28.52,15.2,75.0,12.0
1011.0,20.0,20.7,-122.5,28.57,15.7,75.0,12.0
1003.0,30.0,10.1,-86.5,28.51,20.1,75.0,12.0
1000.0,45.0,11.3,-86.8,28.63,21.3,75.0,12.0
997.0,50.0,11.7,-86.8,28.67,21.7,75.0,12.0
994.0,55.0,12.0,-86.9,28.7,22.0,75.0,12.0
998.0,45.0,12.9,-87.1,28.79,22.9,75.0,12.0
1006.0,25.0,15.0,-88.0,28.5,10.0,75.0,12.0
1003.0,40.0,12.8,-109.1,28.78,22.8,75.0,12.0
997.0,50.0,13.5,-110.5,28.85,23.5,75.0,12.0
996.0,53.0,14.9,-116.3,28.99,24.9,75.0,12.0
992.0,60.0,14.8,-117.9,28.98,24.8,75.0,12.0
992.0,60.0,14.9,-120.8,28.99,24.9,75.0,12.0
992.0,60.0,14.8,-121.4,28.98,24.8,75.0,12.0
991.0,63.0,14.8,-122.0,28.98,24.8,75.0,12.0
989.0,65.0,14.7,-122.5,28.97,24.7,75.0,12.0
990.0,63.0,14.8,-124.7,28.98,24.8,75.0,12.0
991.0,60.0,14.9,-125.0,28.99,24.9,75.0,12.0
990.0,63.0,15.1,-125.3,28.51,10.1,75.0,12.0
988.0,65.0,15.3,-125.6,28.53,10.3,75.0,12.0
990.0,60.0,16.4,-127.2,28.64,11.399999999999999,75.0,12.0
992.0,55.0,16.6,-127.4,28.66,11.600000000000001,75.0,12.0
994.0,53.0,16.8,-127.7,28.68,11.8,75.0,12.0
995.0,50.0,16.9,-127.9,28.69,11.899999999999999,75.0,12.0
995.0,50.0,17.0,-128.2,28.7,12.0,75.0,12.0
1001.0,38.0,17.3,-129.3,28.73,12.3,75.0,12.0
1002.0,35.0,17.3,-129.6,28.73,12.3,75.0,12.0
1003.0,33.0,17.3,-129.9,28.73,12.3,75.0,12.0
1003.0,30.0,17.2,-130.2,28.72,12.2,75.0,12.0
1004.0,28.0,17.1,-130.5,28.71,12.100000000000001,75.0,12.0
1007.0,20.0,16.9,-131.9,28.69,11.899999999999999,75.0,12.0
1007.0,20.0,16.8,-132.4,28.68,11.8,75.0,12.0
1007.0,20.0,16.6,-132.8,28.66,11.600000000000001,75.0,12.0
1007.0,20.0,16.5,-133.2,28.65,11.5,75.0,12.0
1007.0,20.0,16.0,-135.6,28.6,11.0,75.0,12.0
1007.0,20.0,16.0,-136.2,28.6,11.0,75.0,12.0
1007.0,20.0,15.9,-136.7,28.59,10.9,75.0,12.0
1007.0,20.0,15.9,-137.2,28.59,10.9,75.0,12.0
1008.0,20.0,15.9,-137.6,28.59,10.9,75.0,12.0
1006.0,30.0,13.9,-122.7,28.89,23.9,75.0,12.0
1002.0,40.0,14.4,-127.5,28.94,24.4,75.0,12.0
1002.0,40.0,14.3,-128.8,28.93,24.3,75.0,12.0
1007.0,30.0,14.1,-131.7,28.91,24.1,75.0,12.0
1008.0,25.0,14.1,-132.7,28.91,24.1,75.0,12.0
1009.0,23.0,14.1,-133.2,28.91,24.1,75.0,12.0
1009.0,20.0,14.1,-134.9,28.91,24.1,75.0,12.0
1009.0,20.0,14.0,-135.3,28.9,24.0,75.0,12.0
1009.0,20.0,13.9,-135.7,28.89,23.9,75.0,12.0
1009.0,20.0,13.8,-136.0,28.88,23.8,75.0,12.0
1009.0,20.0,12.9,-137.0,28.79,22.9,75.0,12.0
1009.0,20.0,12.8,-137.1,28.78,22.8,75.0,12.0
1009.0,20.0,12.7,-137.1,28.77,22.7,75.0,12.0
1009.0,20.0,12.5,-137.2,28.75,22.5,75.0,12.0
1007.0,25.0,15.4,-106.2,28.54,10.4,75.0,12.0
1007.0,28.0,15.7,-106.4,28.57,10.7,75.0,12.0
1006.0,30.0,16.0,-106.6,28.6,11.0,75.0,12.0
1004.0,35.0,17.7,-107.9,28.77,12.7,75.0,12.0
1004.0,35.0,18.0,-108.2,28.8,13.0,75.0,12.0
1004.0,35.0,18.4,-108.4,28.84,13.399999999999999,75.0,12.0
1004.0,35.0,18.7,-108.6,28.87,13.7,75.0,12.0
1005.0,33.0,20.2,-109.8,28.52,15.2,75.0,12.0
1005.0,30.0,20.5,-110.3,28.55,15.5,75.0,12.0
1005.0,30.0,20.7,-110.6,28.57,15.7,75.0,12.0
1005.0,30.0,20.9,-110.9,28.59,15.899999999999999,75.0,12.0
1007.0,20.0,20.2,-112.4,28.52,15.2,75.0,12.0
1007.0,20.0,20.1,-112.8,28.51,15.100000000000001,75.0,12.0
1007.0,20.0,20.1,-113.0,28.51,15.100000000000001,75.0,12.0
1007.0,20.0,20.1,-113.2,28.51,15.100000000000001,75.0,12.0
1007.0,20.0,20.2,-113.7,28.52,15.2,75.0,12.0
1007.0,20.0,20.2,-113.8,28.52,15.2,75.0,12.0
1007.0,20.0,20.2,-114.1,28.52,15.2,75.0,12.0
1007.0,20.0,20.2,-114.3,28.52,15.2,75.0,12.0
1006.0,25.0,14.1,-99.8,28.91,24.1,75.0,12.0
1006.0,25.0,14.4,-100.3,28.94,24.4,75.0,12.0
1006.0,25.0,14.8,-100.8,28.98,24.8,75.0,12.0
1005.0,30.0,16.5,-102.1,28.65,11.5,75.0,12.0
1005.0,30.0,16.8,-102.1,28.68,11.8,75.0,12.0
1005.0,30.0,17.1,-102.2,28.71,12.100000000000001,75.0,12.0
1005.0,30.0,17.5,-102.3,28.75,12.5,75.0,12.0
1007.0,30.0,11.1,-93.9,28.61,21.1,75.0,12.0
1007.0,30.0,11.4,-94.6,28.64,21.4,75.0,12.0
1006.0,30.0,11.7,-95.2,28.67,21.7,75.0,12.0
1001.0,45.0,13.2,-98.8,28.82,23.2,75.0,12.0
1000.0,45.0,13.5,-99.6,28.85,23.5,75.0,12.0
999.0,48.0,13.8,-100.3,28.88,23.8,75.0,12.0
997.0,50.0,14.1,-101.0,28.91,24.1,75.0,12.0
994.0,55.0,15.2,-104.3,28.52,10.2,75.0,12.0
994.0,55.0,15.3,-104.9,28.53,10.3,75.0,12.0
994.0,55.0,15.4,-105.6,28.54,10.4,75.0,12.0
994.0,55.0,15.5,-106.2,28.55,10.5,75.0,12.0
984.0,70.0,15.8,-108.8,28.58,10.8,75.0,12.0
981.0,75.0,15.8,-109.2,28.58,10.8,75.0,12.0
981.0,75.0,15.9,-109.5,28.59,10.9,75.0,12.0
981.0,75.0,16.0,-109.8,28.6,11.0,75.0,12.0
985.0,68.0,16.3,-112.2,28.63,11.3,75.0,12.0
985.0,65.0,16.3,-112.7,28.63,11.3,75.0,12.0
986.0,65.0,16.3,-113.2,28.63,11.3,75.0,12.0
986.0,65.0,16.3,-113.7,28.63,11.3,75.0,12.0
976.0,83.0,16.8,-116.6,28.68,11.8,75.0,12.0
970.0,90.0,16.9,-117.2,28.69,11.899999999999999,75.0,12.0
970.0,90.0,17.0,-117.8,28.7,12.0,75.0,12.0
970.0,90.0,17.2,-118.4,28.72,12.2,75.0,12.0
980.0,75.0,17.1,-122.0,28.71,12.100000000000001,75.0,12.0
982.0,70.0,17.2,-122.7,28.72,12.2,75.0,12.0
985.0,68.0,17.3,-123.3,28.73,12.3,75.0,12.0
987.0,65.0,17.4,-124.0,28.74,12.399999999999999,75.0,12.0
998.0,45.0,17.9,-127.4,28.79,12.899999999999999,75.0,12.0
1000.0,40.0,18.0,-128.1,28.8,13.0,75.0,12.0
1002.0,38.0,18.1,-128.7,28.81,13.100000000000001,75.0,12.0
1003.0,35.0,18.2,-129.3,28.82,13.2,75.0,12.0
1004.0,33.0,18.1,-129.9,28.81,13.100000000000001,75.0,12.0
1006.0,30.0,17.6,-132.2,28.76,12.600000000000001,75.0,12.0
1006.0,30.0,17.5,-132.8,28.75,12.5,75.0,12.0
1007.0,30.0,17.4,-133.4,28.74,12.399999999999999,75.0,12.0
1007.0,30.0,17.3,-134.1,28.73,12.3,75.0,12.0
1008.0,28.0,17.3,-134.8,28.73,12.3,75.0,12.0
1009.0,25.0,17.1,-137.8,28.71,12.100000000000001,75.0,12.0
1009.0,25.0,17.0,-138.6,28.7,12.0,75.0,12.0
1009.0,25.0,16.9,-139.3,28.69,11.899999999999999,75.0,12.0
1009.0,25.0,16.9,-140.0,28.69,11.899999999999999,75.0,12.0
1009.0,25.0,16.8,-140.8,28.68,11.8,75.0,12.0
1010.0,25.0,16.4,-144.1,28.64,11.399999999999999,75.0,12.0
1005.0,35.0,11.2,-97.9,28.62,21.2,75.0,12.0
1004.0,38.0,11.4,-100.0,28.64,21.4,75.0,12.0
1002.0,40.0,11.5,-101.0,28.65,21.5,75.0,12.0
998.0,53.0,12.3,-103.8,28.73,22.3,75.0,12.0
998.0,55.0,12.5,-104.4,28.75,22.5,75.0,12.0
996.0,58.0,12.7,-104.9,28.77,22.7,75.0,12.0
994.0,60.0,12.9,-105.4,28.79,22.9,75.0,12.0
987.0,65.0,13.7,-107.6,28.87,23.7,75.0,12.0
987.0,65.0,13.9,-108.0,28.89,23.9,75.0,12.0
986.0,68.0,14.1,-108.3,28.91,24.1,75.0,12.0
985.0,70.0,14.2,-108.6,28.92,24.2,75.0,12.0
980.0,75.0,15.2,-109.8,28.52,10.2,75.0,12.0
980.0,75.0,15.7,-110.3,28.57,10.7,75.0,12.0
980.0,75.0,16.0,-110.6,28.6,11.0,75.0,12.0
977.0,80.0,17.9,-112.6,28.79,12.899999999999999,75.0,12.0
977.0,80.0,18.3,-113.0,28.83,13.3,75.0,12.0
977.0,80.0,18.6,-113.5,28.86,13.600000000000001,75.0,12.0
977.0,80.0,18.9,-114.0,28.89,13.899999999999999,75.0,12.0
987.0,65.0,20.1,-116.7,28.51,15.100000000000001,75.0,12.0
990.0,60.0,20.3,-117.2,28.53,15.3,75.0,12.0
992.0,58.0,20.4,-117.7,28.54,15.399999999999999,75.0,12.0
994.0,55.0,20.5,-118.1,28.55,15.5,75.0,12.0
1005.0,35.0,21.5,-120.5,28.65,16.5,75.0,12.0
1008.0,30.0,21.9,-121.5,28.69,16.9,75.0,12.0
1008.0,30.0,22.1,-121.9,28.71,17.1,75.0,12.0
1009.0,25.0,23.4,-124.2,28.84,18.4,75.0,12.0
1009.0,25.0,23.8,-124.6,28.88,18.8,75.0,12.0
1010.0,25.0,24.0,-125.7,28.9,19.0,75.0,12.0
1005.0,33.0,13.6,-101.1,28.86,23.6,75.0,12.0
1004.0,35.0,13.8,-101.9,28.88,23.8,75.0,12.0
1004.0,35.0,14.0,-102.7,28.9,24.0,75.0,12.0
1004.0,35.0,14.2,-103.4,28.92,24.2,75.0,12.0
997.0,50.0,14.4,-106.2,28.94,24.4,75.0,12.0
996.0,50.0,14.4,-106.7,28.94,24.4,75.0,12.0
995.0,53.0,14.6,-107.1,28.96,24.6,75.0,12.0
994.0,55.0,14.7,-107.5,28.97,24.7,75.0,12.0
995.0,53.0,15.0,-109.3,28.5,10.0,75.0,12.0
996.0,50.0,15.0,-109.8,28.5,10.0,75.0,12.0
998.0,50.0,15.1,-110.6,28.51,10.1,75.0,12.0
1000.0,45.0,15.4,-112.5,28.54,10.4,75.0,12.0
997.0,50.0,15.8,-113.4,28.58,10.8,75.0,12.0
987.0,65.0,16.4,-115.8,28.64,11.399999999999999,75.0,12.0
987.0,65.0,16.6,-117.0,28.66,11.600000000000001,75.0,12.0
987.0,65.0,16.8,-117.6,28.68,11.8,75.0,12.0
999.0,48.0,17.0,-120.3,28.7,12.0,75.0,12.0
1000.0,45.0,17.0,-120.9,28.7,12.0,75.0,12.0
1000.0,40.0,16.9,-121.5,28.69,11.899999999999999,75.0,12.0
1000.0,35.0,16.9,-122.0,28.69,11.899999999999999,75.0,12.0
1007.0,25.0,16.9,-124.8,28.69,11.899999999999999,75.0,12.0
1008.0,25.0,16.9,-125.3,28.69,11.899999999999999,75.0,12.0
1009.0,25.0,16.9,-125.7,28.69,11.899999999999999,75.0,12.0
1009.0,25.0,17.0,-126.0,28.7,12.0,75.0,12.0
1010.0,25.0,17.0,-128.5,28.7,12.0,75.0,12.0
1010.0,25.0,17.0,-129.0,28.7,12.0,75.0,12.0
1011.0,25.0,17.1,-129.5,28.71,12.100000000000001,75.0,12.0
1011.0,25.0,17.3,-130.0,28.73,12.3,75.0,12.0
1012.0,23.0,17.6,-130.5,28.76,12.600000000000001,75.0,12.0
1013.0,20.0,18.0,-132.5,28.8,13.0,75.0,12.0
1013.0,20.0,18.0,-133.0,28.8,13.0,75.0,12.0
1014.0,20.0,17.9,-133.6,28.79,12.899999999999999,75.0,12.0
1014.0,20.0,17.8,-134.1,28.78,12.8,75.0,12.0
1014.0,20.0,17.6,-134.6,28.76,12.600000000000001,75.0,12.0
1014.0,20.0,16.9,-137.1,28.69,11.899999999999999,75.0,12.0
1014.0,20.0,16.7,-137.7,28.67,11.7,75.0,12.0
1014.0,20.0,16.5,-138.3,28.65,11.5,75.0,12.0
1014.0,20.0,16.4,-138.9,28.64,11.399999999999999,75.0,12.0
1006.0,28.0,12.6,-110.5,28.76,22.6,75.0,12.0
1006.0,30.0,12.9,-111.0,28.79,22.9,75.0,12.0
1006.0,33.0,13.3,-111.6,28.83,23.3,75.0,12.0
1005.0,35.0,13.6,-112.1,28.86,23.6,75.0,12.0
994.0,55.0,14.5,-116.0,28.95,24.5,75.0,12.0
994.0,55.0,14.5,-116.6,28.95,24.5,75.0,12.0
994.0,55.0,14.5,-117.2,28.95,24.5,75.0,12.0
985.0,70.0,14.6,-119.9,28.96,24.6,75.0,12.0
983.0,75.0,14.7,-120.4,28.97,24.7,75.0,12.0
980.0,78.0,14.8,-120.8,28.98,24.8,75.0,12.0
977.0,80.0,14.9,-121.3,28.99,24.9,75.0,12.0
956.0,105.0,15.8,-123.2,28.58,10.8,75.0,12.0
956.0,105.0,16.0,-123.6,28.6,11.0,75.0,12.0
959.0,103.0,16.3,-124.0,28.63,11.3,75.0,12.0
961.0,100.0,16.5,-124.4,28.65,11.5,75.0,12.0
977.0,78.0,17.8,-126.7,28.78,12.8,75.0,12.0
979.0,75.0,18.0,-127.1,28.8,13.0,75.0,12.0
980.0,75.0,18.2,-127.6,28.82,13.2,75.0,12.0
986.0,68.0,18.8,-130.1,28.88,13.8,75.0,12.0
987.0,65.0,18.8,-130.5,28.88,13.8,75.0,12.0
990.0,60.0,18.8,-130.9,28.88,13.8,75.0,12.0
992.0,55.0,18.8,-131.3,28.88,13.8,75.0,12.0
995.0,53.0,18.8,-131.7,28.88,13.8,75.0,12.0
1001.0,43.0,18.6,-133.3,28.86,13.600000000000001,75.0,12.0
1002.0,40.0,18.5,-133.7,28.85,13.5,75.0,12.0
1003.0,38.0,18.4,-134.1,28.84,13.399999999999999,75.0,12.0
1004.0,35.0,18.3,-134.5,28.83,13.3,75.0,12.0
1008.0,28.0,17.8,-136.5,28.78,12.8,75.0,12.0
1008.0,25.0,17.6,-136.9,28.76,12.600000000000001,75.0,12.0
1008.0,25.0,17.5,-137.3,28.75,12.5,75.0,12.0
1008.0,25.0,17.3,-137.7,28.73,12.3,75.0,12.0
1008.0,25.0,17.1,-138.1,28.71,12.100000000000001,75.0,12.0
1008.0,25.0,16.5,-140.1,28.65,11.5,75.0,12.0
1008.0,25.0,16.3,-140.6,28.63,11.3,75.0,12.0
1008.0,25.0,16.1,-141.1,28.61,11.100000000000001,75.0,12.0
1008.0,25.0,15.9,-141.7,28.59,10.9,75.0,12.0
1004.0,33.0,16.5,-105.9,28.65,11.5,75.0,12.0
1003.0,35.0,16.7,-106.4,28.67,11.7,75.0,12.0
1003.0,38.0,16.9,-106.8,28.69,11.899999999999999,75.0,12.0
1002.0,40.0,17.1,-107.3,28.71,12.100000000000001,75.0,12.0
1001.0,43.0,17.6,-109.5,28.76,12.600000000000001,75.0,12.0
1002.0,40.0,17.6,-109.9,28.76,12.600000000000001,75.0,12.0
1002.0,40.0,17.6,-110.6,28.76,12.600000000000001,75.0,12.0
1003.0,38.0,17.9,-111.2,28.79,12.899999999999999,75.0,12.0
1004.0,35.0,17.9,-111.3,28.79,12.899999999999999,75.0,12.0
1005.0,33.0,18.0,-111.3,28.8,13.0,75.0,12.0
1006.0,30.0,18.1,-111.4,28.81,13.100000000000001,75.0,12.0
1006.0,30.0,18.4,-112.2,28.84,13.399999999999999,75.0,12.0
1006.0,30.0,18.4,-112.4,28.84,13.399999999999999,75.0,12.0
1007.0,28.0,18.4,-112.5,28.84,13.399999999999999,75.0,12.0
1007.0,25.0,18.5,-112.6,28.85,13.5,75.0,12.0
1008.0,25.0,18.8,-113.9,28.88,13.8,75.0,12.0
1008.0,25.0,18.8,-114.3,28.88,13.8,75.0,12.0
1008.0,25.0,18.8,-114.6,28.88,13.8,75.0,12.0
1008.0,25.0,18.8,-114.9,28.88,13.8,75.0,12.0
1009.0,25.0,19.0,-116.8,28.9,14.0,75.0,12.0
1009.0,25.0,19.0,-117.1,28.9,14.0,75.0,12.0
1009.0,25.0,18.9,-117.4,28.89,13.899999999999999,75.0,12.0
1009.0,25.0,18.8,-117.8,28.88,13.8,75.0,12.0
1009.0,25.0,18.0,-119.5,28.8,13.0,75.0,12.0
1009.0,25.0,17.8,-119.7,28.78,12.8,75.0,12.0
1009.0,25.0,17.6,-119.9,28.76,12.600000000000001,75.0,12.0
1009.0,25.0,17.3,-120.1,28.73,12.3,75.0,12.0
1009.0,25.0,14.9,-121.9,28.99,24.9,75.0,12.0
1010.0,23.0,13.9,-123.3,28.89,23.9,75.0,12.0
1010.0,20.0,13.8,-123.7,28.88,23.8,75.0,12.0
1010.0,20.0,13.7,-124.0,28.87,23.7,75.0,12.0
1010.0,20.0,13.6,-124.2,28.86,23.6,75.0,12.0
1009.0,25.0,13.3,-125.4,28.83,23.3,75.0,12.0
1009.0,25.0,13.3,-125.6,28.83,23.3,75.0,12.0
1009.0,25.0,13.4,-125.7,28.84,23.4,75.0,12.0
1009.0,25.0,13.5,-125.8,28.85,23.5,75.0,12.0
1006.0,33.0,18.6,-107.8,28.86,13.600000000000001,75.0,12.0
1005.0,35.0,19.1,-108.1,28.91,14.100000000000001,75.0,12.0
1004.0,38.0,19.6,-108.3,28.96,14.600000000000001,75.0,12.0
1002.0,40.0,20.0,-108.6,28.5,15.0,75.0,12.0
999.0,45.0,22.4,-110.0,28.74,17.4,75.0,12.0
998.0,45.0,22.9,-110.2,28.79,17.9,75.0,12.0
999.0,43.0,23.4,-110.6,28.84,18.4,75.0,12.0
999.0,40.0,23.9,-110.9,28.89,18.9,75.0,12.0
1001.0,35.0,26.7,-112.2,28.67,21.7,75.0,12.0
1001.0,35.0,27.1,-112.3,28.71,22.1,75.0,12.0
1001.0,33.0,27.4,-112.3,28.74,22.4,75.0,12.0
1001.0,30.0,27.6,-112.4,28.76,22.6,75.0,12.0
1005.0,25.0,28.3,-112.2,28.83,23.3,75.0,12.0
1005.0,25.0,28.3,-111.9,28.83,23.3,75.0,12.0
1000.0,35.0,19.4,-111.4,28.94,14.399999999999999,75.0,12.0
1000.0,35.0,19.5,-111.8,28.95,14.5,75.0,12.0
1000.0,33.0,19.7,-112.2,28.97,14.7,75.0,12.0
1000.0,30.0,19.9,-112.6,28.99,14.899999999999999,75.0,12.0
1006.0,25.0,20.3,-113.9,28.53,15.3,75.0,12.0
1006.0,25.0,20.3,-114.0,28.53,15.3,75.0,12.0
1004.0,28.0,15.1,-104.8,28.51,10.1,75.0,12.0
1003.0,33.0,15.4,-105.6,28.54,10.4,75.0,12.0
1002.0,35.0,15.7,-106.0,28.57,10.7,75.0,12.0
998.0,45.0,17.1,-108.0,28.71,12.100000000000001,75.0,12.0
998.0,45.0,17.4,-108.4,28.74,12.399999999999999,75.0,12.0
998.0,45.0,17.6,-108.8,28.76,12.600000000000001,75.0,12.0
998.0,45.0,17.8,-109.2,28.78,12.8,75.0,12.0
1000.0,40.0,19.1,-110.9,28.91,14.100000000000001,75.0,12.0
1000.0,40.0,19.3,-111.3,28.93,14.3,75.0,12.0
1000.0,40.0,20.5,-113.1,28.55,15.5,75.0,12.0
1000.0,40.0,20.7,-113.1,28.57,15.7,75.0,12.0
1001.0,38.0,20.9,-113.1,28.59,15.899999999999999,75.0,12.0
1002.0,35.0,21.1,-113.1,28.61,16.1,75.0,12.0
1002.0,30.0,22.2,-112.3,28.72,17.2,75.0,12.0
1002.0,30.0,22.7,-111.4,28.77,17.7,75.0,12.0
1000.0,45.0,17.3,-116.8,28.73,12.3,75.0,12.0
1000.0,45.0,17.6,-117.5,28.76,12.600000000000001,75.0,12.0
1000.0,45.0,17.7,-118.1,28.77,12.7,75.0,12.0
1000.0,45.0,17.8,-118.6,28.78,12.8,75.0,12.0
1000.0,45.0,17.9,-120.3,28.79,12.899999999999999,75.0,12.0
1000.0,45.0,17.8,-120.6,28.78,12.8,75.0,12.0
1000.0,45.0,17.8,-120.8,28.78,12.8,75.0,12.0
1000.0,45.0,17.7,-121.1,28.77,12.7,75.0,12.0
989.0,63.0,17.6,-122.0,28.76,12.600000000000001,75.0,12.0
987.0,65.0,17.6,-122.1,28.76,12.600000000000001,75.0,12.0
986.0,68.0,17.6,-122.2,28.76,12.600000000000001,75.0,12.0
984.0,70.0,17.7,-122.2,28.77,12.7,75.0,12.0
990.0,60.0,18.2,-122.1,28.82,13.2,75.0,12.0
996.0,50.0,18.4,-122.1,28.84,13.399999999999999,75.0,12.0
1000.0,45.0,18.5,-122.1,28.85,13.5,75.0,12.0
1003.0,38.0,18.8,-122.3,28.88,13.8,75.0,12.0
1004.0,35.0,18.7,-122.7,28.87,13.7,75.0,12.0
1004.0,35.0,18.7,-122.8,28.87,13.7,75.0,12.0
1007.0,28.0,18.8,-123.4,28.88,13.8,75.0,12.0
1007.0,25.0,18.9,-123.6,28.89,13.899999999999999,75.0,12.0
1007.0,25.0,18.9,-123.8,28.89,13.899999999999999,75.0,12.0
1007.0,25.0,18.8,-124.1,28.88,13.8,75.0,12.0
1008.0,25.0,17.9,-125.3,28.79,12.899999999999999,75.0,12.0
1009.0,25.0,17.6,-125.7,28.76,12.600000000000001,75.0,12.0
1009.0,25.0,17.5,-125.8,28.75,12.5,75.0,12.0
1009.0,25.0,17.0,-126.9,28.7,12.0,75.0,12.0
1009.0,25.0,16.6,-127.3,28.66,11.600000000000001,75.0,12.0
1009.0,25.0,15.8,-127.4,28.58,10.8,75.0,12.0
1009.0,25.0,15.4,-127.2,28.54,10.4,75.0,12.0
1009.0,25.0,15.2,-127.0,28.52,10.2,75.0,12.0
1009.0,25.0,13.9,-125.7,28.89,23.9,75.0,12.0
1009.0,25.0,13.7,-125.4,28.87,23.7,75.0,12.0
1009.0,25.0,13.4,-125.2,28.84,23.4,75.0,12.0
1009.0,25.0,13.1,-124.9,28.81,23.1,75.0,12.0
1010.0,23.0,12.1,-123.8,28.71,22.1,75.0,12.0
1010.0,20.0,12.0,-123.5,28.7,22.0,75.0,12.0
1010.0,20.0,12.0,-123.3,28.7,22.0,75.0,12.0
1010.0,20.0,12.0,-123.0,28.7,22.0,75.0,12.0
1010.0,20.0,11.6,-122.6,28.66,21.6,75.0,12.0
1010.0,20.0,11.6,-122.7,28.66,21.6,75.0,12.0
1010.0,20.0,11.6,-122.8,28.66,21.6,75.0,12.0
1010.0,20.0,11.7,-123.0,28.67,21.7,75.0,12.0
1011.0,15.0,11.8,-123.6,28.68,21.8,75.0,12.0
1010.0,20.0,11.7,-124.0,28.67,21.7,75.0,12.0
1010.0,20.0,11.5,-124.3,28.65,21.5,75.0,12.0
1010.0,20.0,11.5,-124.5,28.65,21.5,75.0,12.0
1010.0,20.0,11.5,-124.8,28.65,21.5,75.0,12.0
1010.0,20.0,11.1,-125.7,28.61,21.1,75.0,12.0
1010.0,23.0,11.0,-126.3,28.6,21.0,75.0,12.0
1009.0,25.0,11.0,-126.6,28.6,21.0,75.0,12.0
1009.0,25.0,10.9,-128.1,28.59,20.9,75.0,12.0
1009.0,25.0,10.9,-128.8,28.59,20.9,75.0,12.0
1009.0,25.0,10.9,-129.2,28.59,20.9,75.0,12.0
1009.0,25.0,11.2,-131.4,28.62,21.2,75.0,12.0
1009.0,25.0,11.2,-131.9,28.62,21.2,75.0,12.0
1009.0,25.0,11.1,-132.4,28.61,21.1,75.0,12.0
1009.0,25.0,11.0,-132.9,28.6,21.0,75.0,12.0
1009.0,25.0,10.8,-135.4,28.58,20.8,75.0,12.0
1009.0,25.0,10.6,-137.0,28.56,20.6,75.0,12.0
1006.0,30.0,13.5,-99.1,28.85,23.5,75.0,12.0
1005.0,35.0,14.1,-100.6,28.91,24.1,75.0,12.0
1000.0,50.0,13.9,-102.1,28.89,23.9,75.0,12.0
1000.0,50.0,13.9,-102.7,28.89,23.9,75.0,12.0
1000.0,50.0,13.9,-103.0,28.89,23.9,75.0,12.0
992.0,58.0,14.3,-104.6,28.93,24.3,75.0,12.0
990.0,60.0,14.4,-104.9,28.94,24.4,75.0,12.0
989.0,60.0,14.5,-105.2,28.95,24.5,75.0,12.0
988.0,60.0,14.6,-105.4,28.96,24.6,75.0,12.0
975.0,83.0,15.4,-108.2,28.54,10.4,75.0,12.0
970.0,90.0,15.5,-108.6,28.55,10.5,75.0,12.0
949.0,113.0,16.3,-110.6,28.63,11.3,75.0,12.0
948.0,110.0,16.8,-111.6,28.68,11.8,75.0,12.0
967.0,78.0,17.8,-112.7,28.78,12.8,75.0,12.0
973.0,70.0,18.3,-112.9,28.83,13.3,75.0,12.0
973.0,70.0,18.6,-113.1,28.86,13.600000000000001,75.0,12.0
969.0,78.0,20.4,-113.5,28.54,15.399999999999999,75.0,12.0
968.0,80.0,20.9,-113.5,28.59,15.899999999999999,75.0,12.0
964.0,85.0,21.4,-113.3,28.64,16.4,75.0,12.0
960.0,90.0,21.8,-113.2,28.68,16.8,75.0,12.0
956.0,93.0,24.1,-111.8,28.91,19.1,75.0,12.0
957.0,90.0,24.6,-111.4,28.96,19.6,75.0,12.0
959.0,85.0,25.2,-110.8,28.52,20.2,75.0,12.0
961.0,80.0,25.8,-110.2,28.58,20.8,75.0,12.0
1006.0,25.0,11.7,-89.4,28.67,21.7,75.0,12.0
1006.0,28.0,11.8,-90.0,28.68,21.8,75.0,12.0
1000.0,45.0,12.9,-94.3,28.79,22.9,75.0,12.0
1000.0,45.0,13.3,-95.1,28.83,23.3,75.0,12.0
1000.0,45.0,13.5,-95.4,28.85,23.5,75.0,12.0
997.0,50.0,14.6,-97.4,28.96,24.6,75.0,12.0
997.0,50.0,15.0,-97.9,28.5,10.0,75.0,12.0
997.0,50.0,15.4,-98.4,28.54,10.4,75.0,12.0
997.0,50.0,15.7,-98.9,28.57,10.7,75.0,12.0
1001.0,48.0,17.1,-101.8,28.71,12.100000000000001,75.0,12.0
1004.0,45.0,17.4,-102.3,28.74,12.399999999999999,75.0,12.0
1005.0,40.0,17.6,-102.9,28.76,12.600000000000001,75.0,12.0
1005.0,35.0,17.8,-103.5,28.78,12.8,75.0,12.0
1007.0,25.0,18.5,-104.4,28.85,13.5,75.0,12.0
1007.0,25.0,18.6,-104.5,28.86,13.600000000000001,75.0,12.0
1007.0,25.0,18.5,-104.6,28.85,13.5,75.0,12.0
1007.0,25.0,18.4,-104.6,28.84,13.399999999999999,75.0,12.0
1008.0,30.0,13.4,-105.0,28.84,23.4,75.0,12.0
1008.0,30.0,14.1,-105.2,28.91,24.1,75.0,12.0
1008.0,30.0,14.4,-105.4,28.94,24.4,75.0,12.0
1008.0,28.0,15.5,-106.7,28.55,10.5,75.0,12.0
1008.0,25.0,15.7,-106.9,28.57,10.7,75.0,12.0
1009.0,25.0,16.1,-107.5,28.61,11.100000000000001,75.0,12.0
1009.0,25.0,16.7,-109.3,28.67,11.7,75.0,12.0
1009.0,25.0,16.7,-109.7,28.67,11.7,75.0,12.0
1009.0,25.0,16.6,-110.1,28.66,11.600000000000001,75.0,12.0
1009.0,25.0,16.6,-110.4,28.66,11.600000000000001,75.0,12.0
1010.0,23.0,16.3,-112.2,28.63,11.3,75.0,12.0
1010.0,20.0,16.1,-113.2,28.61,11.100000000000001,75.0,12.0
1010.0,20.0,16.1,-113.8,28.61,11.100000000000001,75.0,12.0
1010.0,20.0,16.0,-116.8,28.6,11.0,75.0,12.0
1007.0,28.0,8.4,-108.7,28.84,18.4,75.0,12.0
1006.0,30.0,8.6,-109.3,28.86,18.6,75.0,12.0
1006.0,33.0,8.6,-109.9,28.86,18.6,75.0,12.0
1005.0,35.0,8.7,-110.5,28.87,18.7,75.0,12.0
1004.0,38.0,8.8,-113.3,28.88,18.8,75.0,12.0
1004.0,35.0,9.2,-114.4,28.92,19.2,75.0,12.0
1004.0,35.0,9.4,-114.9,28.94,19.4,75.0,12.0
1004.0,38.0,9.7,-117.7,28.97,19.7,75.0,12.0
1005.0,33.0,9.7,-118.8,28.97,19.7,75.0,12.0
1005.0,30.0,9.7,-119.4,28.97,19.7,75.0,12.0
926.0,130.0,14.5,-179.8,28.95,24.5,75.0,12.0
1006.0,15.0,1.9,179.0,28.69,11.9,75.0,12.0
1006.0,15.0,1.9,178.8,28.69,11.9,75.0,12.0
1006.0,15.0,1.8,178.5,28.68,11.8,75.0,12.0
1006.0,15.0,1.7,178.2,28.67,11.7,75.0,12.0
1006.0,15.0,1.6,178.0,28.66,11.6,75.0,12.0
1006.0,15.0,1.6,177.2,28.66,11.6,75.0,12.0
1006.0,15.0,1.8,177.0,28.68,11.8,75.0,12.0
1006.0,15.0,1.9,176.8,28.69,11.9,75.0,12.0
1006.0,15.0,2.1,176.5,28.71,12.1,75.0,12.0
1006.0,15.0,2.4,176.2,28.74,12.4,75.0,12.0
1003.0,23.0,4.6,172.4,28.96,14.6,75.0,12.0
1002.0,25.0,5.1,171.5,28.51,15.1,75.0,12.0
1002.0,25.0,5.4,170.6,28.54,15.4,75.0,12.0
1002.0,25.0,5.7,169.7,28.57,15.7,75.0,12.0
1002.0,25.0,5.5,166.2,28.55,15.5,75.0,12.0
1002.0,25.0,5.4,165.6,28.54,15.4,75.0,12.0
1003.0,25.0,5.7,164.8,28.57,15.7,75.0,12.0
1004.0,25.0,6.0,164.1,28.6,16.0,75.0,12.0
1000.0,30.0,7.6,160.0,28.76,17.6,75.0,12.0
1000.0,30.0,7.9,159.2,28.79,17.9,75.0,12.0
1000.0,30.0,8.2,158.5,28.82,18.2,75.0,12.0
1000.0,30.0,8.5,157.8,28.85,18.5,75.0,12.0
999.0,33.0,9.7,153.8,28.97,19.7,75.0,12.0
997.0,35.0,10.0,153.0,28.5,20.0,75.0,12.0
997.0,35.0,10.4,152.2,28.54,20.4,75.0,12.0
997.0,35.0,10.9,151.4,28.59,20.9,75.0,12.0
996.0,38.0,12.8,147.9,28.78,22.8,75.0,12.0
994.0,40.0,13.2,147.4,28.82,23.2,75.0,12.0
993.0,43.0,13.4,147.1,28.84,23.4,75.0,12.0
991.0,45.0,13.7,146.7,28.87,23.7,75.0,12.0
987.0,50.0,14.4,147.8,28.94,24.4,75.0,12.0
987.0,50.0,14.5,148.2,28.95,24.5,75.0,12.0
989.0,48.0,14.7,148.6,28.97,24.7,75.0,12.0
991.0,45.0,14.8,149.0,28.98,24.8,75.0,12.0
994.0,40.0,16.4,151.4,28.64,11.399999999999999,75.0,12.0
994.0,40.0,16.7,152.0,28.67,11.7,75.0,12.0
996.0,38.0,16.9,152.7,28.69,11.899999999999999,75.0,12.0
997.0,35.0,17.2,153.4,28.72,12.2,75.0,12.0
1001.0,28.0,18.1,156.1,28.81,13.100000000000001,75.0,12.0
1002.0,25.0,18.2,156.3,28.82,13.2,75.0,12.0
1003.0,23.0,18.3,156.4,28.83,13.3,75.0,12.0
1004.0,20.0,18.4,156.6,28.84,13.399999999999999,75.0,12.0
1001.0,28.0,3.5,160.1,28.85,13.5,75.0,12.0
1000.0,30.0,3.7,160.2,28.87,13.7,75.0,12.0
999.0,33.0,3.9,160.3,28.89,13.9,75.0,12.0
997.0,35.0,4.1,160.4,28.91,14.1,75.0,12.0
996.0,38.0,6.0,160.5,28.6,16.0,75.0,12.0
994.0,40.0,6.5,160.4,28.65,16.5,75.0,12.0
994.0,40.0,7.0,160.1,28.7,17.0,75.0,12.0
994.0,40.0,7.5,159.7,28.75,17.5,75.0,12.0
994.0,40.0,8.8,157.9,28.88,18.8,75.0,12.0
994.0,40.0,9.1,157.6,28.91,19.1,75.0,12.0
994.0,40.0,9.3,157.2,28.93,19.3,75.0,12.0
994.0,40.0,9.6,156.8,28.96,19.6,75.0,12.0
986.0,53.0,10.2,154.8,28.52,20.2,75.0,12.0
984.0,55.0,10.2,154.3,28.52,20.2,75.0,12.0
984.0,55.0,10.2,153.9,28.52,20.2,75.0,12.0
984.0,55.0,10.2,153.4,28.52,20.2,75.0,12.0
976.0,65.0,10.1,151.1,28.51,20.1,75.0,12.0
976.0,65.0,10.1,150.7,28.51,20.1,75.0,12.0
976.0,65.0,10.1,150.2,28.51,20.1,75.0,12.0
976.0,65.0,10.2,149.8,28.52,20.2,75.0,12.0
961.0,83.0,10.4,147.8,28.54,20.4,75.0,12.0
954.0,90.0,10.4,147.3,28.54,20.4,75.0,12.0
949.0,95.0,10.5,146.8,28.55,20.5,75.0,12.0
944.0,100.0,10.6,146.3,28.56,20.6,75.0,12.0
939.0,105.0,10.6,145.8,28.56,20.6,75.0,12.0
919.0,123.0,11.2,143.2,28.62,21.2,75.0,12.0
916.0,125.0,11.4,142.5,28.64,21.4,75.0,12.0
916.0,125.0,11.7,141.8,28.67,21.7,75.0,12.0
916.0,125.0,11.9,141.1,28.69,21.9,75.0,12.0
916.0,125.0,12.1,140.3,28.71,22.1,75.0,12.0
907.0,133.0,12.8,137.7,28.78,22.8,75.0,12.0
904.0,135.0,13.0,137.0,28.8,23.0,75.0,12.0
904.0,135.0,13.2,136.6,28.82,23.2,75.0,12.0
904.0,135.0,13.4,136.1,28.84,23.4,75.0,12.0
907.0,133.0,13.6,135.6,28.86,23.6,75.0,12.0
933.0,115.0,14.0,134.0,28.9,24.0,75.0,12.0
938.0,115.0,14.0,133.6,28.9,24.0,75.0,12.0
938.0,113.0,13.8,133.2,28.88,23.8,75.0,12.0
938.0,110.0,13.7,132.8,28.87,23.7,75.0,12.0
938.0,108.0,13.6,132.4,28.86,23.6,75.0,12.0
933.0,110.0,13.5,130.9,28.85,23.5,75.0,12.0
927.0,115.0,13.5,130.6,28.85,23.5,75.0,12.0
922.0,120.0,13.5,130.3,28.85,23.5,75.0,12.0
916.0,125.0,13.5,130.0,28.85,23.5,75.0,12.0
916.0,125.0,13.6,129.8,28.86,23.6,75.0,12.0
927.0,115.0,14.2,128.7,28.92,24.2,75.0,12.0
933.0,110.0,14.4,128.5,28.94,24.4,75.0,12.0
938.0,105.0,14.7,128.3,28.97,24.7,75.0,12.0
944.0,100.0,14.9,128.1,28.99,24.9,75.0,12.0
958.0,85.0,16.2,126.6,28.62,11.2,75.0,12.0
954.0,90.0,16.4,126.3,28.64,11.399999999999999,75.0,12.0
949.0,95.0,16.7,126.1,28.67,11.7,75.0,12.0
947.0,98.0,16.9,125.8,28.69,11.899999999999999,75.0,12.0
944.0,100.0,18.4,124.6,28.84,13.399999999999999,75.0,12.0
947.0,98.0,18.5,124.4,28.85,13.5,75.0,12.0
949.0,95.0,18.7,124.3,28.87,13.7,75.0,12.0
954.0,90.0,18.9,124.3,28.89,13.899999999999999,75.0,12.0
984.0,55.0,19.9,123.5,28.99,14.899999999999999,75.0,12.0
986.0,53.0,20.1,123.3,28.51,15.100000000000001,75.0,12.0
987.0,50.0,20.3,123.2,28.53,15.3,75.0,12.0
989.0,48.0,20.5,123.2,28.55,15.5,75.0,12.0
997.0,35.0,20.8,122.5,28.58,15.8,75.0,12.0
997.0,35.0,20.9,122.5,28.59,15.899999999999999,75.0,12.0
997.0,35.0,20.9,122.4,28.59,15.899999999999999,75.0,12.0
997.0,35.0,21.0,122.4,28.6,16.0,75.0,12.0
997.0,35.0,22.1,122.8,28.71,17.1,75.0,12.0
997.0,35.0,22.6,123.0,28.76,17.6,75.0,12.0
997.0,35.0,23.0,123.2,28.8,18.0,75.0,12.0
997.0,35.0,23.9,123.6,28.89,18.9,75.0,12.0
997.0,35.0,27.9,126.3,28.79,22.9,75.0,12.0
997.0,35.0,29.0,127.3,28.9,24.0,75.0,12.0
999.0,33.0,30.6,128.7,28.56,10.600000000000001,75.0,12.0
1000.0,30.0,32.1,130.1,28.71,12.100000000000001,75.0,12.0
1002.0,25.0,7.5,130.7,28.75,17.5,75.0,12.0
1002.0,25.0,7.6,130.6,28.76,17.6,75.0,12.0
1002.0,25.0,7.8,130.3,28.78,17.8,75.0,12.0
1002.0,25.0,7.8,130.2,28.78,17.8,75.0,12.0
1001.0,28.0,7.8,130.1,28.78,17.8,75.0,12.0
1000.0,30.0,7.9,130.0,28.79,17.9,75.0,12.0
1000.0,30.0,8.0,130.0,28.8,18.0,75.0,12.0
1000.0,30.0,8.8,130.7,28.88,18.8,75.0,12.0
1000.0,30.0,9.1,130.9,28.91,19.1,75.0,12.0
1000.0,30.0,9.3,131.1,28.93,19.3,75.0,12.0
1000.0,30.0,9.6,131.2,28.96,19.6,75.0,12.0
1000.0,30.0,9.9,131.2,28.99,19.9,75.0,12.0
1000.0,30.0,11.2,131.1,28.62,21.2,75.0,12.0
1000.0,30.0,11.6,131.0,28.66,21.6,75.0,12.0
1001.0,28.0,12.1,130.9,28.71,22.1,75.0,12.0
1002.0,25.0,12.6,130.8,28.76,22.6,75.0,12.0
1002.0,25.0,13.1,130.6,28.81,23.1,75.0,12.0
1006.0,15.0,4.6,148.2,28.96,14.6,75.0,12.0
1003.0,23.0,6.0,149.2,28.6,16.0,75.0,12.0
1002.0,25.0,6.3,149.3,28.63,16.3,75.0,12.0
1000.0,30.0,6.5,149.6,28.65,16.5,75.0,12.0
997.0,35.0,6.7,149.8,28.67,16.7,75.0,12.0
997.0,35.0,7.1,150.9,28.71,17.1,75.0,12.0
997.0,35.0,7.3,151.0,28.73,17.3,75.0,12.0
997.0,35.0,7.5,150.9,28.75,17.5,75.0,12.0
997.0,35.0,7.7,150.8,28.77,17.7,75.0,12.0
984.0,55.0,8.6,150.4,28.86,18.6,75.0,12.0
984.0,55.0,8.8,150.3,28.88,18.8,75.0,12.0
984.0,55.0,9.1,150.4,28.91,19.1,75.0,12.0
984.0,55.0,9.4,150.6,28.94,19.4,75.0,12.0
978.0,63.0,11.4,151.1,28.64,21.4,75.0,12.0
976.0,65.0,11.8,151.1,28.68,21.8,75.0,12.0
967.0,75.0,14.6,151.2,28.96,24.6,75.0,12.0
949.0,95.0,15.6,151.2,28.56,10.6,75.0,12.0
944.0,100.0,16.0,151.3,28.6,11.0,75.0,12.0
927.0,115.0,21.7,154.2,28.67,16.7,75.0,12.0
927.0,115.0,22.4,154.7,28.74,17.4,75.0,12.0
941.0,103.0,23.1,155.1,28.81,18.1,75.0,12.0
954.0,90.0,23.8,155.6,28.88,18.8,75.0,12.0
976.0,65.0,27.6,158.1,28.76,22.6,75.0,12.0
976.0,65.0,28.3,158.6,28.83,23.3,75.0,12.0
980.0,60.0,29.0,159.5,28.9,24.0,75.0,12.0
984.0,55.0,29.7,160.4,28.97,24.7,75.0,12.0
984.0,55.0,30.4,161.4,28.54,10.399999999999999,75.0,12.0
991.0,45.0,32.4,164.5,28.74,12.399999999999999,75.0,12.0
991.0,45.0,33.1,165.7,28.81,13.100000000000001,75.0,12.0
991.0,45.0,33.9,166.9,28.89,13.899999999999999,75.0,12.0
991.0,45.0,35.0,168.9,28.5,15.0,75.0,12.0
991.0,45.0,36.1,170.9,28.61,16.1,75.0,12.0
1002.0,23.0,16.4,118.7,28.64,11.399999999999999,75.0,12.0
1000.0,25.0,16.5,118.6,28.65,11.5,75.0,12.0
1000.0,28.0,16.5,118.4,28.65,11.5,75.0,12.0
1000.0,30.0,16.5,118.3,28.65,11.5,75.0,12.0
1000.0,30.0,16.4,118.2,28.64,11.399999999999999,75.0,12.0
991.0,45.0,16.0,118.4,28.6,11.0,75.0,12.0
991.0,45.0,16.1,118.6,28.61,11.100000000000001,75.0,12.0
991.0,45.0,16.1,118.7,28.61,11.100000000000001,75.0,12.0
991.0,45.0,16.1,118.8,28.61,11.100000000000001,75.0,12.0
984.0,55.0,16.1,119.8,28.61,11.100000000000001,75.0,12.0
988.0,50.0,16.1,120.3,28.61,11.100000000000001,75.0,12.0
991.0,45.0,16.1,120.8,28.61,11.100000000000001,75.0,12.0
994.0,40.0,16.2,121.3,28.62,11.2,75.0,12.0
1000.0,30.0,17.4,123.7,28.74,12.399999999999999,75.0,12.0
1000.0,30.0,18.1,123.8,28.81,13.100000000000001,75.0,12.0
1000.0,30.0,18.8,124.0,28.88,13.8,75.0,12.0
1000.0,30.0,19.2,124.5,28.92,14.2,75.0,12.0
999.0,33.0,21.3,125.9,28.63,16.3,75.0,12.0
997.0,35.0,21.8,126.3,28.68,16.8,75.0,12.0
997.0,35.0,22.2,126.8,28.72,17.2,75.0,12.0
997.0,35.0,22.6,127.2,28.76,17.6,75.0,12.0
994.0,40.0,23.0,127.7,28.8,18.0,75.0,12.0
984.0,55.0,25.1,129.7,28.51,20.1,75.0,12.0
984.0,55.0,25.8,130.1,28.58,20.8,75.0,12.0
984.0,55.0,26.8,130.6,28.68,21.8,75.0,12.0
984.0,55.0,27.8,131.0,28.78,22.8,75.0,12.0
1002.0,25.0,17.1,117.1,28.71,12.100000000000001,75.0,12.0
1002.0,25.0,17.1,117.0,28.71,12.100000000000001,75.0,12.0
1000.0,30.0,17.6,117.2,28.76,12.600000000000001,75.0,12.0
999.0,33.0,17.8,117.3,28.78,12.8,75.0,12.0
997.0,35.0,17.9,117.5,28.79,12.899999999999999,75.0,12.0
996.0,38.0,18.2,117.8,28.82,13.2,75.0,12.0
991.0,45.0,20.0,119.6,28.5,15.0,75.0,12.0
991.0,45.0,20.4,120.2,28.54,15.399999999999999,75.0,12.0
991.0,45.0,20.8,120.8,28.58,15.8,75.0,12.0
991.0,45.0,21.1,121.4,28.61,16.1,75.0,12.0
994.0,40.0,23.0,125.3,28.8,18.0,75.0,12.0
996.0,38.0,23.6,126.6,28.86,18.6,75.0,12.0
997.0,35.0,24.1,127.9,28.91,19.1,75.0,12.0
999.0,33.0,24.9,129.4,28.99,19.9,75.0,12.0
1002.0,25.0,28.4,135.3,28.84,23.4,75.0,12.0
1002.0,25.0,29.4,136.8,28.94,24.4,75.0,12.0
1006.0,15.0,8.2,153.8,28.82,18.2,75.0,12.0
1006.0,15.0,8.2,151.1,28.82,18.2,75.0,12.0
1006.0,15.0,8.2,150.8,28.82,18.2,75.0,12.0
1006.0,15.0,8.2,150.5,28.82,18.2,75.0,12.0
1006.0,15.0,8.3,150.2,28.83,18.3,75.0,12.0
1006.0,15.0,8.7,148.4,28.87,18.7,75.0,12.0
1006.0,15.0,8.8,147.9,28.88,18.8,75.0,12.0
1004.0,20.0,9.2,145.0,28.92,19.2,75.0,12.0
1004.0,20.0,9.4,144.6,28.94,19.4,75.0,12.0
1004.0,20.0,9.4,144.2,28.94,19.4,75.0,12.0
1004.0,20.0,9.5,143.8,28.95,19.5,75.0,12.0
1004.0,20.0,9.6,143.4,28.96,19.6,75.0,12.0
1004.0,20.0,9.6,141.2,28.96,19.6,75.0,12.0
1004.0,20.0,9.6,140.1,28.96,19.6,75.0,12.0
1004.0,20.0,9.6,139.5,28.96,19.6,75.0,12.0
1004.0,20.0,9.5,138.9,28.95,19.5,75.0,12.0
1002.0,25.0,9.4,136.6,28.94,19.4,75.0,12.0
1002.0,25.0,9.5,135.9,28.95,19.5,75.0,12.0
1001.0,28.0,9.7,135.3,28.97,19.7,75.0,12.0
999.0,33.0,10.6,132.3,28.56,20.6,75.0,12.0
994.0,40.0,11.1,131.1,28.61,21.1,75.0,12.0
991.0,45.0,11.3,130.4,28.63,21.3,75.0,12.0
991.0,45.0,11.4,129.8,28.64,21.4,75.0,12.0
987.0,50.0,11.4,127.4,28.64,21.4,75.0,12.0
989.0,48.0,11.7,127.2,28.67,21.7,75.0,12.0
991.0,45.0,12.0,127.0,28.7,22.0,75.0,12.0
991.0,45.0,12.2,126.8,28.72,22.2,75.0,12.0
991.0,45.0,13.8,126.2,28.88,23.8,75.0,12.0
989.0,48.0,14.1,126.1,28.91,24.1,75.0,12.0
987.0,50.0,14.4,125.9,28.94,24.4,75.0,12.0
986.0,53.0,14.7,125.7,28.97,24.7,75.0,12.0
980.0,60.0,16.5,124.5,28.65,11.5,75.0,12.0
980.0,60.0,16.9,124.2,28.69,11.899999999999999,75.0,12.0
980.0,60.0,17.3,124.0,28.73,12.3,75.0,12.0
980.0,60.0,17.7,123.7,28.77,12.7,75.0,12.0
967.0,75.0,20.0,123.1,28.5,15.0,75.0,12.0
967.0,75.0,20.4,123.2,28.54,15.399999999999999,75.0,12.0
967.0,75.0,20.8,123.2,28.58,15.8,75.0,12.0
967.0,75.0,21.5,123.4,28.65,16.5,75.0,12.0
944.0,100.0,25.2,123.9,28.52,20.2,75.0,12.0
936.0,108.0,25.7,124.2,28.57,20.7,75.0,12.0
965.0,78.0,31.4,127.8,28.64,11.399999999999999,75.0,12.0
972.0,70.0,32.5,128.5,28.75,12.5,75.0,12.0
974.0,68.0,34.0,129.3,28.9,14.0,75.0,12.0
976.0,65.0,35.4,130.1,28.54,15.399999999999999,75.0,12.0
980.0,60.0,36.4,131.3,28.64,16.4,75.0,12.0
991.0,45.0,39.9,136.1,28.99,19.9,75.0,12.0
991.0,45.0,40.5,137.2,28.55,20.5,75.0,12.0
1007.0,15.0,10.4,135.1,28.54,20.4,75.0,12.0
1007.0,15.0,10.4,134.5,28.54,20.4,75.0,12.0
1004.0,20.0,10.2,133.3,28.52,20.2,75.0,12.0
1003.0,23.0,10.1,132.7,28.51,20.1,75.0,12.0
1001.0,28.0,10.1,130.4,28.51,20.1,75.0,12.0
1000.0,30.0,10.1,129.8,28.51,20.1,75.0,12.0
1000.0,30.0,10.2,129.3,28.52,20.2,75.0,12.0
1000.0,30.0,10.3,128.8,28.53,20.3,75.0,12.0
1000.0,30.0,10.4,128.3,28.54,20.4,75.0,12.0
991.0,45.0,11.0,125.7,28.6,21.0,75.0,12.0
993.0,43.0,11.0,125.1,28.6,21.0,75.0,12.0
994.0,40.0,11.0,124.5,28.6,21.0,75.0,12.0
994.0,40.0,11.2,123.8,28.62,21.2,75.0,12.0
991.0,45.0,11.8,120.5,28.68,21.8,75.0,12.0
991.0,45.0,12.1,120.0,28.71,22.1,75.0,12.0
991.0,45.0,12.4,119.4,28.74,22.4,75.0,12.0
991.0,45.0,12.7,119.0,28.77,22.7,75.0,12.0
991.0,45.0,13.7,117.6,28.87,23.7,75.0,12.0
991.0,45.0,13.9,117.3,28.89,23.9,75.0,12.0
989.0,45.0,14.2,117.0,28.92,24.2,75.0,12.0
987.0,45.0,14.5,116.7,28.95,24.5,75.0,12.0
987.0,45.0,14.8,116.5,28.98,24.8,75.0,12.0
984.0,55.0,16.0,115.3,28.6,11.0,75.0,12.0
980.0,60.0,16.3,115.0,28.63,11.3,75.0,12.0
978.0,63.0,16.6,114.7,28.66,11.600000000000001,75.0,12.0
976.0,65.0,17.0,114.3,28.7,12.0,75.0,12.0
976.0,65.0,17.3,113.9,28.73,12.3,75.0,12.0
976.0,65.0,18.1,112.4,28.81,13.100000000000001,75.0,12.0
976.0,65.0,18.3,112.0,28.83,13.3,75.0,12.0
980.0,60.0,18.7,111.1,28.87,13.7,75.0,12.0
982.0,58.0,18.8,110.5,28.88,13.8,75.0,12.0
980.0,60.0,18.9,107.3,28.89,13.899999999999999,75.0,12.0
982.0,58.0,19.4,106.8,28.94,14.399999999999999,75.0,12.0
984.0,55.0,19.8,106.4,28.98,14.8,75.0,12.0
989.0,48.0,20.0,105.7,28.5,15.0,75.0,12.0
1006.0,15.0,3.6,148.9,28.86,13.6,75.0,12.0
1006.0,18.0,4.0,146.1,28.9,14.0,75.0,12.0
1006.0,20.0,4.3,145.6,28.93,14.3,75.0,12.0
1005.0,20.0,4.7,145.2,28.97,14.7,75.0,12.0
1004.0,20.0,5.1,144.9,28.51,15.1,75.0,12.0
1004.0,20.0,5.4,144.5,28.54,15.4,75.0,12.0
1001.0,28.0,7.0,142.7,28.7,17.0,75.0,12.0
1000.0,30.0,7.4,142.2,28.74,17.4,75.0,12.0
1000.0,30.0,7.8,141.6,28.78,17.8,75.0,12.0
1000.0,30.0,8.2,141.1,28.82,18.2,75.0,12.0
997.0,35.0,8.5,140.6,28.85,18.5,75.0,12.0
989.0,48.0,9.5,139.0,28.95,19.5,75.0,12.0
987.0,50.0,9.7,138.6,28.97,19.7,75.0,12.0
986.0,53.0,9.8,138.1,28.98,19.8,75.0,12.0
984.0,55.0,9.9,137.7,28.99,19.9,75.0,12.0
976.0,65.0,10.4,135.7,28.54,20.4,75.0,12.0
976.0,65.0,10.4,135.3,28.54,20.4,75.0,12.0
976.0,70.0,10.4,134.9,28.54,20.4,75.0,12.0
967.0,80.0,10.6,134.2,28.56,20.6,75.0,12.0
949.0,95.0,11.3,132.8,28.63,21.3,75.0,12.0
944.0,100.0,11.6,132.4,28.66,21.6,75.0,12.0
939.0,105.0,11.8,131.9,28.68,21.8,75.0,12.0
933.0,110.0,12.1,131.5,28.71,22.1,75.0,12.0
922.0,120.0,12.3,131.0,28.73,22.3,75.0,12.0
910.0,130.0,13.4,128.8,28.84,23.4,75.0,12.0
910.0,130.0,13.7,128.2,28.87,23.7,75.0,12.0
916.0,125.0,14.3,127.0,28.93,24.3,75.0,12.0
916.0,125.0,14.7,126.4,28.97,24.7,75.0,12.0
927.0,115.0,16.4,123.0,28.64,11.399999999999999,75.0,12.0
941.0,103.0,16.7,122.2,28.67,11.7,75.0,12.0
954.0,90.0,17.0,121.3,28.7,12.0,75.0,12.0
959.0,85.0,17.3,120.5,28.73,12.3,75.0,12.0
954.0,90.0,18.5,116.8,28.85,13.5,75.0,12.0
954.0,90.0,18.7,116.1,28.87,13.7,75.0,12.0
954.0,90.0,18.9,115.4,28.89,13.899999999999999,75.0,12.0
958.0,85.0,21.2,111.9,28.62,16.2,75.0,12.0
963.0,80.0,21.6,111.1,28.66,16.6,75.0,12.0
967.0,75.0,22.0,110.2,28.7,17.0,75.0,12.0
976.0,65.0,22.4,109.6,28.74,17.4,75.0,12.0
994.0,40.0,23.5,106.1,28.85,18.5,75.0,12.0
996.0,38.0,23.6,105.4,28.86,18.6,75.0,12.0
1004.0,20.0,12.8,129.3,28.78,22.8,75.0,12.0
1004.0,20.0,13.4,128.7,28.84,23.4,75.0,12.0
1004.0,20.0,13.9,128.1,28.89,23.9,75.0,12.0
1004.0,20.0,14.4,127.5,28.94,24.4,75.0,12.0
1003.0,23.0,15.9,126.3,28.59,10.9,75.0,12.0
1002.0,25.0,16.1,126.2,28.61,11.100000000000001,75.0,12.0
1002.0,25.0,16.3,126.1,28.63,11.3,75.0,12.0
1002.0,25.0,16.5,126.0,28.65,11.5,75.0,12.0
1001.0,28.0,16.7,126.0,28.67,11.7,75.0,12.0
997.0,35.0,18.3,125.6,28.83,13.3,75.0,12.0
994.0,40.0,18.6,125.2,28.86,13.600000000000001,75.0,12.0
991.0,45.0,18.9,124.9,28.89,13.899999999999999,75.0,12.0
991.0,45.0,19.2,124.5,28.92,14.2,75.0,12.0
987.0,50.0,20.7,122.1,28.57,15.7,75.0,12.0
982.0,58.0,21.0,121.8,28.6,16.0,75.0,12.0
976.0,65.0,21.4,121.4,28.64,16.4,75.0,12.0
976.0,65.0,21.9,121.2,28.69,16.9,75.0,12.0
980.0,60.0,23.3,119.7,28.83,18.3,75.0,12.0
980.0,60.0,23.7,119.4,28.87,18.7,75.0,12.0
980.0,60.0,24.1,119.1,28.91,19.1,75.0,12.0
982.0,58.0,24.5,118.8,28.95,19.5,75.0,12.0
1000.0,30.0,25.5,117.4,28.55,20.5,75.0,12.0
1006.0,15.0,8.6,147.1,28.86,18.6,75.0,12.0
1006.0,15.0,8.6,146.7,28.86,18.6,75.0,12.0
1006.0,15.0,8.6,146.3,28.86,18.6,75.0,12.0
1005.0,18.0,8.6,145.8,28.86,18.6,75.0,12.0
1003.0,23.0,9.4,143.9,28.94,19.4,75.0,12.0
1002.0,25.0,9.7,143.5,28.97,19.7,75.0,12.0
1002.0,25.0,9.9,142.9,28.99,19.9,75.0,12.0
1002.0,25.0,10.2,142.4,28.52,20.2,75.0,12.0
1002.0,25.0,10.6,141.9,28.56,20.6,75.0,12.0
1001.0,28.0,12.0,140.3,28.7,22.0,75.0,12.0
999.0,33.0,12.8,139.5,28.78,22.8,75.0,12.0
997.0,35.0,13.2,139.1,28.82,23.2,75.0,12.0
994.0,40.0,13.6,138.8,28.86,23.6,75.0,12.0
988.0,50.0,15.3,137.2,28.53,10.3,75.0,12.0
984.0,55.0,15.7,136.6,28.57,10.7,75.0,12.0
984.0,55.0,16.0,135.9,28.6,11.0,75.0,12.0
984.0,55.0,16.4,135.3,28.64,11.399999999999999,75.0,12.0
984.0,55.0,16.8,134.7,28.68,11.8,75.0,12.0
970.0,73.0,18.0,132.8,28.8,13.0,75.0,12.0
963.0,80.0,18.3,132.3,28.83,13.3,75.0,12.0
963.0,80.0,18.6,131.9,28.86,13.600000000000001,75.0,12.0
963.0,80.0,18.8,131.5,28.88,13.8,75.0,12.0
961.0,83.0,19.1,131.2,28.91,14.100000000000001,75.0,12.0
949.0,95.0,21.7,129.3,28.67,16.7,75.0,12.0
949.0,95.0,22.3,129.1,28.73,17.3,75.0,12.0
949.0,95.0,22.9,128.8,28.79,17.9,75.0,12.0
949.0,95.0,23.5,128.7,28.85,18.5,75.0,12.0
933.0,110.0,26.5,128.2,28.65,21.5,75.0,12.0
933.0,110.0,26.9,128.3,28.69,21.9,75.0,12.0
933.0,110.0,27.4,128.5,28.74,22.4,75.0,12.0
933.0,110.0,27.9,129.0,28.79,22.9,75.0,12.0
941.0,103.0,30.0,131.4,28.5,10.0,75.0,12.0
944.0,100.0,30.7,132.0,28.57,10.7,75.0,12.0
949.0,95.0,31.4,132.5,28.64,11.399999999999999,75.0,12.0
954.0,90.0,32.0,133.0,28.7,12.0,75.0,12.0
954.0,90.0,32.6,133.5,28.76,12.600000000000001,75.0,12.0
970.0,73.0,35.0,135.6,28.5,15.0,75.0,12.0
1004.0,20.0,8.9,151.9,28.89,18.9,75.0,12.0
1002.0,25.0,10.6,149.2,28.56,20.6,75.0,12.0
1002.0,25.0,13.5,145.4,28.85,23.5,75.0,12.0
1002.0,25.0,13.7,144.8,28.87,23.7,75.0,12.0
1002.0,25.0,13.9,144.2,28.89,23.9,75.0,12.0
1002.0,25.0,14.2,143.7,28.92,24.2,75.0,12.0
1002.0,25.0,14.7,143.2,28.97,24.7,75.0,12.0
1002.0,25.0,16.6,141.4,28.66,11.600000000000001,75.0,12.0
1002.0,25.0,17.6,139.1,28.76,12.600000000000001,75.0,12.0
1002.0,25.0,18.9,136.9,28.89,13.899999999999999,75.0,12.0
1000.0,30.0,20.1,133.1,28.51,15.100000000000001,75.0,12.0
967.0,75.0,18.8,114.7,28.88,13.8,75.0,12.0
963.0,80.0,20.4,110.0,28.54,15.399999999999999,75.0,12.0
954.0,90.0,20.8,108.9,28.58,15.8,75.0,12.0
954.0,90.0,21.0,108.3,28.6,16.0,75.0,12.0
1002.0,25.0,20.8,125.4,28.58,15.8,75.0,12.0
1001.0,28.0,21.8,125.1,28.68,16.8,75.0,12.0
1000.0,30.0,22.8,124.8,28.78,17.8,75.0,12.0
1000.0,30.0,23.6,124.1,28.86,18.6,75.0,12.0
1002.0,25.0,18.6,138.2,28.86,13.600000000000001,75.0,12.0
1002.0,25.0,18.3,138.1,28.83,13.3,75.0,12.0
1001.0,28.0,17.9,137.8,28.79,12.899999999999999,75.0,12.0
1000.0,30.0,17.5,137.6,28.75,12.5,75.0,12.0
999.0,33.0,17.1,137.1,28.71,12.100000000000001,75.0,12.0
997.0,35.0,16.3,135.3,28.63,11.3,75.0,12.0
997.0,35.0,16.1,135.1,28.61,11.100000000000001,75.0,12.0
994.0,40.0,15.9,134.7,28.59,10.9,75.0,12.0
972.0,70.0,16.3,134.3,28.63,11.3,75.0,12.0
970.0,73.0,16.5,134.0,28.65,11.5,75.0,12.0
967.0,75.0,16.7,133.7,28.67,11.7,75.0,12.0
967.0,75.0,17.1,133.4,28.71,12.100000000000001,75.0,12.0
963.0,80.0,19.2,131.1,28.92,14.2,75.0,12.0
959.0,85.0,19.5,130.3,28.95,14.5,75.0,12.0
952.0,93.0,20.0,128.8,28.5,15.0,75.0,12.0
922.0,120.0,20.6,125.4,28.56,15.600000000000001,75.0,12.0
922.0,120.0,20.8,124.5,28.58,15.8,75.0,12.0
922.0,120.0,20.9,123.6,28.59,15.899999999999999,75.0,12.0
919.0,123.0,21.0,122.7,28.6,16.0,75.0,12.0
922.0,120.0,22.0,118.2,28.7,17.0,75.0,12.0
930.0,113.0,22.1,117.4,28.71,17.1,75.0,12.0
938.0,105.0,22.2,116.6,28.72,17.2,75.0,12.0
948.0,95.0,22.4,115.7,28.74,17.4,75.0,12.0
985.0,53.0,22.6,111.5,28.76,17.6,75.0,12.0
994.0,40.0,22.6,110.5,28.76,17.6,75.0,12.0
997.0,35.0,22.8,109.8,28.78,17.8,75.0,12.0
1000.0,30.0,23.0,109.2,28.8,18.0,75.0,12.0
1002.0,25.0,11.9,148.0,28.69,21.9,75.0,12.0
1002.0,25.0,12.6,147.6,28.76,22.6,75.0,12.0
1002.0,25.0,12.8,146.8,28.78,22.8,75.0,12.0
1002.0,25.0,13.0,146.1,28.8,23.0,75.0,12.0
996.0,38.0,14.3,142.7,28.93,24.3,75.0,12.0
994.0,40.0,14.9,141.6,28.99,24.9,75.0,12.0
994.0,40.0,15.2,141.0,28.52,10.2,75.0,12.0
993.0,43.0,15.6,140.5,28.56,10.6,75.0,12.0
984.0,55.0,17.0,138.3,28.7,12.0,75.0,12.0
980.0,60.0,18.3,136.7,28.83,13.3,75.0,12.0
980.0,60.0,18.6,136.2,28.86,13.600000000000001,75.0,12.0
974.0,68.0,19.6,134.4,28.96,14.600000000000001,75.0,12.0
972.0,70.0,20.0,133.5,28.5,15.0,75.0,12.0
970.0,73.0,20.4,132.5,28.54,15.399999999999999,75.0,12.0
941.0,103.0,22.1,129.9,28.71,17.1,75.0,12.0
927.0,115.0,22.4,129.5,28.74,17.4,75.0,12.0
919.0,123.0,22.6,129.1,28.76,17.6,75.0,12.0
898.0,140.0,23.5,127.5,28.85,18.5,75.0,12.0
885.0,150.0,23.6,127.2,28.86,18.6,75.0,12.0
885.0,150.0,23.8,127.0,28.88,18.8,75.0,12.0
885.0,150.0,24.0,126.7,28.9,19.0,75.0,12.0
885.0,150.0,24.1,126.4,28.91,19.1,75.0,12.0
916.0,125.0,25.2,125.3,28.52,20.2,75.0,12.0
910.0,130.0,25.5,125.3,28.55,20.5,75.0,12.0
904.0,135.0,25.9,125.3,28.59,20.9,75.0,12.0
904.0,135.0,26.4,125.4,28.64,21.4,75.0,12.0
922.0,120.0,30.6,126.5,28.56,10.600000000000001,75.0,12.0
930.0,113.0,31.7,126.8,28.67,11.7,75.0,12.0
938.0,105.0,32.7,127.1,28.77,12.700000000000003,75.0,12.0
944.0,100.0,33.8,127.7,28.88,13.799999999999997,75.0,12.0
967.0,75.0,38.9,131.5,28.89,18.9,75.0,12.0
974.0,68.0,39.8,133.1,28.98,19.799999999999997,75.0,12.0
980.0,60.0,40.6,134.7,28.56,20.6,75.0,12.0
982.0,58.0,41.4,136.3,28.64,21.4,75.0,12.0
1000.0,30.0,21.5,128.0,28.65,16.5,75.0,12.0
1000.0,30.0,21.7,127.4,28.67,16.7,75.0,12.0
1000.0,30.0,22.2,127.3,28.72,17.2,75.0,12.0
984.0,55.0,24.9,127.7,28.99,19.9,75.0,12.0
984.0,55.0,25.4,127.8,28.54,20.4,75.0,12.0
984.0,55.0,26.0,128.0,28.6,21.0,75.0,12.0
982.0,58.0,26.5,128.1,28.65,21.5,75.0,12.0
976.0,65.0,28.4,129.7,28.84,23.4,75.0,12.0
976.0,65.0,28.6,130.2,28.86,23.6,75.0,12.0
976.0,65.0,28.8,130.7,28.88,23.8,75.0,12.0
974.0,68.0,28.9,131.4,28.89,23.9,75.0,12.0
949.0,95.0,30.6,136.4,28.56,10.600000000000001,75.0,12.0
944.0,100.0,31.1,137.2,28.61,11.100000000000001,75.0,12.0
944.0,100.0,31.6,138.1,28.66,11.600000000000001,75.0,12.0
947.0,98.0,33.8,141.8,28.88,13.799999999999997,75.0,12.0
949.0,95.0,34.4,142.8,28.94,14.399999999999999,75.0,12.0
952.0,93.0,35.1,143.9,28.51,15.100000000000001,75.0,12.0
954.0,90.0,35.9,145.0,28.59,15.899999999999999,75.0,12.0
980.0,60.0,40.8,153.8,28.58,20.799999999999997,75.0,12.0
984.0,55.0,42.1,156.5,28.71,22.1,75.0,12.0
1002.0,25.0,15.1,138.9,28.51,10.1,75.0,12.0
1002.0,25.0,15.3,138.5,28.53,10.3,75.0,12.0
1002.0,25.0,15.8,137.6,28.58,10.8,75.0,12.0
1000.0,30.0,16.6,135.8,28.66,11.600000000000001,75.0,12.0
1000.0,30.0,16.2,135.5,28.62,11.2,75.0,12.0
1000.0,30.0,15.8,135.6,28.58,10.8,75.0,12.0
1000.0,30.0,16.1,135.8,28.61,11.100000000000001,75.0,12.0
1001.0,28.0,17.5,136.3,28.75,12.5,75.0,12.0
1002.0,25.0,17.9,136.4,28.79,12.899999999999999,75.0,12.0
1000.0,25.0,18.2,136.6,28.82,13.2,75.0,12.0
998.0,25.0,18.5,136.7,28.85,13.5,75.0,12.0
998.0,28.0,18.9,137.1,28.89,13.899999999999999,75.0,12.0
984.0,55.0,21.8,139.0,28.68,16.8,75.0,12.0
980.0,60.0,22.3,139.3,28.73,17.3,75.0,12.0
980.0,60.0,22.8,139.5,28.78,17.8,75.0,12.0
980.0,60.0,24.6,140.2,28.96,19.6,75.0,12.0
980.0,60.0,25.0,140.3,28.5,20.0,75.0,12.0
980.0,60.0,25.7,140.6,28.57,20.7,75.0,12.0
976.0,65.0,26.0,140.8,28.6,21.0,75.0,12.0
958.0,85.0,27.7,141.5,28.77,22.7,75.0,12.0
956.0,88.0,28.1,141.7,28.81,23.1,75.0,12.0
954.0,90.0,28.5,141.9,28.85,23.5,75.0,12.0
956.0,88.0,28.9,142.2,28.89,23.9,75.0,12.0
969.0,68.0,31.7,145.6,28.67,11.7,75.0,12.0
980.0,60.0,32.7,147.1,28.77,12.700000000000003,75.0,12.0
986.0,53.0,33.9,148.6,28.89,13.899999999999999,75.0,12.0
991.0,45.0,35.0,150.1,28.5,15.0,75.0,12.0
1006.0,15.0,18.4,117.1,28.84,13.399999999999999,75.0,12.0
1006.0,15.0,18.3,116.9,28.83,13.3,75.0,12.0
1004.0,25.0,17.9,116.0,28.79,12.899999999999999,75.0,12.0
1002.0,25.0,17.7,115.7,28.77,12.7,75.0,12.0
1002.0,25.0,17.5,115.5,28.75,12.5,75.0,12.0
1002.0,25.0,17.3,115.2,28.73,12.3,75.0,12.0
1002.0,25.0,17.1,115.1,28.71,12.100000000000001,75.0,12.0
1002.0,25.0,17.4,115.4,28.74,12.399999999999999,75.0,12.0
1002.0,25.0,17.5,115.4,28.75,12.5,75.0,12.0
1002.0,25.0,17.7,115.4,28.77,12.7,75.0,12.0
1002.0,25.0,17.9,115.4,28.79,12.899999999999999,75.0,12.0
1002.0,25.0,18.7,115.2,28.87,13.7,75.0,12.0
1002.0,25.0,18.9,115.2,28.89,13.899999999999999,75.0,12.0
1002.0,25.0,19.1,115.3,28.91,14.100000000000001,75.0,12.0
1002.0,25.0,19.3,115.3,28.93,14.3,75.0,12.0
1002.0,25.0,19.9,115.0,28.99,14.899999999999999,75.0,12.0
1002.0,25.0,20.0,114.8,28.5,15.0,75.0,12.0
1002.0,25.0,20.2,114.6,28.52,15.2,75.0,12.0
1002.0,25.0,20.5,114.2,28.55,15.5,75.0,12.0
1002.0,25.0,21.7,112.0,28.67,16.7,75.0,12.0
1002.0,25.0,25.9,131.0,28.59,20.9,75.0,12.0
1002.0,25.0,26.0,131.2,28.6,21.0,75.0,12.0
1000.0,30.0,27.7,131.1,28.77,22.7,75.0,12.0
1001.0,28.0,28.0,130.8,28.8,23.0,75.0,12.0
1002.0,25.0,28.4,130.5,28.84,23.4,75.0,12.0
1001.0,28.0,28.8,130.2,28.88,23.8,75.0,12.0
1000.0,30.0,30.3,129.8,28.53,10.3,75.0,12.0
1000.0,30.0,30.7,129.9,28.57,10.7,75.0,12.0
1000.0,30.0,31.1,130.1,28.61,11.100000000000001,75.0,12.0
1000.0,30.0,31.6,130.8,28.66,11.600000000000001,75.0,12.0
1000.0,30.0,34.0,135.8,28.9,14.0,75.0,12.0
999.0,33.0,15.1,130.2,28.51,10.1,75.0,12.0
997.0,35.0,15.2,130.2,28.52,10.2,75.0,12.0
996.0,38.0,15.2,130.2,28.52,10.2,75.0,12.0
994.0,40.0,15.3,130.3,28.53,10.3,75.0,12.0
994.0,40.0,15.4,130.4,28.54,10.4,75.0,12.0
987.0,50.0,15.6,130.8,28.56,10.6,75.0,12.0
986.0,53.0,15.6,130.9,28.56,10.6,75.0,12.0
984.0,55.0,15.7,131.0,28.57,10.7,75.0,12.0
980.0,60.0,15.8,131.0,28.58,10.8,75.0,12.0
956.0,88.0,16.3,131.1,28.63,11.3,75.0,12.0
949.0,95.0,16.4,131.1,28.64,11.399999999999999,75.0,12.0
938.0,105.0,16.5,131.1,28.65,11.5,75.0,12.0
927.0,115.0,16.6,131.2,28.66,11.600000000000001,75.0,12.0
922.0,120.0,16.7,131.1,28.67,11.7,75.0,12.0
916.0,125.0,17.6,131.1,28.76,12.600000000000001,75.0,12.0
916.0,125.0,17.8,131.1,28.78,12.8,75.0,12.0
916.0,125.0,18.0,131.2,28.8,13.0,75.0,12.0
933.0,110.0,18.7,132.1,28.87,13.7,75.0,12.0
936.0,108.0,18.9,132.2,28.89,13.899999999999999,75.0,12.0
938.0,105.0,19.0,132.4,28.9,14.0,75.0,12.0
938.0,105.0,19.2,132.6,28.92,14.2,75.0,12.0
944.0,100.0,20.4,133.5,28.54,15.399999999999999,75.0,12.0
949.0,95.0,20.7,133.6,28.57,15.7,75.0,12.0
954.0,90.0,21.0,133.7,28.6,16.0,75.0,12.0
956.0,88.0,21.4,133.8,28.64,16.4,75.0,12.0
958.0,85.0,24.5,135.7,28.95,19.5,75.0,12.0
961.0,83.0,25.2,136.4,28.52,20.2,75.0,12.0
963.0,80.0,25.9,137.1,28.59,20.9,75.0,12.0
972.0,70.0,30.9,142.9,28.59,10.899999999999999,75.0,12.0
972.0,70.0,31.9,144.2,28.69,11.899999999999999,75.0,12.0
972.0,70.0,33.0,145.6,28.8,13.0,75.0,12.0
972.0,70.0,34.1,147.0,28.91,14.100000000000001,75.0,12.0
974.0,68.0,35.1,148.7,28.51,15.100000000000001,75.0,12.0
1006.0,15.0,17.8,145.9,28.78,12.8,75.0,12.0
1006.0,15.0,18.0,145.8,28.8,13.0,75.0,12.0
1006.0,15.0,18.2,145.6,28.82,13.2,75.0,12.0
1006.0,15.0,18.5,145.3,28.85,13.5,75.0,12.0
1004.0,20.0,19.5,143.7,28.95,14.5,75.0,12.0
1004.0,20.0,19.7,143.5,28.97,14.7,75.0,12.0
1002.0,20.0,19.9,143.3,28.99,14.899999999999999,75.0,12.0
1000.0,20.0,20.1,143.1,28.51,15.100000000000001,75.0,12.0
1001.0,23.0,20.3,142.9,28.53,15.3,75.0,12.0
999.0,33.0,21.1,143.5,28.61,16.1,75.0,12.0
997.0,35.0,21.3,143.8,28.63,16.3,75.0,12.0
997.0,35.0,21.5,144.2,28.65,16.5,75.0,12.0
997.0,35.0,21.7,144.5,28.67,16.7,75.0,12.0
989.0,48.0,22.5,146.1,28.75,17.5,75.0,12.0
984.0,55.0,22.9,146.6,28.79,17.9,75.0,12.0
980.0,60.0,23.2,146.8,28.82,18.2,75.0,12.0
978.0,63.0,23.4,147.1,28.84,18.4,75.0,12.0
972.0,70.0,24.8,148.6,28.98,19.8,75.0,12.0
967.0,75.0,25.2,149.0,28.52,20.2,75.0,12.0
961.0,83.0,25.7,149.4,28.57,20.7,75.0,12.0
954.0,90.0,26.2,149.8,28.62,21.2,75.0,12.0
927.0,115.0,29.2,154.2,28.92,24.2,75.0,12.0
922.0,120.0,29.6,155.2,28.96,24.6,75.0,12.0
916.0,125.0,30.1,156.3,28.51,10.100000000000001,75.0,12.0
913.0,128.0,30.5,162.6,28.55,10.5,75.0,12.0
916.0,125.0,30.1,163.6,28.51,10.100000000000001,75.0,12.0
919.0,123.0,29.5,164.6,28.95,24.5,75.0,12.0
922.0,120.0,28.8,165.5,28.88,23.8,75.0,12.0
925.0,118.0,28.2,166.3,28.82,23.2,75.0,12.0
944.0,100.0,25.8,168.9,28.58,20.8,75.0,12.0
949.0,95.0,25.1,169.3,28.51,20.1,75.0,12.0
949.0,93.0,24.6,169.4,28.96,19.6,75.0,12.0
949.0,90.0,24.0,169.4,28.9,19.0,75.0,12.0
956.0,85.0,23.5,169.1,28.85,18.5,75.0,12.0
976.0,65.0,22.3,166.6,28.73,17.3,75.0,12.0
976.0,65.0,22.2,165.8,28.72,17.2,75.0,12.0
976.0,65.0,22.2,165.2,28.72,17.2,75.0,12.0
976.0,65.0,22.2,164.5,28.72,17.2,75.0,12.0
967.0,75.0,21.9,159.3,28.69,16.9,75.0,12.0
967.0,75.0,21.9,158.2,28.69,16.9,75.0,12.0
967.0,75.0,21.9,157.2,28.69,16.9,75.0,12.0
967.0,75.0,21.9,156.2,28.69,16.9,75.0,12.0
933.0,110.0,23.8,149.4,28.88,18.8,75.0,12.0
927.0,115.0,26.1,149.6,28.61,21.1,75.0,12.0
927.0,115.0,26.6,150.1,28.66,21.6,75.0,12.0
936.0,108.0,27.2,150.8,28.72,22.2,75.0,12.0
944.0,100.0,27.8,151.5,28.78,22.8,75.0,12.0
949.0,95.0,28.4,152.7,28.84,23.4,75.0,12.0
968.0,75.0,30.1,158.1,28.51,10.100000000000001,75.0,12.0
972.0,70.0,30.5,159.5,28.55,10.5,75.0,12.0
978.0,63.0,30.9,161.3,28.59,10.899999999999999,75.0,12.0
984.0,55.0,31.4,163.1,28.64,11.399999999999999,75.0,12.0
988.0,50.0,31.8,165.1,28.68,11.8,75.0,12.0
1002.0,25.0,11.7,112.2,28.67,21.7,75.0,12.0
1002.0,25.0,11.8,112.3,28.68,21.8,75.0,12.0
1002.0,25.0,11.9,114.1,28.69,21.9,75.0,12.0
1002.0,25.0,11.9,114.5,28.69,21.9,75.0,12.0
1002.0,25.0,11.8,114.9,28.68,21.8,75.0,12.0
1002.0,25.0,11.7,115.3,28.67,21.7,75.0,12.0
1002.0,25.0,11.1,117.9,28.61,21.1,75.0,12.0
1002.0,25.0,11.0,118.6,28.6,21.0,75.0,12.0
1002.0,25.0,10.9,119.2,28.59,20.9,75.0,12.0
1002.0,25.0,10.9,119.9,28.59,20.9,75.0,12.0
1004.0,20.0,10.9,122.1,28.59,20.9,75.0,12.0
1002.0,25.0,9.5,101.4,28.95,19.5,75.0,12.0
1002.0,25.0,9.6,101.4,28.96,19.6,75.0,12.0
1002.0,25.0,9.6,101.4,28.96,19.6,75.0,12.0
1001.0,28.0,9.6,101.3,28.96,19.6,75.0,12.0
1002.0,25.0,10.1,101.1,28.51,20.1,75.0,12.0
1002.0,25.0,10.2,101.0,28.52,20.2,75.0,12.0
1002.0,25.0,10.4,101.0,28.54,20.4,75.0,12.0
1002.0,25.0,10.6,101.0,28.56,20.6,75.0,12.0
1002.0,25.0,11.4,101.0,28.64,21.4,75.0,12.0
1002.0,25.0,11.6,100.9,28.66,21.6,75.0,12.0
1002.0,25.0,11.7,100.8,28.67,21.7,75.0,12.0
1002.0,25.0,11.9,100.5,28.69,21.9,75.0,12.0
1002.0,25.0,12.4,98.6,28.74,22.4,75.0,12.0
1002.0,25.0,12.4,98.0,28.74,22.4,75.0,12.0
1002.0,25.0,12.5,97.4,28.75,22.5,75.0,12.0
1002.0,25.0,12.8,96.8,28.78,22.8,75.0,12.0
1002.0,25.0,13.2,94.1,28.82,23.2,75.0,12.0
1002.0,25.0,13.2,93.7,28.82,23.2,75.0,12.0
1002.0,25.0,13.3,93.3,28.83,23.3,75.0,12.0
1002.0,25.0,13.4,92.8,28.84,23.4,75.0,12.0
997.0,35.0,14.0,90.2,28.9,24.0,75.0,12.0
997.0,35.0,14.3,89.6,28.93,24.3,75.0,12.0
997.0,35.0,14.6,88.9,28.96,24.6,75.0,12.0
997.0,35.0,14.9,88.2,28.99,24.9,75.0,12.0
999.0,33.0,17.9,84.5,28.79,12.899999999999999,75.0,12.0
1000.0,30.0,18.2,84.0,28.82,13.2,75.0,12.0
1000.0,30.0,18.4,83.7,28.84,13.399999999999999,75.0,12.0
1000.0,30.0,18.7,83.4,28.87,13.7,75.0,12.0
1006.0,15.0,11.7,132.1,28.67,21.7,75.0,12.0
1006.0,15.0,11.9,131.3,28.69,21.9,75.0,12.0
1002.0,25.0,12.6,129.4,28.76,22.6,75.0,12.0
1002.0,25.0,12.8,129.1,28.78,22.8,75.0,12.0
1002.0,25.0,13.0,128.7,28.8,23.0,75.0,12.0
1000.0,30.0,13.2,128.2,28.82,23.2,75.0,12.0
991.0,45.0,14.7,125.9,28.97,24.7,75.0,12.0
988.0,48.0,15.0,125.3,28.5,10.0,75.0,12.0
984.0,50.0,15.3,124.7,28.53,10.3,75.0,12.0
980.0,58.0,15.6,124.2,28.56,10.6,75.0,12.0
967.0,75.0,16.8,122.4,28.68,11.8,75.0,12.0
970.0,73.0,17.2,122.1,28.72,12.2,75.0,12.0
972.0,70.0,17.6,121.8,28.76,12.600000000000001,75.0,12.0
974.0,68.0,18.1,121.4,28.81,13.100000000000001,75.0,12.0
978.0,63.0,19.8,120.8,28.98,14.8,75.0,12.0
980.0,60.0,20.1,120.7,28.51,15.100000000000001,75.0,12.0
980.0,60.0,20.4,120.7,28.54,15.399999999999999,75.0,12.0
980.0,60.0,20.7,120.6,28.57,15.7,75.0,12.0
980.0,60.0,21.0,120.7,28.6,16.0,75.0,12.0
988.0,50.0,22.4,121.6,28.74,17.4,75.0,12.0
991.0,45.0,22.7,121.9,28.77,17.7,75.0,12.0
991.0,45.0,22.9,122.2,28.79,17.9,75.0,12.0
991.0,45.0,23.1,122.6,28.81,18.1,75.0,12.0
991.0,45.0,23.2,122.8,28.82,18.2,75.0,12.0
997.0,35.0,23.6,123.5,28.86,18.6,75.0,12.0
1005.0,18.0,11.3,138.7,28.63,21.3,75.0,12.0
1004.0,20.0,11.5,137.8,28.65,21.5,75.0,12.0
1003.0,23.0,11.7,136.9,28.67,21.7,75.0,12.0
1002.0,25.0,11.8,135.9,28.68,21.8,75.0,12.0
1000.0,30.0,11.9,134.9,28.69,21.9,75.0,12.0
991.0,45.0,12.3,130.2,28.73,22.3,75.0,12.0
991.0,45.0,12.3,129.2,28.73,22.3,75.0,12.0
991.0,45.0,12.3,128.3,28.73,22.3,75.0,12.0
989.0,48.0,12.3,127.4,28.73,22.3,75.0,12.0
987.0,50.0,12.1,122.7,28.71,22.1,75.0,12.0
986.0,53.0,12.1,121.9,28.71,22.1,75.0,12.0
984.0,55.0,12.1,121.1,28.71,22.1,75.0,12.0
982.0,58.0,12.1,120.5,28.71,22.1,75.0,12.0
976.0,65.0,12.9,117.8,28.79,22.9,75.0,12.0
976.0,65.0,13.2,117.3,28.82,23.2,75.0,12.0
976.0,65.0,13.5,116.8,28.85,23.5,75.0,12.0
976.0,65.0,13.7,116.3,28.87,23.7,75.0,12.0
967.0,75.0,14.3,113.9,28.93,24.3,75.0,12.0
967.0,75.0,14.5,113.4,28.95,24.5,75.0,12.0
967.0,75.0,14.7,112.9,28.97,24.7,75.0,12.0
967.0,75.0,14.9,112.5,28.99,24.9,75.0,12.0
972.0,70.0,16.1,110.3,28.61,11.100000000000001,75.0,12.0
974.0,68.0,16.2,110.0,28.62,11.2,75.0,12.0
976.0,65.0,16.4,109.7,28.64,11.399999999999999,75.0,12.0
976.0,65.0,16.6,109.5,28.66,11.600000000000001,75.0,12.0
976.0,75.0,18.1,108.8,28.81,13.100000000000001,75.0,12.0
974.0,73.0,18.4,108.7,28.84,13.399999999999999,75.0,12.0
972.0,70.0,18.7,108.6,28.87,13.7,75.0,12.0
978.0,63.0,18.9,108.5,28.89,13.899999999999999,75.0,12.0
991.0,45.0,20.4,108.9,28.54,15.399999999999999,75.0,12.0
996.0,38.0,20.7,109.1,28.57,15.7,75.0,12.0
1000.0,30.0,21.0,109.3,28.6,16.0,75.0,12.0
1002.0,25.0,21.4,109.5,28.64,16.4,75.0,12.0
1004.0,20.0,13.5,171.7,28.85,23.5,75.0,12.0
1004.0,20.0,13.7,171.5,28.87,23.7,75.0,12.0
1004.0,20.0,13.8,171.3,28.88,23.8,75.0,12.0
1004.0,20.0,14.0,171.1,28.9,24.0,75.0,12.0
1004.0,20.0,14.1,170.8,28.91,24.1,75.0,12.0
1006.0,15.0,14.2,169.6,28.92,24.2,75.0,12.0
1006.0,15.0,14.2,169.2,28.92,24.2,75.0,12.0
1006.0,15.0,14.2,168.8,28.92,24.2,75.0,12.0
1006.0,15.0,14.2,168.4,28.92,24.2,75.0,12.0
1006.0,15.0,14.1,168.0,28.91,24.1,75.0,12.0
1006.0,15.0,13.0,167.1,28.8,23.0,75.0,12.0
1006.0,15.0,12.7,167.0,28.77,22.7,75.0,12.0
1006.0,15.0,12.4,166.9,28.74,22.4,75.0,12.0
1006.0,15.0,12.1,166.9,28.71,22.1,75.0,12.0
1006.0,15.0,11.8,166.9,28.68,21.8,75.0,12.0
1005.0,18.0,10.9,166.1,28.59,20.9,75.0,12.0
1004.0,20.0,10.9,165.7,28.59,20.9,75.0,12.0
1004.0,20.0,10.9,165.4,28.59,20.9,75.0,12.0
1004.0,20.0,10.9,165.1,28.59,20.9,75.0,12.0
1003.0,23.0,10.9,164.8,28.59,20.9,75.0,12.0
1002.0,25.0,10.8,163.4,28.58,20.8,75.0,12.0
1002.0,25.0,10.6,163.1,28.56,20.6,75.0,12.0
1002.0,25.0,10.3,162.9,28.53,20.3,75.0,12.0
1002.0,25.0,10.0,162.7,28.5,20.0,75.0,12.0
1003.0,25.0,9.8,162.5,28.98,19.8,75.0,12.0
1002.0,25.0,9.1,161.8,28.91,19.1,75.0,12.0
1002.0,25.0,9.0,161.6,28.9,19.0,75.0,12.0
1001.0,28.0,8.9,161.4,28.89,18.9,75.0,12.0
1000.0,30.0,8.9,161.2,28.89,18.9,75.0,12.0
1000.0,30.0,8.9,161.0,28.89,18.9,75.0,12.0
997.0,35.0,8.9,159.8,28.89,18.9,75.0,12.0
997.0,35.0,9.0,159.4,28.9,19.0,75.0,12.0
997.0,35.0,9.1,158.8,28.91,19.1,75.0,12.0
997.0,35.0,9.1,158.2,28.91,19.1,75.0,12.0
996.0,38.0,9.1,157.5,28.91,19.1,75.0,12.0
986.0,53.0,8.8,154.7,28.88,18.8,75.0,12.0
980.0,60.0,8.8,153.9,28.88,18.8,75.0,12.0
978.0,63.0,8.8,153.1,28.88,18.8,75.0,12.0
976.0,65.0,8.8,152.3,28.88,18.8,75.0,12.0
974.0,68.0,8.8,151.5,28.88,18.8,75.0,12.0
965.0,78.0,8.5,148.4,28.85,18.5,75.0,12.0
963.0,80.0,8.2,147.8,28.82,18.2,75.0,12.0
961.0,83.0,8.1,147.2,28.81,18.1,75.0,12.0
958.0,85.0,7.9,146.6,28.79,17.9,75.0,12.0
956.0,88.0,7.8,146.1,28.78,17.8,75.0,12.0
949.0,95.0,7.9,144.2,28.79,17.9,75.0,12.0
949.0,95.0,8.1,143.8,28.81,18.1,75.0,12.0
949.0,95.0,8.3,143.4,28.83,18.3,75.0,12.0
949.0,95.0,8.5,143.1,28.85,18.5,75.0,12.0
947.0,98.0,8.8,142.6,28.88,18.8,75.0,12.0
938.0,105.0,10.3,140.5,28.53,20.3,75.0,12.0
933.0,110.0,11.1,139.3,28.61,21.1,75.0,12.0
927.0,115.0,11.4,138.7,28.64,21.4,75.0,12.0
916.0,125.0,12.4,136.9,28.74,22.4,75.0,12.0
910.0,130.0,12.6,136.7,28.76,22.6,75.0,12.0
904.0,135.0,12.8,136.5,28.78,22.8,75.0,12.0
898.0,140.0,13.1,136.3,28.81,23.1,75.0,12.0
898.0,140.0,13.3,136.2,28.83,23.3,75.0,12.0
898.0,140.0,14.1,134.9,28.91,24.1,75.0,12.0
898.0,140.0,14.3,134.6,28.93,24.3,75.0,12.0
898.0,140.0,14.5,134.3,28.95,24.5,75.0,12.0
895.0,143.0,14.8,134.1,28.98,24.8,75.0,12.0
904.0,135.0,15.6,132.8,28.56,10.6,75.0,12.0
904.0,135.0,16.0,132.6,28.6,11.0,75.0,12.0
904.0,135.0,16.4,132.3,28.64,11.399999999999999,75.0,12.0
904.0,135.0,16.8,132.1,28.68,11.8,75.0,12.0
927.0,115.0,18.4,130.8,28.84,13.399999999999999,75.0,12.0
933.0,110.0,18.8,130.7,28.88,13.8,75.0,12.0
938.0,105.0,19.2,130.5,28.92,14.2,75.0,12.0
938.0,105.0,19.6,130.7,28.96,14.600000000000001,75.0,12.0
944.0,100.0,22.1,132.6,28.71,17.1,75.0,12.0
944.0,100.0,22.7,133.3,28.77,17.7,75.0,12.0
944.0,100.0,23.3,134.0,28.83,18.3,75.0,12.0
947.0,98.0,24.0,134.7,28.9,19.0,75.0,12.0
972.0,70.0,27.7,138.8,28.77,22.7,75.0,12.0
974.0,68.0,28.6,139.4,28.86,23.6,75.0,12.0
976.0,65.0,29.6,140.0,28.96,24.6,75.0,12.0
987.0,50.0,35.7,148.6,28.57,15.700000000000003,75.0,12.0
1004.0,20.0,11.6,140.6,28.66,21.6,75.0,12.0
1004.0,20.0,13.1,137.0,28.81,23.1,75.0,12.0
1004.0,23.0,13.2,136.4,28.82,23.2,75.0,12.0
1003.0,25.0,13.3,135.8,28.83,23.3,75.0,12.0
1002.0,28.0,13.4,135.2,28.84,23.4,75.0,12.0
1000.0,30.0,13.7,132.2,28.87,23.7,75.0,12.0
1000.0,30.0,13.7,131.6,28.87,23.7,75.0,12.0
1000.0,30.0,13.7,131.0,28.87,23.7,75.0,12.0
999.0,33.0,13.8,130.5,28.88,23.8,75.0,12.0
997.0,35.0,13.7,128.6,28.87,23.7,75.0,12.0
997.0,35.0,13.6,128.3,28.86,23.6,75.0,12.0
997.0,35.0,13.4,128.0,28.84,23.4,75.0,12.0
997.0,35.0,13.2,127.7,28.82,23.2,75.0,12.0
997.0,35.0,11.5,126.9,28.65,21.5,75.0,12.0
997.0,35.0,11.1,126.8,28.61,21.1,75.0,12.0
997.0,35.0,10.6,126.8,28.56,20.6,75.0,12.0
999.0,33.0,10.2,126.6,28.52,20.2,75.0,12.0
1005.0,18.0,8.5,146.7,28.85,18.5,75.0,12.0
1004.0,20.0,8.8,146.2,28.88,18.8,75.0,12.0
1002.0,25.0,11.1,142.7,28.61,21.1,75.0,12.0
1001.0,28.0,11.3,142.0,28.63,21.3,75.0,12.0
1000.0,30.0,11.6,141.3,28.66,21.6,75.0,12.0
1000.0,30.0,12.1,140.8,28.71,22.1,75.0,12.0
1000.0,30.0,12.4,137.6,28.74,22.4,75.0,12.0
1000.0,30.0,12.6,137.1,28.76,22.6,75.0,12.0
1000.0,30.0,12.8,136.7,28.78,22.8,75.0,12.0
999.0,33.0,13.1,136.3,28.81,23.1,75.0,12.0
997.0,35.0,14.8,135.2,28.98,24.8,75.0,12.0
997.0,35.0,15.1,135.4,28.51,10.1,75.0,12.0
997.0,35.0,15.3,135.6,28.53,10.3,75.0,12.0
999.0,33.0,15.1,135.8,28.51,10.1,75.0,12.0
1000.0,30.0,14.9,136.6,28.99,24.9,75.0,12.0
1000.0,30.0,14.9,136.8,28.99,24.9,75.0,12.0
1000.0,30.0,14.8,137.0,28.98,24.8,75.0,12.0
1001.0,28.0,14.7,136.9,28.97,24.7,75.0,12.0
1002.0,25.0,13.3,135.8,28.83,23.3,75.0,12.0
1002.0,25.0,12.6,135.8,28.76,22.6,75.0,12.0
1002.0,25.0,11.9,135.7,28.69,21.9,75.0,12.0
1002.0,25.0,11.4,135.4,28.64,21.4,75.0,12.0
1002.0,25.0,9.6,134.1,28.96,19.6,75.0,12.0
1002.0,25.0,9.4,134.0,28.94,19.4,75.0,12.0
1002.0,25.0,9.3,133.9,28.93,19.3,75.0,12.0
1002.0,25.0,9.2,133.8,28.92,19.2,75.0,12.0
1002.0,25.0,8.9,133.3,28.89,18.9,75.0,12.0
1002.0,25.0,8.8,133.1,28.88,18.8,75.0,12.0
1002.0,25.0,8.8,133.0,28.88,18.8,75.0,12.0
1004.0,20.0,8.5,132.5,28.85,18.5,75.0,12.0
1004.0,20.0,8.5,132.4,28.85,18.5,75.0,12.0
1004.0,20.0,8.5,132.3,28.85,18.5,75.0,12.0
1004.0,20.0,4.0,142.3,28.9,14.0,75.0,12.0
1004.0,20.0,4.6,141.9,28.96,14.6,75.0,12.0
1004.0,20.0,6.5,140.2,28.65,16.5,75.0,12.0
1004.0,20.0,6.7,139.8,28.67,16.7,75.0,12.0
1004.0,20.0,6.9,139.5,28.69,16.9,75.0,12.0
1003.0,23.0,7.0,139.1,28.7,17.0,75.0,12.0
1002.0,25.0,6.4,137.8,28.64,16.4,75.0,12.0
1001.0,28.0,6.1,137.3,28.61,16.1,75.0,12.0
1000.0,30.0,5.6,135.4,28.56,15.6,75.0,12.0
1000.0,30.0,5.7,134.9,28.57,15.7,75.0,12.0
1000.0,30.0,6.0,134.4,28.6,16.0,75.0,12.0
1002.0,25.0,7.8,131.7,28.78,17.8,75.0,12.0
1002.0,25.0,8.2,131.1,28.82,18.2,75.0,12.0
1002.0,25.0,8.7,130.6,28.87,18.7,75.0,12.0
1001.0,28.0,9.1,130.1,28.91,19.1,75.0,12.0
997.0,35.0,11.0,128.0,28.6,21.0,75.0,12.0
997.0,35.0,11.3,127.7,28.63,21.3,75.0,12.0
997.0,35.0,11.6,127.4,28.66,21.6,75.0,12.0
997.0,35.0,11.9,127.1,28.69,21.9,75.0,12.0
997.0,35.0,13.2,125.7,28.82,23.2,75.0,12.0
997.0,35.0,13.4,125.4,28.84,23.4,75.0,12.0
997.0,35.0,13.7,125.1,28.87,23.7,75.0,12.0
997.0,35.0,14.0,125.0,28.9,24.0,75.0,12.0
997.0,35.0,15.0,124.1,28.5,10.0,75.0,12.0
997.0,35.0,15.2,124.0,28.52,10.2,75.0,12.0
997.0,35.0,15.5,124.0,28.55,10.5,75.0,12.0
997.0,35.0,15.8,124.1,28.58,10.8,75.0,12.0
1002.0,25.0,16.9,124.2,28.69,11.899999999999999,75.0,12.0
1003.0,25.0,16.9,124.3,28.69,11.899999999999999,75.0,12.0
1004.0,25.0,16.8,124.5,28.68,11.8,75.0,12.0
1003.0,25.0,16.8,124.7,28.68,11.8,75.0,12.0
1004.0,20.0,17.0,125.6,28.7,12.0,75.0,12.0
1004.0,20.0,17.1,125.8,28.71,12.100000000000001,75.0,12.0
1004.0,20.0,17.3,126.0,28.73,12.3,75.0,12.0
1004.0,20.0,17.6,126.0,28.76,12.600000000000001,75.0,12.0
1002.0,25.0,6.7,153.2,28.67,16.7,75.0,12.0
1002.0,25.0,6.2,152.4,28.62,16.2,75.0,12.0
1002.0,25.0,6.1,152.2,28.61,16.1,75.0,12.0
1002.0,25.0,6.1,151.9,28.61,16.1,75.0,12.0
1002.0,25.0,6.1,151.7,28.61,16.1,75.0,12.0
1000.0,30.0,6.4,150.3,28.64,16.4,75.0,12.0
1000.0,30.0,6.5,149.8,28.65,16.5,75.0,12.0
997.0,38.0,7.8,149.1,28.78,17.8,75.0,12.0
992.0,45.0,8.5,149.0,28.85,18.5,75.0,12.0
987.0,50.0,8.9,148.9,28.89,18.9,75.0,12.0
986.0,53.0,9.2,148.6,28.92,19.2,75.0,12.0
980.0,60.0,9.3,147.2,28.93,19.3,75.0,12.0
976.0,65.0,9.1,146.5,28.91,19.1,75.0,12.0
976.0,65.0,9.1,146.1,28.91,19.1,75.0,12.0
972.0,70.0,9.2,145.8,28.92,19.2,75.0,12.0
965.0,78.0,10.1,144.5,28.51,20.1,75.0,12.0
963.0,80.0,10.1,144.1,28.51,20.1,75.0,12.0
954.0,90.0,9.9,142.6,28.99,19.9,75.0,12.0
944.0,100.0,9.2,140.6,28.92,19.2,75.0,12.0
936.0,108.0,9.1,140.2,28.91,19.1,75.0,12.0
927.0,115.0,8.9,139.9,28.89,18.9,75.0,12.0
927.0,115.0,8.9,139.5,28.89,18.9,75.0,12.0
933.0,110.0,9.1,138.2,28.91,19.1,75.0,12.0
933.0,110.0,9.2,138.0,28.92,19.2,75.0,12.0
933.0,110.0,9.4,137.6,28.94,19.4,75.0,12.0
933.0,110.0,9.6,137.2,28.96,19.6,75.0,12.0
930.0,113.0,9.8,136.8,28.98,19.8,75.0,12.0
913.0,128.0,10.7,135.4,28.57,20.7,75.0,12.0
910.0,130.0,10.9,135.1,28.59,20.9,75.0,12.0
910.0,130.0,11.2,134.7,28.62,21.2,75.0,12.0
916.0,125.0,11.6,133.9,28.66,21.6,75.0,12.0
927.0,115.0,13.2,132.2,28.82,23.2,75.0,12.0
927.0,115.0,13.4,131.9,28.84,23.4,75.0,12.0
927.0,115.0,13.7,131.7,28.87,23.7,75.0,12.0
930.0,113.0,14.0,131.6,28.9,24.0,75.0,12.0
927.0,115.0,15.3,131.0,28.53,10.3,75.0,12.0
927.0,115.0,15.6,130.9,28.56,10.6,75.0,12.0
927.0,115.0,15.8,130.9,28.58,10.8,75.0,12.0
925.0,118.0,16.1,131.0,28.61,11.100000000000001,75.0,12.0
922.0,120.0,17.2,131.6,28.72,12.2,75.0,12.0
919.0,123.0,17.5,131.8,28.75,12.5,75.0,12.0
916.0,125.0,17.8,132.0,28.78,12.8,75.0,12.0
922.0,120.0,18.2,132.2,28.82,13.2,75.0,12.0
938.0,105.0,20.9,134.5,28.59,15.899999999999999,75.0,12.0
938.0,105.0,21.4,135.1,28.64,16.4,75.0,12.0
941.0,103.0,21.9,135.8,28.69,16.9,75.0,12.0
956.0,88.0,23.5,138.6,28.85,18.5,75.0,12.0
958.0,85.0,23.8,139.4,28.88,18.8,75.0,12.0
965.0,78.0,24.1,140.2,28.91,19.1,75.0,12.0
972.0,70.0,24.4,141.0,28.94,19.4,75.0,12.0
978.0,63.0,24.8,142.1,28.98,19.8,75.0,12.0
1004.0,20.0,7.5,132.0,28.75,17.5,75.0,12.0
1003.0,23.0,7.7,132.1,28.77,17.7,75.0,12.0
991.0,45.0,8.4,131.7,28.84,18.4,75.0,12.0
988.0,50.0,8.5,131.5,28.85,18.5,75.0,12.0
984.0,55.0,8.6,131.3,28.86,18.6,75.0,12.0
980.0,60.0,8.8,131.2,28.88,18.8,75.0,12.0
963.0,80.0,9.5,129.9,28.95,19.5,75.0,12.0
959.0,85.0,9.7,129.5,28.97,19.7,75.0,12.0
954.0,90.0,9.8,129.1,28.98,19.8,75.0,12.0
954.0,90.0,10.0,128.8,28.5,20.0,75.0,12.0
927.0,115.0,11.2,127.0,28.62,21.2,75.0,12.0
922.0,120.0,11.6,126.7,28.66,21.6,75.0,12.0
916.0,125.0,11.9,126.4,28.69,21.9,75.0,12.0
907.0,133.0,12.2,126.1,28.72,22.2,75.0,12.0
910.0,130.0,13.9,124.3,28.89,23.9,75.0,12.0
910.0,130.0,14.2,124.1,28.92,24.2,75.0,12.0
910.0,130.0,14.6,123.9,28.96,24.6,75.0,12.0
913.0,128.0,15.0,123.8,28.5,10.0,75.0,12.0
916.0,125.0,16.9,123.6,28.69,11.899999999999999,75.0,12.0
916.0,125.0,17.2,123.7,28.72,12.2,75.0,12.0
916.0,125.0,17.6,123.7,28.76,12.600000000000001,75.0,12.0
919.0,123.0,18.0,123.8,28.8,13.0,75.0,12.0
938.0,105.0,20.2,125.2,28.52,15.2,75.0,12.0
941.0,103.0,20.8,125.9,28.58,15.8,75.0,12.0
944.0,100.0,21.3,126.6,28.63,16.3,75.0,12.0
947.0,98.0,21.9,127.3,28.69,16.9,75.0,12.0
963.0,80.0,25.3,131.8,28.53,20.3,75.0,12.0
965.0,78.0,26.1,133.1,28.61,21.1,75.0,12.0
967.0,75.0,26.9,134.4,28.69,21.9,75.0,12.0
970.0,73.0,27.9,135.7,28.79,22.9,75.0,12.0
984.0,55.0,32.1,141.8,28.71,12.100000000000001,75.0,12.0
984.0,55.0,33.8,143.3,28.88,13.799999999999997,75.0,12.0
988.0,50.0,35.8,144.7,28.58,15.799999999999997,75.0,12.0
991.0,45.0,37.7,146.0,28.77,17.700000000000003,75.0,12.0
1002.0,25.0,9.4,113.2,28.94,19.4,75.0,12.0
1002.0,25.0,9.5,112.9,28.95,19.5,75.0,12.0
1002.0,25.0,9.7,111.4,28.97,19.7,75.0,12.0
1002.0,25.0,9.6,111.2,28.96,19.6,75.0,12.0
1002.0,25.0,9.5,110.9,28.95,19.5,75.0,12.0
1002.0,25.0,9.5,110.7,28.95,19.5,75.0,12.0
1000.0,30.0,9.9,109.5,28.99,19.9,75.0,12.0
999.0,33.0,9.8,109.2,28.98,19.8,75.0,12.0
997.0,35.0,9.7,108.9,28.97,19.7,75.0,12.0
999.0,33.0,9.7,108.6,28.97,19.7,75.0,12.0
1000.0,30.0,10.3,109.1,28.53,20.3,75.0,12.0
1001.0,28.0,10.2,109.2,28.52,20.2,75.0,12.0
1002.0,25.0,10.0,109.4,28.5,20.0,75.0,12.0
1002.0,25.0,10.1,109.6,28.51,20.1,75.0,12.0
1002.0,25.0,10.5,110.4,28.55,20.5,75.0,12.0
1002.0,25.0,10.6,110.6,28.56,20.6,75.0,12.0
1002.0,25.0,10.7,110.7,28.57,20.7,75.0,12.0
1002.0,25.0,10.8,110.8,28.58,20.8,75.0,12.0
1004.0,20.0,5.6,146.8,28.56,15.6,75.0,12.0
1002.0,25.0,6.0,144.1,28.6,16.0,75.0,12.0
1002.0,25.0,6.1,143.6,28.61,16.1,75.0,12.0
1001.0,28.0,6.2,143.1,28.62,16.2,75.0,12.0
1000.0,30.0,6.3,142.6,28.63,16.3,75.0,12.0
999.0,33.0,6.4,142.1,28.64,16.4,75.0,12.0
996.0,38.0,6.9,140.6,28.69,16.9,75.0,12.0
994.0,40.0,7.1,140.3,28.71,17.1,75.0,12.0
991.0,45.0,7.4,139.7,28.74,17.4,75.0,12.0
989.0,48.0,7.6,139.4,28.76,17.6,75.0,12.0
984.0,55.0,8.6,138.3,28.86,18.6,75.0,12.0
984.0,55.0,8.8,138.0,28.88,18.8,75.0,12.0
984.0,55.0,8.9,137.6,28.89,18.9,75.0,12.0
984.0,55.0,9.1,137.1,28.91,19.1,75.0,12.0
984.0,55.0,9.3,136.7,28.93,19.3,75.0,12.0
982.0,58.0,10.2,135.1,28.52,20.2,75.0,12.0
980.0,60.0,10.4,134.7,28.54,20.4,75.0,12.0
980.0,60.0,10.7,134.3,28.57,20.7,75.0,12.0
980.0,60.0,10.9,134.0,28.59,20.9,75.0,12.0
980.0,60.0,11.2,133.6,28.62,21.2,75.0,12.0
980.0,60.0,12.4,133.0,28.74,22.4,75.0,12.0
980.0,58.0,12.9,133.3,28.79,22.9,75.0,12.0
980.0,55.0,13.4,133.6,28.84,23.4,75.0,12.0
996.0,38.0,16.0,134.3,28.6,11.0,75.0,12.0
997.0,35.0,16.4,134.5,28.64,11.399999999999999,75.0,12.0
997.0,35.0,16.8,134.7,28.68,11.8,75.0,12.0
999.0,33.0,19.3,135.6,28.93,14.3,75.0,12.0
1000.0,30.0,19.9,135.8,28.99,14.899999999999999,75.0,12.0
1000.0,30.0,15.1,116.3,28.51,10.1,75.0,12.0
1000.0,30.0,15.0,116.3,28.5,10.0,75.0,12.0
1000.0,30.0,14.9,116.4,28.99,24.9,75.0,12.0
999.0,33.0,14.9,116.6,28.99,24.9,75.0,12.0
997.0,45.0,15.3,117.9,28.53,10.3,75.0,12.0
994.0,45.0,15.4,118.1,28.54,10.4,75.0,12.0
991.0,45.0,15.6,118.3,28.56,10.6,75.0,12.0
991.0,45.0,15.8,118.4,28.58,10.8,75.0,12.0
987.0,50.0,16.6,118.9,28.66,11.600000000000001,75.0,12.0
986.0,53.0,16.8,119.0,28.68,11.8,75.0,12.0
984.0,55.0,16.9,119.0,28.69,11.899999999999999,75.0,12.0
982.0,58.0,17.1,119.1,28.71,12.100000000000001,75.0,12.0
976.0,65.0,18.7,119.4,28.87,13.7,75.0,12.0
972.0,70.0,19.0,119.6,28.9,14.0,75.0,12.0
967.0,75.0,19.3,119.7,28.93,14.3,75.0,12.0
963.0,80.0,19.6,119.9,28.96,14.600000000000001,75.0,12.0
954.0,90.0,21.1,121.4,28.61,16.1,75.0,12.0
954.0,90.0,21.7,122.0,28.67,16.7,75.0,12.0
954.0,90.0,22.3,122.5,28.73,17.3,75.0,12.0
949.0,95.0,22.9,123.1,28.79,17.9,75.0,12.0
944.0,100.0,25.9,126.2,28.59,20.9,75.0,12.0
951.0,93.0,26.5,126.8,28.65,21.5,75.0,12.0
958.0,85.0,27.1,127.5,28.71,22.1,75.0,12.0
961.0,83.0,27.7,128.3,28.77,22.7,75.0,12.0
980.0,60.0,30.4,131.4,28.54,10.399999999999999,75.0,12.0
984.0,55.0,31.1,132.2,28.61,11.100000000000001,75.0,12.0
988.0,50.0,32.0,133.1,28.7,12.0,75.0,12.0
1004.0,20.0,6.5,140.9,28.65,16.5,75.0,12.0
1004.0,20.0,6.4,140.7,28.64,16.4,75.0,12.0
1004.0,20.0,6.5,140.4,28.65,16.5,75.0,12.0
1004.0,20.0,6.5,140.2,28.65,16.5,75.0,12.0
1004.0,20.0,6.5,139.9,28.65,16.5,75.0,12.0
1004.0,20.0,7.1,138.1,28.71,17.1,75.0,12.0
1004.0,20.0,7.3,137.6,28.73,17.3,75.0,12.0
1004.0,20.0,7.4,136.8,28.74,17.4,75.0,12.0
1004.0,20.0,7.6,136.0,28.76,17.6,75.0,12.0
1004.0,20.0,7.8,135.2,28.78,17.8,75.0,12.0
1004.0,20.0,9.0,130.6,28.9,19.0,75.0,12.0
1004.0,20.0,9.1,129.7,28.91,19.1,75.0,12.0
1004.0,20.0,9.1,128.8,28.91,19.1,75.0,12.0
1002.0,25.0,9.1,128.1,28.91,19.1,75.0,12.0
997.0,35.0,10.6,125.4,28.56,20.6,75.0,12.0
997.0,35.0,10.8,124.8,28.58,20.8,75.0,12.0
997.0,35.0,10.9,124.1,28.59,20.9,75.0,12.0
996.0,38.0,10.9,123.4,28.59,20.9,75.0,12.0
991.0,45.0,11.4,120.2,28.64,21.4,75.0,12.0
991.0,45.0,11.5,119.7,28.65,21.5,75.0,12.0
991.0,45.0,11.6,119.1,28.66,21.6,75.0,12.0
991.0,45.0,11.8,118.7,28.68,21.8,75.0,12.0
991.0,45.0,12.7,116.2,28.77,22.7,75.0,12.0
989.0,48.0,12.9,115.7,28.79,22.9,75.0,12.0
987.0,50.0,13.1,115.2,28.81,23.1,75.0,12.0
986.0,53.0,13.2,114.7,28.82,23.2,75.0,12.0
976.0,65.0,13.9,111.6,28.89,23.9,75.0,12.0
972.0,70.0,13.9,110.9,28.89,23.9,75.0,12.0
967.0,75.0,14.0,110.2,28.9,24.0,75.0,12.0
972.0,70.0,13.9,109.5,28.89,23.9,75.0,12.0
997.0,35.0,14.0,106.1,28.9,24.0,75.0,12.0
1006.0,15.0,6.9,139.3,28.69,16.9,75.0,12.0
1006.0,15.0,7.1,138.9,28.71,17.1,75.0,12.0
1006.0,15.0,7.3,138.5,28.73,17.3,75.0,12.0
1001.0,28.0,7.9,137.2,28.79,17.9,75.0,12.0
1000.0,30.0,8.1,136.9,28.81,18.1,75.0,12.0
1000.0,30.0,8.3,136.7,28.83,18.3,75.0,12.0
1000.0,30.0,8.5,136.4,28.85,18.5,75.0,12.0
1000.0,30.0,8.7,136.2,28.87,18.7,75.0,12.0
994.0,40.0,9.3,136.4,28.93,19.3,75.0,12.0
991.0,45.0,9.4,136.6,28.94,19.4,75.0,12.0
988.0,50.0,9.5,136.8,28.95,19.5,75.0,12.0
974.0,68.0,11.1,137.4,28.61,21.1,75.0,12.0
972.0,70.0,11.4,137.4,28.64,21.4,75.0,12.0
963.0,80.0,11.7,137.2,28.67,21.7,75.0,12.0
938.0,105.0,12.3,137.0,28.73,22.3,75.0,12.0
889.0,148.0,13.9,136.7,28.89,23.9,75.0,12.0
885.0,150.0,14.4,136.5,28.94,24.4,75.0,12.0
879.0,155.0,15.2,136.0,28.52,10.2,75.0,12.0
879.0,155.0,15.6,135.8,28.56,10.6,75.0,12.0
882.0,153.0,16.9,134.8,28.69,11.899999999999999,75.0,12.0
885.0,150.0,17.2,134.6,28.72,12.2,75.0,12.0
892.0,145.0,17.3,134.1,28.73,12.3,75.0,12.0
898.0,140.0,17.4,133.7,28.74,12.399999999999999,75.0,12.0
904.0,135.0,17.5,133.2,28.75,12.5,75.0,12.0
922.0,120.0,18.4,131.8,28.84,13.399999999999999,75.0,12.0
922.0,120.0,18.7,131.5,28.87,13.7,75.0,12.0
919.0,123.0,19.0,131.2,28.9,14.0,75.0,12.0
913.0,128.0,19.8,130.7,28.98,14.8,75.0,12.0
922.0,120.0,22.3,129.4,28.73,17.3,75.0,12.0
922.0,120.0,22.9,129.2,28.79,17.9,75.0,12.0
922.0,120.0,23.4,129.1,28.84,18.4,75.0,12.0
925.0,118.0,23.9,129.1,28.89,18.9,75.0,12.0
949.0,95.0,26.3,129.6,28.63,21.3,75.0,12.0
959.0,85.0,27.5,130.1,28.75,22.5,75.0,12.0
963.0,80.0,28.2,130.4,28.82,23.2,75.0,12.0
978.0,63.0,31.8,132.9,28.68,11.8,75.0,12.0
980.0,60.0,32.8,133.7,28.78,12.799999999999997,75.0,12.0
984.0,55.0,34.1,134.6,28.91,14.100000000000001,75.0,12.0
987.0,50.0,35.4,135.6,28.54,15.399999999999999,75.0,12.0
991.0,45.0,37.0,137.0,28.7,17.0,75.0,12.0
1006.0,15.0,13.7,147.2,28.87,23.7,75.0,12.0
1006.0,15.0,14.0,147.0,28.9,24.0,75.0,12.0
1006.0,15.0,14.3,146.8,28.93,24.3,75.0,12.0
1006.0,15.0,14.5,146.5,28.95,24.5,75.0,12.0
1005.0,18.0,15.3,145.0,28.53,10.3,75.0,12.0
1004.0,20.0,15.6,144.5,28.56,10.6,75.0,12.0
1003.0,23.0,15.9,144.0,28.59,10.9,75.0,12.0
1002.0,25.0,16.2,143.5,28.62,11.2,75.0,12.0
1000.0,30.0,16.5,143.0,28.65,11.5,75.0,12.0
989.0,48.0,16.8,139.2,28.68,11.8,75.0,12.0
987.0,50.0,16.4,138.5,28.64,11.399999999999999,75.0,12.0
987.0,50.0,16.1,137.8,28.61,11.100000000000001,75.0,12.0
986.0,53.0,15.2,135.4,28.52,10.2,75.0,12.0
984.0,55.0,15.1,134.9,28.51,10.1,75.0,12.0
984.0,55.0,15.1,134.4,28.51,10.1,75.0,12.0
984.0,55.0,15.1,133.9,28.51,10.1,75.0,12.0
984.0,55.0,15.1,133.5,28.51,10.1,75.0,12.0
989.0,48.0,15.0,131.8,28.5,10.0,75.0,12.0
991.0,45.0,15.0,131.3,28.5,10.0,75.0,12.0
991.0,45.0,15.1,130.9,28.51,10.1,75.0,12.0
991.0,45.0,15.1,130.4,28.51,10.1,75.0,12.0
989.0,48.0,15.2,130.1,28.52,10.2,75.0,12.0
980.0,60.0,16.3,128.5,28.63,11.3,75.0,12.0
978.0,63.0,16.6,128.2,28.66,11.600000000000001,75.0,12.0
976.0,65.0,16.8,127.8,28.68,11.8,75.0,12.0
972.0,70.0,17.1,127.4,28.71,12.100000000000001,75.0,12.0
944.0,100.0,18.1,126.0,28.81,13.100000000000001,75.0,12.0
936.0,108.0,18.2,125.8,28.82,13.2,75.0,12.0
927.0,115.0,18.3,125.5,28.83,13.3,75.0,12.0
927.0,115.0,18.4,125.2,28.84,13.399999999999999,75.0,12.0
916.0,125.0,18.7,124.0,28.87,13.7,75.0,12.0
916.0,125.0,18.8,123.8,28.88,13.8,75.0,12.0
916.0,125.0,18.8,123.5,28.88,13.8,75.0,12.0
916.0,125.0,18.9,123.3,28.89,13.899999999999999,75.0,12.0
933.0,110.0,19.1,122.3,28.91,14.100000000000001,75.0,12.0
936.0,108.0,19.2,122.1,28.92,14.2,75.0,12.0
938.0,105.0,19.3,121.9,28.93,14.3,75.0,12.0
946.0,98.0,19.6,122.0,28.96,14.600000000000001,75.0,12.0
967.0,75.0,21.6,121.8,28.66,16.6,75.0,12.0
972.0,70.0,22.0,121.8,28.7,17.0,75.0,12.0
976.0,65.0,22.4,121.7,28.74,17.4,75.0,12.0
976.0,65.0,22.9,121.8,28.79,17.9,75.0,12.0
991.0,45.0,24.8,121.5,28.98,19.8,75.0,12.0
991.0,45.0,25.0,121.2,28.5,20.0,75.0,12.0
991.0,45.0,25.2,121.0,28.52,20.2,75.0,12.0
993.0,43.0,25.6,121.0,28.56,20.6,75.0,12.0
997.0,35.0,27.9,121.3,28.79,22.9,75.0,12.0
997.0,35.0,28.3,121.6,28.83,23.3,75.0,12.0
997.0,35.0,28.7,121.9,28.87,23.7,75.0,12.0
997.0,35.0,29.5,122.1,28.95,24.5,75.0,12.0
1000.0,30.0,33.5,124.5,28.85,13.5,75.0,12.0
1001.0,28.0,34.2,124.8,28.92,14.200000000000003,75.0,12.0
1002.0,25.0,34.9,125.2,28.99,14.899999999999999,75.0,12.0
1001.0,25.0,11.6,153.3,28.66,21.6,75.0,12.0
1002.0,25.0,11.6,153.1,28.66,21.6,75.0,12.0
1002.0,25.0,11.6,152.8,28.66,21.6,75.0,12.0
1000.0,30.0,11.8,151.5,28.68,21.8,75.0,12.0
999.0,33.0,12.0,150.9,28.7,22.0,75.0,12.0
997.0,35.0,12.1,150.7,28.71,22.1,75.0,12.0
989.0,48.0,13.6,149.6,28.86,23.6,75.0,12.0
987.0,50.0,13.9,149.2,28.89,23.9,75.0,12.0
986.0,53.0,14.1,148.8,28.91,24.1,75.0,12.0
984.0,55.0,14.3,148.4,28.93,24.3,75.0,12.0
984.0,55.0,14.6,148.1,28.96,24.6,75.0,12.0
978.0,63.0,15.9,146.8,28.59,10.9,75.0,12.0
976.0,65.0,16.2,146.4,28.62,11.2,75.0,12.0
972.0,70.0,16.5,146.1,28.65,11.5,75.0,12.0
967.0,75.0,16.8,145.7,28.68,11.8,75.0,12.0
965.0,78.0,17.2,145.3,28.72,12.2,75.0,12.0
963.0,80.0,19.0,143.9,28.9,14.0,75.0,12.0
963.0,80.0,19.8,143.3,28.98,14.8,75.0,12.0
963.0,80.0,20.2,143.1,28.52,15.2,75.0,12.0
965.0,78.0,20.7,142.9,28.57,15.7,75.0,12.0
972.0,70.0,23.7,142.4,28.87,18.7,75.0,12.0
974.0,68.0,24.4,142.4,28.94,19.4,75.0,12.0
976.0,65.0,25.0,142.4,28.5,20.0,75.0,12.0
976.0,65.0,25.6,142.4,28.56,20.6,75.0,12.0
978.0,63.0,27.9,142.9,28.79,22.9,75.0,12.0
980.0,60.0,28.4,143.2,28.84,23.4,75.0,12.0
987.0,50.0,29.3,143.7,28.93,24.3,75.0,12.0
989.0,48.0,29.6,144.1,28.96,24.6,75.0,12.0
991.0,45.0,30.9,145.6,28.59,10.899999999999999,75.0,12.0
991.0,45.0,31.2,145.9,28.62,11.2,75.0,12.0
991.0,45.0,31.5,146.2,28.65,11.5,75.0,12.0
991.0,45.0,31.9,146.5,28.69,11.899999999999999,75.0,12.0
991.0,45.0,32.1,147.0,28.71,12.100000000000001,75.0,12.0
991.0,45.0,33.0,149.6,28.8,13.0,75.0,12.0
991.0,45.0,33.3,150.3,28.83,13.299999999999997,75.0,12.0
993.0,43.0,33.8,151.1,28.88,13.799999999999997,75.0,12.0
994.0,40.0,34.3,151.8,28.93,14.299999999999997,75.0,12.0
994.0,40.0,34.7,152.7,28.97,14.700000000000003,75.0,12.0
997.0,35.0,37.8,157.8,28.78,17.799999999999997,75.0,12.0
1008.0,25.0,20.9,130.3,28.59,15.899999999999999,75.0,12.0
1005.0,25.0,20.9,129.8,28.59,15.899999999999999,75.0,12.0
1002.0,25.0,20.9,129.2,28.59,15.899999999999999,75.0,12.0
1003.0,28.0,20.9,128.6,28.59,15.899999999999999,75.0,12.0
1000.0,30.0,21.4,124.7,28.64,16.4,75.0,12.0
999.0,33.0,21.4,123.9,28.64,16.4,75.0,12.0
997.0,35.0,21.4,123.1,28.64,16.4,75.0,12.0
996.0,38.0,20.9,122.3,28.59,15.899999999999999,75.0,12.0
991.0,45.0,20.2,118.8,28.52,15.2,75.0,12.0
991.0,45.0,20.3,118.3,28.53,15.3,75.0,12.0
991.0,45.0,20.4,117.8,28.54,15.399999999999999,75.0,12.0
991.0,45.0,20.5,117.3,28.55,15.5,75.0,12.0
994.0,40.0,21.2,114.8,28.62,16.2,75.0,12.0
996.0,38.0,21.6,114.5,28.66,16.6,75.0,12.0
997.0,35.0,22.1,114.3,28.71,17.1,75.0,12.0
997.0,35.0,22.6,114.3,28.76,17.6,75.0,12.0
1003.0,23.0,21.8,150.4,28.68,16.8,75.0,12.0
1002.0,25.0,22.1,150.3,28.71,17.1,75.0,12.0
1001.0,28.0,22.5,150.2,28.75,17.5,75.0,12.0
1000.0,30.0,22.8,150.0,28.78,17.8,75.0,12.0
999.0,33.0,23.2,149.8,28.82,18.2,75.0,12.0
982.0,58.0,24.5,148.7,28.95,19.5,75.0,12.0
976.0,65.0,24.8,148.4,28.98,19.8,75.0,12.0
965.0,78.0,25.1,148.1,28.51,20.1,75.0,12.0
954.0,90.0,25.4,147.8,28.54,20.4,75.0,12.0
946.0,98.0,25.8,147.5,28.58,20.8,75.0,12.0
927.0,115.0,27.8,146.0,28.78,22.8,75.0,12.0
930.0,113.0,28.2,145.6,28.82,23.2,75.0,12.0
936.0,108.0,29.2,144.9,28.92,24.2,75.0,12.0
954.0,90.0,30.8,142.5,28.58,10.8,75.0,12.0
954.0,90.0,31.2,141.6,28.62,11.2,75.0,12.0
959.0,85.0,31.3,141.2,28.63,11.3,75.0,12.0
963.0,80.0,31.5,140.1,28.65,11.5,75.0,12.0
963.0,80.0,31.5,139.8,28.65,11.5,75.0,12.0
965.0,78.0,31.5,139.6,28.65,11.5,75.0,12.0
967.0,75.0,31.5,139.3,28.65,11.5,75.0,12.0
976.0,65.0,31.8,137.5,28.68,11.8,75.0,12.0
978.0,63.0,31.9,137.2,28.69,11.899999999999999,75.0,12.0
980.0,60.0,31.9,136.8,28.69,11.899999999999999,75.0,12.0
982.0,58.0,31.9,136.4,28.69,11.899999999999999,75.0,12.0
984.0,55.0,32.6,134.4,28.76,12.600000000000001,75.0,12.0
986.0,53.0,32.9,133.9,28.79,12.899999999999999,75.0,12.0
989.0,48.0,33.5,133.0,28.85,13.5,75.0,12.0
997.0,35.0,34.6,131.7,28.96,14.600000000000001,75.0,12.0
997.0,35.0,34.9,131.5,28.99,14.899999999999999,75.0,12.0
997.0,35.0,35.2,131.3,28.52,15.200000000000003,75.0,12.0
997.0,35.0,35.6,131.2,28.56,15.600000000000001,75.0,12.0
1002.0,25.0,16.7,166.1,28.67,11.7,75.0,12.0
1002.0,25.0,17.1,166.2,28.71,12.100000000000001,75.0,12.0
1002.0,25.0,17.6,166.4,28.76,12.600000000000001,75.0,12.0
999.0,33.0,20.0,166.1,28.5,15.0,75.0,12.0
997.0,35.0,20.6,166.0,28.56,15.600000000000001,75.0,12.0
997.0,35.0,21.2,165.9,28.62,16.2,75.0,12.0
997.0,35.0,21.9,165.8,28.69,16.9,75.0,12.0
994.0,40.0,24.9,165.7,28.99,19.9,75.0,12.0
991.0,45.0,25.5,165.8,28.55,20.5,75.0,12.0
988.0,50.0,25.9,166.1,28.59,20.9,75.0,12.0
984.0,55.0,26.3,166.3,28.63,21.3,75.0,12.0
954.0,90.0,27.9,167.5,28.79,22.9,75.0,12.0
954.0,90.0,28.3,167.8,28.83,23.3,75.0,12.0
954.0,90.0,28.7,168.1,28.87,23.7,75.0,12.0
954.0,90.0,29.1,168.4,28.91,24.1,75.0,12.0
954.0,90.0,29.5,168.8,28.95,24.5,75.0,12.0
976.0,65.0,31.2,170.2,28.62,11.2,75.0,12.0
978.0,63.0,31.6,170.6,28.66,11.600000000000001,75.0,12.0
980.0,60.0,32.1,171.0,28.71,12.100000000000001,75.0,12.0
982.0,58.0,32.5,171.3,28.75,12.5,75.0,12.0
984.0,55.0,32.9,171.7,28.79,12.899999999999999,75.0,12.0
991.0,45.0,34.9,171.4,28.99,14.899999999999999,75.0,12.0
991.0,45.0,35.4,171.5,28.54,15.399999999999999,75.0,12.0
991.0,45.0,35.9,171.6,28.59,15.899999999999999,75.0,12.0
994.0,40.0,36.5,171.6,28.65,16.5,75.0,12.0
1002.0,25.0,38.4,172.7,28.84,18.4,75.0,12.0
1002.0,25.0,38.8,172.6,28.88,18.799999999999997,75.0,12.0
1002.0,25.0,39.2,172.6,28.92,19.200000000000003,75.0,12.0
1003.0,23.0,39.6,172.6,28.96,19.6,75.0,12.0
1004.0,20.0,40.0,172.6,28.5,20.0,75.0,12.0
1004.0,20.0,22.9,147.6,28.79,17.9,75.0,12.0
1004.0,20.0,23.2,147.4,28.82,18.2,75.0,12.0
1004.0,20.0,24.7,144.8,28.97,19.7,75.0,12.0
1004.0,20.0,25.2,144.0,28.52,20.2,75.0,12.0
1003.0,23.0,26.4,142.3,28.64,21.4,75.0,12.0
997.0,35.0,30.1,137.9,28.51,10.100000000000001,75.0,12.0
997.0,35.0,32.0,136.0,28.7,12.0,75.0,12.0
998.0,33.0,32.8,135.4,28.78,12.799999999999997,75.0,12.0
1000.0,30.0,37.6,135.0,28.76,17.6,75.0,12.0
1000.0,30.0,38.3,135.6,28.83,18.299999999999997,75.0,12.0
1000.0,30.0,39.0,136.2,28.9,19.0,75.0,12.0
1002.0,25.0,15.4,130.1,28.54,10.4,75.0,12.0
1002.0,25.0,15.8,130.1,28.58,10.8,75.0,12.0
997.0,35.0,17.6,130.3,28.76,12.600000000000001,75.0,12.0
997.0,35.0,17.9,130.4,28.79,12.899999999999999,75.0,12.0
997.0,35.0,18.1,130.4,28.81,13.100000000000001,75.0,12.0
991.0,45.0,19.5,130.4,28.95,14.5,75.0,12.0
989.0,48.0,19.8,130.2,28.98,14.8,75.0,12.0
987.0,50.0,20.0,130.0,28.5,15.0,75.0,12.0
987.0,50.0,20.2,129.8,28.52,15.2,75.0,12.0
984.0,55.0,21.4,128.1,28.64,16.4,75.0,12.0
982.0,58.0,21.8,128.1,28.68,16.8,75.0,12.0
980.0,60.0,22.1,128.0,28.71,17.1,75.0,12.0
978.0,63.0,22.2,127.7,28.72,17.2,75.0,12.0
963.0,80.0,23.3,126.2,28.83,18.3,75.0,12.0
961.0,83.0,23.6,125.8,28.86,18.6,75.0,12.0
958.0,85.0,23.8,125.5,28.88,18.8,75.0,12.0
956.0,88.0,24.1,125.2,28.91,19.1,75.0,12.0
954.0,90.0,26.4,123.8,28.64,21.4,75.0,12.0
954.0,90.0,26.9,123.2,28.69,21.9,75.0,12.0
954.0,90.0,27.3,122.6,28.73,22.3,75.0,12.0
956.0,88.0,27.6,121.9,28.76,22.6,75.0,12.0
980.0,60.0,28.5,118.9,28.85,23.5,75.0,12.0
997.0,35.0,26.8,158.1,28.68,21.8,75.0,12.0
997.0,35.0,27.4,158.8,28.74,22.4,75.0,12.0
997.0,35.0,28.0,159.6,28.8,23.0,75.0,12.0
999.0,33.0,31.1,162.8,28.61,11.100000000000001,75.0,12.0
1000.0,30.0,31.7,163.3,28.67,11.7,75.0,12.0
1000.0,30.0,32.0,164.0,28.7,12.0,75.0,12.0
1000.0,30.0,32.4,164.7,28.74,12.399999999999999,75.0,12.0
1002.0,25.0,33.3,169.7,28.83,13.299999999999997,75.0,12.0
1002.0,25.0,33.5,170.9,28.85,13.5,75.0,12.0
1002.0,25.0,34.1,172.0,28.91,14.100000000000001,75.0,12.0
1002.0,25.0,34.8,173.1,28.98,14.799999999999997,75.0,12.0
1002.0,25.0,15.3,142.9,28.53,10.3,75.0,12.0
1002.0,25.0,15.8,142.4,28.58,10.8,75.0,12.0
1002.0,25.0,16.3,141.9,28.63,11.3,75.0,12.0
1002.0,25.0,17.4,137.4,28.74,12.399999999999999,75.0,12.0
1002.0,25.0,17.9,135.8,28.79,12.899999999999999,75.0,12.0
1002.0,25.0,18.1,135.0,28.81,13.100000000000001,75.0,12.0
1002.0,25.0,18.1,134.2,28.81,13.100000000000001,75.0,12.0
998.0,30.0,18.3,131.3,28.83,13.3,75.0,12.0
998.0,33.0,18.5,130.8,28.85,13.5,75.0,12.0
997.0,35.0,18.7,130.3,28.87,13.7,75.0,12.0
997.0,35.0,19.4,129.9,28.94,14.399999999999999,75.0,12.0
991.0,45.0,23.2,127.9,28.82,18.2,75.0,12.0
991.0,45.0,24.0,127.5,28.9,19.0,75.0,12.0
991.0,45.0,24.8,127.0,28.98,19.8,75.0,12.0
988.0,50.0,25.6,126.6,28.56,20.6,75.0,12.0
976.0,65.0,28.7,125.0,28.87,23.7,75.0,12.0
976.0,65.0,29.4,125.2,28.94,24.4,75.0,12.0
976.0,65.0,30.1,125.4,28.51,10.100000000000001,75.0,12.0
976.0,65.0,30.7,125.9,28.57,10.7,75.0,12.0
984.0,55.0,35.5,129.6,28.55,15.5,75.0,12.0
984.0,55.0,36.5,130.9,28.65,16.5,75.0,12.0
984.0,55.0,37.6,132.3,28.76,17.6,75.0,12.0
988.0,50.0,38.6,133.3,28.86,18.6,75.0,12.0
1006.0,15.0,9.7,170.8,28.97,19.7,75.0,12.0
1004.0,20.0,10.7,167.2,28.57,20.7,75.0,12.0
1004.0,20.0,10.9,166.4,28.59,20.9,75.0,12.0
1003.0,23.0,11.0,165.7,28.6,21.0,75.0,12.0
1000.0,30.0,12.2,162.5,28.72,22.2,75.0,12.0
1000.0,30.0,12.4,162.0,28.74,22.4,75.0,12.0
997.0,35.0,12.7,161.5,28.77,22.7,75.0,12.0
982.0,58.0,13.9,158.4,28.89,23.9,75.0,12.0
980.0,60.0,14.1,157.8,28.91,24.1,75.0,12.0
980.0,60.0,14.2,157.2,28.92,24.2,75.0,12.0
980.0,60.0,14.4,156.7,28.94,24.4,75.0,12.0
976.0,65.0,14.4,153.6,28.94,24.4,75.0,12.0
976.0,65.0,14.3,153.0,28.93,24.3,75.0,12.0
974.0,68.0,14.2,152.3,28.92,24.2,75.0,12.0
972.0,70.0,14.2,151.7,28.92,24.2,75.0,12.0
952.0,93.0,14.2,148.2,28.92,24.2,75.0,12.0
949.0,95.0,14.2,147.5,28.92,24.2,75.0,12.0
938.0,105.0,14.2,146.9,28.92,24.2,75.0,12.0
927.0,115.0,14.3,146.4,28.93,24.3,75.0,12.0
886.0,150.0,15.1,144.1,28.51,10.1,75.0,12.0
879.0,155.0,15.2,143.7,28.52,10.2,75.0,12.0
879.0,155.0,15.4,143.2,28.54,10.4,75.0,12.0
879.0,155.0,15.7,142.8,28.57,10.7,75.0,12.0
879.0,155.0,16.0,142.4,28.6,11.0,75.0,12.0
879.0,155.0,17.4,140.3,28.74,12.399999999999999,75.0,12.0
882.0,153.0,17.8,139.9,28.78,12.8,75.0,12.0
889.0,148.0,18.5,139.3,28.85,13.5,75.0,12.0
882.0,153.0,20.0,138.3,28.5,15.0,75.0,12.0
885.0,150.0,20.4,138.1,28.54,15.399999999999999,75.0,12.0
892.0,145.0,20.8,137.8,28.58,15.8,75.0,12.0
910.0,130.0,23.5,136.1,28.85,18.5,75.0,12.0
913.0,128.0,23.9,135.9,28.89,18.9,75.0,12.0
922.0,120.0,24.5,135.5,28.95,19.5,75.0,12.0
933.0,110.0,25.9,134.9,28.59,20.9,75.0,12.0
938.0,105.0,26.2,134.8,28.62,21.2,75.0,12.0
941.0,103.0,26.4,134.7,28.64,21.4,75.0,12.0
944.0,100.0,26.6,134.6,28.66,21.6,75.0,12.0
941.0,103.0,26.8,134.4,28.68,21.8,75.0,12.0
927.0,115.0,27.3,133.8,28.73,22.3,75.0,12.0
927.0,115.0,27.4,133.6,28.74,22.4,75.0,12.0
927.0,115.0,27.4,133.4,28.74,22.4,75.0,12.0
930.0,113.0,27.5,133.1,28.75,22.5,75.0,12.0
938.0,105.0,28.2,131.2,28.82,23.2,75.0,12.0
938.0,105.0,28.4,130.8,28.84,23.4,75.0,12.0
938.0,105.0,28.7,130.5,28.87,23.7,75.0,12.0
944.0,100.0,29.0,130.2,28.9,24.0,75.0,12.0
954.0,90.0,31.6,130.2,28.66,11.600000000000001,75.0,12.0
956.0,88.0,32.5,130.8,28.75,12.5,75.0,12.0
958.0,85.0,33.4,131.3,28.84,13.399999999999999,75.0,12.0
978.0,63.0,38.6,137.4,28.86,18.6,75.0,12.0
984.0,55.0,40.1,139.2,28.51,20.1,75.0,12.0
986.0,53.0,41.6,141.1,28.66,21.6,75.0,12.0
987.0,50.0,43.1,143.1,28.81,23.1,75.0,12.0
1004.0,20.0,9.2,144.7,28.92,19.2,75.0,12.0
1004.0,20.0,9.6,143.8,28.96,19.6,75.0,12.0
1004.0,20.0,10.2,142.2,28.52,20.2,75.0,12.0
1003.0,23.0,10.8,139.1,28.58,20.8,75.0,12.0
1002.0,25.0,10.9,138.3,28.59,20.9,75.0,12.0
1002.0,25.0,11.1,137.6,28.61,21.1,75.0,12.0
999.0,33.0,13.7,135.9,28.87,23.7,75.0,12.0
997.0,35.0,14.2,135.8,28.92,24.2,75.0,12.0
996.0,38.0,14.7,135.9,28.97,24.7,75.0,12.0
994.0,40.0,15.2,135.9,28.52,10.2,75.0,12.0
993.0,43.0,15.6,135.6,28.56,10.6,75.0,12.0
986.0,53.0,17.1,134.2,28.71,12.100000000000001,75.0,12.0
984.0,55.0,17.5,133.8,28.75,12.5,75.0,12.0
984.0,55.0,17.9,133.3,28.79,12.899999999999999,75.0,12.0
984.0,55.0,18.2,132.8,28.82,13.2,75.0,12.0
980.0,60.0,18.5,132.3,28.85,13.5,75.0,12.0
976.0,65.0,20.3,129.7,28.53,15.3,75.0,12.0
976.0,65.0,20.6,129.2,28.56,15.600000000000001,75.0,12.0
976.0,65.0,21.0,128.7,28.6,16.0,75.0,12.0
976.0,65.0,21.3,128.2,28.63,16.3,75.0,12.0
980.0,60.0,22.8,126.2,28.78,17.8,75.0,12.0
978.0,63.0,23.1,125.8,28.81,18.1,75.0,12.0
976.0,65.0,23.3,125.5,28.83,18.3,75.0,12.0
974.0,68.0,23.6,125.2,28.86,18.6,75.0,12.0
963.0,80.0,24.9,124.0,28.99,19.9,75.0,12.0
963.0,80.0,25.1,123.8,28.51,20.1,75.0,12.0
963.0,80.0,25.3,123.5,28.53,20.3,75.0,12.0
961.0,83.0,25.4,123.2,28.54,20.4,75.0,12.0
954.0,90.0,25.6,121.4,28.56,20.6,75.0,12.0
956.0,88.0,25.6,120.9,28.56,20.6,75.0,12.0
958.0,85.0,25.6,120.4,28.56,20.6,75.0,12.0
963.0,80.0,25.5,119.8,28.55,20.5,75.0,12.0
980.0,60.0,24.2,117.2,28.92,19.2,75.0,12.0
987.0,50.0,24.0,116.8,28.9,19.0,75.0,12.0
994.0,40.0,23.9,116.4,28.89,18.9,75.0,12.0
997.0,35.0,23.9,116.0,28.89,18.9,75.0,12.0
1004.0,20.0,13.3,152.5,28.83,23.3,75.0,12.0
1003.0,23.0,13.4,152.2,28.84,23.4,75.0,12.0
1000.0,30.0,14.1,150.3,28.91,24.1,75.0,12.0
1000.0,30.0,14.2,150.0,28.92,24.2,75.0,12.0
1000.0,30.0,14.4,149.7,28.94,24.4,75.0,12.0
1000.0,30.0,14.6,149.3,28.96,24.6,75.0,12.0
1002.0,25.0,16.0,146.3,28.6,11.0,75.0,12.0
1003.0,23.0,15.9,145.9,28.59,10.9,75.0,12.0
1004.0,20.0,15.9,145.4,28.59,10.9,75.0,12.0
1004.0,20.0,10.8,170.2,28.58,20.8,75.0,12.0
1003.0,23.0,10.5,168.4,28.55,20.5,75.0,12.0
1002.0,25.0,10.4,168.1,28.54,20.4,75.0,12.0
1001.0,28.0,10.6,167.8,28.56,20.6,75.0,12.0
997.0,40.0,11.2,165.4,28.62,21.2,75.0,12.0
991.0,45.0,11.4,164.9,28.64,21.4,75.0,12.0
988.0,50.0,11.7,164.4,28.67,21.7,75.0,12.0
984.0,55.0,12.0,163.9,28.7,22.0,75.0,12.0
982.0,58.0,13.0,160.9,28.8,23.0,75.0,12.0
980.0,60.0,13.2,160.2,28.82,23.2,75.0,12.0
978.0,63.0,13.4,159.4,28.84,23.4,75.0,12.0
970.0,73.0,14.8,155.0,28.98,24.8,75.0,12.0
967.0,75.0,15.0,154.3,28.5,10.0,75.0,12.0
965.0,78.0,15.2,153.6,28.52,10.2,75.0,12.0
963.0,80.0,15.4,152.9,28.54,10.4,75.0,12.0
946.0,98.0,16.1,150.0,28.61,11.100000000000001,75.0,12.0
938.0,105.0,16.3,149.5,28.63,11.3,75.0,12.0
930.0,113.0,16.5,149.0,28.65,11.5,75.0,12.0
922.0,120.0,16.7,148.5,28.67,11.7,75.0,12.0
916.0,125.0,18.2,146.4,28.82,13.2,75.0,12.0
916.0,125.0,18.6,146.1,28.86,13.600000000000001,75.0,12.0
916.0,125.0,19.1,145.6,28.91,14.100000000000001,75.0,12.0
916.0,125.0,19.7,145.2,28.97,14.7,75.0,12.0
916.0,125.0,19.9,144.4,28.99,14.899999999999999,75.0,12.0
919.0,123.0,21.0,141.7,28.6,16.0,75.0,12.0
925.0,118.0,21.4,140.4,28.64,16.4,75.0,12.0
927.0,115.0,21.5,139.8,28.65,16.5,75.0,12.0
927.0,115.0,21.6,139.2,28.66,16.6,75.0,12.0
927.0,115.0,21.9,136.9,28.69,16.9,75.0,12.0
927.0,115.0,22.0,136.3,28.7,17.0,75.0,12.0
927.0,115.0,22.2,135.2,28.72,17.2,75.0,12.0
930.0,113.0,22.2,134.6,28.72,17.2,75.0,12.0
927.0,115.0,23.3,132.1,28.83,18.3,75.0,12.0
922.0,120.0,23.6,131.6,28.86,18.6,75.0,12.0
916.0,125.0,24.0,131.2,28.9,19.0,75.0,12.0
916.0,125.0,24.2,130.8,28.92,19.2,75.0,12.0
927.0,115.0,25.6,129.0,28.56,20.6,75.0,12.0
927.0,115.0,25.9,128.7,28.59,20.9,75.0,12.0
927.0,115.0,26.2,128.3,28.62,21.2,75.0,12.0
930.0,113.0,26.6,128.1,28.66,21.6,75.0,12.0
944.0,100.0,28.4,127.1,28.84,23.4,75.0,12.0
947.0,98.0,28.8,127.0,28.88,23.8,75.0,12.0
949.0,95.0,29.2,126.9,28.92,24.2,75.0,12.0
952.0,93.0,29.6,127.2,28.96,24.6,75.0,12.0
954.0,90.0,32.6,129.4,28.76,12.600000000000001,75.0,12.0
956.0,88.0,34.0,130.8,28.9,14.0,75.0,12.0
958.0,85.0,35.3,132.2,28.53,15.299999999999997,75.0,12.0
965.0,78.0,37.0,134.1,28.7,17.0,75.0,12.0
991.0,45.0,44.7,140.2,28.97,24.700000000000003,75.0,12.0
1002.0,25.0,15.8,152.7,28.58,10.8,75.0,12.0
994.0,40.0,17.1,149.3,28.71,12.100000000000001,75.0,12.0
991.0,45.0,17.4,148.5,28.74,12.399999999999999,75.0,12.0
988.0,50.0,17.8,147.8,28.78,12.8,75.0,12.0
980.0,60.0,19.4,142.7,28.94,14.399999999999999,75.0,12.0
980.0,60.0,19.6,142.1,28.96,14.600000000000001,75.0,12.0
980.0,60.0,19.8,141.5,28.98,14.8,75.0,12.0
980.0,60.0,20.1,140.9,28.51,15.100000000000001,75.0,12.0
986.0,53.0,21.6,139.0,28.66,16.6,75.0,12.0
987.0,50.0,22.0,138.7,28.7,17.0,75.0,12.0
989.0,48.0,22.5,138.4,28.75,17.5,75.0,12.0
991.0,45.0,23.0,138.1,28.8,18.0,75.0,12.0
994.0,40.0,23.5,138.0,28.85,18.5,75.0,12.0
1002.0,25.0,25.5,137.5,28.55,20.5,75.0,12.0
1004.0,20.0,26.0,137.4,28.6,21.0,75.0,12.0
1004.0,20.0,26.5,137.4,28.65,21.5,75.0,12.0
1004.0,20.0,27.0,137.3,28.7,22.0,75.0,12.0
1002.0,25.0,23.0,120.1,28.8,18.0,75.0,12.0
1002.0,25.0,23.0,120.4,28.8,18.0,75.0,12.0
1002.0,25.0,23.0,120.8,28.8,18.0,75.0,12.0
1002.0,25.0,23.2,121.3,28.82,18.2,75.0,12.0
997.0,35.0,24.8,122.2,28.98,19.8,75.0,12.0
999.0,33.0,25.1,122.2,28.51,20.1,75.0,12.0
1000.0,30.0,25.5,122.2,28.55,20.5,75.0,12.0
1000.0,30.0,25.8,122.2,28.58,20.8,75.0,12.0
1000.0,30.0,27.3,121.6,28.73,22.3,75.0,12.0
1000.0,30.0,27.6,121.2,28.76,22.6,75.0,12.0
1000.0,30.0,28.0,120.9,28.8,23.0,75.0,12.0
1000.0,30.0,28.2,120.5,28.82,23.2,75.0,12.0
1006.0,15.0,13.1,151.0,28.81,23.1,75.0,12.0
1006.0,15.0,13.1,150.2,28.81,23.1,75.0,12.0
1005.0,18.0,13.1,149.4,28.81,23.1,75.0,12.0
1004.0,20.0,13.0,148.6,28.8,23.0,75.0,12.0
1002.0,25.0,12.8,145.5,28.78,22.8,75.0,12.0
1002.0,25.0,12.6,145.1,28.76,22.6,75.0,12.0
1001.0,28.0,12.6,144.7,28.76,22.6,75.0,12.0
1000.0,30.0,12.6,144.3,28.76,22.6,75.0,12.0
996.0,38.0,13.0,142.2,28.8,23.0,75.0,12.0
994.0,40.0,13.2,141.9,28.82,23.2,75.0,12.0
993.0,43.0,13.4,141.6,28.84,23.4,75.0,12.0
991.0,45.0,13.7,141.3,28.87,23.7,75.0,12.0
989.0,48.0,13.9,141.0,28.89,23.9,75.0,12.0
982.0,58.0,15.3,139.2,28.53,10.3,75.0,12.0
980.0,60.0,15.6,139.0,28.56,10.6,75.0,12.0
978.0,63.0,15.9,138.8,28.59,10.9,75.0,12.0
972.0,70.0,16.9,137.8,28.69,11.899999999999999,75.0,12.0
961.0,83.0,17.5,137.2,28.75,12.5,75.0,12.0
954.0,90.0,17.8,136.8,28.78,12.8,75.0,12.0
949.0,95.0,18.1,136.4,28.81,13.100000000000001,75.0,12.0
930.0,113.0,19.1,134.6,28.91,14.100000000000001,75.0,12.0
922.0,120.0,19.4,134.2,28.94,14.399999999999999,75.0,12.0
919.0,123.0,19.8,133.8,28.98,14.8,75.0,12.0
916.0,125.0,20.1,133.3,28.51,15.100000000000001,75.0,12.0
925.0,118.0,23.0,130.6,28.8,18.0,75.0,12.0
927.0,115.0,23.6,130.2,28.86,18.6,75.0,12.0
930.0,113.0,24.1,129.6,28.91,19.1,75.0,12.0
938.0,105.0,25.6,126.6,28.56,20.6,75.0,12.0
941.0,103.0,25.7,126.1,28.57,20.7,75.0,12.0
944.0,100.0,25.8,125.6,28.58,20.8,75.0,12.0
944.0,100.0,25.8,125.3,28.58,20.8,75.0,12.0
938.0,105.0,26.1,124.9,28.61,21.1,75.0,12.0
938.0,105.0,26.2,125.0,28.62,21.2,75.0,12.0
938.0,105.0,26.4,125.0,28.64,21.4,75.0,12.0
946.0,98.0,26.6,125.2,28.66,21.6,75.0,12.0
963.0,80.0,28.0,126.5,28.8,23.0,75.0,12.0
965.0,78.0,28.5,126.8,28.85,23.5,75.0,12.0
967.0,75.0,29.0,127.1,28.9,24.0,75.0,12.0
967.0,75.0,29.6,127.5,28.96,24.6,75.0,12.0
978.0,63.0,32.4,131.7,28.74,12.399999999999999,75.0,12.0
980.0,60.0,32.9,132.9,28.79,12.899999999999999,75.0,12.0
982.0,58.0,33.7,133.9,28.87,13.700000000000003,75.0,12.0
997.0,35.0,38.5,142.5,28.85,18.5,75.0,12.0
1006.0,15.0,14.9,137.3,28.99,24.9,75.0,12.0
1006.0,15.0,15.1,137.1,28.51,10.1,75.0,12.0
1006.0,15.0,15.4,137.0,28.54,10.4,75.0,12.0
1006.0,15.0,15.7,136.9,28.57,10.7,75.0,12.0
1006.0,15.0,15.9,136.7,28.59,10.9,75.0,12.0
1006.0,15.0,16.1,135.5,28.61,11.100000000000001,75.0,12.0
1006.0,15.0,16.1,134.9,28.61,11.100000000000001,75.0,12.0
1005.0,18.0,16.4,134.4,28.64,11.399999999999999,75.0,12.0
999.0,33.0,16.8,134.4,28.68,11.8,75.0,12.0
997.0,35.0,17.0,134.3,28.7,12.0,75.0,12.0
997.0,35.0,17.2,134.3,28.72,12.2,75.0,12.0
997.0,35.0,18.1,134.4,28.81,13.100000000000001,75.0,12.0
997.0,35.0,18.4,134.4,28.84,13.399999999999999,75.0,12.0
994.0,40.0,18.7,134.6,28.87,13.7,75.0,12.0
991.0,45.0,19.0,134.8,28.9,14.0,75.0,12.0
991.0,45.0,19.3,134.7,28.93,14.3,75.0,12.0
984.0,55.0,20.5,133.4,28.55,15.5,75.0,12.0
980.0,60.0,20.6,133.1,28.56,15.600000000000001,75.0,12.0
976.0,65.0,20.7,132.7,28.57,15.7,75.0,12.0
972.0,70.0,20.9,132.4,28.59,15.899999999999999,75.0,12.0
963.0,80.0,21.8,130.9,28.68,16.8,75.0,12.0
959.0,85.0,22.0,130.8,28.7,17.0,75.0,12.0
954.0,90.0,22.2,130.6,28.72,17.2,75.0,12.0
941.0,103.0,22.4,130.6,28.74,17.4,75.0,12.0
898.0,140.0,23.8,131.4,28.88,18.8,75.0,12.0
898.0,140.0,24.5,131.9,28.95,19.5,75.0,12.0
898.0,140.0,25.1,132.3,28.51,20.1,75.0,12.0
898.0,140.0,26.1,132.8,28.61,21.1,75.0,12.0
910.0,130.0,31.6,136.0,28.66,11.600000000000001,75.0,12.0
938.0,105.0,34.3,138.2,28.93,14.299999999999997,75.0,12.0
1006.0,15.0,10.4,154.8,28.54,20.4,75.0,12.0
1006.0,15.0,10.9,154.2,28.59,20.9,75.0,12.0
1006.0,15.0,11.4,153.7,28.64,21.4,75.0,12.0
1002.0,25.0,12.2,151.0,28.72,22.2,75.0,12.0
1002.0,25.0,12.3,150.5,28.73,22.3,75.0,12.0
1002.0,25.0,12.7,149.9,28.77,22.7,75.0,12.0
1002.0,25.0,13.0,149.4,28.8,23.0,75.0,12.0
994.0,40.0,14.2,144.7,28.92,24.2,75.0,12.0
991.0,45.0,14.3,143.8,28.93,24.3,75.0,12.0
988.0,50.0,14.2,142.9,28.92,24.2,75.0,12.0
984.0,55.0,14.2,142.0,28.92,24.2,75.0,12.0
967.0,75.0,13.6,138.1,28.86,23.6,75.0,12.0
965.0,78.0,13.7,137.8,28.87,23.7,75.0,12.0
963.0,80.0,13.8,137.4,28.88,23.8,75.0,12.0
961.0,83.0,13.9,137.0,28.89,23.9,75.0,12.0
949.0,95.0,14.5,135.8,28.95,24.5,75.0,12.0
944.0,100.0,14.7,135.5,28.97,24.7,75.0,12.0
944.0,100.0,14.9,135.2,28.99,24.9,75.0,12.0
944.0,100.0,15.1,135.0,28.51,10.1,75.0,12.0
944.0,100.0,15.3,134.7,28.53,10.3,75.0,12.0
941.0,103.0,16.5,134.1,28.65,11.5,75.0,12.0
938.0,105.0,16.8,134.1,28.68,11.8,75.0,12.0
936.0,108.0,17.2,134.1,28.72,12.2,75.0,12.0
933.0,110.0,17.7,134.0,28.77,12.7,75.0,12.0
916.0,125.0,19.4,131.8,28.94,14.399999999999999,75.0,12.0
922.0,120.0,19.7,130.9,28.97,14.7,75.0,12.0
925.0,118.0,19.9,130.4,28.99,14.899999999999999,75.0,12.0
938.0,105.0,21.7,128.2,28.67,16.7,75.0,12.0
944.0,100.0,21.9,127.8,28.69,16.9,75.0,12.0
949.0,95.0,22.2,127.4,28.72,17.2,75.0,12.0
949.0,95.0,22.6,127.2,28.76,17.6,75.0,12.0
963.0,80.0,24.8,127.2,28.98,19.8,75.0,12.0
963.0,80.0,25.4,127.6,28.54,20.4,75.0,12.0
963.0,80.0,26.0,128.0,28.6,21.0,75.0,12.0
968.0,75.0,26.7,128.4,28.67,21.7,75.0,12.0
976.0,65.0,31.1,131.8,28.61,11.100000000000001,75.0,12.0
980.0,60.0,32.2,132.7,28.72,12.200000000000003,75.0,12.0
984.0,55.0,33.2,133.5,28.82,13.200000000000003,75.0,12.0
1002.0,25.0,9.2,162.4,28.92,19.2,75.0,12.0
1001.0,28.0,9.6,161.9,28.96,19.6,75.0,12.0
1000.0,30.0,10.1,161.4,28.51,20.1,75.0,12.0
1000.0,30.0,11.3,160.1,28.63,21.3,75.0,12.0
1000.0,30.0,11.6,159.8,28.66,21.6,75.0,12.0
1000.0,30.0,11.5,159.5,28.65,21.5,75.0,12.0
1000.0,30.0,11.1,157.8,28.61,21.1,75.0,12.0
1000.0,30.0,11.1,157.4,28.61,21.1,75.0,12.0
999.0,33.0,11.1,156.9,28.61,21.1,75.0,12.0
997.0,35.0,11.0,156.5,28.6,21.0,75.0,12.0
989.0,48.0,10.8,154.7,28.58,20.8,75.0,12.0
987.0,50.0,10.8,154.4,28.58,20.8,75.0,12.0
986.0,53.0,10.8,154.2,28.58,20.8,75.0,12.0
984.0,55.0,10.8,153.9,28.58,20.8,75.0,12.0
976.0,65.0,10.4,152.6,28.54,20.4,75.0,12.0
976.0,65.0,10.4,152.3,28.54,20.4,75.0,12.0
972.0,70.0,10.2,151.7,28.52,20.2,75.0,12.0
961.0,83.0,9.8,149.2,28.98,19.8,75.0,12.0
958.0,85.0,9.7,148.6,28.97,19.7,75.0,12.0
956.0,88.0,9.7,148.2,28.97,19.7,75.0,12.0
954.0,90.0,9.7,147.8,28.97,19.7,75.0,12.0
952.0,93.0,10.4,145.6,28.54,20.4,75.0,12.0
949.0,95.0,10.7,145.1,28.57,20.7,75.0,12.0
949.0,95.0,11.1,144.6,28.61,21.1,75.0,12.0
949.0,95.0,11.6,144.1,28.66,21.6,75.0,12.0
949.0,95.0,13.1,141.1,28.81,23.1,75.0,12.0
949.0,95.0,13.4,140.6,28.84,23.4,75.0,12.0
949.0,95.0,13.6,140.0,28.86,23.6,75.0,12.0
949.0,95.0,13.7,139.4,28.87,23.7,75.0,12.0
949.0,95.0,15.0,136.9,28.5,10.0,75.0,12.0
949.0,95.0,15.3,136.5,28.53,10.3,75.0,12.0
947.0,98.0,15.6,136.1,28.56,10.6,75.0,12.0
944.0,100.0,15.9,135.6,28.59,10.9,75.0,12.0
944.0,100.0,16.1,135.1,28.61,11.100000000000001,75.0,12.0
939.0,105.0,17.1,133.1,28.71,12.100000000000001,75.0,12.0
933.0,110.0,18.0,130.9,28.8,13.0,75.0,12.0
933.0,110.0,18.3,130.1,28.83,13.3,75.0,12.0
933.0,110.0,20.0,126.0,28.5,15.0,75.0,12.0
933.0,110.0,20.4,125.2,28.54,15.399999999999999,75.0,12.0
933.0,110.0,20.7,124.5,28.57,15.7,75.0,12.0
933.0,110.0,21.2,123.8,28.62,16.2,75.0,12.0
944.0,100.0,24.2,122.3,28.92,19.2,75.0,12.0
949.0,95.0,24.8,122.1,28.98,19.8,75.0,12.0
954.0,90.0,25.4,121.9,28.54,20.4,75.0,12.0
961.0,83.0,26.0,122.2,28.6,21.0,75.0,12.0
980.0,60.0,28.4,126.1,28.84,23.4,75.0,12.0
986.0,53.0,28.8,127.8,28.88,23.8,75.0,12.0
991.0,45.0,29.1,129.5,28.91,24.1,75.0,12.0
991.0,45.0,29.4,131.2,28.94,24.4,75.0,12.0
1000.0,30.0,11.1,131.8,28.61,21.1,75.0,12.0
1000.0,30.0,11.1,130.9,28.61,21.1,75.0,12.0
1000.0,30.0,11.2,130.1,28.62,21.2,75.0,12.0
999.0,33.0,11.3,129.3,28.63,21.3,75.0,12.0
997.0,35.0,12.2,127.0,28.72,22.2,75.0,12.0
997.0,35.0,12.6,127.0,28.76,22.6,75.0,12.0
997.0,35.0,13.0,127.1,28.8,23.0,75.0,12.0
997.0,35.0,13.2,126.8,28.82,23.2,75.0,12.0
994.0,40.0,14.5,125.7,28.95,24.5,75.0,12.0
993.0,43.0,14.5,125.3,28.95,24.5,75.0,12.0
991.0,45.0,14.5,124.9,28.95,24.5,75.0,12.0
988.0,50.0,14.5,124.6,28.95,24.5,75.0,12.0
980.0,60.0,14.6,123.6,28.96,24.6,75.0,12.0
978.0,63.0,14.7,123.6,28.97,24.7,75.0,12.0
976.0,65.0,14.8,123.6,28.98,24.8,75.0,12.0
972.0,70.0,15.0,123.7,28.5,10.0,75.0,12.0
938.0,105.0,15.7,123.8,28.57,10.7,75.0,12.0
933.0,110.0,15.8,123.8,28.58,10.8,75.0,12.0
927.0,115.0,15.9,123.9,28.59,10.9,75.0,12.0
927.0,115.0,15.9,124.1,28.59,10.9,75.0,12.0
938.0,105.0,15.2,124.2,28.52,10.2,75.0,12.0
946.0,98.0,14.9,124.2,28.99,24.9,75.0,12.0
954.0,90.0,14.7,124.1,28.97,24.7,75.0,12.0
956.0,88.0,14.4,123.9,28.94,24.4,75.0,12.0
967.0,75.0,12.8,121.6,28.78,22.8,75.0,12.0
972.0,70.0,12.7,120.9,28.77,22.7,75.0,12.0
976.0,65.0,12.5,120.3,28.75,22.5,75.0,12.0
978.0,63.0,12.4,119.8,28.74,22.4,75.0,12.0
976.0,65.0,11.9,117.2,28.69,21.9,75.0,12.0
974.0,68.0,11.9,116.7,28.69,21.9,75.0,12.0
972.0,70.0,11.9,116.1,28.69,21.9,75.0,12.0
968.0,75.0,11.9,115.7,28.69,21.9,75.0,12.0
958.0,85.0,11.4,113.6,28.64,21.4,75.0,12.0
958.0,85.0,11.2,113.3,28.62,21.2,75.0,12.0
958.0,85.0,11.1,113.1,28.61,21.1,75.0,12.0
963.0,80.0,10.9,112.8,28.59,20.9,75.0,12.0
976.0,65.0,10.1,111.7,28.51,20.1,75.0,12.0
976.0,65.0,10.0,111.4,28.5,20.0,75.0,12.0
976.0,65.0,9.9,111.1,28.99,19.9,75.0,12.0
978.0,63.0,9.8,110.8,28.98,19.8,75.0,12.0
984.0,55.0,9.1,109.7,28.91,19.1,75.0,12.0
986.0,53.0,8.9,109.2,28.89,18.9,75.0,12.0
987.0,50.0,8.8,108.8,28.88,18.8,75.0,12.0
991.0,45.0,8.7,108.1,28.87,18.7,75.0,12.0
994.0,40.0,8.7,103.6,28.87,18.7,75.0,12.0
996.0,38.0,8.7,102.7,28.87,18.7,75.0,12.0
997.0,35.0,8.7,101.7,28.87,18.7,75.0,12.0
999.0,33.0,8.8,101.1,28.88,18.8,75.0,12.0
1002.0,25.0,11.3,99.9,28.63,21.3,75.0,12.0
1002.0,25.0,5.6,151.8,28.56,15.6,75.0,12.0
999.0,33.0,6.2,148.5,28.62,16.2,75.0,12.0
997.0,35.0,6.3,147.8,28.63,16.3,75.0,12.0
991.0,45.0,6.6,146.9,28.66,16.6,75.0,12.0
984.0,55.0,6.9,146.0,28.69,16.9,75.0,12.0
967.0,75.0,8.1,141.8,28.81,18.1,75.0,12.0
967.0,75.0,8.5,141.0,28.85,18.5,75.0,12.0
963.0,80.0,9.3,139.1,28.93,19.3,75.0,12.0
938.0,105.0,11.6,132.8,28.66,21.6,75.0,12.0
933.0,110.0,11.9,131.8,28.69,21.9,75.0,12.0
927.0,115.0,12.3,130.7,28.73,22.3,75.0,12.0
922.0,120.0,12.7,129.6,28.77,22.7,75.0,12.0
910.0,130.0,14.3,125.0,28.93,24.3,75.0,12.0
916.0,125.0,14.6,124.2,28.96,24.6,75.0,12.0
922.0,120.0,14.9,123.4,28.99,24.9,75.0,12.0
925.0,118.0,15.4,122.7,28.54,10.4,75.0,12.0
949.0,95.0,17.9,119.0,28.79,12.899999999999999,75.0,12.0
958.0,85.0,18.6,118.8,28.86,13.600000000000001,75.0,12.0
967.0,75.0,19.3,118.5,28.93,14.3,75.0,12.0
972.0,70.0,19.8,118.4,28.98,14.8,75.0,12.0
991.0,45.0,22.4,120.2,28.74,17.4,75.0,12.0
1005.0,20.0,5.9,175.7,28.59,15.9,75.0,12.0
1001.0,28.0,7.2,172.2,28.72,17.2,75.0,12.0
1000.0,30.0,7.7,171.5,28.77,17.7,75.0,12.0
1000.0,30.0,8.1,170.6,28.81,18.1,75.0,12.0
1000.0,30.0,8.4,169.7,28.84,18.4,75.0,12.0
994.0,40.0,8.5,164.9,28.85,18.5,75.0,12.0
991.0,45.0,8.6,163.9,28.86,18.6,75.0,12.0
991.0,45.0,8.8,162.9,28.88,18.8,75.0,12.0
991.0,45.0,9.1,161.9,28.91,19.1,75.0,12.0
987.0,50.0,10.0,155.3,28.5,20.0,75.0,12.0
987.0,50.0,9.9,154.2,28.99,19.9,75.0,12.0
987.0,50.0,9.9,153.2,28.99,19.9,75.0,12.0
991.0,45.0,10.1,147.2,28.51,20.1,75.0,12.0
991.0,45.0,10.2,146.3,28.52,20.2,75.0,12.0
991.0,45.0,10.3,145.5,28.53,20.3,75.0,12.0
993.0,43.0,11.2,141.6,28.62,21.2,75.0,12.0
994.0,40.0,11.3,140.8,28.63,21.3,75.0,12.0
994.0,40.0,11.4,140.1,28.64,21.4,75.0,12.0
994.0,40.0,11.6,139.3,28.66,21.6,75.0,12.0
997.0,35.0,11.4,136.2,28.64,21.4,75.0,12.0
997.0,35.0,11.6,135.8,28.66,21.6,75.0,12.0
997.0,35.0,11.7,135.4,28.67,21.7,75.0,12.0
999.0,33.0,11.8,135.0,28.68,21.8,75.0,12.0
1000.0,30.0,12.1,132.8,28.71,22.1,75.0,12.0
1000.0,30.0,12.1,132.5,28.71,22.1,75.0,12.0
997.0,35.0,13.2,131.4,28.82,23.2,75.0,12.0
994.0,40.0,13.4,131.4,28.84,23.4,75.0,12.0
991.0,45.0,13.9,131.4,28.89,23.9,75.0,12.0
996.0,38.0,14.9,131.4,28.99,24.9,75.0,12.0
997.0,35.0,15.2,130.9,28.52,10.2,75.0,12.0
997.0,35.0,17.8,131.3,28.78,12.8,75.0,12.0
999.0,33.0,18.1,131.0,28.81,13.100000000000001,75.0,12.0
1000.0,30.0,18.4,130.7,28.84,13.399999999999999,75.0,12.0
1001.0,28.0,18.8,130.6,28.88,13.8,75.0,12.0
1004.0,20.0,19.9,131.5,28.99,14.899999999999999,75.0,12.0
1004.0,20.0,11.1,154.0,28.61,21.1,75.0,12.0
1004.0,20.0,11.6,153.8,28.66,21.6,75.0,12.0
1000.0,30.0,13.3,151.5,28.83,23.3,75.0,12.0
999.0,33.0,13.4,150.6,28.84,23.4,75.0,12.0
997.0,35.0,13.4,150.1,28.84,23.4,75.0,12.0
997.0,35.0,13.3,147.7,28.83,23.3,75.0,12.0
997.0,35.0,13.7,147.4,28.87,23.7,75.0,12.0
997.0,35.0,14.0,147.2,28.9,24.0,75.0,12.0
986.0,53.0,17.1,146.4,28.71,12.100000000000001,75.0,12.0
984.0,55.0,17.6,146.4,28.76,12.600000000000001,75.0,12.0
984.0,55.0,18.1,146.4,28.81,13.100000000000001,75.0,12.0
984.0,55.0,18.7,146.5,28.87,13.7,75.0,12.0
986.0,53.0,22.2,149.1,28.72,17.2,75.0,12.0
987.0,50.0,23.8,151.4,28.88,18.8,75.0,12.0
987.0,50.0,24.5,152.7,28.95,19.5,75.0,12.0
1000.0,30.0,26.6,159.4,28.66,21.6,75.0,12.0
1000.0,30.0,26.8,160.9,28.68,21.8,75.0,12.0
1006.0,15.0,5.2,152.1,28.52,15.2,75.0,12.0
1002.0,25.0,5.1,148.8,28.51,15.1,75.0,12.0
1001.0,28.0,5.2,148.4,28.52,15.2,75.0,12.0
1000.0,30.0,5.4,147.9,28.54,15.4,75.0,12.0
997.0,35.0,6.9,147.4,28.69,16.9,75.0,12.0
997.0,35.0,7.3,147.5,28.73,17.3,75.0,12.0
996.0,38.0,7.8,147.5,28.78,17.8,75.0,12.0
991.0,45.0,10.9,147.0,28.59,20.9,75.0,12.0
991.0,45.0,11.4,146.9,28.64,21.4,75.0,12.0
991.0,45.0,11.8,146.9,28.68,21.8,75.0,12.0
991.0,45.0,12.2,146.9,28.72,22.2,75.0,12.0
991.0,45.0,13.9,147.7,28.89,23.9,75.0,12.0
991.0,45.0,14.3,147.9,28.93,24.3,75.0,12.0
988.0,50.0,14.6,148.4,28.96,24.6,75.0,12.0
984.0,55.0,14.9,148.8,28.99,24.9,75.0,12.0
976.0,65.0,16.6,151.2,28.66,11.600000000000001,75.0,12.0
976.0,65.0,16.9,151.7,28.69,11.899999999999999,75.0,12.0
980.0,60.0,17.4,152.7,28.74,12.399999999999999,75.0,12.0
1006.0,15.0,6.0,151.8,28.6,16.0,75.0,12.0
1004.0,20.0,7.1,148.8,28.71,17.1,75.0,12.0
1004.0,20.0,7.4,148.2,28.74,17.4,75.0,12.0
1003.0,23.0,7.7,147.6,28.77,17.7,75.0,12.0
1002.0,25.0,8.0,146.9,28.8,18.0,75.0,12.0
1000.0,30.0,9.6,143.3,28.96,19.6,75.0,12.0
1000.0,30.0,10.1,142.6,28.51,20.1,75.0,12.0
999.0,33.0,10.1,141.9,28.51,20.1,75.0,12.0
997.0,35.0,10.2,141.2,28.52,20.2,75.0,12.0
994.0,40.0,10.3,140.6,28.53,20.3,75.0,12.0
984.0,55.0,11.6,137.5,28.66,21.6,75.0,12.0
984.0,55.0,11.8,136.8,28.68,21.8,75.0,12.0
984.0,55.0,11.9,136.0,28.69,21.9,75.0,12.0
982.0,58.0,12.0,135.2,28.7,22.0,75.0,12.0
963.0,80.0,11.9,131.1,28.69,21.9,75.0,12.0
963.0,80.0,11.8,130.1,28.68,21.8,75.0,12.0
963.0,80.0,11.7,129.0,28.67,21.7,75.0,12.0
963.0,80.0,11.6,127.9,28.66,21.6,75.0,12.0
984.0,55.0,11.0,123.1,28.6,21.0,75.0,12.0
988.0,50.0,11.3,122.2,28.63,21.3,75.0,12.0
991.0,45.0,11.6,121.3,28.66,21.6,75.0,12.0
993.0,43.0,11.9,120.7,28.69,21.9,75.0,12.0
1006.0,15.0,7.2,150.2,28.72,17.2,75.0,12.0
1006.0,15.0,7.3,150.0,28.73,17.3,75.0,12.0
1002.0,25.0,9.2,148.7,28.92,19.2,75.0,12.0
1002.0,25.0,9.5,148.3,28.95,19.5,75.0,12.0
1002.0,25.0,9.8,145.1,28.98,19.8,75.0,12.0
1002.0,25.0,9.7,144.8,28.97,19.7,75.0,12.0
1002.0,25.0,9.5,144.5,28.95,19.5,75.0,12.0
1002.0,25.0,8.3,143.3,28.83,18.3,75.0,12.0
1002.0,25.0,8.2,143.1,28.82,18.2,75.0,12.0
1002.0,25.0,8.0,142.9,28.8,18.0,75.0,12.0
1002.0,25.0,8.0,142.6,28.8,18.0,75.0,12.0
1002.0,25.0,8.1,141.0,28.81,18.1,75.0,12.0
1002.0,25.0,8.3,140.6,28.83,18.3,75.0,12.0
1002.0,25.0,8.8,139.8,28.88,18.8,75.0,12.0
1004.0,25.0,10.7,137.2,28.57,20.7,75.0,12.0
1002.0,28.0,10.9,136.5,28.59,20.9,75.0,12.0
1000.0,30.0,11.2,135.8,28.62,21.2,75.0,12.0
1000.0,30.0,11.3,135.2,28.63,21.3,75.0,12.0
997.0,35.0,11.8,132.7,28.68,21.8,75.0,12.0
991.0,45.0,11.9,132.3,28.69,21.9,75.0,12.0
984.0,55.0,12.1,132.0,28.71,22.1,75.0,12.0
980.0,60.0,12.3,131.8,28.73,22.3,75.0,12.0
954.0,90.0,13.5,130.9,28.85,23.5,75.0,12.0
944.0,100.0,13.8,130.9,28.88,23.8,75.0,12.0
933.0,110.0,14.0,130.8,28.9,24.0,75.0,12.0
930.0,113.0,14.3,130.8,28.93,24.3,75.0,12.0
927.0,115.0,16.0,131.3,28.6,11.0,75.0,12.0
927.0,115.0,16.4,131.5,28.64,11.399999999999999,75.0,12.0
927.0,115.0,16.7,131.7,28.67,11.7,75.0,12.0
930.0,113.0,17.1,131.9,28.71,12.100000000000001,75.0,12.0
944.0,100.0,20.2,134.2,28.52,15.2,75.0,12.0
947.0,98.0,21.0,135.1,28.6,16.0,75.0,12.0
949.0,95.0,21.8,135.9,28.68,16.8,75.0,12.0
952.0,93.0,22.6,137.0,28.76,17.6,75.0,12.0
984.0,55.0,25.4,141.8,28.54,20.4,75.0,12.0
984.0,55.0,26.0,143.1,28.6,21.0,75.0,12.0
1006.0,15.0,5.6,155.3,28.56,15.6,75.0,12.0
1006.0,15.0,5.6,155.0,28.56,15.6,75.0,12.0
1006.0,15.0,5.7,154.5,28.57,15.7,75.0,12.0
1006.0,15.0,5.8,154.0,28.58,15.8,75.0,12.0
1005.0,18.0,7.2,151.6,28.72,17.2,75.0,12.0
1004.0,20.0,7.8,150.8,28.78,17.8,75.0,12.0
1004.0,20.0,8.0,150.4,28.8,18.0,75.0,12.0
1003.0,23.0,8.9,148.4,28.89,18.9,75.0,12.0
1002.0,25.0,9.1,148.1,28.91,19.1,75.0,12.0
1001.0,28.0,9.2,147.8,28.92,19.2,75.0,12.0
1000.0,30.0,9.3,147.6,28.93,19.3,75.0,12.0
997.0,35.0,9.8,146.2,28.98,19.8,75.0,12.0
997.0,35.0,9.9,146.0,28.99,19.9,75.0,12.0
997.0,35.0,10.2,145.6,28.52,20.2,75.0,12.0
997.0,35.0,10.3,145.2,28.53,20.3,75.0,12.0
987.0,50.0,10.6,142.9,28.56,20.6,75.0,12.0
982.0,58.0,10.6,142.2,28.56,20.6,75.0,12.0
972.0,70.0,10.8,141.0,28.58,20.8,75.0,12.0
933.0,110.0,11.1,138.4,28.61,21.1,75.0,12.0
930.0,113.0,11.2,137.9,28.62,21.2,75.0,12.0
927.0,115.0,11.4,137.4,28.64,21.4,75.0,12.0
938.0,105.0,12.4,134.4,28.74,22.4,75.0,12.0
938.0,105.0,13.4,133.2,28.84,23.4,75.0,12.0
916.0,125.0,14.5,131.3,28.95,24.5,75.0,12.0
916.0,125.0,14.8,131.1,28.98,24.8,75.0,12.0
916.0,125.0,15.1,130.8,28.51,10.1,75.0,12.0
938.0,105.0,17.6,130.6,28.76,12.600000000000001,75.0,12.0
941.0,103.0,18.0,130.8,28.8,13.0,75.0,12.0
944.0,100.0,18.3,130.9,28.83,13.3,75.0,12.0
949.0,95.0,18.6,131.1,28.86,13.600000000000001,75.0,12.0
944.0,100.0,20.2,132.3,28.52,15.2,75.0,12.0
938.0,105.0,20.6,132.6,28.56,15.600000000000001,75.0,12.0
933.0,110.0,20.9,133.0,28.59,15.899999999999999,75.0,12.0
927.0,115.0,21.2,133.4,28.62,16.2,75.0,12.0
927.0,115.0,21.5,133.7,28.65,16.5,75.0,12.0
938.0,105.0,22.9,134.2,28.79,17.9,75.0,12.0
941.0,103.0,23.1,134.1,28.81,18.1,75.0,12.0
944.0,100.0,23.4,134.0,28.84,18.4,75.0,12.0
949.0,95.0,23.6,133.9,28.86,18.6,75.0,12.0
956.0,88.0,24.7,133.8,28.97,19.7,75.0,12.0
958.0,85.0,25.0,133.9,28.5,20.0,75.0,12.0
961.0,83.0,25.3,134.1,28.53,20.3,75.0,12.0
968.0,75.0,25.9,134.7,28.59,20.9,75.0,12.0
976.0,65.0,27.4,136.5,28.74,22.4,75.0,12.0
978.0,63.0,27.8,136.8,28.78,22.8,75.0,12.0
982.0,58.0,28.6,137.4,28.86,23.6,75.0,12.0
997.0,35.0,30.6,139.0,28.56,10.600000000000001,75.0,12.0
997.0,35.0,31.0,139.5,28.6,11.0,75.0,12.0
997.0,35.0,31.4,140.0,28.64,11.399999999999999,75.0,12.0
999.0,33.0,31.9,140.7,28.69,11.899999999999999,75.0,12.0
1002.0,25.0,34.3,145.3,28.93,14.299999999999997,75.0,12.0
1004.0,20.0,22.1,153.6,28.71,17.1,75.0,12.0
1003.0,23.0,22.2,153.3,28.72,17.2,75.0,12.0
1002.0,25.0,22.3,153.0,28.73,17.3,75.0,12.0
1001.0,28.0,22.5,152.8,28.75,17.5,75.0,12.0
997.0,35.0,23.1,151.7,28.81,18.1,75.0,12.0
997.0,35.0,23.3,151.5,28.83,18.3,75.0,12.0
997.0,35.0,23.4,151.2,28.84,18.4,75.0,12.0
997.0,35.0,23.4,151.0,28.84,18.4,75.0,12.0
997.0,35.0,23.4,150.7,28.84,18.4,75.0,12.0
997.0,35.0,22.9,149.2,28.79,17.9,75.0,12.0
992.0,43.0,22.6,148.8,28.76,17.6,75.0,12.0
987.0,50.0,22.4,148.3,28.74,17.4,75.0,12.0
982.0,58.0,22.1,147.7,28.71,17.1,75.0,12.0
967.0,75.0,20.6,144.2,28.56,15.600000000000001,75.0,12.0
967.0,75.0,20.3,143.3,28.53,15.3,75.0,12.0
967.0,75.0,20.0,142.5,28.5,15.0,75.0,12.0
963.0,80.0,19.9,141.6,28.99,14.899999999999999,75.0,12.0
954.0,90.0,19.4,136.7,28.94,14.399999999999999,75.0,12.0
949.0,95.0,19.3,135.8,28.93,14.3,75.0,12.0
944.0,100.0,19.2,135.0,28.92,14.2,75.0,12.0
936.0,108.0,19.2,134.2,28.92,14.2,75.0,12.0
907.0,133.0,20.1,129.7,28.51,15.100000000000001,75.0,12.0
904.0,135.0,20.3,129.0,28.53,15.3,75.0,12.0
901.0,138.0,20.5,128.3,28.55,15.5,75.0,12.0
898.0,140.0,21.2,126.1,28.62,16.2,75.0,12.0
898.0,140.0,21.5,125.7,28.65,16.5,75.0,12.0
907.0,133.0,21.9,125.3,28.69,16.9,75.0,12.0
916.0,125.0,22.2,124.9,28.72,17.2,75.0,12.0
922.0,120.0,22.6,124.5,28.76,17.6,75.0,12.0
922.0,105.0,23.4,121.7,28.84,18.4,75.0,12.0
936.0,100.0,23.6,121.7,28.86,18.6,75.0,12.0
949.0,95.0,23.9,121.7,28.89,18.9,75.0,12.0
952.0,93.0,24.1,121.4,28.91,19.1,75.0,12.0
967.0,75.0,25.0,120.4,28.5,20.0,75.0,12.0
974.0,68.0,25.4,120.2,28.54,20.4,75.0,12.0
980.0,60.0,25.7,120.1,28.57,20.7,75.0,12.0
980.0,60.0,26.1,119.8,28.61,21.1,75.0,12.0
1006.0,15.0,21.9,167.7,28.69,16.9,75.0,12.0
1006.0,15.0,22.8,167.1,28.78,17.8,75.0,12.0
1006.0,15.0,22.7,166.8,28.77,17.7,75.0,12.0
1006.0,15.0,22.6,166.6,28.76,17.6,75.0,12.0
1006.0,15.0,22.6,166.2,28.76,17.6,75.0,12.0
1006.0,15.0,22.6,165.8,28.76,17.6,75.0,12.0
1000.0,30.0,23.9,164.0,28.89,18.9,75.0,12.0
997.0,35.0,24.2,163.7,28.92,19.2,75.0,12.0
996.0,38.0,24.5,163.4,28.95,19.5,75.0,12.0
994.0,40.0,24.9,163.1,28.99,19.9,75.0,12.0
989.0,48.0,26.6,161.4,28.66,21.6,75.0,12.0
987.0,50.0,27.0,161.0,28.7,22.0,75.0,12.0
986.0,53.0,27.4,160.7,28.74,22.4,75.0,12.0
997.0,35.0,29.9,158.6,28.99,24.9,75.0,12.0
997.0,35.0,30.2,158.6,28.52,10.2,75.0,12.0
997.0,35.0,30.6,158.7,28.56,10.600000000000001,75.0,12.0
997.0,35.0,31.9,159.6,28.69,11.899999999999999,75.0,12.0
997.0,35.0,32.2,159.5,28.72,12.200000000000003,75.0,12.0
997.0,35.0,32.4,159.7,28.74,12.399999999999999,75.0,12.0
997.0,35.0,32.5,159.9,28.75,12.5,75.0,12.0
997.0,35.0,15.8,137.6,28.58,10.8,75.0,12.0
997.0,35.0,16.2,137.7,28.62,11.2,75.0,12.0
997.0,35.0,16.6,137.8,28.66,11.600000000000001,75.0,12.0
997.0,35.0,17.0,137.9,28.7,12.0,75.0,12.0
991.0,45.0,19.0,137.6,28.9,14.0,75.0,12.0
991.0,45.0,19.4,137.4,28.94,14.399999999999999,75.0,12.0
991.0,45.0,19.7,137.3,28.97,14.7,75.0,12.0
984.0,55.0,22.4,137.2,28.74,17.4,75.0,12.0
982.0,58.0,22.9,137.2,28.79,17.9,75.0,12.0
980.0,60.0,23.5,137.2,28.85,18.5,75.0,12.0
980.0,60.0,24.1,137.2,28.91,19.1,75.0,12.0
980.0,60.0,27.0,136.9,28.7,22.0,75.0,12.0
982.0,58.0,27.7,136.9,28.77,22.7,75.0,12.0
984.0,55.0,28.4,136.9,28.84,23.4,75.0,12.0
986.0,53.0,29.2,136.8,28.92,24.2,75.0,12.0
994.0,40.0,32.3,137.5,28.73,12.299999999999997,75.0,12.0
996.0,38.0,32.9,138.2,28.79,12.899999999999999,75.0,12.0
997.0,35.0,33.5,138.8,28.85,13.5,75.0,12.0
997.0,35.0,34.3,139.7,28.93,14.299999999999997,75.0,12.0
997.0,35.0,37.9,143.7,28.79,17.9,75.0,12.0
997.0,35.0,39.0,144.9,28.9,19.0,75.0,12.0
997.0,35.0,40.2,145.6,28.52,20.200000000000003,75.0,12.0
997.0,35.0,41.4,146.2,28.64,21.4,75.0,12.0
999.0,33.0,42.2,147.1,28.72,22.200000000000003,75.0,12.0
1000.0,30.0,46.1,149.4,28.61,11.100000000000001,75.0,12.0
997.0,35.0,18.1,112.3,28.81,13.100000000000001,75.0,12.0
997.0,35.0,18.2,112.2,28.82,13.2,75.0,12.0
997.0,35.0,18.4,111.8,28.84,13.399999999999999,75.0,12.0
991.0,45.0,18.8,110.2,28.88,13.8,75.0,12.0
994.0,40.0,19.0,109.8,28.9,14.0,75.0,12.0
997.0,35.0,19.1,109.5,28.91,14.100000000000001,75.0,12.0
994.0,40.0,19.2,109.0,28.92,14.2,75.0,12.0
991.0,45.0,19.8,106.7,28.98,14.8,75.0,12.0
994.0,40.0,20.0,106.2,28.5,15.0,75.0,12.0
997.0,35.0,20.1,105.7,28.51,15.100000000000001,75.0,12.0
1006.0,15.0,9.5,139.9,28.95,19.5,75.0,12.0
1006.0,15.0,9.7,139.4,28.97,19.7,75.0,12.0
1006.0,15.0,9.9,139.0,28.99,19.9,75.0,12.0
1005.0,18.0,10.1,138.4,28.51,20.1,75.0,12.0
1000.0,30.0,10.4,135.7,28.54,20.4,75.0,12.0
997.0,35.0,11.2,134.7,28.62,21.2,75.0,12.0
997.0,35.0,11.6,134.2,28.66,21.6,75.0,12.0
991.0,45.0,13.9,132.4,28.89,23.9,75.0,12.0
991.0,45.0,14.4,132.1,28.94,24.4,75.0,12.0
991.0,45.0,14.9,131.7,28.99,24.9,75.0,12.0
991.0,45.0,15.2,131.2,28.52,10.2,75.0,12.0
976.0,65.0,17.1,129.0,28.71,12.100000000000001,75.0,12.0
976.0,65.0,17.6,128.7,28.76,12.600000000000001,75.0,12.0
976.0,65.0,18.0,128.4,28.8,13.0,75.0,12.0
976.0,65.0,18.4,128.1,28.84,13.399999999999999,75.0,12.0
967.0,75.0,20.7,126.5,28.57,15.7,75.0,12.0
965.0,78.0,20.9,126.2,28.59,15.899999999999999,75.0,12.0
963.0,80.0,21.2,126.0,28.62,16.2,75.0,12.0
965.0,78.0,21.5,125.8,28.65,16.5,75.0,12.0
963.0,80.0,23.1,124.9,28.81,18.1,75.0,12.0
963.0,80.0,23.5,124.8,28.85,18.5,75.0,12.0
963.0,80.0,23.9,124.7,28.89,18.9,75.0,12.0
959.0,85.0,24.2,124.5,28.92,19.2,75.0,12.0
958.0,85.0,25.9,123.4,28.59,20.9,75.0,12.0
961.0,83.0,26.4,123.2,28.64,21.4,75.0,12.0
963.0,80.0,26.8,123.1,28.68,21.8,75.0,12.0
965.0,78.0,27.1,122.7,28.71,22.1,75.0,12.0
984.0,55.0,28.6,120.9,28.86,23.6,75.0,12.0
984.0,55.0,28.9,120.7,28.89,23.9,75.0,12.0
984.0,55.0,29.2,120.5,28.92,24.2,75.0,12.0
1004.0,20.0,14.0,130.6,28.9,24.0,75.0,12.0
1004.0,20.0,14.3,130.1,28.93,24.3,75.0,12.0
1004.0,20.0,14.6,129.7,28.96,24.6,75.0,12.0
1003.0,23.0,14.8,129.2,28.98,24.8,75.0,12.0
997.0,35.0,16.1,126.4,28.61,11.100000000000001,75.0,12.0
996.0,38.0,16.5,125.7,28.65,11.5,75.0,12.0
994.0,40.0,16.8,125.0,28.68,11.8,75.0,12.0
993.0,43.0,17.1,124.3,28.71,12.100000000000001,75.0,12.0
987.0,50.0,18.9,121.2,28.89,13.899999999999999,75.0,12.0
986.0,53.0,19.2,120.7,28.92,14.2,75.0,12.0
984.0,55.0,19.6,120.1,28.96,14.600000000000001,75.0,12.0
982.0,58.0,20.1,119.7,28.51,15.100000000000001,75.0,12.0
976.0,65.0,23.1,117.2,28.81,18.1,75.0,12.0
984.0,55.0,23.5,116.9,28.85,18.5,75.0,12.0
991.0,45.0,23.9,116.6,28.89,18.9,75.0,12.0
994.0,40.0,24.5,116.2,28.95,19.5,75.0,12.0
1002.0,25.0,27.0,114.8,28.7,22.0,75.0,12.0
1004.0,20.0,20.3,143.6,28.53,15.3,75.0,12.0
1004.0,20.0,20.3,143.4,28.53,15.3,75.0,12.0
1003.0,23.0,20.6,143.0,28.56,15.600000000000001,75.0,12.0
1002.0,25.0,20.6,142.9,28.56,15.600000000000001,75.0,12.0
1000.0,30.0,20.7,142.9,28.57,15.7,75.0,12.0
997.0,35.0,20.8,142.8,28.58,15.8,75.0,12.0
996.0,38.0,20.8,142.7,28.58,15.8,75.0,12.0
991.0,45.0,20.8,142.2,28.58,15.8,75.0,12.0
991.0,45.0,20.9,142.1,28.59,15.899999999999999,75.0,12.0
989.0,48.0,21.0,141.9,28.6,16.0,75.0,12.0
987.0,50.0,21.1,141.8,28.61,16.1,75.0,12.0
986.0,53.0,21.2,141.7,28.62,16.2,75.0,12.0
963.0,80.0,22.0,140.8,28.7,17.0,75.0,12.0
954.0,90.0,22.1,140.6,28.71,17.1,75.0,12.0
944.0,100.0,22.3,140.4,28.73,17.3,75.0,12.0
933.0,110.0,22.5,140.2,28.75,17.5,75.0,12.0
916.0,125.0,23.4,139.4,28.84,18.4,75.0,12.0
916.0,125.0,23.6,139.2,28.86,18.6,75.0,12.0
916.0,125.0,23.8,139.1,28.88,18.8,75.0,12.0
922.0,120.0,24.0,138.9,28.9,19.0,75.0,12.0
944.0,100.0,25.0,138.0,28.5,20.0,75.0,12.0
944.0,100.0,25.4,137.8,28.54,20.4,75.0,12.0
944.0,100.0,25.9,137.7,28.59,20.9,75.0,12.0
944.0,100.0,26.3,137.6,28.63,21.3,75.0,12.0
944.0,100.0,26.7,137.4,28.67,21.7,75.0,12.0
944.0,100.0,28.4,136.8,28.84,23.4,75.0,12.0
944.0,100.0,28.8,136.8,28.88,23.8,75.0,12.0
944.0,100.0,29.2,136.9,28.92,24.2,75.0,12.0
944.0,100.0,29.7,136.9,28.97,24.7,75.0,12.0
944.0,100.0,30.2,136.9,28.52,10.2,75.0,12.0
949.0,95.0,32.0,136.9,28.7,12.0,75.0,12.0
949.0,95.0,32.5,137.0,28.75,12.5,75.0,12.0
952.0,93.0,33.0,137.4,28.8,13.0,75.0,12.0
954.0,90.0,33.4,137.8,28.84,13.399999999999999,75.0,12.0
954.0,90.0,33.9,138.2,28.89,13.899999999999999,75.0,12.0
967.0,75.0,35.9,141.0,28.59,15.899999999999999,75.0,12.0
974.0,68.0,36.2,141.9,28.62,16.200000000000003,75.0,12.0
980.0,60.0,36.6,142.8,28.66,16.6,75.0,12.0
980.0,60.0,36.9,143.8,28.69,16.9,75.0,12.0
987.0,50.0,37.5,148.2,28.75,17.5,75.0,12.0
1006.0,15.0,21.6,155.1,28.66,16.6,75.0,12.0
1006.0,15.0,21.6,154.9,28.66,16.6,75.0,12.0
1006.0,15.0,21.7,154.8,28.67,16.7,75.0,12.0
1004.0,20.0,21.9,153.4,28.69,16.9,75.0,12.0
1004.0,20.0,22.0,153.1,28.7,17.0,75.0,12.0
1004.0,20.0,22.1,152.8,28.71,17.1,75.0,12.0
1004.0,20.0,22.1,152.5,28.71,17.1,75.0,12.0
1002.0,25.0,22.6,151.0,28.76,17.6,75.0,12.0
1002.0,25.0,22.6,150.7,28.76,17.6,75.0,12.0
1001.0,28.0,22.6,150.4,28.76,17.6,75.0,12.0
1000.0,30.0,22.7,150.1,28.77,17.7,75.0,12.0
994.0,40.0,24.2,148.8,28.92,19.2,75.0,12.0
994.0,40.0,24.5,148.6,28.95,19.5,75.0,12.0
994.0,40.0,24.9,148.3,28.99,19.9,75.0,12.0
993.0,43.0,25.2,148.1,28.52,20.2,75.0,12.0
986.0,53.0,26.6,147.2,28.66,21.6,75.0,12.0
984.0,55.0,27.0,147.0,28.7,22.0,75.0,12.0
984.0,55.0,27.6,146.8,28.76,22.6,75.0,12.0
984.0,55.0,28.1,146.7,28.81,23.1,75.0,12.0
984.0,55.0,28.6,146.6,28.86,23.6,75.0,12.0
984.0,55.0,30.7,146.1,28.57,10.7,75.0,12.0
984.0,55.0,31.3,146.1,28.63,11.3,75.0,12.0
982.0,58.0,31.8,146.6,28.68,11.8,75.0,12.0
978.0,63.0,32.9,147.6,28.79,12.899999999999999,75.0,12.0
978.0,63.0,35.2,150.3,28.52,15.200000000000003,75.0,12.0
980.0,60.0,35.7,151.2,28.57,15.700000000000003,75.0,12.0
982.0,58.0,36.2,152.1,28.62,16.200000000000003,75.0,12.0
984.0,55.0,36.8,153.1,28.68,16.799999999999997,75.0,12.0
984.0,55.0,37.4,154.1,28.74,17.4,75.0,12.0
987.0,50.0,41.0,160.2,28.6,21.0,75.0,12.0
1006.0,15.0,13.7,147.0,28.87,23.7,75.0,12.0
1006.0,15.0,13.2,146.3,28.82,23.2,75.0,12.0
1005.0,18.0,13.1,145.9,28.81,23.1,75.0,12.0
1002.0,25.0,12.6,144.2,28.76,22.6,75.0,12.0
1001.0,28.0,12.8,143.9,28.78,22.8,75.0,12.0
1000.0,30.0,13.1,143.6,28.81,23.1,75.0,12.0
1000.0,30.0,13.4,143.5,28.84,23.4,75.0,12.0
997.0,35.0,14.9,142.1,28.99,24.9,75.0,12.0
997.0,35.0,15.4,141.8,28.54,10.4,75.0,12.0
997.0,35.0,15.8,141.6,28.58,10.8,75.0,12.0
996.0,38.0,16.4,141.3,28.64,11.399999999999999,75.0,12.0
984.0,55.0,17.9,139.2,28.79,12.899999999999999,75.0,12.0
980.0,60.0,18.3,138.7,28.83,13.3,75.0,12.0
978.0,63.0,18.8,138.2,28.88,13.8,75.0,12.0
976.0,65.0,19.2,137.7,28.92,14.2,75.0,12.0
974.0,68.0,19.6,137.2,28.96,14.600000000000001,75.0,12.0
958.0,85.0,20.8,134.3,28.58,15.8,75.0,12.0
954.0,90.0,20.9,133.6,28.59,15.899999999999999,75.0,12.0
949.0,95.0,21.0,132.9,28.6,16.0,75.0,12.0
938.0,105.0,21.0,132.3,28.6,16.0,75.0,12.0
916.0,125.0,21.5,129.4,28.65,16.5,75.0,12.0
913.0,128.0,21.6,128.9,28.66,16.6,75.0,12.0
910.0,130.0,21.8,128.3,28.68,16.8,75.0,12.0
910.0,130.0,21.9,127.8,28.69,16.9,75.0,12.0
922.0,120.0,22.8,125.1,28.78,17.8,75.0,12.0
925.0,118.0,23.1,124.5,28.81,18.1,75.0,12.0
927.0,115.0,23.3,124.0,28.83,18.3,75.0,12.0
930.0,113.0,23.6,123.5,28.86,18.6,75.0,12.0
972.0,70.0,24.6,120.7,28.96,19.6,75.0,12.0
976.0,65.0,24.9,120.1,28.99,19.9,75.0,12.0
980.0,60.0,25.2,119.5,28.52,20.2,75.0,12.0
987.0,50.0,25.5,118.8,28.55,20.5,75.0,12.0
1002.0,25.0,15.0,154.0,28.5,10.0,75.0,12.0
1002.0,25.0,15.1,153.6,28.51,10.1,75.0,12.0
1002.0,25.0,15.1,153.2,28.51,10.1,75.0,12.0
994.0,40.0,15.1,150.6,28.51,10.1,75.0,12.0
991.0,45.0,15.0,150.1,28.5,10.0,75.0,12.0
988.0,50.0,14.9,149.6,28.99,24.9,75.0,12.0
984.0,55.0,14.9,149.0,28.99,24.9,75.0,12.0
954.0,90.0,15.5,146.2,28.55,10.5,75.0,12.0
954.0,90.0,15.8,145.6,28.58,10.8,75.0,12.0
954.0,90.0,16.1,145.0,28.61,11.100000000000001,75.0,12.0
946.0,98.0,16.4,144.3,28.64,11.399999999999999,75.0,12.0
933.0,110.0,17.4,141.5,28.74,12.399999999999999,75.0,12.0
928.0,115.0,17.6,140.9,28.76,12.600000000000001,75.0,12.0
922.0,120.0,17.8,140.4,28.78,12.8,75.0,12.0
916.0,125.0,18.1,139.9,28.81,13.100000000000001,75.0,12.0
898.0,140.0,19.0,138.0,28.9,14.0,75.0,12.0
898.0,140.0,19.2,137.5,28.92,14.2,75.0,12.0
898.0,140.0,19.4,137.1,28.94,14.399999999999999,75.0,12.0
898.0,140.0,19.7,136.6,28.97,14.7,75.0,12.0
910.0,130.0,21.5,134.5,28.65,16.5,75.0,12.0
916.0,125.0,22.0,134.2,28.7,17.0,75.0,12.0
922.0,120.0,22.5,133.9,28.75,17.5,75.0,12.0
925.0,118.0,22.9,133.6,28.79,17.9,75.0,12.0
938.0,105.0,25.0,132.1,28.5,20.0,75.0,12.0
938.0,105.0,25.5,131.8,28.55,20.5,75.0,12.0
938.0,105.0,26.4,131.3,28.64,21.4,75.0,12.0
938.0,105.0,27.9,130.8,28.79,22.9,75.0,12.0
933.0,110.0,28.3,130.7,28.83,23.3,75.0,12.0
927.0,115.0,28.7,130.5,28.87,23.7,75.0,12.0
927.0,115.0,29.1,130.4,28.91,24.1,75.0,12.0
949.0,95.0,31.5,130.1,28.65,11.5,75.0,12.0
956.0,88.0,32.3,130.1,28.73,12.299999999999997,75.0,12.0
963.0,80.0,33.1,130.2,28.81,13.100000000000001,75.0,12.0
965.0,78.0,33.9,130.6,28.89,13.899999999999999,75.0,12.0
987.0,50.0,37.5,133.9,28.75,17.5,75.0,12.0
997.0,35.0,10.3,138.4,28.53,20.3,75.0,12.0
997.0,35.0,10.6,137.8,28.56,20.6,75.0,12.0
997.0,35.0,10.8,137.1,28.58,20.8,75.0,12.0
997.0,35.0,10.9,136.4,28.59,20.9,75.0,12.0
996.0,38.0,11.6,136.4,28.66,21.6,75.0,12.0
991.0,45.0,13.3,134.3,28.83,23.3,75.0,12.0
988.0,50.0,13.2,133.9,28.82,23.2,75.0,12.0
984.0,55.0,13.0,133.5,28.8,23.0,75.0,12.0
984.0,55.0,13.5,133.5,28.85,23.5,75.0,12.0
976.0,65.0,15.5,132.4,28.55,10.5,75.0,12.0
976.0,65.0,16.0,132.2,28.6,11.0,75.0,12.0
976.0,65.0,16.5,132.1,28.65,11.5,75.0,12.0
976.0,65.0,16.9,131.8,28.69,11.899999999999999,75.0,12.0
967.0,75.0,19.2,130.4,28.92,14.2,75.0,12.0
965.0,78.0,19.8,130.0,28.98,14.8,75.0,12.0
963.0,80.0,20.4,129.6,28.54,15.399999999999999,75.0,12.0
959.0,85.0,20.9,129.1,28.59,15.899999999999999,75.0,12.0
949.0,95.0,23.2,126.2,28.82,18.2,75.0,12.0
944.0,100.0,23.7,125.7,28.87,18.7,75.0,12.0
938.0,105.0,24.2,125.2,28.92,19.2,75.0,12.0
936.0,108.0,24.7,124.8,28.97,19.7,75.0,12.0
933.0,110.0,27.2,122.7,28.72,22.2,75.0,12.0
936.0,108.0,27.8,122.3,28.78,22.8,75.0,12.0
938.0,105.0,28.3,121.9,28.83,23.3,75.0,12.0
951.0,93.0,28.8,121.5,28.88,23.8,75.0,12.0
1006.0,15.0,14.7,116.1,28.97,24.7,75.0,12.0
1004.0,20.0,13.8,114.7,28.88,23.8,75.0,12.0
1000.0,30.0,11.9,112.8,28.69,21.9,75.0,12.0
999.0,33.0,11.4,113.1,28.64,21.4,75.0,12.0
997.0,35.0,10.9,113.4,28.59,20.9,75.0,12.0
999.0,33.0,11.2,113.8,28.62,21.2,75.0,12.0
997.0,35.0,13.8,114.5,28.88,23.8,75.0,12.0
997.0,35.0,14.6,114.0,28.96,24.6,75.0,12.0
997.0,35.0,15.3,113.6,28.53,10.3,75.0,12.0
987.0,50.0,17.0,108.1,28.7,12.0,75.0,12.0
987.0,50.0,17.4,107.4,28.74,12.399999999999999,75.0,12.0
987.0,50.0,17.9,106.7,28.79,12.899999999999999,75.0,12.0
989.0,48.0,18.3,105.9,28.83,13.3,75.0,12.0
997.0,35.0,18.3,123.1,28.83,13.3,75.0,12.0
996.0,38.0,18.5,122.7,28.85,13.5,75.0,12.0
994.0,40.0,18.7,122.3,28.87,13.7,75.0,12.0
991.0,45.0,18.9,121.9,28.89,13.899999999999999,75.0,12.0
984.0,55.0,19.7,120.8,28.97,14.7,75.0,12.0
984.0,55.0,19.9,120.6,28.99,14.899999999999999,75.0,12.0
984.0,55.0,20.1,120.4,28.51,15.100000000000001,75.0,12.0
984.0,55.0,20.1,120.1,28.51,15.100000000000001,75.0,12.0
987.0,50.0,20.1,118.0,28.51,15.100000000000001,75.0,12.0
987.0,50.0,20.1,117.5,28.51,15.100000000000001,75.0,12.0
987.0,50.0,20.1,116.8,28.51,15.100000000000001,75.0,12.0
987.0,50.0,19.7,115.5,28.97,14.7,75.0,12.0
982.0,58.0,19.4,114.3,28.94,14.399999999999999,75.0,12.0
963.0,80.0,18.9,112.8,28.89,13.899999999999999,75.0,12.0
959.0,85.0,18.9,112.5,28.89,13.899999999999999,75.0,12.0
954.0,90.0,19.0,112.3,28.9,14.0,75.0,12.0
972.0,70.0,18.6,110.0,28.86,13.600000000000001,75.0,12.0
974.0,68.0,18.7,109.5,28.87,13.7,75.0,12.0
976.0,65.0,18.8,109.1,28.88,13.8,75.0,12.0
978.0,63.0,19.0,108.7,28.9,14.0,75.0,12.0
987.0,50.0,19.5,106.2,28.95,14.5,75.0,12.0
991.0,45.0,19.7,104.9,28.97,14.7,75.0,12.0
994.0,40.0,19.7,104.3,28.97,14.7,75.0,12.0
1006.0,15.0,20.2,155.0,28.52,15.2,75.0,12.0
1006.0,15.0,20.4,154.6,28.54,15.399999999999999,75.0,12.0
1005.0,18.0,20.8,153.1,28.58,15.8,75.0,12.0
1004.0,20.0,20.9,152.8,28.59,15.899999999999999,75.0,12.0
1004.0,20.0,21.1,152.5,28.61,16.1,75.0,12.0
1004.0,20.0,21.3,152.2,28.63,16.3,75.0,12.0
1003.0,23.0,21.5,151.9,28.65,16.5,75.0,12.0
999.0,33.0,22.1,150.8,28.71,17.1,75.0,12.0
997.0,35.0,22.4,150.5,28.74,17.4,75.0,12.0
996.0,38.0,22.6,150.1,28.76,17.6,75.0,12.0
994.0,40.0,22.9,149.7,28.79,17.9,75.0,12.0
989.0,48.0,23.2,149.1,28.82,18.2,75.0,12.0
978.0,63.0,24.4,146.7,28.94,19.4,75.0,12.0
976.0,65.0,24.6,145.9,28.96,19.6,75.0,12.0
974.0,68.0,24.9,145.2,28.99,19.9,75.0,12.0
972.0,70.0,25.2,144.4,28.52,20.2,75.0,12.0
952.0,93.0,26.8,140.7,28.68,21.8,75.0,12.0
949.0,95.0,27.1,140.1,28.71,22.1,75.0,12.0
949.0,95.0,27.4,139.6,28.74,22.4,75.0,12.0
949.0,95.0,27.7,139.1,28.77,22.7,75.0,12.0
947.0,98.0,28.0,138.8,28.8,23.0,75.0,12.0
944.0,100.0,29.3,138.1,28.93,24.3,75.0,12.0
944.0,100.0,29.6,137.9,28.96,24.6,75.0,12.0
944.0,100.0,30.1,137.9,28.51,10.100000000000001,75.0,12.0
944.0,100.0,30.5,137.9,28.55,10.5,75.0,12.0
944.0,100.0,31.0,138.1,28.6,11.0,75.0,12.0
954.0,90.0,32.7,140.1,28.77,12.700000000000003,75.0,12.0
954.0,90.0,33.2,140.9,28.82,13.200000000000003,75.0,12.0
961.0,83.0,33.9,141.8,28.89,13.899999999999999,75.0,12.0
967.0,75.0,34.5,142.7,28.95,14.5,75.0,12.0
972.0,70.0,35.0,143.6,28.5,15.0,75.0,12.0
989.0,48.0,36.6,146.9,28.66,16.6,75.0,12.0
991.0,45.0,37.0,147.7,28.7,17.0,75.0,12.0
1004.0,20.0,19.1,145.5,28.91,14.100000000000001,75.0,12.0
1004.0,20.0,19.1,145.2,28.91,14.100000000000001,75.0,12.0
1000.0,30.0,19.5,143.8,28.95,14.5,75.0,12.0
1000.0,30.0,19.6,143.4,28.96,14.600000000000001,75.0,12.0
999.0,33.0,19.9,143.1,28.99,14.899999999999999,75.0,12.0
997.0,35.0,20.1,142.8,28.51,15.100000000000001,75.0,12.0
994.0,40.0,20.3,142.5,28.53,15.3,75.0,12.0
976.0,65.0,21.1,141.3,28.61,16.1,75.0,12.0
972.0,70.0,21.4,141.0,28.64,16.4,75.0,12.0
965.0,78.0,21.5,140.6,28.65,16.5,75.0,12.0
958.0,85.0,21.7,140.1,28.67,16.7,75.0,12.0
956.0,88.0,21.8,139.6,28.68,16.8,75.0,12.0
939.0,105.0,22.2,137.9,28.72,17.2,75.0,12.0
933.0,110.0,22.3,137.5,28.73,17.3,75.0,12.0
928.0,115.0,22.4,137.1,28.74,17.4,75.0,12.0
922.0,120.0,22.5,136.7,28.75,17.5,75.0,12.0
919.0,123.0,22.5,136.4,28.75,17.5,75.0,12.0
916.0,125.0,22.4,135.1,28.74,17.4,75.0,12.0
916.0,125.0,22.4,134.8,28.74,17.4,75.0,12.0
916.0,125.0,22.4,134.6,28.74,17.4,75.0,12.0
916.0,125.0,22.4,134.2,28.74,17.4,75.0,12.0
916.0,125.0,22.0,132.1,28.7,17.0,75.0,12.0
919.0,123.0,22.1,131.6,28.71,17.1,75.0,12.0
922.0,120.0,22.1,131.0,28.71,17.1,75.0,12.0
922.0,120.0,22.1,130.4,28.71,17.1,75.0,12.0
922.0,120.0,22.4,127.0,28.74,17.4,75.0,12.0
919.0,123.0,22.6,126.2,28.76,17.6,75.0,12.0
916.0,125.0,22.8,125.4,28.78,17.8,75.0,12.0
919.0,123.0,23.0,124.6,28.8,18.0,75.0,12.0
949.0,95.0,23.8,121.0,28.88,18.8,75.0,12.0
952.0,93.0,24.0,120.3,28.9,19.0,75.0,12.0
954.0,90.0,24.1,119.7,28.91,19.1,75.0,12.0
959.0,85.0,24.2,119.2,28.92,19.2,75.0,12.0
991.0,45.0,25.5,116.6,28.55,20.5,75.0,12.0
994.0,40.0,25.8,116.2,28.58,20.8,75.0,12.0
997.0,35.0,26.0,115.7,28.6,21.0,75.0,12.0
999.0,33.0,26.2,115.5,28.62,21.2,75.0,12.0
1002.0,25.0,16.7,109.6,28.67,11.7,75.0,12.0
1001.0,28.0,16.8,109.2,28.68,11.8,75.0,12.0
1000.0,30.0,16.8,108.9,28.68,11.8,75.0,12.0
1000.0,30.0,16.8,108.5,28.68,11.8,75.0,12.0
1002.0,25.0,16.3,105.7,28.63,11.3,75.0,12.0
1003.0,23.0,16.1,105.0,28.61,11.100000000000001,75.0,12.0
1004.0,20.0,15.9,104.3,28.59,10.9,75.0,12.0
1002.0,25.0,22.6,133.9,28.76,17.6,75.0,12.0
1001.0,28.0,22.4,133.7,28.74,17.4,75.0,12.0
987.0,50.0,21.3,133.2,28.63,16.3,75.0,12.0
982.0,58.0,21.1,133.1,28.61,16.1,75.0,12.0
976.0,65.0,21.0,133.1,28.6,16.0,75.0,12.0
970.0,73.0,20.9,133.1,28.59,15.899999999999999,75.0,12.0
954.0,90.0,20.5,132.4,28.55,15.5,75.0,12.0
954.0,90.0,20.6,132.3,28.56,15.600000000000001,75.0,12.0
954.0,90.0,20.7,132.2,28.57,15.7,75.0,12.0
944.0,100.0,20.8,132.1,28.58,15.8,75.0,12.0
954.0,90.0,21.3,131.7,28.63,16.3,75.0,12.0
954.0,90.0,21.5,131.7,28.65,16.5,75.0,12.0
954.0,90.0,21.6,131.7,28.66,16.6,75.0,12.0
954.0,90.0,21.8,131.7,28.68,16.8,75.0,12.0
954.0,90.0,22.5,131.4,28.75,17.5,75.0,12.0
954.0,90.0,22.7,131.3,28.77,17.7,75.0,12.0
954.0,90.0,22.9,131.2,28.79,17.9,75.0,12.0
954.0,90.0,22.9,131.1,28.79,17.9,75.0,12.0
944.0,100.0,23.3,131.2,28.83,18.3,75.0,12.0
944.0,100.0,23.4,131.3,28.84,18.4,75.0,12.0
944.0,100.0,23.5,131.4,28.85,18.5,75.0,12.0
944.0,100.0,23.6,131.6,28.86,18.6,75.0,12.0
944.0,100.0,24.3,132.9,28.93,19.3,75.0,12.0
936.0,108.0,24.5,133.2,28.95,19.5,75.0,12.0
927.0,115.0,24.7,133.5,28.97,19.7,75.0,12.0
933.0,110.0,26.6,134.7,28.66,21.6,75.0,12.0
936.0,108.0,27.1,134.8,28.71,22.1,75.0,12.0
938.0,105.0,27.6,135.0,28.76,22.6,75.0,12.0
954.0,90.0,29.8,136.4,28.98,24.8,75.0,12.0
954.0,90.0,30.2,136.8,28.52,10.2,75.0,12.0
961.0,83.0,30.5,137.2,28.55,10.5,75.0,12.0
967.0,75.0,30.9,137.7,28.59,10.899999999999999,75.0,12.0
988.0,50.0,33.0,141.6,28.8,13.0,75.0,12.0
991.0,45.0,33.4,142.4,28.84,13.399999999999999,75.0,12.0
1004.0,20.0,12.9,116.2,28.79,22.9,75.0,12.0
1003.0,23.0,12.8,115.8,28.78,22.8,75.0,12.0
1002.0,25.0,12.7,115.3,28.77,22.7,75.0,12.0
1002.0,25.0,12.6,114.8,28.76,22.6,75.0,12.0
997.0,35.0,12.6,113.3,28.76,22.6,75.0,12.0
994.0,40.0,12.7,113.1,28.77,22.7,75.0,12.0
991.0,45.0,12.8,112.9,28.78,22.8,75.0,12.0
989.0,48.0,12.9,112.8,28.79,22.9,75.0,12.0
980.0,60.0,13.8,113.0,28.88,23.8,75.0,12.0
976.0,65.0,13.9,112.7,28.89,23.9,75.0,12.0
972.0,70.0,13.9,112.4,28.89,23.9,75.0,12.0
970.0,73.0,14.1,112.2,28.91,24.1,75.0,12.0
963.0,80.0,14.2,111.6,28.92,24.2,75.0,12.0
961.0,83.0,14.3,111.4,28.93,24.3,75.0,12.0
958.0,85.0,14.4,111.3,28.94,24.4,75.0,12.0
963.0,80.0,14.5,111.1,28.95,24.5,75.0,12.0
976.0,65.0,15.3,109.8,28.53,10.3,75.0,12.0
978.0,63.0,15.6,109.4,28.56,10.6,75.0,12.0
980.0,60.0,15.8,109.1,28.58,10.8,75.0,12.0
980.0,60.0,16.1,108.8,28.61,11.100000000000001,75.0,12.0
987.0,50.0,17.7,106.8,28.77,12.7,75.0,12.0
991.0,45.0,18.2,106.3,28.82,13.2,75.0,12.0
994.0,40.0,18.8,105.9,28.88,13.8,75.0,12.0
997.0,35.0,19.4,105.6,28.94,14.399999999999999,75.0,12.0
997.0,35.0,13.3,129.5,28.83,23.3,75.0,12.0
996.0,38.0,13.6,128.6,28.86,23.6,75.0,12.0
991.0,45.0,14.8,124.8,28.98,24.8,75.0,12.0
991.0,45.0,14.9,124.0,28.99,24.9,75.0,12.0
991.0,45.0,15.1,123.3,28.51,10.1,75.0,12.0
991.0,45.0,15.4,122.5,28.54,10.4,75.0,12.0
997.0,35.0,16.8,120.5,28.68,11.8,75.0,12.0
997.0,35.0,17.5,119.8,28.75,12.5,75.0,12.0
997.0,35.0,18.1,119.1,28.81,13.100000000000001,75.0,12.0
1000.0,30.0,18.6,118.4,28.86,13.600000000000001,75.0,12.0
1002.0,25.0,19.5,116.5,28.95,14.5,75.0,12.0
1003.0,23.0,19.2,116.0,28.92,14.2,75.0,12.0
1004.0,20.0,19.0,115.6,28.9,14.0,75.0,12.0
1004.0,20.0,18.6,115.3,28.86,13.600000000000001,75.0,12.0
997.0,35.0,8.4,129.3,28.84,18.4,75.0,12.0
980.0,60.0,13.7,130.2,28.87,23.7,75.0,12.0
980.0,60.0,13.3,129.9,28.83,23.3,75.0,12.0
976.0,65.0,13.2,129.6,28.82,23.2,75.0,12.0
972.0,70.0,14.1,128.9,28.91,24.1,75.0,12.0
974.0,68.0,14.3,128.6,28.93,24.3,75.0,12.0
976.0,65.0,14.5,128.3,28.95,24.5,75.0,12.0
976.0,65.0,14.7,127.8,28.97,24.7,75.0,12.0
984.0,55.0,15.4,125.1,28.54,10.4,75.0,12.0
982.0,58.0,15.6,124.8,28.56,10.6,75.0,12.0
980.0,60.0,15.8,124.4,28.58,10.8,75.0,12.0
986.0,53.0,16.0,124.1,28.6,11.0,75.0,12.0
997.0,35.0,17.0,122.6,28.7,12.0,75.0,12.0
999.0,33.0,17.4,122.2,28.74,12.399999999999999,75.0,12.0
1000.0,30.0,17.7,121.8,28.77,12.7,75.0,12.0
1001.0,28.0,18.1,121.5,28.81,13.100000000000001,75.0,12.0
1002.0,25.0,9.1,124.9,28.91,19.1,75.0,12.0
1002.0,25.0,9.2,124.2,28.92,19.2,75.0,12.0
1002.0,25.0,9.3,123.6,28.93,19.3,75.0,12.0
1002.0,25.0,9.8,123.1,28.98,19.8,75.0,12.0
1002.0,25.0,11.1,120.3,28.61,21.1,75.0,12.0
1002.0,25.0,10.9,119.7,28.59,20.9,75.0,12.0
1002.0,25.0,10.7,119.0,28.57,20.7,75.0,12.0
1002.0,25.0,10.4,118.4,28.54,20.4,75.0,12.0
1002.0,25.0,8.7,115.2,28.87,18.7,75.0,12.0
1001.0,28.0,8.5,114.6,28.85,18.5,75.0,12.0
1000.0,30.0,8.3,113.9,28.83,18.3,75.0,12.0
1000.0,30.0,8.2,113.3,28.82,18.2,75.0,12.0
994.0,40.0,8.8,111.7,28.88,18.8,75.0,12.0
993.0,43.0,8.9,111.6,28.89,18.9,75.0,12.0
991.0,45.0,9.1,111.5,28.91,19.1,75.0,12.0
993.0,43.0,9.0,111.2,28.9,19.0,75.0,12.0
997.0,35.0,8.7,109.8,28.87,18.7,75.0,12.0
999.0,33.0,8.6,109.5,28.86,18.6,75.0,12.0
1000.0,30.0,8.4,109.3,28.84,18.4,75.0,12.0
1001.0,28.0,8.4,108.9,28.84,18.4,75.0,12.0
1002.0,25.0,8.0,107.2,28.8,18.0,75.0,12.0
1002.0,25.0,8.0,106.8,28.8,18.0,75.0,12.0
1002.0,25.0,7.9,106.3,28.79,17.9,75.0,12.0
997.0,35.0,6.9,137.8,28.69,16.9,75.0,12.0
984.0,55.0,9.5,130.1,28.95,19.5,75.0,12.0
967.0,75.0,11.0,127.9,28.6,21.0,75.0,12.0
967.0,75.0,11.2,127.3,28.62,21.2,75.0,12.0
967.0,75.0,11.5,126.8,28.65,21.5,75.0,12.0
967.0,75.0,11.8,126.2,28.68,21.8,75.0,12.0
976.0,65.0,12.8,123.5,28.78,22.8,75.0,12.0
972.0,70.0,12.9,123.0,28.79,22.9,75.0,12.0
967.0,75.0,13.0,122.6,28.8,23.0,75.0,12.0
963.0,80.0,12.9,122.2,28.79,22.9,75.0,12.0
967.0,75.0,13.5,120.5,28.85,23.5,75.0,12.0
967.0,75.0,13.7,120.0,28.87,23.7,75.0,12.0
967.0,75.0,13.8,119.6,28.88,23.8,75.0,12.0
965.0,78.0,13.9,119.2,28.89,23.9,75.0,12.0
954.0,90.0,13.7,117.5,28.87,23.7,75.0,12.0
949.0,95.0,13.8,117.0,28.88,23.8,75.0,12.0
944.0,100.0,13.9,116.6,28.89,23.9,75.0,12.0
936.0,108.0,13.9,116.3,28.89,23.9,75.0,12.0
916.0,125.0,14.2,115.3,28.92,24.2,75.0,12.0
919.0,123.0,14.5,115.3,28.95,24.5,75.0,12.0
922.0,120.0,14.8,115.3,28.98,24.8,75.0,12.0
925.0,118.0,15.1,115.3,28.51,10.1,75.0,12.0
927.0,115.0,16.9,114.8,28.69,11.899999999999999,75.0,12.0
930.0,113.0,17.4,114.8,28.74,12.399999999999999,75.0,12.0
933.0,110.0,17.8,114.8,28.78,12.8,75.0,12.0
936.0,108.0,18.3,115.0,28.83,13.3,75.0,12.0
944.0,100.0,20.4,115.6,28.54,15.399999999999999,75.0,12.0
947.0,98.0,20.9,115.8,28.59,15.899999999999999,75.0,12.0
949.0,95.0,21.3,116.0,28.63,16.3,75.0,12.0
952.0,93.0,21.9,116.3,28.69,16.9,75.0,12.0
991.0,45.0,24.6,118.1,28.96,19.6,75.0,12.0
998.0,33.0,25.4,118.7,28.54,20.4,75.0,12.0
1004.0,20.0,26.1,119.3,28.61,21.1,75.0,12.0
1004.0,20.0,27.2,120.0,28.72,22.2,75.0,12.0
1004.0,20.0,9.9,128.4,28.99,19.9,75.0,12.0
1004.0,20.0,10.1,127.7,28.51,20.1,75.0,12.0
1004.0,20.0,10.3,127.0,28.53,20.3,75.0,12.0
1004.0,20.0,10.6,126.5,28.56,20.6,75.0,12.0
1005.0,20.0,11.9,124.0,28.69,21.9,75.0,12.0
1005.0,20.0,12.1,123.3,28.71,22.1,75.0,12.0
1004.0,20.0,12.2,122.7,28.72,22.2,75.0,12.0
1004.0,20.0,12.3,122.1,28.73,22.3,75.0,12.0
1003.0,20.0,13.4,119.4,28.84,23.4,75.0,12.0
1002.0,25.0,13.8,119.0,28.88,23.8,75.0,12.0
1000.0,30.0,14.2,118.5,28.92,24.2,75.0,12.0
1000.0,30.0,14.6,117.9,28.96,24.6,75.0,12.0
997.0,35.0,16.7,115.4,28.67,11.7,75.0,12.0
997.0,35.0,17.0,114.9,28.7,12.0,75.0,12.0
997.0,35.0,17.4,114.4,28.74,12.399999999999999,75.0,12.0
996.0,38.0,17.8,113.9,28.78,12.8,75.0,12.0
991.0,45.0,19.3,112.0,28.93,14.3,75.0,12.0
994.0,40.0,19.6,111.8,28.96,14.600000000000001,75.0,12.0
997.0,35.0,19.8,111.6,28.98,14.8,75.0,12.0
997.0,35.0,20.0,111.4,28.5,15.0,75.0,12.0
997.0,30.0,21.3,110.4,28.63,16.3,75.0,12.0
1000.0,28.0,21.8,110.0,28.68,16.8,75.0,12.0
1002.0,25.0,22.2,109.6,28.72,17.2,75.0,12.0
938.0,105.0,19.3,128.8,28.93,14.3,75.0,12.0
938.0,105.0,19.5,128.7,28.95,14.5,75.0,12.0
938.0,105.0,19.7,128.5,28.97,14.7,75.0,12.0
938.0,105.0,19.9,128.3,28.99,14.899999999999999,75.0,12.0
944.0,100.0,20.8,127.7,28.58,15.8,75.0,12.0
944.0,100.0,21.1,127.6,28.61,16.1,75.0,12.0
944.0,100.0,21.5,127.4,28.65,16.5,75.0,12.0
949.0,95.0,21.8,127.2,28.68,16.8,75.0,12.0
958.0,85.0,23.2,126.5,28.82,18.2,75.0,12.0
958.0,85.0,23.7,126.4,28.87,18.7,75.0,12.0
958.0,85.0,24.2,126.3,28.92,19.2,75.0,12.0
963.0,80.0,24.7,126.2,28.97,19.7,75.0,12.0
967.0,75.0,27.6,125.7,28.76,22.6,75.0,12.0
972.0,70.0,28.4,125.7,28.84,23.4,75.0,12.0
976.0,65.0,29.2,125.7,28.92,24.2,75.0,12.0
994.0,40.0,33.6,126.0,28.86,13.600000000000001,75.0,12.0
991.0,45.0,21.1,126.1,28.61,16.1,75.0,12.0
993.0,43.0,21.3,125.8,28.63,16.3,75.0,12.0
994.0,40.0,21.5,125.4,28.65,16.5,75.0,12.0
994.0,40.0,21.7,125.1,28.67,16.7,75.0,12.0
991.0,45.0,23.3,124.0,28.83,18.3,75.0,12.0
991.0,45.0,23.6,123.6,28.86,18.6,75.0,12.0
991.0,45.0,24.0,123.2,28.9,19.0,75.0,12.0
991.0,45.0,24.4,122.8,28.94,19.4,75.0,12.0
991.0,45.0,25.8,120.4,28.58,20.8,75.0,12.0
993.0,43.0,26.1,119.8,28.61,21.1,75.0,12.0
994.0,40.0,26.4,119.3,28.64,21.4,75.0,12.0
996.0,38.0,26.7,118.7,28.67,21.7,75.0,12.0
972.0,70.0,19.0,127.4,28.9,14.0,75.0,12.0
974.0,68.0,19.4,127.0,28.94,14.399999999999999,75.0,12.0
976.0,65.0,19.7,126.5,28.97,14.7,75.0,12.0
976.0,65.0,20.0,126.2,28.5,15.0,75.0,12.0
980.0,60.0,21.4,123.8,28.64,16.4,75.0,12.0
980.0,60.0,21.6,123.4,28.66,16.6,75.0,12.0
980.0,60.0,21.9,123.0,28.69,16.9,75.0,12.0
980.0,60.0,22.1,122.5,28.71,17.1,75.0,12.0
984.0,55.0,23.7,119.9,28.87,18.7,75.0,12.0
986.0,53.0,23.9,119.5,28.89,18.9,75.0,12.0
987.0,50.0,24.2,119.0,28.92,19.2,75.0,12.0
989.0,48.0,24.4,118.3,28.94,19.4,75.0,12.0
1000.0,30.0,24.9,115.6,28.99,19.9,75.0,12.0
1006.0,15.0,12.7,129.3,28.77,22.7,75.0,12.0
1006.0,15.0,12.8,129.0,28.78,22.8,75.0,12.0
1004.0,15.0,13.6,128.2,28.86,23.6,75.0,12.0
1004.0,15.0,13.8,128.1,28.88,23.8,75.0,12.0
1004.0,15.0,13.9,128.0,28.89,23.9,75.0,12.0
1004.0,15.0,14.1,127.8,28.91,24.1,75.0,12.0
1004.0,20.0,14.4,126.4,28.94,24.4,75.0,12.0
1004.0,20.0,14.4,126.1,28.94,24.4,75.0,12.0
1004.0,20.0,14.4,125.7,28.94,24.4,75.0,12.0
1004.0,20.0,14.4,125.3,28.94,24.4,75.0,12.0
1002.0,25.0,15.5,123.2,28.55,10.5,75.0,12.0
1001.0,28.0,15.9,122.8,28.59,10.9,75.0,12.0
1000.0,30.0,16.3,122.5,28.63,11.3,75.0,12.0
1000.0,30.0,16.5,122.0,28.65,11.5,75.0,12.0
994.0,40.0,17.1,118.9,28.71,12.100000000000001,75.0,12.0
993.0,43.0,17.2,118.2,28.72,12.2,75.0,12.0
991.0,45.0,17.4,117.6,28.74,12.399999999999999,75.0,12.0
991.0,45.0,17.5,117.0,28.75,12.5,75.0,12.0
984.0,55.0,18.3,115.2,28.83,13.3,75.0,12.0
980.0,60.0,18.6,114.9,28.86,13.600000000000001,75.0,12.0
976.0,65.0,18.8,114.6,28.88,13.8,75.0,12.0
976.0,65.0,19.0,114.2,28.9,14.0,75.0,12.0
972.0,70.0,20.2,112.8,28.52,15.2,75.0,12.0
972.0,70.0,20.5,112.5,28.55,15.5,75.0,12.0
972.0,70.0,20.8,112.3,28.58,15.8,75.0,12.0
974.0,68.0,21.1,111.9,28.61,16.1,75.0,12.0
991.0,45.0,22.5,109.3,28.75,17.5,75.0,12.0
994.0,40.0,22.8,109.0,28.78,17.8,75.0,12.0
997.0,35.0,23.1,108.7,28.81,18.1,75.0,12.0
999.0,33.0,23.4,108.3,28.84,18.4,75.0,12.0
1002.0,25.0,24.3,107.1,28.93,19.3,75.0,12.0
938.0,105.0,23.7,128.4,28.87,18.7,75.0,12.0
916.0,125.0,24.7,126.9,28.97,19.7,75.0,12.0
907.0,133.0,25.0,126.1,28.5,20.0,75.0,12.0
904.0,135.0,26.7,121.8,28.67,21.7,75.0,12.0
910.0,130.0,27.0,121.1,28.7,22.0,75.0,12.0
919.0,123.0,27.1,120.5,28.71,22.1,75.0,12.0
980.0,60.0,27.7,117.4,28.77,22.7,75.0,12.0
984.0,55.0,28.1,115.8,28.81,23.1,75.0,12.0
1001.0,28.0,29.9,113.6,28.99,24.9,75.0,12.0
1002.0,25.0,30.2,113.3,28.52,10.2,75.0,12.0
980.0,60.0,29.2,139.1,28.92,24.2,75.0,12.0
984.0,55.0,32.2,136.4,28.72,12.200000000000003,75.0,12.0
984.0,55.0,32.5,136.4,28.75,12.5,75.0,12.0
994.0,40.0,34.4,138.8,28.94,14.399999999999999,75.0,12.0
991.0,45.0,23.2,125.0,28.82,18.2,75.0,12.0
991.0,45.0,23.3,124.4,28.83,18.3,75.0,12.0
991.0,45.0,23.4,123.8,28.84,18.4,75.0,12.0
989.0,48.0,23.3,123.2,28.83,18.3,75.0,12.0
991.0,45.0,22.8,119.8,28.78,17.8,75.0,12.0
993.0,43.0,22.9,119.2,28.79,17.9,75.0,12.0
994.0,40.0,22.9,118.6,28.79,17.9,75.0,12.0
996.0,38.0,22.6,118.2,28.76,17.6,75.0,12.0
1001.0,25.0,21.5,116.5,28.65,16.5,75.0,12.0
1000.0,25.0,21.5,116.3,28.65,16.5,75.0,12.0
1001.0,25.0,21.6,115.9,28.66,16.6,75.0,12.0
998.0,33.0,24.1,139.6,28.91,19.1,75.0,12.0
993.0,43.0,26.3,137.9,28.63,21.3,75.0,12.0
987.0,50.0,27.9,138.2,28.79,22.9,75.0,12.0
987.0,50.0,28.3,138.4,28.83,23.3,75.0,12.0
991.0,45.0,29.8,136.1,28.98,24.8,75.0,12.0
988.0,50.0,32.2,130.9,28.72,12.200000000000003,75.0,12.0
998.0,28.0,34.2,130.4,28.92,14.200000000000003,75.0,12.0
1002.0,20.0,17.6,109.3,28.76,12.600000000000001,75.0,12.0
1002.0,20.0,17.5,109.7,28.75,12.5,75.0,12.0
1002.0,20.0,17.3,111.3,28.73,12.3,75.0,12.0
1002.0,20.0,17.6,111.6,28.76,12.600000000000001,75.0,12.0
1002.0,20.0,17.9,111.9,28.79,12.899999999999999,75.0,12.0
1002.0,20.0,18.2,112.1,28.82,13.2,75.0,12.0
1003.0,20.0,19.6,112.9,28.96,14.600000000000001,75.0,12.0
1004.0,20.0,20.0,113.0,28.5,15.0,75.0,12.0
1004.0,20.0,20.3,113.0,28.53,15.3,75.0,12.0
1004.0,20.0,20.6,113.0,28.56,15.600000000000001,75.0,12.0
1002.0,25.0,22.0,112.2,28.7,17.0,75.0,12.0
1002.0,25.0,22.2,111.9,28.72,17.2,75.0,12.0
1002.0,25.0,22.5,111.6,28.75,17.5,75.0,12.0
954.0,90.0,20.1,129.0,28.51,15.100000000000001,75.0,12.0
956.0,88.0,20.1,128.7,28.51,15.100000000000001,75.0,12.0
967.0,75.0,20.2,126.0,28.52,15.2,75.0,12.0
963.0,80.0,20.2,125.7,28.52,15.2,75.0,12.0
958.0,85.0,20.3,125.4,28.53,15.3,75.0,12.0
958.0,85.0,20.4,125.2,28.54,15.399999999999999,75.0,12.0
944.0,100.0,21.5,124.2,28.65,16.5,75.0,12.0
936.0,108.0,21.9,124.1,28.69,16.9,75.0,12.0
927.0,115.0,22.2,124.0,28.72,17.2,75.0,12.0
925.0,118.0,22.6,123.9,28.76,17.6,75.0,12.0
922.0,120.0,24.9,124.2,28.99,19.9,75.0,12.0
925.0,118.0,25.4,124.6,28.54,20.4,75.0,12.0
927.0,115.0,26.0,124.9,28.6,21.0,75.0,12.0
930.0,113.0,26.6,125.4,28.66,21.6,75.0,12.0
972.0,70.0,33.3,129.7,28.83,13.299999999999997,75.0,12.0
1000.0,30.0,19.4,115.4,28.94,14.399999999999999,75.0,12.0
1000.0,30.0,19.9,115.1,28.99,14.899999999999999,75.0,12.0
1000.0,30.0,20.9,112.7,28.59,15.899999999999999,75.0,12.0
1001.0,28.0,21.1,112.2,28.61,16.1,75.0,12.0
1002.0,25.0,21.3,111.8,28.63,16.3,75.0,12.0
1003.0,23.0,21.5,111.3,28.65,16.5,75.0,12.0
972.0,70.0,20.2,159.2,28.52,15.2,75.0,12.0
967.0,75.0,20.1,159.0,28.51,15.100000000000001,75.0,12.0
961.0,83.0,20.1,158.8,28.51,15.100000000000001,75.0,12.0
927.0,115.0,19.7,155.6,28.97,14.7,75.0,12.0
922.0,120.0,20.1,149.2,28.51,15.100000000000001,75.0,12.0
910.0,130.0,25.6,142.2,28.56,20.6,75.0,12.0
933.0,110.0,28.0,141.9,28.8,23.0,75.0,12.0
949.0,95.0,30.0,142.7,28.5,10.0,75.0,12.0
963.0,80.0,33.1,146.1,28.81,13.100000000000001,75.0,12.0
967.0,75.0,34.0,147.0,28.9,14.0,75.0,12.0
967.0,75.0,35.7,149.5,28.57,15.700000000000003,75.0,12.0
987.0,50.0,40.4,159.5,28.54,20.4,75.0,12.0
989.0,48.0,41.2,161.6,28.62,21.200000000000003,75.0,12.0
991.0,45.0,42.1,163.7,28.71,22.1,75.0,12.0
1006.0,15.0,13.5,114.7,28.85,23.5,75.0,12.0
1005.0,18.0,13.5,114.5,28.85,23.5,75.0,12.0
1004.0,20.0,13.4,114.0,28.84,23.4,75.0,12.0
1002.0,25.0,13.8,112.4,28.88,23.8,75.0,12.0
1001.0,28.0,14.1,112.1,28.91,24.1,75.0,12.0
1000.0,30.0,14.3,111.7,28.93,24.3,75.0,12.0
1000.0,30.0,14.6,111.4,28.96,24.6,75.0,12.0
1000.0,30.0,16.0,110.4,28.6,11.0,75.0,12.0
1000.0,30.0,16.1,110.0,28.61,11.100000000000001,75.0,12.0
1000.0,30.0,16.3,109.6,28.63,11.3,75.0,12.0
1000.0,30.0,16.5,109.2,28.65,11.5,75.0,12.0
1004.0,20.0,17.1,107.2,28.71,12.100000000000001,75.0,12.0
997.0,35.0,11.8,127.6,28.68,21.8,75.0,12.0
994.0,40.0,11.9,127.4,28.69,21.9,75.0,12.0
991.0,45.0,11.9,127.3,28.69,21.9,75.0,12.0
988.0,50.0,12.0,127.0,28.7,22.0,75.0,12.0
954.0,90.0,12.4,125.5,28.74,22.4,75.0,12.0
941.0,103.0,12.6,125.1,28.76,22.6,75.0,12.0
927.0,115.0,12.8,124.7,28.78,22.8,75.0,12.0
922.0,120.0,13.0,124.2,28.8,23.0,75.0,12.0
933.0,110.0,14.1,121.6,28.91,24.1,75.0,12.0
936.0,108.0,14.4,121.0,28.94,24.4,75.0,12.0
938.0,105.0,14.8,120.5,28.98,24.8,75.0,12.0
941.0,103.0,14.9,120.0,28.99,24.9,75.0,12.0
938.0,105.0,15.2,116.6,28.52,10.2,75.0,12.0
938.0,105.0,15.3,116.0,28.53,10.3,75.0,12.0
938.0,105.0,15.4,115.5,28.54,10.4,75.0,12.0
936.0,108.0,15.5,115.0,28.55,10.5,75.0,12.0
927.0,115.0,15.5,112.3,28.55,10.5,75.0,12.0
927.0,115.0,15.6,111.8,28.56,10.6,75.0,12.0
927.0,115.0,15.7,111.4,28.57,10.7,75.0,12.0
930.0,113.0,15.8,111.0,28.58,10.8,75.0,12.0
958.0,85.0,16.0,108.6,28.6,11.0,75.0,12.0
963.0,80.0,15.8,108.0,28.58,10.8,75.0,12.0
967.0,75.0,15.7,107.4,28.57,10.7,75.0,12.0
976.0,65.0,15.6,106.8,28.56,10.6,75.0,12.0
997.0,35.0,15.1,104.0,28.51,10.1,75.0,12.0
1002.0,25.0,29.2,138.7,28.92,24.2,75.0,12.0
1001.0,20.0,21.3,153.6,28.63,16.3,75.0,12.0
1002.0,25.0,22.8,152.2,28.78,17.8,75.0,12.0
1001.0,28.0,25.6,151.4,28.56,20.6,75.0,12.0
1002.0,25.0,26.7,151.4,28.67,21.7,75.0,12.0
984.0,55.0,19.9,146.5,28.99,14.899999999999999,75.0,12.0
980.0,60.0,21.8,141.9,28.68,16.8,75.0,12.0
970.0,73.0,23.5,140.8,28.85,18.5,75.0,12.0
954.0,90.0,24.4,141.1,28.94,19.4,75.0,12.0
954.0,90.0,24.9,140.9,28.99,19.9,75.0,12.0
967.0,75.0,26.9,141.2,28.69,21.9,75.0,12.0
989.0,48.0,32.8,147.1,28.78,12.799999999999997,75.0,12.0
991.0,45.0,33.4,148.6,28.84,13.399999999999999,75.0,12.0
991.0,45.0,35.9,153.2,28.59,15.899999999999999,75.0,12.0
980.0,60.0,14.3,128.1,28.93,24.3,75.0,12.0
976.0,65.0,14.5,127.7,28.95,24.5,75.0,12.0
972.0,70.0,14.7,127.2,28.97,24.7,75.0,12.0
963.0,80.0,15.0,126.8,28.5,10.0,75.0,12.0
910.0,130.0,16.1,124.0,28.61,11.100000000000001,75.0,12.0
898.0,140.0,16.2,123.5,28.62,11.2,75.0,12.0
898.0,140.0,16.3,123.0,28.63,11.3,75.0,12.0
949.0,95.0,16.9,120.1,28.69,11.899999999999999,75.0,12.0
952.0,93.0,16.9,119.6,28.69,11.899999999999999,75.0,12.0
954.0,90.0,16.9,119.1,28.69,11.899999999999999,75.0,12.0
954.0,90.0,16.8,118.9,28.68,11.8,75.0,12.0
954.0,90.0,17.6,117.4,28.76,12.600000000000001,75.0,12.0
954.0,90.0,17.7,117.1,28.77,12.7,75.0,12.0
954.0,90.0,17.8,116.8,28.78,12.8,75.0,12.0
952.0,93.0,18.0,116.7,28.8,13.0,75.0,12.0
944.0,100.0,18.7,116.2,28.87,13.7,75.0,12.0
939.0,105.0,18.8,116.2,28.88,13.8,75.0,12.0
933.0,110.0,18.8,116.3,28.88,13.8,75.0,12.0
936.0,108.0,18.9,116.4,28.89,13.899999999999999,75.0,12.0
967.0,75.0,18.7,116.7,28.87,13.7,75.0,12.0
972.0,70.0,18.6,116.8,28.86,13.600000000000001,75.0,12.0
976.0,65.0,18.5,116.8,28.85,13.5,75.0,12.0
978.0,63.0,18.4,116.7,28.84,13.399999999999999,75.0,12.0
987.0,50.0,17.6,116.2,28.76,12.600000000000001,75.0,12.0
989.0,48.0,17.5,116.3,28.75,12.5,75.0,12.0
991.0,45.0,17.3,116.4,28.73,12.3,75.0,12.0
994.0,40.0,17.1,116.2,28.71,12.100000000000001,75.0,12.0
1002.0,25.0,16.3,116.0,28.63,11.3,75.0,12.0
1002.0,25.0,16.2,116.0,28.62,11.2,75.0,12.0
1002.0,25.0,16.1,115.9,28.61,11.100000000000001,75.0,12.0
1002.0,25.0,16.1,115.8,28.61,11.100000000000001,75.0,12.0
1004.0,20.0,15.3,115.1,28.53,10.3,75.0,12.0
1004.0,20.0,15.2,114.9,28.52,10.2,75.0,12.0
1004.0,20.0,15.1,114.7,28.51,10.1,75.0,12.0
1004.0,20.0,14.9,114.6,28.99,24.9,75.0,12.0
1004.0,20.0,14.2,113.4,28.92,24.2,75.0,12.0
1005.0,18.0,14.2,113.2,28.92,24.2,75.0,12.0
1006.0,15.0,14.3,112.9,28.93,24.3,75.0,12.0
1006.0,15.0,14.1,112.6,28.91,24.1,75.0,12.0
1006.0,15.0,12.2,111.0,28.72,22.2,75.0,12.0
1006.0,15.0,12.0,110.5,28.7,22.0,75.0,12.0
1006.0,15.0,11.8,110.1,28.68,21.8,75.0,12.0
1006.0,15.0,11.8,109.7,28.68,21.8,75.0,12.0
976.0,65.0,16.0,127.1,28.6,11.0,75.0,12.0
952.0,90.0,16.1,126.4,28.61,11.100000000000001,75.0,12.0
927.0,115.0,16.2,125.7,28.62,11.2,75.0,12.0
922.0,120.0,16.2,125.0,28.62,11.2,75.0,12.0
938.0,105.0,16.0,121.6,28.6,11.0,75.0,12.0
951.0,93.0,16.1,121.0,28.61,11.100000000000001,75.0,12.0
963.0,80.0,16.1,120.4,28.61,11.100000000000001,75.0,12.0
956.0,88.0,15.9,120.0,28.59,10.9,75.0,12.0
967.0,75.0,15.0,117.5,28.5,10.0,75.0,12.0
970.0,73.0,14.9,117.0,28.99,24.9,75.0,12.0
972.0,70.0,14.9,116.4,28.99,24.9,75.0,12.0
976.0,65.0,14.9,115.8,28.99,24.9,75.0,12.0
980.0,60.0,15.7,113.6,28.57,10.7,75.0,12.0
984.0,55.0,15.8,113.3,28.58,10.8,75.0,12.0
987.0,50.0,16.0,113.0,28.6,11.0,75.0,12.0
987.0,50.0,16.2,112.7,28.62,11.2,75.0,12.0
997.0,35.0,17.6,111.5,28.76,12.600000000000001,75.0,12.0
1000.0,30.0,17.8,111.3,28.78,12.8,75.0,12.0
1002.0,25.0,18.0,111.1,28.8,13.0,75.0,12.0
1002.0,25.0,17.7,111.0,28.77,12.7,75.0,12.0
1004.0,20.0,16.5,109.7,28.65,11.5,75.0,12.0
954.0,90.0,12.8,128.6,28.78,22.8,75.0,12.0
935.0,108.0,12.9,127.9,28.79,22.9,75.0,12.0
916.0,125.0,13.1,127.3,28.81,23.1,75.0,12.0
910.0,130.0,13.2,126.8,28.82,23.2,75.0,12.0
904.0,135.0,13.4,124.5,28.84,23.4,75.0,12.0
916.0,125.0,13.5,123.5,28.85,23.5,75.0,12.0
949.0,95.0,13.5,120.0,28.85,23.5,75.0,12.0
952.0,93.0,13.6,119.6,28.86,23.6,75.0,12.0
954.0,90.0,13.6,119.2,28.86,23.6,75.0,12.0
959.0,85.0,13.6,118.9,28.86,23.6,75.0,12.0
967.0,75.0,13.7,117.0,28.87,23.7,75.0,12.0
967.0,75.0,13.8,116.7,28.88,23.8,75.0,12.0
967.0,75.0,13.8,116.3,28.88,23.8,75.0,12.0
967.0,75.0,13.9,115.9,28.89,23.9,75.0,12.0
954.0,90.0,13.8,113.9,28.88,23.8,75.0,12.0
954.0,90.0,13.8,113.6,28.88,23.8,75.0,12.0
954.0,90.0,13.7,113.2,28.87,23.7,75.0,12.0
954.0,90.0,13.6,112.9,28.86,23.6,75.0,12.0
976.0,65.0,12.3,111.1,28.73,22.3,75.0,12.0
982.0,58.0,12.0,110.8,28.7,22.0,75.0,12.0
987.0,50.0,11.7,110.4,28.67,21.7,75.0,12.0
986.0,53.0,11.3,110.0,28.63,21.3,75.0,12.0
984.0,55.0,10.0,106.9,28.5,20.0,75.0,12.0
988.0,50.0,9.7,106.2,28.97,19.7,75.0,12.0
991.0,45.0,9.3,105.5,28.93,19.3,75.0,12.0
994.0,40.0,8.9,104.8,28.89,18.9,75.0,12.0
1002.0,25.0,9.0,101.0,28.9,19.0,75.0,12.0
1003.0,23.0,9.2,100.2,28.92,19.2,75.0,12.0
1004.0,20.0,9.5,99.5,28.95,19.5,75.0,12.0
1004.0,20.0,9.7,98.8,28.97,19.7,75.0,12.0
1004.0,20.0,10.4,95.7,28.54,20.4,75.0,12.0
1004.0,20.0,10.6,95.1,28.56,20.6,75.0,12.0
1004.0,20.0,10.7,94.5,28.57,20.7,75.0,12.0
1004.0,20.0,10.7,94.0,28.57,20.7,75.0,12.0
1004.0,20.0,10.7,91.2,28.57,20.7,75.0,12.0
1004.0,20.0,10.8,90.5,28.58,20.8,75.0,12.0
1004.0,20.0,10.8,89.8,28.58,20.8,75.0,12.0
1004.0,20.0,10.9,89.2,28.59,20.9,75.0,12.0
1006.0,15.0,11.3,85.2,28.63,21.3,75.0,12.0
1006.0,15.0,11.4,84.5,28.64,21.4,75.0,12.0
1006.0,15.0,11.4,83.9,28.64,21.4,75.0,12.0
1006.0,15.0,11.5,83.3,28.65,21.5,75.0,12.0
944.0,100.0,12.1,121.6,28.71,22.1,75.0,12.0
949.0,95.0,12.2,121.1,28.72,22.2,75.0,12.0
954.0,90.0,12.4,120.6,28.74,22.4,75.0,12.0
965.0,78.0,12.6,120.2,28.76,22.6,75.0,12.0
972.0,70.0,13.2,118.6,28.82,23.2,75.0,12.0
972.0,70.0,13.3,118.2,28.83,23.3,75.0,12.0
972.0,70.0,13.5,117.8,28.85,23.5,75.0,12.0
972.0,70.0,13.7,117.5,28.87,23.7,75.0,12.0
967.0,75.0,14.4,115.7,28.94,24.4,75.0,12.0
965.0,78.0,14.6,115.2,28.96,24.6,75.0,12.0
963.0,80.0,14.8,114.7,28.98,24.8,75.0,12.0
959.0,85.0,15.1,114.3,28.51,10.1,75.0,12.0
949.0,95.0,16.4,112.7,28.64,11.399999999999999,75.0,12.0
952.0,93.0,16.5,112.5,28.65,11.5,75.0,12.0
954.0,90.0,16.7,112.3,28.67,11.7,75.0,12.0
963.0,80.0,16.9,112.3,28.69,11.899999999999999,75.0,12.0
997.0,35.0,17.7,112.6,28.77,12.7,75.0,12.0
997.0,35.0,17.9,112.8,28.79,12.899999999999999,75.0,12.0
997.0,35.0,18.0,113.0,28.8,13.0,75.0,12.0
1000.0,30.0,17.9,113.2,28.79,12.899999999999999,75.0,12.0
1002.0,25.0,17.3,113.0,28.73,12.3,75.0,12.0
1000.0,30.0,15.2,136.2,28.52,10.2,75.0,12.0
1002.0,25.0,15.9,135.2,28.59,10.9,75.0,12.0
978.0,60.0,12.2,149.8,28.72,22.2,75.0,12.0
971.0,70.0,15.6,146.1,28.56,10.6,75.0,12.0
959.0,85.0,19.2,144.2,28.92,14.2,75.0,12.0
963.0,80.0,19.8,144.4,28.98,14.8,75.0,12.0
996.0,38.0,23.7,149.1,28.87,18.7,75.0,12.0
1004.0,20.0,8.6,144.1,28.86,18.6,75.0,12.0
972.0,70.0,14.5,132.6,28.95,24.5,75.0,12.0
955.0,90.0,16.5,132.2,28.65,11.5,75.0,12.0
932.0,123.0,19.5,134.9,28.95,14.5,75.0,12.0
930.0,125.0,21.1,137.1,28.61,16.1,75.0,12.0
1004.0,15.0,16.8,111.9,28.68,11.8,75.0,12.0
1003.0,15.0,17.1,111.7,28.71,12.100000000000001,75.0,12.0
1001.0,28.0,18.3,110.2,28.83,13.3,75.0,12.0
998.0,30.0,18.5,110.0,28.85,13.5,75.0,12.0
999.0,30.0,18.7,109.8,28.87,13.7,75.0,12.0
996.0,35.0,20.6,108.5,28.56,15.600000000000001,75.0,12.0
996.0,35.0,21.0,108.2,28.6,16.0,75.0,12.0
997.0,33.0,21.3,107.8,28.63,16.3,75.0,12.0
963.0,80.0,16.2,134.2,28.62,11.2,75.0,12.0
945.0,105.0,27.9,127.7,28.79,22.9,75.0,12.0
956.0,90.0,30.5,129.4,28.55,10.5,75.0,12.0
980.0,58.0,33.5,136.1,28.85,13.5,75.0,12.0
998.0,33.0,35.5,145.8,28.55,15.5,75.0,12.0
998.0,33.0,18.3,147.6,28.83,13.3,75.0,12.0
958.0,88.0,22.4,139.8,28.74,17.4,75.0,12.0
1002.0,20.0,12.6,113.0,28.76,22.6,75.0,12.0
1001.0,20.0,12.5,112.9,28.75,22.5,75.0,12.0
1004.0,20.0,12.6,112.8,28.76,22.6,75.0,12.0
1000.0,30.0,13.4,112.8,28.84,23.4,75.0,12.0
1000.0,30.0,13.6,112.8,28.86,23.6,75.0,12.0
1000.0,30.0,13.7,112.8,28.87,23.7,75.0,12.0
1000.0,30.0,13.9,111.2,28.89,23.9,75.0,12.0
1000.0,30.0,14.0,110.8,28.9,24.0,75.0,12.0
1000.0,30.0,14.1,110.4,28.91,24.1,75.0,12.0
1000.0,30.0,14.3,109.7,28.93,24.3,75.0,12.0
1000.0,30.0,14.5,109.7,28.95,24.5,75.0,12.0
1002.0,28.0,14.8,109.8,28.98,24.8,75.0,12.0
1004.0,25.0,17.2,109.1,28.72,12.2,75.0,12.0
1004.0,25.0,17.5,108.8,28.75,12.5,75.0,12.0
1007.0,20.0,18.1,106.7,28.81,13.100000000000001,75.0,12.0
1007.0,20.0,18.2,106.1,28.82,13.2,75.0,12.0
1007.0,20.0,18.1,105.8,28.81,13.100000000000001,75.0,12.0
982.0,55.0,22.2,118.0,28.72,17.2,75.0,12.0
982.0,55.0,22.2,117.4,28.72,17.2,75.0,12.0
986.0,50.0,22.2,116.8,28.72,17.2,75.0,12.0
996.0,35.0,22.0,113.8,28.7,17.0,75.0,12.0
998.0,33.0,21.8,113.4,28.68,16.8,75.0,12.0
1000.0,30.0,21.6,113.0,28.66,16.6,75.0,12.0
1002.0,28.0,21.5,112.8,28.65,16.5,75.0,12.0
1000.0,30.0,23.2,121.7,28.82,18.2,75.0,12.0
1010.0,15.0,18.3,135.8,28.83,13.3,75.0,12.0
1004.0,23.0,17.7,135.5,28.77,12.7,75.0,12.0
922.0,135.0,20.2,124.2,28.52,15.2,75.0,12.0
935.0,118.0,21.4,123.2,28.64,16.4,75.0,12.0
954.0,93.0,23.7,120.6,28.87,18.7,75.0,12.0
959.0,85.0,24.0,119.9,28.9,19.0,75.0,12.0
963.0,80.0,24.2,119.7,28.92,19.2,75.0,12.0
986.0,50.0,25.4,118.4,28.54,20.4,75.0,12.0
989.0,45.0,25.6,118.3,28.56,20.6,75.0,12.0
993.0,40.0,25.8,118.2,28.58,20.8,75.0,12.0
967.0,75.0,27.6,150.1,28.76,22.6,75.0,12.0
963.0,80.0,26.9,147.4,28.69,21.9,75.0,12.0
967.0,75.0,29.0,140.2,28.9,24.0,75.0,12.0
965.0,78.0,30.1,139.2,28.51,10.100000000000001,75.0,12.0
963.0,80.0,31.5,138.4,28.65,11.5,75.0,12.0
963.0,80.0,32.0,138.4,28.7,12.0,75.0,12.0
980.0,58.0,36.0,148.6,28.6,16.0,75.0,12.0
976.0,63.0,40.9,156.4,28.59,20.9,75.0,12.0
933.0,120.0,28.5,126.0,28.85,23.5,75.0,12.0
945.0,105.0,29.6,126.0,28.96,24.6,75.0,12.0
963.0,80.0,33.0,126.8,28.8,13.0,75.0,12.0
926.0,130.0,25.6,122.5,28.56,20.6,75.0,12.0
930.0,125.0,25.9,122.0,28.59,20.9,75.0,12.0
976.0,63.0,28.4,119.3,28.84,23.4,75.0,12.0
985.0,50.0,29.0,118.9,28.9,24.0,75.0,12.0
991.0,43.0,29.8,119.0,28.98,24.8,75.0,12.0
996.0,35.0,35.1,120.4,28.51,15.100000000000001,75.0,12.0
996.0,25.0,19.7,115.8,28.97,14.7,75.0,12.0
997.0,28.0,19.4,115.3,28.94,14.399999999999999,75.0,12.0
998.0,30.0,19.2,114.9,28.92,14.2,75.0,12.0
997.0,33.0,19.3,114.5,28.93,14.3,75.0,12.0
991.0,43.0,19.9,110.9,28.99,14.899999999999999,75.0,12.0
993.0,40.0,19.9,110.3,28.99,14.899999999999999,75.0,12.0
995.0,38.0,19.9,109.8,28.99,14.899999999999999,75.0,12.0
999.0,25.0,19.4,108.4,28.94,14.399999999999999,75.0,12.0
1002.0,25.0,19.5,108.1,28.95,14.5,75.0,12.0
1004.0,25.0,19.7,107.7,28.97,14.7,75.0,12.0
1006.0,23.0,19.9,107.3,28.99,14.899999999999999,75.0,12.0
1000.0,28.0,14.8,115.2,28.98,24.8,75.0,12.0
1000.0,30.0,14.7,114.8,28.97,24.7,75.0,12.0
997.0,35.0,14.7,114.6,28.97,24.7,75.0,12.0
985.0,50.0,15.4,113.7,28.54,10.4,75.0,12.0
984.0,53.0,15.6,113.5,28.56,10.6,75.0,12.0
982.0,55.0,15.7,113.3,28.57,10.7,75.0,12.0
982.0,55.0,15.9,113.1,28.59,10.9,75.0,12.0
982.0,55.0,16.1,112.9,28.61,11.100000000000001,75.0,12.0
980.0,58.0,16.3,112.6,28.63,11.3,75.0,12.0
974.0,65.0,16.9,111.5,28.69,11.899999999999999,75.0,12.0
972.0,68.0,17.1,111.2,28.71,12.100000000000001,75.0,12.0
970.0,70.0,17.3,110.8,28.73,12.3,75.0,12.0
970.0,70.0,17.5,110.3,28.75,12.5,75.0,12.0
970.0,70.0,17.6,109.9,28.76,12.600000000000001,75.0,12.0
970.0,70.0,17.6,109.5,28.76,12.600000000000001,75.0,12.0
970.0,70.0,17.5,108.2,28.75,12.5,75.0,12.0
970.0,70.0,17.6,107.8,28.76,12.600000000000001,75.0,12.0
970.0,70.0,17.7,107.4,28.77,12.7,75.0,12.0
970.0,70.0,17.9,106.5,28.79,12.899999999999999,75.0,12.0
980.0,58.0,17.9,105.9,28.79,12.899999999999999,75.0,12.0
996.0,35.0,17.9,103.8,28.79,12.899999999999999,75.0,12.0
996.0,35.0,17.9,103.2,28.79,12.899999999999999,75.0,12.0
996.0,35.0,17.8,102.6,28.78,12.8,75.0,12.0
929.0,125.0,23.8,123.5,28.88,18.8,75.0,12.0
929.0,125.0,24.1,122.8,28.91,19.1,75.0,12.0
933.0,120.0,24.6,122.1,28.96,19.6,75.0,12.0
937.0,115.0,24.7,121.9,28.97,19.7,75.0,12.0
947.0,103.0,25.1,121.4,28.51,20.1,75.0,12.0
967.0,75.0,26.0,120.5,28.6,21.0,75.0,12.0
976.0,63.0,26.4,120.5,28.64,21.4,75.0,12.0
985.0,50.0,26.8,120.5,28.68,21.8,75.0,12.0
987.0,48.0,27.1,120.3,28.71,22.1,75.0,12.0
989.0,45.0,27.5,120.2,28.75,22.5,75.0,12.0
989.0,45.0,27.6,120.2,28.76,22.6,75.0,12.0
993.0,40.0,27.9,120.1,28.79,22.9,75.0,12.0
1010.0,15.0,19.9,176.3,28.99,14.899999999999999,75.0,12.0
1008.0,15.0,22.4,174.4,28.74,17.4,75.0,12.0
1009.0,15.0,22.8,174.3,28.78,17.8,75.0,12.0
1006.0,23.0,24.4,173.2,28.94,19.4,75.0,12.0
1004.0,25.0,24.7,173.0,28.97,19.7,75.0,12.0
1000.0,30.0,25.1,172.7,28.51,20.1,75.0,12.0
996.0,35.0,27.0,171.6,28.7,22.0,75.0,12.0
996.0,35.0,27.5,171.3,28.75,22.5,75.0,12.0
995.0,38.0,28.1,171.2,28.81,23.1,75.0,12.0
993.0,40.0,28.6,171.0,28.86,23.6,75.0,12.0
995.0,38.0,30.9,169.9,28.59,10.899999999999999,75.0,12.0
996.0,35.0,31.4,169.9,28.64,11.399999999999999,75.0,12.0
998.0,33.0,31.9,170.1,28.69,11.899999999999999,75.0,12.0
1000.0,30.0,32.4,170.3,28.74,12.399999999999999,75.0,12.0
1006.0,23.0,34.9,174.8,28.99,14.899999999999999,75.0,12.0
1007.0,20.0,35.4,176.4,28.54,15.399999999999999,75.0,12.0
1007.0,20.0,36.1,177.9,28.61,16.1,75.0,12.0
937.0,115.0,27.0,143.0,28.7,22.0,75.0,12.0
976.0,63.0,34.6,155.6,28.96,14.600000000000001,75.0,12.0
985.0,50.0,35.4,157.7,28.54,15.399999999999999,75.0,12.0
985.0,50.0,35.8,159.8,28.58,15.799999999999997,75.0,12.0
985.0,50.0,36.2,162.0,28.62,16.200000000000003,75.0,12.0
996.0,35.0,23.7,131.0,28.87,18.7,75.0,12.0
993.0,40.0,27.7,134.6,28.77,22.7,75.0,12.0
1002.0,30.0,18.1,127.8,28.81,13.100000000000001,75.0,12.0
974.0,65.0,18.0,116.2,28.8,13.0,75.0,12.0
993.0,40.0,16.8,114.1,28.68,11.8,75.0,12.0
995.0,38.0,16.6,113.8,28.66,11.600000000000001,75.0,12.0
996.0,35.0,16.3,113.4,28.63,11.3,75.0,12.0
996.0,35.0,16.1,113.1,28.61,11.100000000000001,75.0,12.0
1000.0,30.0,13.7,111.6,28.87,23.7,75.0,12.0
1002.0,28.0,13.1,111.5,28.81,23.1,75.0,12.0
1004.0,25.0,12.6,111.4,28.76,22.6,75.0,12.0
1004.0,25.0,12.4,111.2,28.74,22.4,75.0,12.0
1007.0,20.0,11.5,109.6,28.65,21.5,75.0,12.0
1007.0,20.0,11.5,109.0,28.65,21.5,75.0,12.0
1007.0,20.0,11.5,108.5,28.65,21.5,75.0,12.0
1007.0,20.0,11.6,108.0,28.66,21.6,75.0,12.0
1004.0,25.0,19.7,140.2,28.97,14.7,75.0,12.0
996.0,35.0,21.7,141.3,28.67,16.7,75.0,12.0
996.0,35.0,23.2,143.6,28.82,18.2,75.0,12.0
996.0,35.0,9.4,120.8,28.94,19.4,75.0,12.0
996.0,35.0,9.4,120.2,28.94,19.4,75.0,12.0
996.0,35.0,9.3,119.6,28.93,19.3,75.0,12.0
995.0,38.0,9.4,119.0,28.94,19.4,75.0,12.0
985.0,50.0,9.5,116.0,28.95,19.5,75.0,12.0
985.0,50.0,9.6,115.5,28.96,19.6,75.0,12.0
985.0,50.0,9.6,115.0,28.96,19.6,75.0,12.0
984.0,53.0,9.7,114.7,28.97,19.7,75.0,12.0
970.0,70.0,10.4,113.1,28.54,20.4,75.0,12.0
969.0,73.0,10.6,112.8,28.56,20.6,75.0,12.0
967.0,75.0,10.7,112.5,28.57,20.7,75.0,12.0
965.0,78.0,10.8,112.2,28.58,20.8,75.0,12.0
967.0,75.0,11.4,111.5,28.64,21.4,75.0,12.0
967.0,75.0,11.5,111.4,28.65,21.5,75.0,12.0
967.0,75.0,11.6,111.3,28.66,21.6,75.0,12.0
969.0,73.0,11.6,111.3,28.66,21.6,75.0,12.0
982.0,55.0,11.9,111.5,28.69,21.9,75.0,12.0
982.0,55.0,11.9,111.6,28.69,21.9,75.0,12.0
982.0,55.0,12.0,111.7,28.7,22.0,75.0,12.0
984.0,53.0,12.0,111.9,28.7,22.0,75.0,12.0
993.0,40.0,11.9,112.9,28.69,21.9,75.0,12.0
993.0,40.0,11.8,113.1,28.68,21.8,75.0,12.0
993.0,40.0,11.7,113.3,28.67,21.7,75.0,12.0
993.0,40.0,11.6,113.5,28.66,21.6,75.0,12.0
1000.0,30.0,11.0,115.1,28.6,21.0,75.0,12.0
1000.0,30.0,11.2,115.4,28.62,21.2,75.0,12.0
1000.0,30.0,11.4,115.8,28.64,21.4,75.0,12.0
1000.0,30.0,11.6,116.3,28.66,21.6,75.0,12.0
997.0,25.0,11.9,119.8,28.69,21.9,75.0,12.0
999.0,23.0,12.2,120.4,28.72,22.2,75.0,12.0
1000.0,20.0,12.5,121.1,28.75,22.5,75.0,12.0
1000.0,20.0,12.9,122.0,28.79,22.9,75.0,12.0
961.0,83.0,14.1,128.1,28.91,24.1,75.0,12.0
963.0,80.0,16.8,123.6,28.68,11.8,75.0,12.0
967.0,75.0,18.5,121.1,28.85,13.5,75.0,12.0
971.0,70.0,18.8,120.8,28.88,13.8,75.0,12.0
974.0,65.0,19.0,120.5,28.9,14.0,75.0,12.0
974.0,65.0,19.4,120.5,28.94,14.399999999999999,75.0,12.0
989.0,45.0,20.1,121.7,28.51,15.100000000000001,75.0,12.0
991.0,43.0,20.0,122.3,28.5,15.0,75.0,12.0
993.0,40.0,19.8,123.0,28.98,14.8,75.0,12.0
993.0,40.0,20.0,123.7,28.5,15.0,75.0,12.0
1006.0,23.0,19.9,130.1,28.99,14.899999999999999,75.0,12.0
1007.0,20.0,20.8,130.2,28.58,15.8,75.0,12.0
1004.0,23.0,20.8,136.8,28.58,15.8,75.0,12.0
1004.0,25.0,21.8,137.0,28.68,16.8,75.0,12.0
1004.0,25.0,29.6,141.6,28.96,24.6,75.0,12.0
1004.0,25.0,28.2,168.9,28.82,23.2,75.0,12.0
1004.0,25.0,28.2,169.3,28.82,23.2,75.0,12.0
1004.0,25.0,28.1,169.6,28.81,23.1,75.0,12.0
1000.0,30.0,27.6,171.3,28.76,22.6,75.0,12.0
1000.0,30.0,27.5,171.4,28.75,22.5,75.0,12.0
998.0,33.0,27.4,171.5,28.74,22.4,75.0,12.0
991.0,43.0,27.6,171.9,28.76,22.6,75.0,12.0
989.0,45.0,27.8,171.9,28.78,22.8,75.0,12.0
985.0,50.0,28.1,171.9,28.81,23.1,75.0,12.0
991.0,43.0,28.6,171.2,28.86,23.6,75.0,12.0
993.0,40.0,28.8,171.0,28.88,23.8,75.0,12.0
993.0,40.0,29.1,170.8,28.91,24.1,75.0,12.0
1000.0,30.0,32.6,170.5,28.76,12.600000000000001,75.0,12.0
1000.0,30.0,33.6,170.8,28.86,13.600000000000001,75.0,12.0
1000.0,30.0,34.9,171.4,28.99,14.899999999999999,75.0,12.0
1005.0,23.0,12.6,118.4,28.76,22.6,75.0,12.0
1005.0,25.0,13.0,118.1,28.8,23.0,75.0,12.0
1003.0,28.0,13.2,117.5,28.82,23.2,75.0,12.0
995.0,38.0,12.6,114.3,28.76,22.6,75.0,12.0
993.0,40.0,12.3,113.7,28.73,22.3,75.0,12.0
997.0,38.0,12.1,113.2,28.71,22.1,75.0,12.0
1004.0,25.0,9.2,111.5,28.92,19.2,75.0,12.0
1004.0,25.0,8.9,111.3,28.89,18.9,75.0,12.0
1004.0,25.0,8.6,111.1,28.86,18.6,75.0,12.0
1006.0,23.0,7.2,109.2,28.72,17.2,75.0,12.0
1007.0,20.0,7.0,108.9,28.7,17.0,75.0,12.0
1009.0,18.0,6.7,108.6,28.67,16.7,75.0,12.0
1010.0,15.0,5.0,106.2,28.5,15.0,75.0,12.0
1010.0,15.0,4.8,105.7,28.98,14.8,75.0,12.0
998.0,33.0,9.2,121.0,28.92,19.2,75.0,12.0
996.0,35.0,9.0,120.2,28.9,19.0,75.0,12.0
996.0,35.0,9.2,119.6,28.92,19.2,75.0,12.0
993.0,40.0,10.8,116.5,28.58,20.8,75.0,12.0
993.0,40.0,11.2,116.1,28.62,21.2,75.0,12.0
991.0,43.0,11.6,115.7,28.66,21.6,75.0,12.0
972.0,68.0,13.3,112.8,28.83,23.3,75.0,12.0
970.0,70.0,13.3,112.5,28.83,23.3,75.0,12.0
969.0,73.0,13.6,112.5,28.86,23.6,75.0,12.0
958.0,88.0,15.6,112.0,28.56,10.6,75.0,12.0
956.0,90.0,15.9,111.9,28.59,10.9,75.0,12.0
956.0,90.0,16.2,111.9,28.62,11.2,75.0,12.0
952.0,95.0,18.2,111.4,28.82,13.2,75.0,12.0
952.0,95.0,18.6,111.4,28.86,13.600000000000001,75.0,12.0
954.0,93.0,19.0,111.5,28.9,14.0,75.0,12.0
982.0,55.0,21.3,111.8,28.63,16.3,75.0,12.0
985.0,50.0,21.7,112.1,28.67,16.7,75.0,12.0
989.0,45.0,22.1,112.6,28.71,17.1,75.0,12.0
922.0,135.0,19.5,131.8,28.95,14.5,75.0,12.0
956.0,90.0,24.5,134.1,28.95,19.5,75.0,12.0
959.0,85.0,25.4,134.6,28.54,20.4,75.0,12.0
975.0,65.0,28.2,137.3,28.82,23.2,75.0,12.0
1004.0,23.0,16.2,124.2,28.62,11.2,75.0,12.0
1002.0,28.0,16.5,123.8,28.65,11.5,75.0,12.0
1000.0,30.0,18.3,124.1,28.83,13.3,75.0,12.0
1000.0,30.0,20.1,125.8,28.51,15.100000000000001,75.0,12.0
993.0,40.0,25.9,134.3,28.59,20.9,75.0,12.0
1007.0,20.0,12.1,117.0,28.71,22.1,75.0,12.0
1007.0,20.0,12.3,117.2,28.73,22.3,75.0,12.0
1006.0,23.0,12.6,117.4,28.76,22.6,75.0,12.0
996.0,35.0,13.8,117.1,28.88,23.8,75.0,12.0
995.0,38.0,14.1,117.2,28.91,24.1,75.0,12.0
993.0,40.0,14.4,117.4,28.94,24.4,75.0,12.0
989.0,45.0,14.6,117.7,28.96,24.6,75.0,12.0
982.0,55.0,15.4,118.9,28.54,10.4,75.0,12.0
978.0,60.0,15.6,119.1,28.56,10.6,75.0,12.0
974.0,65.0,15.8,119.3,28.58,10.8,75.0,12.0
971.0,70.0,16.1,119.7,28.61,11.100000000000001,75.0,12.0
989.0,45.0,17.4,122.1,28.74,12.399999999999999,75.0,12.0
989.0,45.0,17.9,122.7,28.79,12.899999999999999,75.0,12.0
989.0,45.0,18.4,123.3,28.84,13.399999999999999,75.0,12.0
989.0,45.0,18.8,123.9,28.88,13.8,75.0,12.0
982.0,55.0,22.8,129.6,28.78,17.8,75.0,12.0
986.0,50.0,25.8,133.9,28.58,20.8,75.0,12.0
986.0,50.0,15.2,137.2,28.52,10.2,75.0,12.0
967.0,75.0,20.4,132.9,28.54,15.399999999999999,75.0,12.0
984.0,53.0,31.1,139.4,28.61,11.100000000000001,75.0,12.0
945.0,105.0,12.2,122.5,28.72,22.2,75.0,12.0
948.0,100.0,12.4,122.2,28.74,22.4,75.0,12.0
954.0,93.0,12.7,122.1,28.77,22.7,75.0,12.0
973.0,68.0,15.2,120.8,28.52,10.2,75.0,12.0
978.0,60.0,15.7,120.4,28.57,10.7,75.0,12.0
978.0,60.0,16.0,119.8,28.6,11.0,75.0,12.0
978.0,60.0,17.1,117.5,28.71,12.100000000000001,75.0,12.0
978.0,60.0,17.3,117.2,28.73,12.3,75.0,12.0
980.0,58.0,17.6,117.0,28.76,12.600000000000001,75.0,12.0
984.0,53.0,20.1,115.6,28.51,15.100000000000001,75.0,12.0
985.0,50.0,20.5,115.4,28.55,15.5,75.0,12.0
984.0,53.0,20.9,115.2,28.59,15.899999999999999,75.0,12.0
993.0,40.0,22.9,114.1,28.79,17.9,75.0,12.0
996.0,35.0,23.0,113.9,28.8,18.0,75.0,12.0
998.0,33.0,23.1,113.8,28.81,18.1,75.0,12.0
984.0,53.0,25.9,120.7,28.59,20.9,75.0,12.0
985.0,50.0,26.2,120.4,28.62,21.2,75.0,12.0
985.0,50.0,26.5,120.1,28.65,21.5,75.0,12.0
1000.0,30.0,29.0,120.0,28.9,24.0,75.0,12.0
965.0,78.0,23.8,120.8,28.88,18.8,75.0,12.0
970.0,70.0,24.1,120.2,28.91,19.1,75.0,12.0
974.0,65.0,24.6,120.1,28.96,19.6,75.0,12.0
996.0,35.0,26.3,118.2,28.63,21.3,75.0,12.0
1000.0,30.0,26.6,118.1,28.66,21.6,75.0,12.0
1004.0,25.0,26.9,117.9,28.69,21.9,75.0,12.0
1004.0,25.0,27.3,117.9,28.73,22.3,75.0,12.0
1002.0,28.0,19.6,118.8,28.96,14.600000000000001,75.0,12.0
1004.0,25.0,19.4,118.2,28.94,14.399999999999999,75.0,12.0
1002.0,28.0,19.4,118.0,28.94,14.399999999999999,75.0,12.0
995.0,38.0,20.1,115.9,28.51,15.100000000000001,75.0,12.0
991.0,43.0,20.5,115.3,28.55,15.5,75.0,12.0
987.0,48.0,21.5,113.3,28.65,16.5,75.0,12.0
985.0,50.0,21.6,112.9,28.66,16.6,75.0,12.0
987.0,48.0,21.6,112.3,28.66,16.6,75.0,12.0
998.0,33.0,21.8,108.5,28.68,16.8,75.0,12.0
1000.0,30.0,21.8,107.9,28.68,16.8,75.0,12.0
1002.0,28.0,21.9,107.3,28.69,16.9,75.0,12.0
1007.0,20.0,36.4,133.2,28.64,16.4,75.0,12.0
991.0,43.0,28.7,134.4,28.87,23.7,75.0,12.0
982.0,55.0,30.5,136.1,28.55,10.5,75.0,12.0
982.0,55.0,32.2,139.6,28.72,12.200000000000003,75.0,12.0
950.0,98.0,18.8,121.5,28.88,13.8,75.0,12.0
952.0,95.0,18.9,121.0,28.89,13.899999999999999,75.0,12.0
954.0,93.0,19.2,120.7,28.92,14.2,75.0,12.0
969.0,73.0,20.2,117.7,28.52,15.2,75.0,12.0
970.0,70.0,20.4,117.3,28.54,15.399999999999999,75.0,12.0
972.0,68.0,20.5,116.9,28.55,15.5,75.0,12.0
984.0,53.0,21.8,114.8,28.68,16.8,75.0,12.0
985.0,50.0,22.0,114.5,28.7,17.0,75.0,12.0
989.0,45.0,22.2,114.2,28.72,17.2,75.0,12.0
1002.0,28.0,16.1,126.0,28.61,11.100000000000001,75.0,12.0
1001.0,33.0,17.8,123.4,28.78,12.8,75.0,12.0
1000.0,30.0,18.1,122.9,28.81,13.100000000000001,75.0,12.0
1004.0,25.0,20.1,121.6,28.51,15.100000000000001,75.0,12.0
1004.0,25.0,20.3,121.3,28.53,15.3,75.0,12.0
1004.0,25.0,20.6,121.0,28.56,15.600000000000001,75.0,12.0
1007.0,20.0,21.1,120.9,28.61,16.1,75.0,12.0
1009.0,18.0,21.2,120.9,28.62,16.2,75.0,12.0
1010.0,15.0,21.4,120.9,28.64,16.4,75.0,12.0
948.0,100.0,24.4,122.5,28.94,19.4,75.0,12.0
962.0,83.0,24.8,121.6,28.98,19.8,75.0,12.0
967.0,75.0,25.0,121.3,28.5,20.0,75.0,12.0
978.0,60.0,26.5,121.6,28.65,21.5,75.0,12.0
978.0,60.0,26.7,121.9,28.67,21.7,75.0,12.0
978.0,60.0,26.9,122.2,28.69,21.9,75.0,12.0
989.0,45.0,27.2,123.5,28.72,22.2,75.0,12.0
978.0,60.0,29.9,129.5,28.99,24.9,75.0,12.0
982.0,55.0,30.5,130.5,28.55,10.5,75.0,12.0
996.0,35.0,32.0,142.9,28.7,12.0,75.0,12.0
1000.0,30.0,37.5,142.2,28.75,17.5,75.0,12.0
1000.0,30.0,40.3,143.9,28.53,20.299999999999997,75.0,12.0
996.0,35.0,39.7,157.7,28.97,19.700000000000003,75.0,12.0
996.0,35.0,40.8,159.3,28.58,20.799999999999997,75.0,12.0
996.0,35.0,43.3,163.0,28.83,23.299999999999997,75.0,12.0
958.0,88.0,19.1,122.8,28.91,14.100000000000001,75.0,12.0
956.0,90.0,19.3,122.1,28.93,14.3,75.0,12.0
952.0,95.0,19.4,121.5,28.94,14.399999999999999,75.0,12.0
944.0,105.0,20.1,117.2,28.51,15.100000000000001,75.0,12.0
943.0,108.0,20.2,116.3,28.52,15.2,75.0,12.0
941.0,110.0,20.4,115.5,28.54,15.399999999999999,75.0,12.0
935.0,118.0,20.5,114.8,28.55,15.5,75.0,12.0
957.0,88.0,21.6,110.2,28.66,16.6,75.0,12.0
970.0,70.0,21.7,109.4,28.67,16.7,75.0,12.0
974.0,65.0,21.9,108.8,28.69,16.9,75.0,12.0
1004.0,25.0,22.6,105.9,28.76,17.6,75.0,12.0
1007.0,20.0,22.8,105.6,28.78,17.8,75.0,12.0
948.0,100.0,24.1,121.9,28.91,19.1,75.0,12.0
984.0,53.0,27.0,121.7,28.7,22.0,75.0,12.0
989.0,45.0,28.7,123.8,28.87,23.7,75.0,12.0
993.0,40.0,29.4,125.1,28.94,24.4,75.0,12.0
993.0,40.0,29.6,125.9,28.96,24.6,75.0,12.0
996.0,35.0,30.2,130.5,28.52,10.2,75.0,12.0
1004.0,20.0,14.7,112.8,28.97,24.7,75.0,12.0
1007.0,20.0,14.5,112.9,28.95,24.5,75.0,12.0
1004.0,20.0,15.2,113.0,28.52,10.2,75.0,12.0
991.0,43.0,16.9,109.8,28.69,11.899999999999999,75.0,12.0
982.0,55.0,17.6,106.8,28.76,12.600000000000001,75.0,12.0
988.0,48.0,17.7,105.9,28.77,12.7,75.0,12.0
993.0,40.0,17.8,105.0,28.78,12.8,75.0,12.0
996.0,35.0,14.0,122.6,28.9,24.0,75.0,12.0
998.0,33.0,14.2,122.0,28.92,24.2,75.0,12.0
1000.0,30.0,14.3,121.5,28.93,24.3,75.0,12.0
1000.0,30.0,14.4,120.9,28.94,24.4,75.0,12.0
1000.0,30.0,14.9,117.6,28.99,24.9,75.0,12.0
1000.0,30.0,15.2,116.7,28.52,10.2,75.0,12.0
1000.0,30.0,15.4,115.8,28.54,10.4,75.0,12.0
1000.0,30.0,15.7,115.0,28.57,10.7,75.0,12.0
1000.0,30.0,17.7,112.1,28.77,12.7,75.0,12.0
1000.0,30.0,18.1,111.8,28.81,13.100000000000001,75.0,12.0
1000.0,30.0,18.5,111.6,28.85,13.5,75.0,12.0
1002.0,28.0,18.9,111.4,28.89,13.899999999999999,75.0,12.0
1004.0,25.0,20.4,110.7,28.54,15.399999999999999,75.0,12.0
1004.0,25.0,20.7,110.7,28.57,15.7,75.0,12.0
1004.0,25.0,21.0,110.6,28.6,16.0,75.0,12.0
1004.0,25.0,21.2,110.7,28.62,16.2,75.0,12.0
1007.0,20.0,22.0,111.5,28.7,17.0,75.0,12.0
1007.0,20.0,22.1,112.0,28.71,17.1,75.0,12.0
1007.0,20.0,22.2,112.5,28.72,17.2,75.0,12.0
1007.0,20.0,22.4,113.0,28.74,17.4,75.0,12.0
1007.0,20.0,23.3,116.0,28.83,18.3,75.0,12.0
1010.0,15.0,16.8,109.0,28.68,11.8,75.0,12.0
1010.0,15.0,16.9,108.9,28.69,11.899999999999999,75.0,12.0
1006.0,20.0,17.9,108.6,28.79,12.899999999999999,75.0,12.0
1007.0,20.0,17.9,108.4,28.79,12.899999999999999,75.0,12.0
1007.0,20.0,18.0,108.2,28.8,13.0,75.0,12.0
1006.0,23.0,18.1,108.2,28.81,13.100000000000001,75.0,12.0
1004.0,25.0,18.9,108.1,28.89,13.899999999999999,75.0,12.0
1002.0,28.0,19.0,108.0,28.9,14.0,75.0,12.0
1000.0,30.0,19.2,108.0,28.92,14.2,75.0,12.0
998.0,33.0,19.2,107.8,28.92,14.2,75.0,12.0
996.0,35.0,19.0,106.8,28.9,14.0,75.0,12.0
998.0,33.0,18.9,106.5,28.89,13.899999999999999,75.0,12.0
1000.0,30.0,18.7,106.3,28.87,13.7,75.0,12.0
1004.0,25.0,18.6,105.9,28.86,13.600000000000001,75.0,12.0
995.0,38.0,25.2,148.4,28.52,20.2,75.0,12.0
993.0,40.0,26.9,148.8,28.69,21.9,75.0,12.0
989.0,45.0,31.8,151.3,28.68,11.8,75.0,12.0
989.0,45.0,33.1,152.2,28.81,13.100000000000001,75.0,12.0
1007.0,20.0,10.2,122.5,28.52,20.2,75.0,12.0
1007.0,20.0,10.9,122.0,28.59,20.9,75.0,12.0
996.0,35.0,13.1,118.5,28.81,23.1,75.0,12.0
996.0,35.0,13.3,117.8,28.83,23.3,75.0,12.0
996.0,35.0,13.6,117.0,28.86,23.6,75.0,12.0
996.0,35.0,14.0,116.5,28.9,24.0,75.0,12.0
989.0,45.0,15.4,114.7,28.54,10.4,75.0,12.0
989.0,45.0,15.7,114.8,28.57,10.7,75.0,12.0
989.0,45.0,16.0,115.0,28.6,11.0,75.0,12.0
986.0,50.0,16.4,115.0,28.64,11.399999999999999,75.0,12.0
982.0,55.0,18.1,115.9,28.81,13.100000000000001,75.0,12.0
984.0,53.0,17.9,116.1,28.79,12.899999999999999,75.0,12.0
985.0,50.0,17.6,116.2,28.76,12.600000000000001,75.0,12.0
987.0,48.0,17.3,116.4,28.73,12.3,75.0,12.0
1000.0,25.0,15.4,116.8,28.54,10.4,75.0,12.0
1004.0,23.0,15.0,116.8,28.5,10.0,75.0,12.0
1007.0,20.0,14.6,116.7,28.96,24.6,75.0,12.0
1007.0,20.0,14.3,116.9,28.93,24.3,75.0,12.0
1007.0,20.0,13.8,117.8,28.88,23.8,75.0,12.0
1007.0,20.0,13.7,117.8,28.87,23.7,75.0,12.0
1007.0,20.0,13.6,117.9,28.86,23.6,75.0,12.0
1007.0,20.0,13.3,117.8,28.83,23.3,75.0,12.0
1007.0,20.0,12.1,116.6,28.71,22.1,75.0,12.0
1006.0,23.0,12.1,116.2,28.71,22.1,75.0,12.0
1004.0,25.0,12.0,115.9,28.7,22.0,75.0,12.0
1004.0,25.0,11.8,115.8,28.68,21.8,75.0,12.0
1004.0,25.0,11.9,113.6,28.69,21.9,75.0,12.0
1006.0,23.0,12.3,113.1,28.73,22.3,75.0,12.0
1007.0,20.0,12.7,112.6,28.77,22.7,75.0,12.0
1007.0,20.0,12.9,111.9,28.79,22.9,75.0,12.0
1007.0,20.0,23.6,146.7,28.86,18.6,75.0,12.0
1004.0,25.0,24.1,147.4,28.91,19.1,75.0,12.0
998.0,33.0,26.0,150.4,28.6,21.0,75.0,12.0
993.0,40.0,27.3,152.9,28.73,22.3,75.0,12.0
998.0,33.0,29.4,156.8,28.94,24.4,75.0,12.0
1007.0,20.0,8.3,120.6,28.83,18.3,75.0,12.0
1007.0,20.0,8.7,119.9,28.87,18.7,75.0,12.0
1006.0,20.0,9.0,119.3,28.9,19.0,75.0,12.0
1007.0,20.0,9.3,118.8,28.93,19.3,75.0,12.0
1000.0,30.0,10.3,116.0,28.53,20.3,75.0,12.0
998.0,33.0,10.4,115.4,28.54,20.4,75.0,12.0
996.0,35.0,10.6,114.8,28.56,20.6,75.0,12.0
996.0,35.0,10.8,114.3,28.58,20.8,75.0,12.0
993.0,40.0,11.6,111.2,28.66,21.6,75.0,12.0
993.0,40.0,11.8,110.2,28.68,21.8,75.0,12.0
993.0,40.0,11.9,109.3,28.69,21.9,75.0,12.0
997.0,35.0,12.1,108.3,28.71,22.1,75.0,12.0
1007.0,20.0,13.8,163.2,28.88,23.8,75.0,12.0
1007.0,20.0,13.5,162.2,28.85,23.5,75.0,12.0
1007.0,20.0,13.3,161.1,28.83,23.3,75.0,12.0
1007.0,20.0,13.2,160.1,28.82,23.2,75.0,12.0
1000.0,30.0,12.8,145.0,28.78,22.8,75.0,12.0
959.0,85.0,15.9,130.6,28.59,10.9,75.0,12.0
959.0,85.0,16.4,130.7,28.64,11.399999999999999,75.0,12.0
974.0,65.0,18.5,132.0,28.85,13.5,75.0,12.0
978.0,60.0,18.9,132.3,28.89,13.899999999999999,75.0,12.0
982.0,55.0,19.3,132.7,28.93,14.3,75.0,12.0
989.0,45.0,22.1,137.3,28.71,17.1,75.0,12.0
1000.0,30.0,23.7,139.5,28.87,18.7,75.0,12.0
1002.0,25.0,26.0,119.3,28.6,21.0,75.0,12.0
982.0,55.0,24.5,127.6,28.95,19.5,75.0,12.0
985.0,50.0,25.0,128.6,28.5,20.0,75.0,12.0
985.0,50.0,14.3,120.3,28.93,24.3,75.0,12.0
989.0,45.0,21.4,158.3,28.64,16.4,75.0,12.0
1004.0,25.0,20.6,160.5,28.56,15.600000000000001,75.0,12.0
989.0,45.0,21.5,134.8,28.65,16.5,75.0,12.0
1010.0,15.0,22.1,153.7,28.71,17.1,75.0,12.0
1010.0,15.0,25.2,152.6,28.52,20.2,75.0,12.0
1004.0,25.0,28.8,139.2,28.88,23.8,75.0,12.0
963.0,80.0,21.3,121.0,28.63,16.3,75.0,12.0
980.0,58.0,24.8,130.2,28.98,19.8,75.0,12.0
1004.0,25.0,9.7,113.1,28.97,19.7,75.0,12.0
987.0,48.0,28.9,137.9,28.89,23.9,75.0,12.0
994.0,30.0,24.5,139.1,28.95,19.5,75.0,12.0
1010.0,15.0,17.5,146.7,28.75,12.5,75.0,12.0
989.0,45.0,21.1,141.7,28.61,16.1,75.0,12.0
996.0,35.0,15.4,114.2,28.54,10.4,75.0,12.0
1000.0,30.0,11.1,119.6,28.61,21.1,75.0,12.0
1004.0,25.0,12.6,91.4,28.76,22.6,75.0,12.0
1004.0,25.0,12.4,91.0,28.74,22.4,75.0,12.0
1004.0,25.0,12.2,90.7,28.72,22.2,75.0,12.0
1004.0,25.0,11.9,89.3,28.69,21.9,75.0,12.0
1004.0,25.0,11.8,89.1,28.68,21.8,75.0,12.0
1004.0,25.0,11.6,88.8,28.66,21.6,75.0,12.0
1006.0,23.0,10.6,87.2,28.56,20.6,75.0,12.0
1004.0,25.0,10.6,87.0,28.56,20.6,75.0,12.0
1004.0,25.0,10.6,86.9,28.56,20.6,75.0,12.0
1004.0,25.0,10.9,86.3,28.59,20.9,75.0,12.0
1004.0,25.0,10.9,86.2,28.59,20.9,75.0,12.0
1002.0,28.0,10.9,86.1,28.59,20.9,75.0,12.0
1000.0,30.0,10.6,85.5,28.56,20.6,75.0,12.0
1000.0,30.0,10.5,85.4,28.55,20.5,75.0,12.0
1000.0,30.0,10.3,85.3,28.53,20.3,75.0,12.0
1000.0,30.0,9.4,83.8,28.94,19.4,75.0,12.0
1000.0,30.0,9.4,83.5,28.94,19.4,75.0,12.0
1000.0,30.0,9.6,83.1,28.96,19.6,75.0,12.0
1000.0,30.0,10.8,80.5,28.58,20.8,75.0,12.0
1000.0,30.0,11.0,80.0,28.6,21.0,75.0,12.0
1002.0,28.0,11.1,79.5,28.61,21.1,75.0,12.0
1009.0,18.0,11.1,75.7,28.61,21.1,75.0,12.0
1010.0,15.0,11.0,75.1,28.6,21.0,75.0,12.0
1009.0,18.0,10.9,74.4,28.59,20.9,75.0,12.0
1007.0,20.0,10.9,73.7,28.59,20.9,75.0,12.0
1007.0,20.0,11.8,70.7,28.68,21.8,75.0,12.0
1007.0,20.0,12.1,70.1,28.71,22.1,75.0,12.0
1007.0,20.0,12.3,69.3,28.73,22.3,75.0,12.0
1007.0,20.0,12.5,68.6,28.75,22.5,75.0,12.0
1007.0,20.0,12.3,65.3,28.73,22.3,75.0,12.0
1007.0,20.0,12.2,64.5,28.72,22.2,75.0,12.0
1007.0,20.0,12.2,63.6,28.72,22.2,75.0,12.0
1007.0,20.0,12.3,62.8,28.73,22.3,75.0,12.0
1007.0,20.0,12.8,59.4,28.78,22.8,75.0,12.0
1007.0,20.0,12.9,58.8,28.79,22.9,75.0,12.0
1007.0,20.0,13.0,58.3,28.8,23.0,75.0,12.0
967.0,75.0,27.5,131.6,28.75,22.5,75.0,12.0
1002.0,28.0,19.1,112.3,28.91,14.100000000000001,75.0,12.0
959.0,85.0,12.2,124.1,28.72,22.2,75.0,12.0
963.0,80.0,12.3,123.9,28.73,22.3,75.0,12.0
993.0,40.0,13.2,118.9,28.82,23.2,75.0,12.0
998.0,33.0,15.4,134.9,28.54,10.4,75.0,12.0
1007.0,20.0,15.4,128.6,28.54,10.4,75.0,12.0
939.0,113.0,13.0,132.9,28.8,23.0,75.0,12.0
958.0,88.0,14.1,129.4,28.91,24.1,75.0,12.0
965.0,78.0,18.1,136.9,28.81,13.100000000000001,75.0,12.0
963.0,80.0,18.2,136.5,28.82,13.2,75.0,12.0
963.0,80.0,18.4,136.0,28.84,13.399999999999999,75.0,12.0
959.0,85.0,19.5,133.7,28.95,14.5,75.0,12.0
958.0,88.0,20.0,133.1,28.5,15.0,75.0,12.0
956.0,90.0,20.5,132.6,28.55,15.5,75.0,12.0
956.0,90.0,22.5,129.7,28.75,17.5,75.0,12.0
954.0,93.0,22.9,129.1,28.79,17.9,75.0,12.0
952.0,95.0,23.3,128.6,28.83,18.3,75.0,12.0
948.0,100.0,23.8,128.1,28.88,18.8,75.0,12.0
933.0,120.0,25.7,125.5,28.57,20.7,75.0,12.0
933.0,120.0,26.1,125.1,28.61,21.1,75.0,12.0
933.0,120.0,26.6,124.7,28.66,21.6,75.0,12.0
939.0,113.0,26.9,124.3,28.69,21.9,75.0,12.0
963.0,80.0,28.6,122.8,28.86,23.6,75.0,12.0
967.0,75.0,29.1,122.6,28.91,24.1,75.0,12.0
970.0,70.0,29.5,122.4,28.95,24.5,75.0,12.0
972.0,68.0,30.0,122.6,28.5,10.0,75.0,12.0
989.0,45.0,33.2,123.5,28.82,13.200000000000003,75.0,12.0
991.0,43.0,34.1,123.8,28.91,14.100000000000001,75.0,12.0
993.0,40.0,35.0,124.2,28.5,15.0,75.0,12.0
997.0,35.0,35.9,124.5,28.59,15.899999999999999,75.0,12.0
986.0,50.0,20.5,118.8,28.55,15.5,75.0,12.0
982.0,55.0,20.6,118.8,28.56,15.600000000000001,75.0,12.0
982.0,55.0,20.8,118.8,28.58,15.8,75.0,12.0
982.0,55.0,21.4,118.7,28.64,16.4,75.0,12.0
980.0,58.0,21.5,118.7,28.65,16.5,75.0,12.0
978.0,60.0,21.7,118.7,28.67,16.7,75.0,12.0
970.0,70.0,22.8,116.8,28.78,17.8,75.0,12.0
974.0,65.0,23.0,116.2,28.8,18.0,75.0,12.0
978.0,60.0,23.1,115.6,28.81,18.1,75.0,12.0
984.0,53.0,23.1,115.0,28.81,18.1,75.0,12.0
945.0,105.0,13.4,154.9,28.84,23.4,75.0,12.0
941.0,110.0,13.7,154.4,28.87,23.7,75.0,12.0
931.0,123.0,15.2,151.4,28.52,10.2,75.0,12.0
933.0,120.0,15.4,150.7,28.54,10.4,75.0,12.0
935.0,118.0,15.4,150.2,28.54,10.4,75.0,12.0
937.0,115.0,15.5,149.8,28.55,10.5,75.0,12.0
931.0,123.0,16.8,147.4,28.68,11.8,75.0,12.0
929.0,125.0,17.0,146.9,28.7,12.0,75.0,12.0
928.0,128.0,17.3,146.4,28.73,12.3,75.0,12.0
926.0,130.0,17.6,145.8,28.76,12.600000000000001,75.0,12.0
926.0,130.0,18.2,143.1,28.82,13.2,75.0,12.0
929.0,125.0,18.3,142.7,28.83,13.3,75.0,12.0
931.0,123.0,18.4,142.3,28.84,13.399999999999999,75.0,12.0
933.0,120.0,18.4,141.9,28.84,13.399999999999999,75.0,12.0
946.0,103.0,18.4,140.3,28.84,13.399999999999999,75.0,12.0
948.0,100.0,18.4,140.0,28.84,13.399999999999999,75.0,12.0
954.0,93.0,18.4,139.8,28.84,13.399999999999999,75.0,12.0
959.0,85.0,18.4,139.5,28.84,13.399999999999999,75.0,12.0
961.0,83.0,18.4,139.2,28.84,13.399999999999999,75.0,12.0
967.0,75.0,18.3,138.2,28.83,13.3,75.0,12.0
967.0,75.0,18.3,138.0,28.83,13.3,75.0,12.0
965.0,78.0,18.4,137.8,28.84,13.399999999999999,75.0,12.0
963.0,80.0,18.4,137.7,28.84,13.399999999999999,75.0,12.0
961.0,83.0,18.5,137.6,28.85,13.5,75.0,12.0
954.0,93.0,19.4,137.2,28.94,14.399999999999999,75.0,12.0
952.0,95.0,19.6,137.2,28.96,14.600000000000001,75.0,12.0
952.0,95.0,20.1,137.1,28.51,15.100000000000001,75.0,12.0
952.0,95.0,20.5,137.0,28.55,15.5,75.0,12.0
954.0,93.0,20.9,136.9,28.59,15.899999999999999,75.0,12.0
956.0,90.0,22.5,136.6,28.75,17.5,75.0,12.0
956.0,90.0,22.9,136.5,28.79,17.9,75.0,12.0
956.0,90.0,23.3,136.6,28.83,18.3,75.0,12.0
956.0,90.0,23.7,136.6,28.87,18.7,75.0,12.0
954.0,93.0,24.1,136.6,28.91,19.1,75.0,12.0
956.0,90.0,26.0,136.4,28.6,21.0,75.0,12.0
959.0,85.0,26.5,136.3,28.65,21.5,75.0,12.0
959.0,85.0,27.1,136.2,28.71,22.1,75.0,12.0
959.0,85.0,27.7,136.0,28.77,22.7,75.0,12.0
961.0,83.0,28.2,135.8,28.82,23.2,75.0,12.0
967.0,75.0,30.5,134.9,28.55,10.5,75.0,12.0
967.0,75.0,31.0,134.7,28.6,11.0,75.0,12.0
969.0,73.0,31.5,134.6,28.65,11.5,75.0,12.0
970.0,70.0,32.0,134.5,28.7,12.0,75.0,12.0
972.0,68.0,32.5,134.4,28.75,12.5,75.0,12.0
986.0,50.0,34.5,133.7,28.95,14.5,75.0,12.0
989.0,45.0,34.9,133.6,28.99,14.899999999999999,75.0,12.0
993.0,40.0,35.4,133.8,28.54,15.399999999999999,75.0,12.0
996.0,35.0,35.9,134.0,28.59,15.899999999999999,75.0,12.0
998.0,33.0,36.3,134.2,28.63,16.299999999999997,75.0,12.0
1003.0,25.0,38.1,135.1,28.81,18.1,75.0,12.0
1002.0,25.0,38.7,135.4,28.87,18.700000000000003,75.0,12.0
1005.0,23.0,39.2,136.0,28.92,19.200000000000003,75.0,12.0
1007.0,20.0,39.7,136.6,28.97,19.700000000000003,75.0,12.0
1010.0,15.0,16.2,124.5,28.62,11.2,75.0,12.0
1010.0,15.0,16.2,124.2,28.62,11.2,75.0,12.0
1004.0,25.0,16.9,123.3,28.69,11.899999999999999,75.0,12.0
1002.0,28.0,17.2,123.2,28.72,12.2,75.0,12.0
1000.0,30.0,17.5,123.2,28.75,12.5,75.0,12.0
1000.0,30.0,17.6,123.2,28.76,12.600000000000001,75.0,12.0
996.0,35.0,17.9,123.6,28.79,12.899999999999999,75.0,12.0
996.0,35.0,17.8,123.8,28.78,12.8,75.0,12.0
996.0,35.0,17.7,124.0,28.77,12.7,75.0,12.0
996.0,35.0,17.7,124.4,28.77,12.7,75.0,12.0
1007.0,20.0,18.2,125.9,28.82,13.2,75.0,12.0
1007.0,20.0,18.5,126.1,28.85,13.5,75.0,12.0
1007.0,20.0,18.9,126.2,28.89,13.899999999999999,75.0,12.0
1000.0,30.0,13.6,160.1,28.86,23.6,75.0,12.0
996.0,35.0,13.4,158.1,28.84,23.4,75.0,12.0
996.0,35.0,13.4,157.6,28.84,23.4,75.0,12.0
996.0,35.0,13.4,157.1,28.84,23.4,75.0,12.0
996.0,35.0,13.4,156.6,28.84,23.4,75.0,12.0
995.0,38.0,13.6,153.7,28.86,23.6,75.0,12.0
993.0,40.0,13.6,153.1,28.86,23.6,75.0,12.0
993.0,40.0,13.8,152.6,28.88,23.8,75.0,12.0
993.0,40.0,13.9,152.2,28.89,23.9,75.0,12.0
982.0,55.0,14.5,148.8,28.95,24.5,75.0,12.0
978.0,60.0,14.6,148.1,28.96,24.6,75.0,12.0
973.0,68.0,14.7,147.4,28.97,24.7,75.0,12.0
967.0,75.0,14.8,146.8,28.98,24.8,75.0,12.0
945.0,105.0,15.9,144.5,28.59,10.9,75.0,12.0
941.0,110.0,16.2,144.0,28.62,11.2,75.0,12.0
935.0,118.0,16.5,143.4,28.65,11.5,75.0,12.0
929.0,125.0,16.9,142.9,28.69,11.899999999999999,75.0,12.0
909.0,153.0,18.0,140.1,28.8,13.0,75.0,12.0
911.0,150.0,18.2,139.6,28.82,13.2,75.0,12.0
915.0,145.0,18.4,138.9,28.84,13.399999999999999,75.0,12.0
918.0,140.0,18.6,138.3,28.86,13.600000000000001,75.0,12.0
920.0,138.0,18.8,137.8,28.88,13.8,75.0,12.0
937.0,115.0,19.5,134.9,28.95,14.5,75.0,12.0
941.0,110.0,19.7,134.3,28.97,14.7,75.0,12.0
944.0,105.0,19.9,133.7,28.99,14.899999999999999,75.0,12.0
946.0,103.0,19.9,133.1,28.99,14.899999999999999,75.0,12.0
956.0,90.0,20.4,130.2,28.54,15.399999999999999,75.0,12.0
958.0,88.0,20.6,129.6,28.56,15.600000000000001,75.0,12.0
959.0,85.0,20.9,129.1,28.59,15.899999999999999,75.0,12.0
958.0,88.0,21.0,128.6,28.6,16.0,75.0,12.0
948.0,100.0,21.9,125.8,28.69,16.9,75.0,12.0
946.0,103.0,22.1,125.3,28.71,17.1,75.0,12.0
944.0,105.0,22.4,124.8,28.74,17.4,75.0,12.0
944.0,105.0,22.6,124.3,28.76,17.6,75.0,12.0
952.0,95.0,24.2,121.5,28.92,19.2,75.0,12.0
960.0,85.0,24.1,120.8,28.91,19.1,75.0,12.0
967.0,75.0,24.1,120.2,28.91,19.1,75.0,12.0
969.0,73.0,24.5,119.8,28.95,19.5,75.0,12.0
993.0,40.0,25.8,117.8,28.58,20.8,75.0,12.0
995.0,38.0,26.2,117.4,28.62,21.2,75.0,12.0
996.0,35.0,26.6,117.0,28.66,21.6,75.0,12.0
1006.0,23.0,29.6,144.8,28.96,24.6,75.0,12.0
1004.0,25.0,29.8,144.7,28.98,24.8,75.0,12.0
1004.0,25.0,29.9,144.4,28.99,24.9,75.0,12.0
1004.0,25.0,29.9,144.2,28.99,24.9,75.0,12.0
1002.0,28.0,30.0,144.0,28.5,10.0,75.0,12.0
1000.0,30.0,30.4,143.2,28.54,10.399999999999999,75.0,12.0
1000.0,30.0,30.5,143.0,28.55,10.5,75.0,12.0
1002.0,28.0,30.6,142.7,28.56,10.600000000000001,75.0,12.0
1004.0,25.0,30.7,142.3,28.57,10.7,75.0,12.0
1004.0,25.0,30.8,141.9,28.58,10.8,75.0,12.0
1004.0,25.0,31.1,140.3,28.61,11.100000000000001,75.0,12.0
1004.0,25.0,31.2,140.0,28.62,11.2,75.0,12.0
1004.0,25.0,31.2,139.7,28.62,11.2,75.0,12.0
1004.0,25.0,31.3,139.4,28.63,11.3,75.0,12.0
1004.0,25.0,31.5,138.9,28.65,11.5,75.0,12.0
1007.0,20.0,32.2,137.6,28.72,12.200000000000003,75.0,12.0
1007.0,20.0,32.5,137.3,28.75,12.5,75.0,12.0
1007.0,20.0,32.8,137.0,28.78,12.799999999999997,75.0,12.0
1007.0,20.0,33.0,136.7,28.8,13.0,75.0,12.0
1002.0,25.0,21.5,147.9,28.65,16.5,75.0,12.0
1003.0,25.0,22.1,147.7,28.71,17.1,75.0,12.0
1004.0,25.0,22.7,147.4,28.77,17.7,75.0,12.0
998.0,33.0,25.6,144.9,28.56,20.6,75.0,12.0
996.0,35.0,26.0,144.2,28.6,21.0,75.0,12.0
996.0,35.0,26.1,143.9,28.61,21.1,75.0,12.0
996.0,35.0,26.3,143.7,28.63,21.3,75.0,12.0
996.0,35.0,27.0,141.3,28.7,22.0,75.0,12.0
996.0,35.0,27.1,141.0,28.71,22.1,75.0,12.0
996.0,35.0,27.4,140.8,28.74,22.4,75.0,12.0
996.0,35.0,27.7,140.7,28.77,22.7,75.0,12.0
996.0,35.0,28.1,140.6,28.81,23.1,75.0,12.0
996.0,35.0,29.6,140.2,28.96,24.6,75.0,12.0
996.0,35.0,29.8,140.3,28.98,24.8,75.0,12.0
996.0,35.0,30.1,140.4,28.51,10.100000000000001,75.0,12.0
996.0,35.0,30.3,140.6,28.53,10.3,75.0,12.0
996.0,35.0,30.6,140.8,28.56,10.600000000000001,75.0,12.0
995.0,38.0,31.5,142.2,28.65,11.5,75.0,12.0
993.0,40.0,31.7,142.7,28.67,11.7,75.0,12.0
991.0,43.0,32.0,143.2,28.7,12.0,75.0,12.0
989.0,45.0,32.2,143.7,28.72,12.200000000000003,75.0,12.0
993.0,40.0,33.2,146.7,28.82,13.200000000000003,75.0,12.0
993.0,40.0,33.4,147.4,28.84,13.399999999999999,75.0,12.0
993.0,40.0,33.5,147.9,28.85,13.5,75.0,12.0
993.0,40.0,33.6,148.5,28.86,13.600000000000001,75.0,12.0
993.0,40.0,34.8,153.0,28.98,14.799999999999997,75.0,12.0
993.0,40.0,35.4,154.1,28.54,15.399999999999999,75.0,12.0
995.0,38.0,35.7,154.7,28.57,15.700000000000003,75.0,12.0
996.0,35.0,36.0,155.3,28.6,16.0,75.0,12.0
996.0,35.0,37.4,160.5,28.74,17.4,75.0,12.0
996.0,35.0,37.7,161.8,28.77,17.700000000000003,75.0,12.0
1004.0,25.0,12.2,150.4,28.72,22.2,75.0,12.0
1004.0,25.0,12.2,150.2,28.72,22.2,75.0,12.0
1004.0,25.0,12.3,149.9,28.73,22.3,75.0,12.0
995.0,38.0,13.3,147.6,28.83,23.3,75.0,12.0
993.0,40.0,13.7,147.0,28.87,23.7,75.0,12.0
991.0,43.0,13.9,146.7,28.89,23.9,75.0,12.0
989.0,45.0,14.1,146.3,28.91,24.1,75.0,12.0
980.0,58.0,14.6,145.0,28.96,24.6,75.0,12.0
978.0,60.0,14.8,144.7,28.98,24.8,75.0,12.0
976.0,63.0,15.0,144.4,28.5,10.0,75.0,12.0
974.0,65.0,15.2,144.1,28.52,10.2,75.0,12.0
945.0,105.0,16.2,142.2,28.62,11.2,75.0,12.0
933.0,120.0,16.5,141.7,28.65,11.5,75.0,12.0
935.0,118.0,16.8,141.1,28.68,11.8,75.0,12.0
937.0,115.0,17.0,140.4,28.7,12.0,75.0,12.0
944.0,105.0,18.2,136.1,28.82,13.2,75.0,12.0
944.0,105.0,18.4,135.4,28.84,13.399999999999999,75.0,12.0
944.0,105.0,18.5,134.7,28.85,13.5,75.0,12.0
944.0,105.0,18.6,133.8,28.86,13.600000000000001,75.0,12.0
948.0,100.0,18.9,129.8,28.89,13.899999999999999,75.0,12.0
945.0,105.0,18.9,129.1,28.89,13.899999999999999,75.0,12.0
941.0,110.0,18.9,128.4,28.89,13.899999999999999,75.0,12.0
937.0,115.0,18.9,127.8,28.89,13.899999999999999,75.0,12.0
937.0,115.0,18.9,125.3,28.89,13.899999999999999,75.0,12.0
939.0,113.0,18.9,124.9,28.89,13.899999999999999,75.0,12.0
941.0,110.0,18.9,124.6,28.89,13.899999999999999,75.0,12.0
943.0,108.0,18.9,124.3,28.89,13.899999999999999,75.0,12.0
952.0,95.0,19.3,122.9,28.93,14.3,75.0,12.0
954.0,93.0,19.3,122.7,28.93,14.3,75.0,12.0
956.0,90.0,19.3,122.4,28.93,14.3,75.0,12.0
958.0,88.0,19.4,122.4,28.94,14.399999999999999,75.0,12.0
963.0,80.0,20.1,122.6,28.51,15.100000000000001,75.0,12.0
963.0,80.0,20.4,122.7,28.54,15.399999999999999,75.0,12.0
963.0,80.0,20.7,122.7,28.57,15.7,75.0,12.0
965.0,78.0,21.0,122.9,28.6,16.0,75.0,12.0
963.0,80.0,23.2,123.4,28.82,18.2,75.0,12.0
960.0,85.0,23.5,123.5,28.85,18.5,75.0,12.0
956.0,90.0,23.8,123.6,28.88,18.8,75.0,12.0
950.0,98.0,24.1,123.8,28.91,19.1,75.0,12.0
937.0,115.0,26.3,126.0,28.63,21.3,75.0,12.0
937.0,115.0,27.1,126.8,28.71,22.1,75.0,12.0
937.0,115.0,28.0,127.5,28.8,23.0,75.0,12.0
939.0,113.0,28.9,128.2,28.89,23.9,75.0,12.0
959.0,85.0,34.1,130.7,28.91,14.100000000000001,75.0,12.0
967.0,75.0,34.8,130.9,28.98,14.799999999999997,75.0,12.0
974.0,65.0,35.4,131.1,28.54,15.399999999999999,75.0,12.0
980.0,58.0,36.0,131.4,28.6,16.0,75.0,12.0
987.0,48.0,38.5,132.9,28.85,18.5,75.0,12.0
989.0,45.0,39.1,133.4,28.91,19.1,75.0,12.0
998.0,33.0,14.9,162.1,28.99,24.9,75.0,12.0
996.0,35.0,14.9,162.1,28.99,24.9,75.0,12.0
995.0,38.0,14.9,162.0,28.99,24.9,75.0,12.0
993.0,40.0,15.0,161.9,28.5,10.0,75.0,12.0
984.0,53.0,14.9,161.1,28.99,24.9,75.0,12.0
982.0,55.0,14.8,160.9,28.98,24.8,75.0,12.0
980.0,58.0,14.7,160.7,28.97,24.7,75.0,12.0
978.0,60.0,14.6,160.5,28.96,24.6,75.0,12.0
967.0,75.0,14.4,159.4,28.94,24.4,75.0,12.0
963.0,80.0,14.4,159.2,28.94,24.4,75.0,12.0
958.0,88.0,14.6,158.8,28.96,24.6,75.0,12.0
952.0,95.0,14.7,158.5,28.97,24.7,75.0,12.0
939.0,113.0,15.8,156.6,28.58,10.8,75.0,12.0
937.0,115.0,15.9,156.1,28.59,10.9,75.0,12.0
935.0,118.0,16.1,155.8,28.61,11.100000000000001,75.0,12.0
933.0,120.0,16.3,155.4,28.63,11.3,75.0,12.0
928.0,128.0,18.2,153.3,28.82,13.2,75.0,12.0
926.0,130.0,18.6,152.8,28.86,13.600000000000001,75.0,12.0
924.0,133.0,18.9,152.4,28.89,13.899999999999999,75.0,12.0
922.0,135.0,19.1,151.9,28.91,14.100000000000001,75.0,12.0
924.0,133.0,20.9,149.9,28.59,15.899999999999999,75.0,12.0
926.0,130.0,21.2,149.5,28.62,16.2,75.0,12.0
926.0,130.0,21.6,149.0,28.66,16.6,75.0,12.0
926.0,130.0,22.0,148.5,28.7,17.0,75.0,12.0
939.0,113.0,23.7,146.8,28.87,18.7,75.0,12.0
941.0,110.0,24.1,146.4,28.91,19.1,75.0,12.0
943.0,108.0,24.6,146.2,28.96,19.6,75.0,12.0
944.0,105.0,25.0,146.0,28.5,20.0,75.0,12.0
963.0,80.0,26.7,145.1,28.67,21.7,75.0,12.0
963.0,80.0,27.0,144.9,28.7,22.0,75.0,12.0
963.0,80.0,27.3,144.9,28.73,22.3,75.0,12.0
963.0,80.0,27.6,145.0,28.76,22.6,75.0,12.0
963.0,80.0,29.3,145.3,28.93,24.3,75.0,12.0
963.0,80.0,29.6,145.5,28.96,24.6,75.0,12.0
963.0,80.0,29.8,145.8,28.98,24.8,75.0,12.0
963.0,80.0,30.0,146.0,28.5,10.0,75.0,12.0
972.0,68.0,31.6,147.8,28.66,11.600000000000001,75.0,12.0
974.0,65.0,32.1,148.2,28.71,12.100000000000001,75.0,12.0
976.0,63.0,32.3,148.7,28.73,12.299999999999997,75.0,12.0
978.0,60.0,32.5,149.2,28.75,12.5,75.0,12.0
978.0,60.0,34.9,154.5,28.99,14.899999999999999,75.0,12.0
978.0,60.0,35.6,155.5,28.56,15.600000000000001,75.0,12.0
978.0,60.0,36.7,156.4,28.67,16.700000000000003,75.0,12.0
978.0,60.0,37.8,157.3,28.78,17.799999999999997,75.0,12.0
1010.0,15.0,19.0,139.9,28.9,14.0,75.0,12.0
1010.0,15.0,19.4,139.7,28.94,14.399999999999999,75.0,12.0
1007.0,18.0,19.8,139.5,28.98,14.8,75.0,12.0
1004.0,20.0,20.2,139.3,28.52,15.2,75.0,12.0
1000.0,30.0,22.5,138.8,28.75,17.5,75.0,12.0
1000.0,30.0,22.9,138.6,28.79,17.9,75.0,12.0
998.0,33.0,23.4,138.6,28.84,18.4,75.0,12.0
996.0,35.0,23.8,138.6,28.88,18.8,75.0,12.0
986.0,50.0,27.1,138.2,28.71,22.1,75.0,12.0
982.0,55.0,27.8,138.2,28.78,22.8,75.0,12.0
980.0,58.0,28.6,138.2,28.86,23.6,75.0,12.0
978.0,60.0,29.3,138.3,28.93,24.3,75.0,12.0
987.0,48.0,34.0,137.6,28.9,14.0,75.0,12.0
989.0,45.0,34.7,137.3,28.97,14.700000000000003,75.0,12.0
993.0,40.0,36.0,136.8,28.6,16.0,75.0,12.0
996.0,35.0,37.2,136.2,28.72,17.200000000000003,75.0,12.0
996.0,35.0,37.5,135.7,28.75,17.5,75.0,12.0
1007.0,20.0,15.7,112.1,28.57,10.7,75.0,12.0
1006.0,23.0,15.4,111.9,28.54,10.4,75.0,12.0
996.0,35.0,15.2,110.3,28.52,10.2,75.0,12.0
996.0,35.0,15.3,110.0,28.53,10.3,75.0,12.0
996.0,35.0,15.4,109.8,28.54,10.4,75.0,12.0
996.0,35.0,15.5,109.3,28.55,10.5,75.0,12.0
1004.0,25.0,15.4,105.4,28.54,10.4,75.0,12.0
1010.0,15.0,15.4,152.8,28.54,10.4,75.0,12.0
1002.0,28.0,17.3,151.8,28.73,12.3,75.0,12.0
1000.0,30.0,17.6,151.5,28.76,12.600000000000001,75.0,12.0
998.0,33.0,17.8,151.2,28.78,12.8,75.0,12.0
996.0,35.0,18.0,150.8,28.8,13.0,75.0,12.0
991.0,43.0,18.9,148.9,28.89,13.899999999999999,75.0,12.0
989.0,45.0,19.2,148.4,28.92,14.2,75.0,12.0
986.0,50.0,19.5,147.8,28.95,14.5,75.0,12.0
982.0,55.0,19.8,147.2,28.98,14.8,75.0,12.0
967.0,75.0,20.8,145.2,28.58,15.8,75.0,12.0
963.0,80.0,21.1,144.9,28.61,16.1,75.0,12.0
960.0,85.0,21.4,144.5,28.64,16.4,75.0,12.0
956.0,90.0,21.7,144.1,28.67,16.7,75.0,12.0
950.0,98.0,23.4,142.6,28.84,18.4,75.0,12.0
952.0,95.0,23.7,142.4,28.87,18.7,75.0,12.0
954.0,93.0,24.1,142.3,28.91,19.1,75.0,12.0
956.0,90.0,24.5,142.2,28.95,19.5,75.0,12.0
965.0,78.0,27.2,142.9,28.72,22.2,75.0,12.0
967.0,75.0,27.9,143.3,28.79,22.9,75.0,12.0
969.0,73.0,28.4,143.8,28.84,23.4,75.0,12.0
970.0,70.0,29.0,144.2,28.9,24.0,75.0,12.0
984.0,53.0,31.4,146.7,28.64,11.399999999999999,75.0,12.0
985.0,50.0,31.8,147.2,28.68,11.8,75.0,12.0
987.0,48.0,32.4,147.7,28.74,12.399999999999999,75.0,12.0
989.0,45.0,32.9,148.2,28.79,12.899999999999999,75.0,12.0
993.0,40.0,35.8,151.0,28.58,15.799999999999997,75.0,12.0
993.0,40.0,36.4,151.4,28.64,16.4,75.0,12.0
1007.0,20.0,15.2,144.2,28.52,10.2,75.0,12.0
1007.0,20.0,15.2,143.9,28.52,10.2,75.0,12.0
1007.0,20.0,15.3,143.7,28.53,10.3,75.0,12.0
1002.0,25.0,16.5,141.8,28.65,11.5,75.0,12.0
1000.0,25.0,16.9,141.5,28.69,11.899999999999999,75.0,12.0
1000.0,25.0,17.1,141.1,28.71,12.100000000000001,75.0,12.0
1000.0,25.0,17.4,140.7,28.74,12.399999999999999,75.0,12.0
996.0,35.0,18.0,136.2,28.8,13.0,75.0,12.0
985.0,50.0,18.5,133.1,28.85,13.5,75.0,12.0
985.0,50.0,18.6,132.9,28.86,13.600000000000001,75.0,12.0
974.0,65.0,19.1,132.2,28.91,14.100000000000001,75.0,12.0
954.0,93.0,21.3,130.0,28.63,16.3,75.0,12.0
929.0,125.0,22.3,127.4,28.73,17.3,75.0,12.0
929.0,125.0,22.4,127.1,28.74,17.4,75.0,12.0
929.0,125.0,22.5,126.7,28.75,17.5,75.0,12.0
929.0,125.0,22.6,126.2,28.76,17.6,75.0,12.0
929.0,125.0,23.4,123.9,28.84,18.4,75.0,12.0
931.0,123.0,23.7,123.3,28.87,18.7,75.0,12.0
933.0,120.0,24.0,122.8,28.9,19.0,75.0,12.0
941.0,110.0,24.1,121.9,28.91,19.1,75.0,12.0
967.0,75.0,25.1,119.2,28.51,20.1,75.0,12.0
975.0,65.0,25.2,118.6,28.52,20.2,75.0,12.0
982.0,55.0,25.3,117.9,28.53,20.3,75.0,12.0
986.0,50.0,25.6,117.4,28.56,20.6,75.0,12.0
1005.0,20.0,12.1,129.2,28.71,22.1,75.0,12.0
1005.0,23.0,12.3,128.6,28.73,22.3,75.0,12.0
1004.0,25.0,14.1,125.6,28.91,24.1,75.0,12.0
1002.0,28.0,14.5,124.8,28.95,24.5,75.0,12.0
1000.0,30.0,14.9,124.1,28.99,24.9,75.0,12.0
1000.0,30.0,15.2,123.3,28.52,10.2,75.0,12.0
1000.0,30.0,16.2,120.0,28.62,11.2,75.0,12.0
998.0,33.0,16.4,119.4,28.64,11.399999999999999,75.0,12.0
996.0,35.0,16.6,118.8,28.66,11.600000000000001,75.0,12.0
993.0,40.0,16.9,118.2,28.69,11.899999999999999,75.0,12.0
982.0,55.0,18.4,115.3,28.84,13.399999999999999,75.0,12.0
980.0,58.0,18.7,114.8,28.87,13.7,75.0,12.0
978.0,60.0,19.0,114.2,28.9,14.0,75.0,12.0
976.0,63.0,19.2,113.7,28.92,14.2,75.0,12.0
948.0,100.0,20.4,111.5,28.54,15.399999999999999,75.0,12.0
946.0,103.0,20.9,111.0,28.59,15.899999999999999,75.0,12.0
944.0,105.0,21.3,110.4,28.63,16.3,75.0,12.0
954.0,93.0,21.6,110.0,28.66,16.6,75.0,12.0
982.0,55.0,23.7,108.3,28.87,18.7,75.0,12.0
989.0,45.0,24.0,108.0,28.9,19.0,75.0,12.0
996.0,35.0,24.4,107.7,28.94,19.4,75.0,12.0
993.0,40.0,19.0,164.4,28.9,14.0,75.0,12.0
991.0,43.0,19.9,161.5,28.99,14.899999999999999,75.0,12.0
989.0,45.0,20.2,160.6,28.52,15.2,75.0,12.0
989.0,45.0,20.5,159.7,28.55,15.5,75.0,12.0
989.0,45.0,20.9,158.8,28.59,15.899999999999999,75.0,12.0
987.0,48.0,21.6,155.2,28.66,16.6,75.0,12.0
985.0,50.0,21.7,154.5,28.67,16.7,75.0,12.0
974.0,65.0,23.5,151.1,28.85,18.5,75.0,12.0
974.0,65.0,23.9,150.9,28.89,18.9,75.0,12.0
974.0,65.0,24.3,150.7,28.93,19.3,75.0,12.0
972.0,68.0,27.4,151.0,28.74,22.4,75.0,12.0
974.0,65.0,28.4,151.2,28.84,23.4,75.0,12.0
974.0,65.0,29.7,151.1,28.97,24.7,75.0,12.0
974.0,65.0,31.0,151.1,28.6,11.0,75.0,12.0
1004.0,25.0,15.7,144.4,28.57,10.7,75.0,12.0
1004.0,25.0,15.9,143.2,28.59,10.9,75.0,12.0
1002.0,28.0,16.1,142.2,28.61,11.100000000000001,75.0,12.0
1000.0,30.0,16.2,141.3,28.62,11.2,75.0,12.0
993.0,40.0,15.7,135.8,28.57,10.7,75.0,12.0
993.0,40.0,15.7,135.2,28.57,10.7,75.0,12.0
993.0,40.0,15.7,134.7,28.57,10.7,75.0,12.0
989.0,45.0,15.4,131.5,28.54,10.4,75.0,12.0
987.0,48.0,15.6,130.8,28.56,10.6,75.0,12.0
985.0,50.0,15.7,130.1,28.57,10.7,75.0,12.0
967.0,75.0,15.5,127.5,28.55,10.5,75.0,12.0
965.0,78.0,15.5,127.1,28.55,10.5,75.0,12.0
963.0,80.0,15.5,126.7,28.55,10.5,75.0,12.0
944.0,105.0,15.7,124.5,28.57,10.7,75.0,12.0
941.0,110.0,15.8,124.2,28.58,10.8,75.0,12.0
937.0,115.0,15.8,123.8,28.58,10.8,75.0,12.0
932.0,123.0,15.9,123.4,28.59,10.9,75.0,12.0
944.0,105.0,15.8,121.3,28.58,10.8,75.0,12.0
950.0,98.0,16.0,120.9,28.6,11.0,75.0,12.0
956.0,90.0,16.2,120.5,28.62,11.2,75.0,12.0
962.0,83.0,16.4,120.2,28.64,11.399999999999999,75.0,12.0
982.0,55.0,17.6,120.0,28.76,12.600000000000001,75.0,12.0
984.0,53.0,17.8,120.0,28.78,12.8,75.0,12.0
985.0,50.0,17.9,120.1,28.79,12.899999999999999,75.0,12.0
987.0,48.0,18.0,120.2,28.8,13.0,75.0,12.0
1000.0,30.0,18.8,120.4,28.88,13.8,75.0,12.0
1004.0,25.0,19.0,120.6,28.9,14.0,75.0,12.0
1007.0,20.0,19.1,120.7,28.91,14.100000000000001,75.0,12.0
1000.0,30.0,14.2,158.3,28.92,24.2,75.0,12.0
1000.0,30.0,14.5,158.0,28.95,24.5,75.0,12.0
998.0,33.0,14.8,157.2,28.98,24.8,75.0,12.0
996.0,35.0,15.0,156.4,28.5,10.0,75.0,12.0
991.0,43.0,15.4,153.1,28.54,10.4,75.0,12.0
989.0,45.0,15.6,152.5,28.56,10.6,75.0,12.0
989.0,45.0,15.8,151.8,28.58,10.8,75.0,12.0
989.0,45.0,16.0,151.1,28.6,11.0,75.0,12.0
984.0,53.0,16.0,147.2,28.6,11.0,75.0,12.0
982.0,55.0,16.0,146.4,28.6,11.0,75.0,12.0
982.0,55.0,15.9,145.7,28.59,10.9,75.0,12.0
982.0,55.0,15.8,144.9,28.58,10.8,75.0,12.0
971.0,70.0,16.8,142.9,28.68,11.8,75.0,12.0
967.0,75.0,17.0,142.4,28.7,12.0,75.0,12.0
963.0,80.0,17.4,142.1,28.74,12.399999999999999,75.0,12.0
959.0,85.0,17.7,141.7,28.77,12.7,75.0,12.0
948.0,100.0,19.1,140.0,28.91,14.100000000000001,75.0,12.0
943.0,108.0,19.2,140.0,28.92,14.2,75.0,12.0
937.0,115.0,19.4,140.0,28.94,14.399999999999999,75.0,12.0
941.0,110.0,20.5,140.3,28.55,15.5,75.0,12.0
943.0,108.0,20.6,140.3,28.56,15.600000000000001,75.0,12.0
944.0,105.0,20.8,140.3,28.58,15.8,75.0,12.0
956.0,90.0,21.8,140.0,28.68,16.8,75.0,12.0
958.0,88.0,21.9,140.0,28.69,16.9,75.0,12.0
959.0,85.0,22.0,140.0,28.7,17.0,75.0,12.0
967.0,75.0,22.7,140.0,28.77,17.7,75.0,12.0
965.0,78.0,22.8,140.0,28.78,17.8,75.0,12.0
963.0,80.0,22.9,140.0,28.79,17.9,75.0,12.0
948.0,100.0,23.8,141.2,28.88,18.8,75.0,12.0
946.0,103.0,23.9,141.4,28.89,18.9,75.0,12.0
944.0,105.0,24.0,141.7,28.9,19.0,75.0,12.0
950.0,98.0,24.9,144.5,28.99,19.9,75.0,12.0
952.0,95.0,25.1,145.1,28.51,20.1,75.0,12.0
954.0,93.0,25.2,145.8,28.52,20.2,75.0,12.0
956.0,90.0,25.4,146.5,28.54,20.4,75.0,12.0
969.0,73.0,26.8,149.8,28.68,21.8,75.0,12.0
970.0,70.0,27.0,150.2,28.7,22.0,75.0,12.0
974.0,65.0,27.4,150.9,28.74,22.4,75.0,12.0
978.0,60.0,27.7,151.6,28.77,22.7,75.0,12.0
984.0,53.0,30.6,156.8,28.56,10.600000000000001,75.0,12.0
985.0,50.0,31.6,158.3,28.66,11.600000000000001,75.0,12.0
985.0,50.0,33.0,160.3,28.8,13.0,75.0,12.0
985.0,50.0,34.3,162.3,28.93,14.299999999999997,75.0,12.0
1007.0,20.0,17.0,163.2,28.7,12.0,75.0,12.0
1007.0,20.0,17.5,162.8,28.75,12.5,75.0,12.0
1007.0,20.0,18.0,162.5,28.8,13.0,75.0,12.0
1007.0,20.0,19.7,159.8,28.97,14.7,75.0,12.0
1007.0,20.0,20.0,159.0,28.5,15.0,75.0,12.0
1007.0,20.0,20.4,158.6,28.54,15.399999999999999,75.0,12.0
1006.0,20.0,20.9,158.2,28.59,15.899999999999999,75.0,12.0
1006.0,23.0,23.7,155.8,28.87,18.7,75.0,12.0
1004.0,25.0,24.2,155.5,28.92,19.2,75.0,12.0
1004.0,25.0,25.0,155.4,28.5,20.0,75.0,12.0
1004.0,25.0,25.8,155.4,28.58,20.8,75.0,12.0
998.0,33.0,29.4,159.9,28.94,24.4,75.0,12.0
996.0,35.0,30.3,161.5,28.53,10.3,75.0,12.0
1000.0,30.0,4.2,162.3,28.92,14.2,75.0,12.0
998.0,33.0,4.3,161.7,28.93,14.3,75.0,12.0
996.0,35.0,4.5,161.1,28.95,14.5,75.0,12.0
986.0,50.0,5.3,157.7,28.53,15.3,75.0,12.0
982.0,55.0,5.5,157.0,28.55,15.5,75.0,12.0
978.0,60.0,5.7,156.4,28.57,15.7,75.0,12.0
974.0,65.0,5.8,155.8,28.58,15.8,75.0,12.0
982.0,55.0,7.8,153.1,28.78,17.8,75.0,12.0
982.0,55.0,8.2,152.5,28.82,18.2,75.0,12.0
980.0,58.0,8.5,151.9,28.85,18.5,75.0,12.0
978.0,60.0,8.8,151.3,28.88,18.8,75.0,12.0
961.0,83.0,9.8,149.0,28.98,19.8,75.0,12.0
959.0,85.0,10.0,148.6,28.5,20.0,75.0,12.0
956.0,90.0,10.2,147.9,28.52,20.2,75.0,12.0
952.0,95.0,10.4,147.3,28.54,20.4,75.0,12.0
937.0,115.0,11.1,143.5,28.61,21.1,75.0,12.0
933.0,120.0,11.3,142.7,28.63,21.3,75.0,12.0
935.0,118.0,11.6,141.9,28.66,21.6,75.0,12.0
937.0,115.0,11.9,141.2,28.69,21.9,75.0,12.0
959.0,85.0,18.4,132.2,28.84,13.399999999999999,75.0,12.0
963.0,80.0,18.6,132.5,28.86,13.600000000000001,75.0,12.0
967.0,75.0,18.8,132.8,28.88,13.8,75.0,12.0
982.0,55.0,19.5,135.0,28.95,14.5,75.0,12.0
986.0,50.0,19.8,135.6,28.98,14.8,75.0,12.0
989.0,45.0,20.1,136.2,28.51,15.100000000000001,75.0,12.0
996.0,35.0,22.6,138.5,28.76,17.6,75.0,12.0
996.0,35.0,23.2,139.2,28.82,18.2,75.0,12.0
996.0,35.0,23.9,139.8,28.89,18.9,75.0,12.0
1002.0,28.0,8.7,138.8,28.87,18.7,75.0,12.0
989.0,45.0,10.3,134.5,28.53,20.3,75.0,12.0
987.0,48.0,10.6,133.9,28.56,20.6,75.0,12.0
985.0,50.0,10.8,133.4,28.58,20.8,75.0,12.0
967.0,75.0,11.9,130.1,28.69,21.9,75.0,12.0
962.0,83.0,12.1,129.6,28.71,22.1,75.0,12.0
956.0,90.0,12.3,129.0,28.73,22.3,75.0,12.0
933.0,120.0,12.5,125.7,28.75,22.5,75.0,12.0
933.0,120.0,12.6,125.2,28.76,22.6,75.0,12.0
933.0,120.0,12.7,124.7,28.77,22.7,75.0,12.0
939.0,113.0,12.8,124.1,28.78,22.8,75.0,12.0
933.0,120.0,13.0,121.7,28.8,23.0,75.0,12.0
941.0,110.0,13.2,121.5,28.82,23.2,75.0,12.0
948.0,100.0,13.3,121.2,28.83,23.3,75.0,12.0
954.0,93.0,13.5,121.0,28.85,23.5,75.0,12.0
985.0,50.0,14.3,120.0,28.93,24.3,75.0,12.0
993.0,40.0,14.2,120.2,28.92,24.2,75.0,12.0
1000.0,30.0,14.0,120.3,28.9,24.0,75.0,12.0
1004.0,25.0,13.8,120.2,28.88,23.8,75.0,12.0
1007.0,20.0,4.5,145.3,28.95,14.5,75.0,12.0
1007.0,20.0,5.8,141.9,28.58,15.8,75.0,12.0
1007.0,20.0,5.8,141.2,28.58,15.8,75.0,12.0
1007.0,20.0,5.9,140.5,28.59,15.9,75.0,12.0
1007.0,20.0,7.3,136.3,28.73,17.3,75.0,12.0
1007.0,20.0,7.4,135.5,28.74,17.4,75.0,12.0
1007.0,20.0,7.5,134.7,28.75,17.5,75.0,12.0
1010.0,15.0,8.6,132.2,28.86,18.6,75.0,12.0
1010.0,15.0,8.4,131.8,28.84,18.4,75.0,12.0
1010.0,15.0,8.3,131.4,28.83,18.3,75.0,12.0
1007.0,20.0,7.6,128.8,28.76,17.6,75.0,12.0
1009.0,18.0,7.5,128.6,28.75,17.5,75.0,12.0
1010.0,15.0,7.4,128.3,28.74,17.4,75.0,12.0
1005.0,20.0,18.6,114.4,28.86,13.600000000000001,75.0,12.0
1005.0,23.0,18.9,114.0,28.89,13.899999999999999,75.0,12.0
1004.0,25.0,20.4,112.7,28.54,15.399999999999999,75.0,12.0
1002.0,28.0,20.9,112.7,28.59,15.899999999999999,75.0,12.0
1000.0,30.0,21.4,112.6,28.64,16.4,75.0,12.0
1004.0,25.0,21.8,112.4,28.68,16.8,75.0,12.0
1004.0,25.0,9.0,145.0,28.9,19.0,75.0,12.0
1002.0,28.0,9.4,144.8,28.94,19.4,75.0,12.0
1000.0,30.0,9.8,144.7,28.98,19.8,75.0,12.0
987.0,48.0,11.2,142.6,28.62,21.2,75.0,12.0
985.0,50.0,11.6,142.0,28.66,21.6,75.0,12.0
985.0,50.0,12.0,141.4,28.7,22.0,75.0,12.0
985.0,50.0,12.4,140.9,28.74,22.4,75.0,12.0
967.0,75.0,15.4,136.7,28.54,10.4,75.0,12.0
960.0,85.0,15.9,135.8,28.59,10.9,75.0,12.0
952.0,95.0,16.3,135.0,28.63,11.3,75.0,12.0
941.0,110.0,16.7,134.3,28.67,11.7,75.0,12.0
914.0,145.0,18.7,130.1,28.87,13.7,75.0,12.0
911.0,150.0,19.1,129.3,28.91,14.100000000000001,75.0,12.0
907.0,155.0,19.5,128.5,28.95,14.5,75.0,12.0
907.0,155.0,19.9,127.7,28.99,14.899999999999999,75.0,12.0
914.0,145.0,21.2,124.3,28.62,16.2,75.0,12.0
916.0,143.0,21.4,123.8,28.64,16.4,75.0,12.0
918.0,140.0,21.6,123.4,28.66,16.6,75.0,12.0
920.0,138.0,21.8,123.0,28.68,16.8,75.0,12.0
952.0,95.0,22.6,120.7,28.76,17.6,75.0,12.0
963.0,80.0,22.9,120.4,28.79,17.9,75.0,12.0
974.0,65.0,23.2,120.1,28.82,18.2,75.0,12.0
978.0,60.0,23.2,119.9,28.82,18.2,75.0,12.0
993.0,40.0,24.3,119.1,28.93,19.3,75.0,12.0
997.0,35.0,24.6,118.8,28.96,19.6,75.0,12.0
1000.0,30.0,24.8,118.6,28.98,19.8,75.0,12.0
1002.0,28.0,25.1,118.2,28.51,20.1,75.0,12.0
1007.0,20.0,19.4,130.2,28.94,14.399999999999999,75.0,12.0
1006.0,23.0,19.9,129.9,28.99,14.899999999999999,75.0,12.0
1004.0,25.0,20.3,129.7,28.53,15.3,75.0,12.0
1004.0,25.0,20.9,129.6,28.59,15.899999999999999,75.0,12.0
1004.0,25.0,23.7,128.2,28.87,18.7,75.0,12.0
1005.0,23.0,24.2,128.2,28.92,19.2,75.0,12.0
1006.0,20.0,24.8,128.3,28.98,19.8,75.0,12.0
1006.0,20.0,25.5,128.2,28.55,20.5,75.0,12.0
1010.0,15.0,27.7,128.1,28.77,22.7,75.0,12.0
1010.0,15.0,28.1,128.1,28.81,23.1,75.0,12.0
1010.0,15.0,28.5,128.2,28.85,23.5,75.0,12.0
993.0,40.0,29.9,157.7,28.99,24.9,75.0,12.0
989.0,45.0,30.8,158.4,28.58,10.8,75.0,12.0
989.0,45.0,31.9,158.9,28.69,11.899999999999999,75.0,12.0
989.0,45.0,33.0,159.3,28.8,13.0,75.0,12.0
1000.0,30.0,18.0,113.1,28.8,13.0,75.0,12.0
998.0,33.0,18.2,112.5,28.82,13.2,75.0,12.0
996.0,35.0,18.5,112.0,28.85,13.5,75.0,12.0
993.0,40.0,18.7,111.5,28.87,13.7,75.0,12.0
993.0,40.0,19.5,108.2,28.95,14.5,75.0,12.0
991.0,43.0,19.7,107.7,28.97,14.7,75.0,12.0
989.0,45.0,19.9,107.2,28.99,14.899999999999999,75.0,12.0
987.0,48.0,20.0,106.8,28.5,15.0,75.0,12.0
982.0,55.0,20.9,105.4,28.59,15.899999999999999,75.0,12.0
988.0,48.0,21.3,105.2,28.63,16.3,75.0,12.0
993.0,40.0,21.7,105.0,28.67,16.7,75.0,12.0
997.0,35.0,22.0,104.9,28.7,17.0,75.0,12.0
974.0,65.0,20.2,118.9,28.52,15.2,75.0,12.0
984.0,53.0,23.1,113.0,28.81,18.1,75.0,12.0
989.0,45.0,23.5,112.4,28.85,18.5,75.0,12.0
993.0,40.0,23.7,111.8,28.87,18.7,75.0,12.0
980.0,58.0,28.2,147.0,28.82,23.2,75.0,12.0
982.0,55.0,28.8,146.7,28.88,23.8,75.0,12.0
982.0,55.0,29.4,146.6,28.94,24.4,75.0,12.0
982.0,55.0,29.9,146.4,28.99,24.9,75.0,12.0
985.0,50.0,33.0,144.7,28.8,13.0,75.0,12.0
985.0,50.0,33.7,144.4,28.87,13.700000000000003,75.0,12.0
987.0,48.0,34.2,144.4,28.92,14.200000000000003,75.0,12.0
989.0,45.0,34.6,144.4,28.96,14.600000000000001,75.0,12.0
989.0,45.0,35.2,144.6,28.52,15.200000000000003,75.0,12.0
989.0,45.0,38.0,145.1,28.8,18.0,75.0,12.0
989.0,45.0,38.7,145.3,28.87,18.700000000000003,75.0,12.0
989.0,45.0,39.5,146.1,28.95,19.5,75.0,12.0
989.0,45.0,40.2,146.9,28.52,20.200000000000003,75.0,12.0
991.0,43.0,41.4,147.4,28.64,21.4,75.0,12.0
1004.0,25.0,17.3,161.1,28.73,12.3,75.0,12.0
996.0,35.0,16.9,159.7,28.69,11.899999999999999,75.0,12.0
996.0,35.0,16.8,159.3,28.68,11.8,75.0,12.0
995.0,38.0,16.9,158.9,28.69,11.899999999999999,75.0,12.0
993.0,40.0,16.9,158.6,28.69,11.899999999999999,75.0,12.0
991.0,45.0,17.8,156.4,28.78,12.8,75.0,12.0
993.0,45.0,18.0,156.0,28.8,13.0,75.0,12.0
991.0,45.0,18.2,155.7,28.82,13.2,75.0,12.0
989.0,45.0,18.5,155.3,28.85,13.5,75.0,12.0
1000.0,30.0,20.0,153.4,28.5,15.0,75.0,12.0
998.0,33.0,20.2,153.7,28.52,15.2,75.0,12.0
996.0,35.0,20.5,154.0,28.55,15.5,75.0,12.0
993.0,40.0,24.5,155.2,28.95,19.5,75.0,12.0
993.0,40.0,25.2,155.5,28.52,20.2,75.0,12.0
993.0,40.0,25.8,155.7,28.58,20.8,75.0,12.0
993.0,40.0,26.4,155.8,28.64,21.4,75.0,12.0
991.0,43.0,29.6,155.2,28.96,24.6,75.0,12.0
989.0,45.0,30.3,155.0,28.53,10.3,75.0,12.0
989.0,45.0,31.0,154.6,28.6,11.0,75.0,12.0
989.0,45.0,31.7,154.2,28.67,11.7,75.0,12.0
984.0,53.0,35.0,151.6,28.5,15.0,75.0,12.0
985.0,50.0,35.8,151.1,28.58,15.799999999999997,75.0,12.0
985.0,50.0,37.0,150.3,28.7,17.0,75.0,12.0
985.0,50.0,38.3,149.6,28.83,18.299999999999997,75.0,12.0
989.0,45.0,27.7,144.5,28.77,22.7,75.0,12.0
991.0,43.0,30.9,142.3,28.59,10.899999999999999,75.0,12.0
993.0,40.0,31.5,141.9,28.65,11.5,75.0,12.0
993.0,40.0,32.1,141.5,28.71,12.100000000000001,75.0,12.0
993.0,40.0,32.8,141.1,28.78,12.799999999999997,75.0,12.0
993.0,40.0,33.5,141.0,28.85,13.5,75.0,12.0
986.0,50.0,36.9,141.5,28.69,16.9,75.0,12.0
982.0,55.0,37.9,141.7,28.79,17.9,75.0,12.0
980.0,58.0,39.3,142.2,28.93,19.299999999999997,75.0,12.0
978.0,60.0,40.7,142.8,28.57,20.700000000000003,75.0,12.0
978.0,60.0,42.5,143.1,28.75,22.5,75.0,12.0
982.0,55.0,28.1,140.4,28.81,23.1,75.0,12.0
980.0,58.0,29.1,140.2,28.91,24.1,75.0,12.0
978.0,60.0,30.0,140.1,28.5,10.0,75.0,12.0
976.0,63.0,33.7,139.3,28.87,13.700000000000003,75.0,12.0
974.0,65.0,34.3,139.5,28.93,14.299999999999997,75.0,12.0
976.0,63.0,35.1,139.8,28.51,15.100000000000001,75.0,12.0
978.0,60.0,35.9,140.1,28.59,15.899999999999999,75.0,12.0
982.0,55.0,36.8,140.5,28.68,16.799999999999997,75.0,12.0
993.0,40.0,42.5,143.0,28.75,22.5,75.0,12.0
993.0,40.0,44.4,144.1,28.94,24.4,75.0,12.0
993.0,40.0,46.3,145.6,28.63,11.299999999999997,75.0,12.0
993.0,40.0,48.2,147.0,28.82,13.200000000000003,75.0,12.0
998.0,25.0,21.1,111.6,28.61,16.1,75.0,12.0
998.0,25.0,20.8,111.2,28.58,15.8,75.0,12.0
999.0,28.0,20.8,110.3,28.58,15.8,75.0,12.0
989.0,45.0,20.5,107.7,28.55,15.5,75.0,12.0
991.0,43.0,20.7,107.1,28.57,15.7,75.0,12.0
993.0,40.0,20.9,106.4,28.59,15.899999999999999,75.0,12.0
997.0,35.0,21.1,105.6,28.61,16.1,75.0,12.0
1007.0,20.0,22.5,100.6,28.75,17.5,75.0,12.0
997.0,30.0,25.9,158.9,28.59,20.9,75.0,12.0
997.0,33.0,26.5,157.9,28.65,21.5,75.0,12.0
996.0,35.0,27.1,157.0,28.71,22.1,75.0,12.0
996.0,35.0,28.8,152.9,28.88,23.8,75.0,12.0
996.0,35.0,29.1,152.0,28.91,24.1,75.0,12.0
996.0,35.0,29.6,151.1,28.96,24.6,75.0,12.0
996.0,35.0,30.1,150.1,28.51,10.100000000000001,75.0,12.0
996.0,35.0,32.5,145.8,28.75,12.5,75.0,12.0
996.0,35.0,32.8,144.7,28.78,12.799999999999997,75.0,12.0
996.0,35.0,33.0,143.6,28.8,13.0,75.0,12.0
996.0,35.0,33.1,142.6,28.81,13.100000000000001,75.0,12.0
996.0,35.0,32.9,141.8,28.79,12.899999999999999,75.0,12.0
996.0,35.0,31.9,139.1,28.69,11.899999999999999,75.0,12.0
996.0,35.0,31.5,138.3,28.65,11.5,75.0,12.0
996.0,35.0,31.3,137.9,28.63,11.3,75.0,12.0
996.0,35.0,31.1,137.4,28.61,11.100000000000001,75.0,12.0
995.0,38.0,30.8,137.0,28.58,10.8,75.0,12.0
993.0,40.0,29.9,134.3,28.99,24.9,75.0,12.0
993.0,40.0,29.6,133.9,28.96,24.6,75.0,12.0
993.0,40.0,29.4,133.6,28.94,24.4,75.0,12.0
989.0,45.0,28.7,133.5,28.87,23.7,75.0,12.0
987.0,48.0,28.7,133.7,28.87,23.7,75.0,12.0
985.0,50.0,28.7,133.8,28.87,23.7,75.0,12.0
944.0,105.0,24.0,133.8,28.9,19.0,75.0,12.0
943.0,108.0,24.2,134.2,28.92,19.2,75.0,12.0
933.0,120.0,26.1,136.7,28.61,21.1,75.0,12.0
933.0,120.0,26.9,137.3,28.69,21.9,75.0,12.0
933.0,120.0,27.7,137.9,28.77,22.7,75.0,12.0
954.0,93.0,29.9,141.1,28.99,24.9,75.0,12.0
959.0,85.0,30.5,141.7,28.55,10.5,75.0,12.0
965.0,78.0,31.0,142.2,28.6,11.0,75.0,12.0
970.0,70.0,31.5,142.7,28.65,11.5,75.0,12.0
974.0,65.0,35.1,142.8,28.51,15.100000000000001,75.0,12.0
974.0,65.0,36.0,142.4,28.6,16.0,75.0,12.0
976.0,63.0,37.0,142.1,28.7,17.0,75.0,12.0
978.0,60.0,37.9,141.8,28.79,17.9,75.0,12.0
978.0,53.0,39.6,140.9,28.96,19.6,75.0,12.0
1000.0,30.0,31.7,148.1,28.67,11.7,75.0,12.0
1000.0,30.0,32.6,147.2,28.76,12.600000000000001,75.0,12.0
998.0,33.0,33.5,146.2,28.85,13.5,75.0,12.0
996.0,35.0,34.5,145.3,28.95,14.5,75.0,12.0
996.0,35.0,38.3,142.4,28.83,18.299999999999997,75.0,12.0
996.0,35.0,38.9,142.6,28.89,18.9,75.0,12.0
998.0,33.0,39.9,142.8,28.99,19.9,75.0,12.0
1000.0,30.0,40.9,143.0,28.59,20.9,75.0,12.0
1002.0,28.0,41.6,143.4,28.66,21.6,75.0,12.0
1004.0,25.0,21.2,124.1,28.62,16.2,75.0,12.0
1004.0,25.0,21.4,124.5,28.64,16.4,75.0,12.0
1004.0,25.0,21.5,124.9,28.65,16.5,75.0,12.0
1002.0,28.0,21.9,125.6,28.69,16.9,75.0,12.0
989.0,45.0,23.8,128.1,28.88,18.8,75.0,12.0
984.0,53.0,24.1,128.6,28.91,19.1,75.0,12.0
978.0,60.0,24.4,129.1,28.94,19.4,75.0,12.0
974.0,65.0,24.7,129.6,28.97,19.7,75.0,12.0
959.0,85.0,26.4,130.8,28.64,21.4,75.0,12.0
954.0,93.0,26.8,130.8,28.68,21.8,75.0,12.0
948.0,100.0,27.2,130.8,28.72,22.2,75.0,12.0
948.0,100.0,27.5,130.8,28.75,22.5,75.0,12.0
956.0,90.0,29.3,130.3,28.93,24.3,75.0,12.0
960.0,85.0,29.6,130.2,28.96,24.6,75.0,12.0
963.0,80.0,29.9,130.1,28.99,24.9,75.0,12.0
967.0,75.0,30.2,130.1,28.52,10.2,75.0,12.0
982.0,55.0,31.4,129.6,28.64,11.399999999999999,75.0,12.0
984.0,53.0,31.7,129.6,28.67,11.7,75.0,12.0
985.0,50.0,32.0,129.7,28.7,12.0,75.0,12.0
989.0,45.0,32.2,129.8,28.72,12.200000000000003,75.0,12.0
1004.0,25.0,34.1,130.6,28.91,14.100000000000001,75.0,12.0
1006.0,23.0,34.8,131.0,28.98,14.799999999999997,75.0,12.0
1008.0,20.0,35.4,131.4,28.54,15.399999999999999,75.0,12.0
1004.0,25.0,13.6,143.2,28.86,23.6,75.0,12.0
1004.0,25.0,13.9,142.8,28.89,23.9,75.0,12.0
1004.0,25.0,14.3,142.5,28.93,24.3,75.0,12.0
1001.0,33.0,14.8,140.3,28.98,24.8,75.0,12.0
1000.0,35.0,14.8,139.7,28.98,24.8,75.0,12.0
997.0,38.0,14.9,139.1,28.99,24.9,75.0,12.0
993.0,40.0,15.0,138.6,28.5,10.0,75.0,12.0
989.0,60.0,16.5,135.8,28.65,11.5,75.0,12.0
978.0,68.0,16.6,135.2,28.66,11.600000000000001,75.0,12.0
967.0,75.0,16.8,134.5,28.68,11.8,75.0,12.0
933.0,120.0,17.9,130.3,28.79,12.899999999999999,75.0,12.0
928.0,128.0,18.1,129.8,28.81,13.100000000000001,75.0,12.0
922.0,135.0,18.4,129.3,28.84,13.399999999999999,75.0,12.0
915.0,145.0,18.6,128.7,28.86,13.600000000000001,75.0,12.0
903.0,160.0,19.6,125.5,28.96,14.600000000000001,75.0,12.0
901.0,163.0,19.9,124.8,28.99,14.899999999999999,75.0,12.0
899.0,165.0,20.2,124.1,28.52,15.2,75.0,12.0
897.0,168.0,20.3,123.5,28.53,15.3,75.0,12.0
900.0,155.0,21.5,120.8,28.65,16.5,75.0,12.0
915.0,140.0,22.1,120.3,28.71,17.1,75.0,12.0
929.0,125.0,22.6,119.8,28.76,17.6,75.0,12.0
935.0,118.0,23.0,119.4,28.8,18.0,75.0,12.0
970.0,70.0,25.3,117.6,28.53,20.3,75.0,12.0
982.0,55.0,25.9,117.2,28.59,20.9,75.0,12.0
993.0,40.0,26.5,116.9,28.65,21.5,75.0,12.0
999.0,30.0,27.3,117.0,28.73,22.3,75.0,12.0
1007.0,20.0,30.1,150.4,28.51,10.100000000000001,75.0,12.0
1007.0,20.0,30.9,150.4,28.59,10.899999999999999,75.0,12.0
1006.0,23.0,31.9,150.2,28.69,11.899999999999999,75.0,12.0
1004.0,25.0,32.9,149.9,28.79,12.899999999999999,75.0,12.0
998.0,33.0,35.1,151.9,28.51,15.100000000000001,75.0,12.0
996.0,35.0,35.5,152.6,28.55,15.5,75.0,12.0
996.0,35.0,35.9,153.7,28.59,15.899999999999999,75.0,12.0
996.0,35.0,36.3,154.8,28.63,16.299999999999997,75.0,12.0
1001.0,30.0,38.1,162.1,28.81,18.1,75.0,12.0
1002.0,30.0,38.4,163.9,28.84,18.4,75.0,12.0
1002.0,30.0,38.7,165.9,28.87,18.700000000000003,75.0,12.0
1002.0,30.0,39.0,167.9,28.9,19.0,75.0,12.0
998.0,33.0,12.9,143.8,28.79,22.9,75.0,12.0
996.0,35.0,13.1,143.0,28.81,23.1,75.0,12.0
993.0,40.0,13.2,142.3,28.82,23.2,75.0,12.0
989.0,45.0,13.4,141.7,28.84,23.4,75.0,12.0
1000.0,45.0,14.1,137.9,28.91,24.1,75.0,12.0
993.0,48.0,14.2,137.4,28.92,24.2,75.0,12.0
985.0,50.0,14.3,136.8,28.93,24.3,75.0,12.0
974.0,65.0,15.5,133.4,28.55,10.5,75.0,12.0
972.0,68.0,15.7,132.8,28.57,10.7,75.0,12.0
970.0,70.0,15.8,132.2,28.58,10.8,75.0,12.0
970.0,70.0,16.0,131.7,28.6,11.0,75.0,12.0
970.0,70.0,16.9,129.0,28.69,11.899999999999999,75.0,12.0
969.0,73.0,17.2,128.4,28.72,12.2,75.0,12.0
967.0,75.0,17.5,127.8,28.75,12.5,75.0,12.0
962.0,83.0,17.9,127.2,28.79,12.899999999999999,75.0,12.0
952.0,95.0,20.2,124.7,28.52,15.2,75.0,12.0
948.0,100.0,20.7,124.3,28.57,15.7,75.0,12.0
944.0,105.0,21.2,123.9,28.62,16.2,75.0,12.0
941.0,110.0,21.6,123.7,28.66,16.6,75.0,12.0
941.0,110.0,24.2,123.0,28.92,19.2,75.0,12.0
945.0,105.0,24.8,122.8,28.98,19.8,75.0,12.0
948.0,100.0,25.3,122.7,28.53,20.3,75.0,12.0
956.0,90.0,25.6,122.7,28.56,20.6,75.0,12.0
967.0,75.0,26.9,123.5,28.69,21.9,75.0,12.0
963.0,80.0,27.1,124.0,28.71,22.1,75.0,12.0
959.0,85.0,27.4,124.4,28.74,22.4,75.0,12.0
960.0,88.0,27.7,124.8,28.77,22.7,75.0,12.0
941.0,110.0,29.4,127.2,28.94,24.4,75.0,12.0
941.0,110.0,29.8,127.8,28.98,24.8,75.0,12.0
941.0,110.0,30.2,128.4,28.52,10.2,75.0,12.0
946.0,105.0,30.5,129.1,28.55,10.5,75.0,12.0
979.0,65.0,32.8,133.5,28.78,12.799999999999997,75.0,12.0
983.0,60.0,33.5,134.8,28.85,13.5,75.0,12.0
986.0,55.0,34.2,136.0,28.92,14.200000000000003,75.0,12.0
1001.0,30.0,13.7,112.2,28.87,23.7,75.0,12.0
1001.0,30.0,14.1,111.6,28.91,24.1,75.0,12.0
1000.0,30.0,14.4,110.9,28.94,24.4,75.0,12.0
1000.0,30.0,14.7,110.3,28.97,24.7,75.0,12.0
1000.0,30.0,15.9,107.3,28.59,10.9,75.0,12.0
1002.0,28.0,15.9,106.7,28.59,10.9,75.0,12.0
1004.0,25.0,16.0,106.0,28.6,11.0,75.0,12.0
1006.0,23.0,16.1,105.2,28.61,11.100000000000001,75.0,12.0
1002.0,28.0,16.0,140.0,28.6,11.0,75.0,12.0
1000.0,30.0,16.6,139.5,28.66,11.600000000000001,75.0,12.0
1007.0,20.0,15.8,159.1,28.58,10.8,75.0,12.0
1007.0,20.0,15.7,158.4,28.57,10.7,75.0,12.0
1007.0,20.0,15.6,157.8,28.56,10.6,75.0,12.0
1006.0,23.0,14.9,153.9,28.99,24.9,75.0,12.0
1004.0,25.0,14.7,153.3,28.97,24.7,75.0,12.0
1004.0,25.0,14.8,152.9,28.98,24.8,75.0,12.0
1004.0,25.0,15.0,152.4,28.5,10.0,75.0,12.0
1004.0,25.0,14.5,148.9,28.95,24.5,75.0,12.0
1004.0,25.0,14.4,148.3,28.94,24.4,75.0,12.0
1004.0,25.0,14.4,147.6,28.94,24.4,75.0,12.0
1004.0,25.0,14.5,146.9,28.95,24.5,75.0,12.0
1005.0,30.0,14.2,143.3,28.92,24.2,75.0,12.0
1004.0,30.0,14.2,142.7,28.92,24.2,75.0,12.0
1002.0,33.0,14.1,142.1,28.91,24.1,75.0,12.0
1000.0,35.0,14.1,141.4,28.91,24.1,75.0,12.0
989.0,45.0,13.6,138.9,28.86,23.6,75.0,12.0
989.0,45.0,13.5,138.7,28.85,23.5,75.0,12.0
989.0,45.0,13.8,138.1,28.88,23.8,75.0,12.0
989.0,45.0,14.0,137.6,28.9,24.0,75.0,12.0
982.0,55.0,15.8,135.5,28.58,10.8,75.0,12.0
980.0,58.0,16.3,135.2,28.63,11.3,75.0,12.0
978.0,60.0,16.8,134.8,28.68,11.8,75.0,12.0
941.0,110.0,19.7,131.5,28.97,14.7,75.0,12.0
939.0,113.0,20.2,130.9,28.52,15.2,75.0,12.0
937.0,115.0,20.8,130.4,28.58,15.8,75.0,12.0
922.0,135.0,23.9,127.6,28.89,18.9,75.0,12.0
917.0,143.0,24.4,127.3,28.94,19.4,75.0,12.0
911.0,150.0,25.0,127.0,28.5,20.0,75.0,12.0
915.0,145.0,25.4,126.8,28.54,20.4,75.0,12.0
934.0,125.0,27.9,126.2,28.79,22.9,75.0,12.0
936.0,120.0,28.7,126.1,28.87,23.7,75.0,12.0
937.0,115.0,29.5,126.0,28.95,24.5,75.0,12.0
945.0,105.0,30.1,126.0,28.51,10.100000000000001,75.0,12.0
970.0,70.0,34.3,128.2,28.93,14.299999999999997,75.0,12.0
976.0,63.0,35.2,129.8,28.52,15.200000000000003,75.0,12.0
982.0,55.0,36.2,131.3,28.62,16.200000000000003,75.0,12.0
1004.0,25.0,19.9,125.0,28.99,14.899999999999999,75.0,12.0
1004.0,25.0,20.0,124.2,28.5,15.0,75.0,12.0
1000.0,30.0,20.6,120.3,28.56,15.600000000000001,75.0,12.0
998.0,33.0,20.5,119.5,28.55,15.5,75.0,12.0
996.0,35.0,20.4,118.8,28.54,15.399999999999999,75.0,12.0
995.0,38.0,20.2,118.3,28.52,15.2,75.0,12.0
993.0,45.0,20.5,116.4,28.55,15.5,75.0,12.0
989.0,48.0,20.6,116.3,28.56,15.600000000000001,75.0,12.0
985.0,50.0,20.6,116.3,28.56,15.600000000000001,75.0,12.0
988.0,53.0,20.6,116.2,28.56,15.600000000000001,75.0,12.0
993.0,50.0,21.2,116.6,28.62,16.2,75.0,12.0
991.0,48.0,21.2,116.7,28.62,16.2,75.0,12.0
989.0,45.0,21.3,116.8,28.63,16.3,75.0,12.0
991.0,43.0,21.4,116.9,28.64,16.4,75.0,12.0
989.0,45.0,21.6,117.5,28.66,16.6,75.0,12.0
991.0,43.0,21.6,117.6,28.66,16.6,75.0,12.0
993.0,40.0,21.7,117.7,28.67,16.7,75.0,12.0
995.0,38.0,21.7,117.8,28.67,16.7,75.0,12.0
1004.0,25.0,21.6,117.6,28.66,16.6,75.0,12.0
1004.0,25.0,21.6,117.4,28.66,16.6,75.0,12.0
1004.0,25.0,21.6,117.3,28.66,16.6,75.0,12.0
1004.0,25.0,21.4,117.0,28.64,16.4,75.0,12.0
1007.0,20.0,20.1,115.6,28.51,15.100000000000001,75.0,12.0
1007.0,20.0,19.8,115.2,28.98,14.8,75.0,12.0
1007.0,20.0,19.4,114.7,28.94,14.399999999999999,75.0,12.0
1007.0,20.0,18.9,114.1,28.89,13.899999999999999,75.0,12.0
1010.0,15.0,16.8,112.3,28.68,11.8,75.0,12.0
1009.0,18.0,16.5,112.2,28.65,11.5,75.0,12.0
1007.0,20.0,16.1,112.2,28.61,11.100000000000001,75.0,12.0
1007.0,20.0,16.1,112.0,28.61,11.100000000000001,75.0,12.0
1004.0,25.0,16.6,109.8,28.66,11.600000000000001,75.0,12.0
1004.0,25.0,16.6,109.3,28.66,11.600000000000001,75.0,12.0
1004.0,25.0,16.7,108.9,28.67,11.7,75.0,12.0
1000.0,30.0,16.6,108.6,28.66,11.600000000000001,75.0,12.0
1000.0,30.0,16.7,106.7,28.67,11.7,75.0,12.0
1002.0,28.0,16.8,106.1,28.68,11.8,75.0,12.0
1004.0,25.0,16.8,105.5,28.68,11.8,75.0,12.0
1004.0,25.0,16.9,105.0,28.69,11.899999999999999,75.0,12.0
1007.0,20.0,17.9,175.1,28.79,12.899999999999999,75.0,12.0
1007.0,20.0,18.2,174.4,28.82,13.2,75.0,12.0
1007.0,20.0,18.2,173.7,28.82,13.2,75.0,12.0
1007.0,20.0,18.2,173.0,28.82,13.2,75.0,12.0
1010.0,15.0,17.8,169.2,28.78,12.8,75.0,12.0
1010.0,15.0,17.9,168.6,28.79,12.899999999999999,75.0,12.0
1009.0,18.0,17.9,167.6,28.79,12.899999999999999,75.0,12.0
1007.0,20.0,18.0,166.7,28.8,13.0,75.0,12.0
1006.0,23.0,18.0,163.7,28.8,13.0,75.0,12.0
1004.0,25.0,18.0,163.2,28.8,13.0,75.0,12.0
1004.0,25.0,18.2,162.6,28.82,13.2,75.0,12.0
1004.0,25.0,18.4,162.0,28.84,13.399999999999999,75.0,12.0
1004.0,25.0,19.0,158.1,28.9,14.0,75.0,12.0
1004.0,25.0,19.2,157.3,28.92,14.2,75.0,12.0
1002.0,28.0,19.4,156.7,28.94,14.399999999999999,75.0,12.0
1000.0,30.0,19.5,156.0,28.95,14.5,75.0,12.0
997.0,43.0,21.0,151.8,28.6,16.0,75.0,12.0
1001.0,45.0,21.4,151.0,28.64,16.4,75.0,12.0
993.0,48.0,21.9,150.4,28.69,16.9,75.0,12.0
985.0,50.0,22.3,149.8,28.73,17.3,75.0,12.0
974.0,65.0,24.2,146.8,28.92,19.2,75.0,12.0
970.0,70.0,24.6,146.3,28.96,19.6,75.0,12.0
961.0,83.0,25.1,146.1,28.51,20.1,75.0,12.0
952.0,95.0,25.5,145.9,28.55,20.5,75.0,12.0
941.0,110.0,27.5,145.9,28.75,22.5,75.0,12.0
944.0,105.0,27.8,146.0,28.78,22.8,75.0,12.0
946.0,103.0,28.2,146.3,28.82,23.2,75.0,12.0
948.0,100.0,28.6,146.7,28.86,23.6,75.0,12.0
928.0,128.0,30.8,150.1,28.58,10.8,75.0,12.0
929.0,125.0,31.3,151.1,28.63,11.3,75.0,12.0
931.0,123.0,32.0,152.4,28.7,12.0,75.0,12.0
933.0,120.0,32.6,153.8,28.76,12.600000000000001,75.0,12.0
967.0,75.0,37.1,163.9,28.71,17.1,75.0,12.0
974.0,65.0,38.2,166.6,28.82,18.200000000000003,75.0,12.0
978.0,60.0,39.2,169.2,28.92,19.200000000000003,75.0,12.0
993.0,40.0,13.9,127.2,28.89,23.9,75.0,12.0
989.0,45.0,13.9,126.8,28.89,23.9,75.0,12.0
985.0,50.0,13.8,126.5,28.88,23.8,75.0,12.0
982.0,55.0,13.8,126.2,28.88,23.8,75.0,12.0
974.0,80.0,14.3,124.6,28.93,24.3,75.0,12.0
964.0,85.0,14.6,124.2,28.96,24.6,75.0,12.0
954.0,90.0,14.8,123.8,28.98,24.8,75.0,12.0
949.0,98.0,15.0,123.4,28.5,10.0,75.0,12.0
967.0,75.0,16.4,120.0,28.64,11.399999999999999,75.0,12.0
965.0,78.0,16.4,119.1,28.64,11.399999999999999,75.0,12.0
963.0,80.0,16.4,118.2,28.64,11.399999999999999,75.0,12.0
964.0,80.0,16.4,117.7,28.64,11.399999999999999,75.0,12.0
967.0,75.0,17.1,114.2,28.71,12.100000000000001,75.0,12.0
967.0,75.0,17.2,113.8,28.72,12.2,75.0,12.0
967.0,75.0,17.4,113.3,28.74,12.399999999999999,75.0,12.0
967.0,75.0,17.5,112.9,28.75,12.5,75.0,12.0
967.0,75.0,18.7,110.7,28.87,13.7,75.0,12.0
971.0,70.0,18.9,110.3,28.89,13.899999999999999,75.0,12.0
974.0,65.0,19.2,109.9,28.92,14.2,75.0,12.0
981.0,60.0,19.4,109.7,28.94,14.399999999999999,75.0,12.0
1000.0,30.0,20.9,108.5,28.59,15.899999999999999,75.0,12.0
1003.0,25.0,21.4,108.2,28.64,16.4,75.0,12.0
1005.0,20.0,22.0,108.0,28.7,17.0,75.0,12.0
1000.0,30.0,8.6,143.5,28.86,18.6,75.0,12.0
997.0,35.0,9.0,143.1,28.9,19.0,75.0,12.0
993.0,40.0,9.4,142.6,28.94,19.4,75.0,12.0
980.0,58.0,10.1,139.9,28.51,20.1,75.0,12.0
978.0,60.0,10.2,139.6,28.52,20.2,75.0,12.0
976.0,63.0,10.3,139.4,28.53,20.3,75.0,12.0
974.0,65.0,10.5,139.3,28.55,20.5,75.0,12.0
952.0,95.0,12.9,136.5,28.79,22.9,75.0,12.0
948.0,100.0,13.1,136.0,28.81,23.1,75.0,12.0
944.0,105.0,13.3,135.5,28.83,23.3,75.0,12.0
926.0,130.0,14.9,132.1,28.99,24.9,75.0,12.0
924.0,133.0,15.2,131.4,28.52,10.2,75.0,12.0
922.0,135.0,15.4,130.7,28.54,10.4,75.0,12.0
918.0,140.0,16.0,126.0,28.6,11.0,75.0,12.0
922.0,138.0,16.4,125.3,28.64,11.399999999999999,75.0,12.0
925.0,135.0,16.7,124.7,28.67,11.7,75.0,12.0
932.0,128.0,17.0,124.0,28.7,12.0,75.0,12.0
959.0,95.0,18.4,120.2,28.84,13.399999999999999,75.0,12.0
959.0,90.0,18.7,119.5,28.87,13.7,75.0,12.0
959.0,85.0,19.0,118.8,28.9,14.0,75.0,12.0
961.0,83.0,19.4,118.2,28.94,14.399999999999999,75.0,12.0
970.0,70.0,21.9,115.8,28.69,16.9,75.0,12.0
974.0,65.0,22.7,115.4,28.77,17.7,75.0,12.0
978.0,60.0,23.5,115.1,28.85,18.5,75.0,12.0
982.0,55.0,24.1,114.9,28.91,19.1,75.0,12.0
1007.0,20.0,27.5,117.2,28.75,22.5,75.0,12.0
1004.0,25.0,12.8,138.4,28.78,22.8,75.0,12.0
1004.0,25.0,13.2,137.9,28.82,23.2,75.0,12.0
1002.0,28.0,13.2,138.1,28.82,23.2,75.0,12.0
1000.0,30.0,13.3,138.3,28.83,23.3,75.0,12.0
989.0,45.0,14.8,138.7,28.98,24.8,75.0,12.0
989.0,48.0,15.2,138.9,28.52,10.2,75.0,12.0
989.0,50.0,15.5,139.1,28.55,10.5,75.0,12.0
967.0,75.0,17.2,139.9,28.72,12.2,75.0,12.0
967.0,75.0,17.4,140.2,28.74,12.399999999999999,75.0,12.0
967.0,75.0,17.5,140.5,28.75,12.5,75.0,12.0
963.0,90.0,19.5,142.7,28.95,14.5,75.0,12.0
963.0,90.0,20.1,143.2,28.51,15.100000000000001,75.0,12.0
962.0,90.0,20.8,143.7,28.58,15.8,75.0,12.0
974.0,65.0,25.6,146.6,28.56,20.6,75.0,12.0
978.0,60.0,27.0,147.0,28.7,22.0,75.0,12.0
980.0,58.0,27.8,147.4,28.78,22.8,75.0,12.0
982.0,55.0,28.6,147.8,28.86,23.6,75.0,12.0
1007.0,20.0,13.2,160.7,28.82,23.2,75.0,12.0
1007.0,20.0,13.5,160.4,28.85,23.5,75.0,12.0
1004.0,25.0,13.9,160.0,28.89,23.9,75.0,12.0
1000.0,30.0,14.3,159.6,28.93,24.3,75.0,12.0
996.0,35.0,16.6,157.1,28.66,11.600000000000001,75.0,12.0
996.0,35.0,16.8,156.7,28.68,11.8,75.0,12.0
998.0,33.0,17.0,156.1,28.7,12.0,75.0,12.0
1000.0,30.0,17.2,155.4,28.72,12.2,75.0,12.0
1000.0,30.0,18.3,152.4,28.83,13.3,75.0,12.0
1000.0,30.0,18.6,151.8,28.86,13.600000000000001,75.0,12.0
1002.0,28.0,19.0,151.1,28.9,14.0,75.0,12.0
1004.0,25.0,19.3,150.3,28.93,14.3,75.0,12.0
1009.0,20.0,10.8,170.0,28.58,20.8,75.0,12.0
1009.0,20.0,10.8,169.3,28.58,20.8,75.0,12.0
1009.0,20.0,10.8,168.6,28.58,20.8,75.0,12.0
1004.0,25.0,9.9,164.8,28.99,19.9,75.0,12.0
1004.0,25.0,9.8,163.7,28.98,19.8,75.0,12.0
1006.0,23.0,9.7,163.1,28.97,19.7,75.0,12.0
1007.0,20.0,9.5,162.5,28.95,19.5,75.0,12.0
1004.0,25.0,9.5,127.8,28.95,19.5,75.0,12.0
1002.0,28.0,9.7,127.3,28.97,19.7,75.0,12.0
1000.0,30.0,9.9,126.8,28.99,19.9,75.0,12.0
989.0,45.0,11.3,122.5,28.63,21.3,75.0,12.0
987.0,48.0,11.4,122.0,28.64,21.4,75.0,12.0
985.0,50.0,11.4,121.5,28.64,21.4,75.0,12.0
985.0,50.0,11.6,121.2,28.66,21.6,75.0,12.0
967.0,75.0,13.3,118.7,28.83,23.3,75.0,12.0
971.0,70.0,13.6,118.3,28.86,23.6,75.0,12.0
974.0,65.0,13.9,117.9,28.89,23.9,75.0,12.0
976.0,63.0,14.2,117.7,28.92,24.2,75.0,12.0
967.0,75.0,15.7,117.6,28.57,10.7,75.0,12.0
965.0,78.0,16.1,117.8,28.61,11.100000000000001,75.0,12.0
963.0,80.0,16.6,118.1,28.66,11.600000000000001,75.0,12.0
974.0,65.0,16.9,118.2,28.69,11.899999999999999,75.0,12.0
1004.0,25.0,17.1,118.7,28.71,12.100000000000001,75.0,12.0
1000.0,30.0,6.2,142.5,28.62,16.2,75.0,12.0
1000.0,30.0,6.4,142.1,28.64,16.4,75.0,12.0
1000.0,30.0,6.6,141.7,28.66,16.6,75.0,12.0
1002.0,40.0,8.8,139.1,28.88,18.8,75.0,12.0
996.0,43.0,9.1,138.5,28.91,19.1,75.0,12.0
989.0,45.0,9.4,137.9,28.94,19.4,75.0,12.0
994.0,55.0,11.8,133.2,28.68,21.8,75.0,12.0
984.0,60.0,12.0,132.7,28.7,22.0,75.0,12.0
974.0,65.0,12.2,132.2,28.72,22.2,75.0,12.0
935.0,110.0,13.1,128.9,28.81,23.1,75.0,12.0
934.0,115.0,13.2,128.6,28.82,23.2,75.0,12.0
933.0,120.0,13.3,128.2,28.83,23.3,75.0,12.0
918.0,140.0,13.5,125.9,28.85,23.5,75.0,12.0
920.0,138.0,13.5,125.5,28.85,23.5,75.0,12.0
922.0,135.0,13.5,125.0,28.85,23.5,75.0,12.0
928.0,128.0,13.5,124.5,28.85,23.5,75.0,12.0
959.0,85.0,13.3,121.3,28.83,23.3,75.0,12.0
963.0,80.0,13.7,120.6,28.87,23.7,75.0,12.0
967.0,75.0,14.0,119.9,28.9,24.0,75.0,12.0
976.0,73.0,14.2,119.4,28.92,24.2,75.0,12.0
982.0,55.0,14.9,116.6,28.99,24.9,75.0,12.0
984.0,53.0,14.8,116.3,28.98,24.8,75.0,12.0
985.0,50.0,14.7,116.1,28.97,24.7,75.0,12.0
991.0,43.0,14.4,115.8,28.94,24.4,75.0,12.0
1007.0,25.0,12.9,113.3,28.79,22.9,75.0,12.0
1007.0,23.0,12.4,112.8,28.74,22.4,75.0,12.0
1007.0,20.0,11.9,112.3,28.69,21.9,75.0,12.0
1008.0,30.0,31.4,-66.0,28.64,11.399999999999999,75.0,12.0
1007.0,30.0,31.9,-66.3,28.69,11.899999999999999,75.0,12.0
1007.0,30.0,32.5,-66.6,28.75,12.5,75.0,12.0
1006.0,35.0,34.5,-68.6,28.95,14.5,75.0,12.0
1006.0,35.0,34.4,-68.8,28.94,14.399999999999999,75.0,12.0
1006.0,35.0,34.3,-69.1,28.93,14.299999999999997,75.0,12.0
1006.0,38.0,34.0,-69.0,28.9,14.0,75.0,12.0
1000.0,45.0,32.0,-68.2,28.7,12.0,75.0,12.0
999.0,45.0,31.9,-67.8,28.69,11.899999999999999,75.0,12.0
998.0,45.0,31.7,-67.3,28.67,11.7,75.0,12.0
997.0,48.0,31.5,-66.8,28.65,11.5,75.0,12.0
995.0,50.0,30.0,-64.8,28.5,10.0,75.0,12.0
995.0,50.0,29.7,-64.0,28.97,24.7,75.0,12.0
994.0,50.0,29.4,-63.1,28.94,24.4,75.0,12.0
994.0,50.0,29.4,-62.3,28.94,24.4,75.0,12.0
995.0,45.0,29.6,-58.5,28.96,24.6,75.0,12.0
996.0,45.0,29.6,-57.5,28.96,24.6,75.0,12.0
996.0,45.0,29.7,-56.6,28.97,24.7,75.0,12.0
997.0,43.0,29.9,-55.7,28.99,24.9,75.0,12.0
1000.0,40.0,31.0,-52.3,28.6,11.0,75.0,12.0
1000.0,40.0,31.4,-51.5,28.64,11.399999999999999,75.0,12.0
1001.0,38.0,31.6,-51.0,28.66,11.600000000000001,75.0,12.0
1001.0,35.0,31.9,-50.6,28.69,11.899999999999999,75.0,12.0
1002.0,35.0,32.0,-50.1,28.7,12.0,75.0,12.0
1005.0,35.0,31.9,-48.3,28.69,11.899999999999999,75.0,12.0
1005.0,35.0,31.8,-47.8,28.68,11.8,75.0,12.0
1005.0,35.0,31.6,-47.2,28.66,11.600000000000001,75.0,12.0
1005.0,35.0,31.5,-46.6,28.65,11.5,75.0,12.0
1005.0,35.0,31.5,-46.0,28.65,11.5,75.0,12.0
1004.0,33.0,31.6,-43.7,28.66,11.600000000000001,75.0,12.0
1003.0,30.0,31.7,-43.1,28.67,11.7,75.0,12.0
1004.0,30.0,31.8,-42.6,28.68,11.8,75.0,12.0
1004.0,30.0,31.8,-42.1,28.68,11.8,75.0,12.0
1005.0,30.0,31.9,-41.5,28.69,11.899999999999999,75.0,12.0
1002.0,35.0,32.6,-37.0,28.76,12.600000000000001,75.0,12.0
1002.0,35.0,32.9,-35.6,28.79,12.899999999999999,75.0,12.0
1002.0,38.0,33.3,-34.2,28.83,13.299999999999997,75.0,12.0
1002.0,40.0,33.6,-32.8,28.86,13.600000000000001,75.0,12.0
1000.0,40.0,35.7,-24.1,28.57,15.700000000000003,75.0,12.0
1000.0,40.0,36.1,-22.4,28.61,16.1,75.0,12.0
1008.0,30.0,9.6,-43.4,28.96,19.6,75.0,12.0
1008.0,30.0,9.7,-44.2,28.97,19.7,75.0,12.0
1009.0,30.0,9.7,-45.0,28.97,19.7,75.0,12.0
1010.0,30.0,9.7,-45.9,28.97,19.7,75.0,12.0
1008.0,20.0,20.0,-89.3,28.5,15.0,75.0,12.0
1008.0,20.0,20.1,-89.3,28.51,15.100000000000001,75.0,12.0
1008.0,20.0,20.3,-89.4,28.53,15.3,75.0,12.0
1008.0,20.0,20.6,-89.6,28.56,15.600000000000001,75.0,12.0
1008.0,20.0,21.0,-89.8,28.6,16.0,75.0,12.0
1007.0,35.0,23.4,-90.5,28.84,18.4,75.0,12.0
1008.0,38.0,24.0,-90.8,28.9,19.0,75.0,12.0
1009.0,40.0,24.6,-91.1,28.96,19.6,75.0,12.0
1009.0,43.0,25.3,-91.2,28.53,20.3,75.0,12.0
1008.0,45.0,25.9,-91.3,28.59,20.9,75.0,12.0
1002.0,50.0,28.2,-91.5,28.82,23.2,75.0,12.0
1000.0,50.0,28.6,-91.3,28.86,23.6,75.0,12.0
997.0,50.0,29.1,-91.0,28.91,24.1,75.0,12.0
998.0,48.0,29.8,-90.7,28.98,24.8,75.0,12.0
998.0,45.0,30.4,-90.3,28.54,10.399999999999999,75.0,12.0
1004.0,25.0,32.7,-88.4,28.77,12.700000000000003,75.0,12.0
1006.0,23.0,33.2,-87.7,28.82,13.200000000000003,75.0,12.0
1007.0,20.0,33.6,-87.0,28.86,13.600000000000001,75.0,12.0
1007.0,20.0,33.9,-86.5,28.89,13.899999999999999,75.0,12.0
1007.0,20.0,34.1,-86.0,28.91,14.100000000000001,75.0,12.0
1009.0,20.0,35.6,-83.5,28.56,15.600000000000001,75.0,12.0
1009.0,20.0,36.0,-82.8,28.6,16.0,75.0,12.0
1009.0,20.0,36.5,-82.0,28.65,16.5,75.0,12.0
1009.0,20.0,36.9,-80.8,28.69,16.9,75.0,12.0
1009.0,20.0,37.3,-79.5,28.73,17.299999999999997,75.0,12.0
1010.0,30.0,12.6,-57.5,28.76,22.6,75.0,12.0
1010.0,33.0,12.9,-58.6,28.79,22.9,75.0,12.0
1010.0,35.0,13.2,-59.8,28.82,23.2,75.0,12.0
1010.0,35.0,13.4,-60.9,28.84,23.4,75.0,12.0
1009.0,40.0,14.4,-67.6,28.94,24.4,75.0,12.0
1008.0,43.0,14.6,-68.8,28.96,24.6,75.0,12.0
1006.0,45.0,14.8,-70.0,28.98,24.8,75.0,12.0
1004.0,48.0,14.9,-71.0,28.99,24.9,75.0,12.0
1004.0,55.0,15.3,-76.5,28.53,10.3,75.0,12.0
1003.0,55.0,15.6,-77.5,28.56,10.6,75.0,12.0
1002.0,55.0,16.0,-79.4,28.6,11.0,75.0,12.0
1002.0,55.0,16.1,-80.3,28.61,11.100000000000001,75.0,12.0
988.0,70.0,17.5,-82.8,28.75,12.5,75.0,12.0
996.0,63.0,18.1,-83.4,28.81,13.100000000000001,75.0,12.0
1003.0,55.0,18.6,-84.1,28.86,13.600000000000001,75.0,12.0
1007.0,53.0,19.1,-84.8,28.91,14.100000000000001,75.0,12.0
1010.0,50.0,19.7,-85.5,28.97,14.7,75.0,12.0
1009.0,50.0,21.1,-87.2,28.61,16.1,75.0,12.0
1009.0,48.0,21.5,-87.7,28.65,16.5,75.0,12.0
1009.0,45.0,21.8,-88.2,28.68,16.8,75.0,12.0
1009.0,45.0,22.2,-88.7,28.72,17.2,75.0,12.0
1008.0,45.0,22.6,-89.2,28.76,17.6,75.0,12.0
1006.0,45.0,23.9,-90.7,28.89,18.9,75.0,12.0
1007.0,45.0,24.3,-90.8,28.93,19.3,75.0,12.0
1008.0,45.0,24.6,-90.9,28.96,19.6,75.0,12.0
1006.0,45.0,24.8,-91.2,28.98,19.8,75.0,12.0
1003.0,45.0,24.9,-91.5,28.99,19.9,75.0,12.0
999.0,50.0,25.1,-92.1,28.51,20.1,75.0,12.0
997.0,50.0,25.2,-92.2,28.52,20.2,75.0,12.0
995.0,50.0,25.3,-92.2,28.53,20.3,75.0,12.0
993.0,53.0,25.5,-92.2,28.55,20.5,75.0,12.0
991.0,55.0,25.6,-92.2,28.56,20.6,75.0,12.0
991.0,55.0,26.7,-92.6,28.67,21.7,75.0,12.0
990.0,58.0,27.0,-92.8,28.7,22.0,75.0,12.0
989.0,60.0,27.3,-93.0,28.73,22.3,75.0,12.0
989.0,60.0,27.5,-93.3,28.75,22.5,75.0,12.0
988.0,60.0,27.7,-93.6,28.77,22.7,75.0,12.0
982.0,75.0,28.3,-95.5,28.83,23.3,75.0,12.0
983.0,73.0,28.5,-96.2,28.85,23.5,75.0,12.0
984.0,70.0,28.6,-96.9,28.86,23.6,75.0,12.0
990.0,60.0,28.6,-97.6,28.86,23.6,75.0,12.0
995.0,50.0,28.5,-98.2,28.85,23.5,75.0,12.0
1005.0,35.0,29.1,-101.7,28.91,24.1,75.0,12.0
1007.0,35.0,29.3,-102.6,28.93,24.3,75.0,12.0
1011.0,33.0,29.6,-103.4,28.96,24.6,75.0,12.0
1014.0,30.0,29.9,-104.3,28.99,24.9,75.0,12.0
1017.0,25.0,30.8,-54.1,28.58,10.8,75.0,12.0
1016.0,28.0,31.3,-54.4,28.63,11.3,75.0,12.0
1015.0,30.0,31.7,-54.7,28.67,11.7,75.0,12.0
1014.0,33.0,32.1,-55.0,28.71,12.100000000000001,75.0,12.0
1010.0,48.0,33.9,-56.0,28.89,13.899999999999999,75.0,12.0
1009.0,50.0,34.4,-56.4,28.94,14.399999999999999,75.0,12.0
1009.0,53.0,34.8,-56.5,28.98,14.799999999999997,75.0,12.0
1008.0,55.0,35.3,-56.6,28.53,15.299999999999997,75.0,12.0
1008.0,55.0,35.8,-56.5,28.58,15.799999999999997,75.0,12.0
1005.0,58.0,37.6,-55.5,28.76,17.6,75.0,12.0
1003.0,60.0,38.1,-54.9,28.81,18.1,75.0,12.0
1003.0,63.0,38.7,-54.1,28.87,18.700000000000003,75.0,12.0
1002.0,65.0,39.2,-53.4,28.92,19.200000000000003,75.0,12.0
1002.0,65.0,39.7,-52.5,28.97,19.700000000000003,75.0,12.0
1001.0,65.0,41.6,-48.9,28.66,21.6,75.0,12.0
1001.0,65.0,42.1,-47.8,28.71,22.1,75.0,12.0
1002.0,63.0,42.4,-46.8,28.74,22.4,75.0,12.0
1003.0,60.0,42.7,-45.8,28.77,22.700000000000003,75.0,12.0
1004.0,58.0,42.7,-44.9,28.77,22.700000000000003,75.0,12.0
1008.0,43.0,42.2,-41.5,28.72,22.200000000000003,75.0,12.0
1008.0,40.0,41.9,-40.7,28.69,21.9,75.0,12.0
1009.0,35.0,41.4,-40.0,28.64,21.4,75.0,12.0
1009.0,30.0,40.9,-39.2,28.59,20.9,75.0,12.0
1009.0,30.0,40.3,-38.5,28.53,20.299999999999997,75.0,12.0
1011.0,28.0,38.3,-36.5,28.83,18.299999999999997,75.0,12.0
1011.0,25.0,37.9,-36.3,28.79,17.9,75.0,12.0
1012.0,25.0,37.5,-36.1,28.75,17.5,75.0,12.0
1013.0,25.0,37.1,-35.9,28.71,17.1,75.0,12.0
1014.0,25.0,36.7,-35.8,28.67,16.700000000000003,75.0,12.0
1018.0,25.0,35.5,-36.5,28.55,15.5,75.0,12.0
1018.0,25.0,35.3,-36.7,28.53,15.299999999999997,75.0,12.0
1019.0,25.0,35.2,-37.0,28.52,15.200000000000003,75.0,12.0
1019.0,25.0,35.1,-37.2,28.51,15.100000000000001,75.0,12.0
1020.0,23.0,35.0,-37.5,28.5,15.0,75.0,12.0
1020.0,20.0,35.2,-38.8,28.52,15.200000000000003,75.0,12.0
1020.0,20.0,35.5,-39.0,28.55,15.5,75.0,12.0
1020.0,20.0,35.8,-39.5,28.58,15.799999999999997,75.0,12.0
1020.0,20.0,36.0,-40.0,28.6,16.0,75.0,12.0
1021.0,20.0,36.0,-40.3,28.6,16.0,75.0,12.0
1021.0,20.0,36.5,-40.3,28.65,16.5,75.0,12.0
1021.0,20.0,36.5,-40.0,28.65,16.5,75.0,12.0
1021.0,20.0,36.5,-39.8,28.65,16.5,75.0,12.0
1021.0,20.0,36.4,-39.5,28.64,16.4,75.0,12.0
1022.0,20.0,36.5,-39.2,28.65,16.5,75.0,12.0
1022.0,20.0,36.1,-39.1,28.61,16.1,75.0,12.0
1022.0,20.0,36.0,-39.0,28.6,16.0,75.0,12.0
1022.0,20.0,35.8,-39.0,28.58,15.799999999999997,75.0,12.0
1022.0,20.0,35.5,-39.0,28.55,15.5,75.0,12.0
1023.0,20.0,35.0,-39.3,28.5,15.0,75.0,12.0
1023.0,20.0,33.4,-40.3,28.84,13.399999999999999,75.0,12.0
1023.0,20.0,33.0,-40.5,28.8,13.0,75.0,12.0
1023.0,20.0,32.5,-40.8,28.75,12.5,75.0,12.0
1023.0,20.0,32.0,-41.0,28.7,12.0,75.0,12.0
1024.0,20.0,31.5,-41.5,28.65,11.5,75.0,12.0
1010.0,30.0,12.3,-43.5,28.73,22.3,75.0,12.0
1010.0,30.0,12.4,-44.4,28.74,22.4,75.0,12.0
1011.0,30.0,12.8,-47.9,28.78,22.8,75.0,12.0
1011.0,30.0,12.9,-48.8,28.79,22.9,75.0,12.0
1012.0,30.0,13.1,-49.8,28.81,23.1,75.0,12.0
1012.0,30.0,13.2,-50.9,28.82,23.2,75.0,12.0
1012.0,30.0,13.4,-52.0,28.84,23.4,75.0,12.0
1012.0,30.0,14.0,-57.4,28.9,24.0,75.0,12.0
1017.0,25.0,29.3,-80.1,28.93,24.3,75.0,12.0
1017.0,25.0,29.7,-80.3,28.97,24.7,75.0,12.0
1017.0,25.0,30.1,-80.5,28.51,10.100000000000001,75.0,12.0
1017.0,28.0,30.4,-80.7,28.54,10.399999999999999,75.0,12.0
1016.0,30.0,30.7,-80.8,28.57,10.7,75.0,12.0
1022.0,20.0,32.3,-82.0,28.73,12.299999999999997,75.0,12.0
1022.0,18.0,32.5,-82.3,28.75,12.5,75.0,12.0
1022.0,15.0,32.8,-82.6,28.78,12.799999999999997,75.0,12.0
1022.0,15.0,32.9,-82.8,28.79,12.899999999999999,75.0,12.0
1022.0,15.0,33.0,-83.0,28.8,13.0,75.0,12.0
1007.0,45.0,26.1,-90.5,28.61,21.1,75.0,12.0
998.0,53.0,25.9,-93.5,28.59,20.9,75.0,12.0
995.0,55.0,25.9,-94.4,28.59,20.9,75.0,12.0
996.0,50.0,25.0,-98.3,28.5,20.0,75.0,12.0
1003.0,35.0,24.8,-98.9,28.98,19.8,75.0,12.0
1006.0,30.0,24.8,-99.6,28.98,19.8,75.0,12.0
1008.0,30.0,16.2,-68.2,28.62,11.2,75.0,12.0
1009.0,25.0,14.6,-30.7,28.96,24.6,75.0,12.0
1007.0,33.0,14.9,-35.2,28.99,24.9,75.0,12.0
1006.0,35.0,15.0,-36.2,28.5,10.0,75.0,12.0
1005.0,38.0,15.1,-37.2,28.51,10.1,75.0,12.0
1004.0,40.0,15.1,-38.2,28.51,10.1,75.0,12.0
997.0,50.0,15.4,-42.5,28.54,10.4,75.0,12.0
997.0,50.0,15.5,-43.1,28.55,10.5,75.0,12.0
994.0,55.0,15.7,-43.7,28.57,10.7,75.0,12.0
990.0,60.0,15.8,-44.3,28.58,10.8,75.0,12.0
989.0,63.0,16.1,-45.0,28.61,11.100000000000001,75.0,12.0
979.0,78.0,16.9,-47.5,28.69,11.899999999999999,75.0,12.0
973.0,85.0,17.0,-48.0,28.7,12.0,75.0,12.0
967.0,93.0,17.1,-48.6,28.71,12.100000000000001,75.0,12.0
960.0,100.0,17.3,-49.2,28.73,12.3,75.0,12.0
956.0,105.0,17.5,-49.8,28.75,12.5,75.0,12.0
952.0,110.0,18.0,-52.5,28.8,13.0,75.0,12.0
950.0,113.0,18.1,-53.0,28.81,13.100000000000001,75.0,12.0
948.0,115.0,18.2,-53.5,28.82,13.2,75.0,12.0
947.0,118.0,18.3,-53.9,28.83,13.3,75.0,12.0
949.0,120.0,18.7,-56.3,28.87,13.7,75.0,12.0
947.0,123.0,18.9,-56.8,28.89,13.899999999999999,75.0,12.0
944.0,125.0,19.0,-57.3,28.9,14.0,75.0,12.0
944.0,125.0,19.1,-57.8,28.91,14.100000000000001,75.0,12.0
945.0,120.0,20.1,-59.9,28.51,15.100000000000001,75.0,12.0
946.0,120.0,20.3,-60.3,28.53,15.3,75.0,12.0
946.0,120.0,20.5,-60.7,28.55,15.5,75.0,12.0
946.0,118.0,20.7,-61.0,28.57,15.7,75.0,12.0
945.0,110.0,21.9,-62.3,28.69,16.9,75.0,12.0
945.0,110.0,22.2,-62.5,28.72,17.2,75.0,12.0
944.0,110.0,22.5,-62.8,28.75,17.5,75.0,12.0
942.0,113.0,22.9,-62.9,28.79,17.9,75.0,12.0
944.0,105.0,24.8,-63.8,28.98,19.8,75.0,12.0
943.0,108.0,25.3,-64.0,28.53,20.3,75.0,12.0
941.0,110.0,25.8,-64.3,28.58,20.8,75.0,12.0
941.0,113.0,26.5,-64.4,28.65,21.5,75.0,12.0
951.0,105.0,30.1,-65.3,28.51,10.100000000000001,75.0,12.0
951.0,105.0,31.0,-65.3,28.6,11.0,75.0,12.0
950.0,105.0,31.8,-65.3,28.68,11.8,75.0,12.0
952.0,103.0,32.6,-65.0,28.76,12.600000000000001,75.0,12.0
957.0,100.0,36.0,-62.4,28.6,16.0,75.0,12.0
958.0,100.0,36.5,-61.4,28.65,16.5,75.0,12.0
958.0,100.0,36.9,-60.4,28.69,16.9,75.0,12.0
960.0,95.0,37.4,-59.3,28.74,17.4,75.0,12.0
967.0,80.0,40.6,-53.4,28.56,20.6,75.0,12.0
970.0,78.0,41.5,-52.0,28.65,21.5,75.0,12.0
972.0,75.0,42.3,-50.7,28.73,22.299999999999997,75.0,12.0
974.0,73.0,43.3,-49.3,28.83,23.299999999999997,75.0,12.0
979.0,68.0,47.5,-42.8,28.75,12.5,75.0,12.0
980.0,65.0,48.7,-40.8,28.87,13.700000000000003,75.0,12.0
980.0,65.0,50.2,-38.4,28.52,15.200000000000003,75.0,12.0
980.0,65.0,51.7,-36.0,28.67,16.700000000000003,75.0,12.0
1008.0,30.0,24.3,-92.4,28.93,19.3,75.0,12.0
1009.0,33.0,24.6,-92.8,28.96,19.6,75.0,12.0
1009.0,35.0,24.9,-93.3,28.99,19.9,75.0,12.0
1009.0,35.0,25.4,-93.8,28.54,20.4,75.0,12.0
1009.0,35.0,25.8,-94.3,28.58,20.8,75.0,12.0
1008.0,33.0,29.8,-95.4,28.98,24.8,75.0,12.0
1009.0,30.0,30.1,-95.6,28.51,10.100000000000001,75.0,12.0
1009.0,28.0,30.5,-96.0,28.55,10.5,75.0,12.0
1009.0,25.0,30.9,-96.4,28.59,10.899999999999999,75.0,12.0
1011.0,20.0,33.1,-96.1,28.81,13.100000000000001,75.0,12.0
1011.0,20.0,33.6,-95.7,28.86,13.600000000000001,75.0,12.0
1011.0,18.0,33.9,-95.3,28.89,13.899999999999999,75.0,12.0
1011.0,15.0,34.1,-95.0,28.91,14.100000000000001,75.0,12.0
1013.0,25.0,27.4,-87.7,28.74,22.4,75.0,12.0
1012.0,25.0,27.5,-87.8,28.75,22.5,75.0,12.0
1011.0,25.0,27.6,-87.8,28.76,22.6,75.0,12.0
1010.0,30.0,27.8,-87.2,28.78,22.8,75.0,12.0
1002.0,30.0,27.8,-86.3,28.78,22.8,75.0,12.0
1003.0,30.0,27.7,-86.0,28.77,22.7,75.0,12.0
1004.0,30.0,27.6,-85.8,28.76,22.6,75.0,12.0
997.0,40.0,28.1,-84.4,28.81,23.1,75.0,12.0
997.0,45.0,28.2,-84.3,28.82,23.2,75.0,12.0
997.0,50.0,28.3,-84.2,28.83,23.3,75.0,12.0
1000.0,40.0,28.1,-84.1,28.81,23.1,75.0,12.0
1007.0,25.0,28.4,-81.8,28.84,23.4,75.0,12.0
1007.0,25.0,28.8,-81.1,28.88,23.8,75.0,12.0
1006.0,25.0,29.2,-80.4,28.92,24.2,75.0,12.0
1006.0,28.0,29.6,-80.0,28.96,24.6,75.0,12.0
1006.0,30.0,30.8,-78.5,28.58,10.8,75.0,12.0
1006.0,30.0,31.1,-78.2,28.61,11.100000000000001,75.0,12.0
1006.0,30.0,31.3,-77.9,28.63,11.3,75.0,12.0
1006.0,30.0,31.5,-77.5,28.65,11.5,75.0,12.0
1006.0,30.0,32.5,-75.9,28.75,12.5,75.0,12.0
1006.0,28.0,32.7,-75.6,28.77,12.700000000000003,75.0,12.0
1006.0,25.0,32.9,-75.3,28.79,12.899999999999999,75.0,12.0
1004.0,38.0,13.8,-33.3,28.88,23.8,75.0,12.0
1003.0,40.0,13.6,-33.9,28.86,23.6,75.0,12.0
1002.0,43.0,13.5,-34.4,28.85,23.5,75.0,12.0
1000.0,45.0,13.4,-34.9,28.84,23.4,75.0,12.0
989.0,63.0,14.2,-36.9,28.92,24.2,75.0,12.0
987.0,65.0,14.4,-37.3,28.94,24.4,75.0,12.0
986.0,68.0,14.8,-37.9,28.98,24.8,75.0,12.0
984.0,70.0,15.2,-38.5,28.52,10.2,75.0,12.0
959.0,103.0,16.8,-41.5,28.68,11.8,75.0,12.0
952.0,110.0,17.1,-42.0,28.71,12.100000000000001,75.0,12.0
952.0,110.0,17.4,-42.5,28.74,12.399999999999999,75.0,12.0
952.0,110.0,17.6,-43.1,28.76,12.600000000000001,75.0,12.0
950.0,113.0,17.9,-43.6,28.79,12.899999999999999,75.0,12.0
948.0,115.0,19.1,-45.8,28.91,14.100000000000001,75.0,12.0
948.0,115.0,19.4,-46.3,28.94,14.399999999999999,75.0,12.0
948.0,115.0,19.7,-46.8,28.97,14.7,75.0,12.0
948.0,115.0,20.0,-47.3,28.5,15.0,75.0,12.0
950.0,113.0,20.3,-47.8,28.53,15.3,75.0,12.0
948.0,115.0,21.1,-50.4,28.61,16.1,75.0,12.0
945.0,118.0,21.1,-50.9,28.61,16.1,75.0,12.0
942.0,120.0,21.1,-51.4,28.61,16.1,75.0,12.0
939.0,123.0,21.1,-51.8,28.61,16.1,75.0,12.0
930.0,130.0,21.4,-53.6,28.64,16.4,75.0,12.0
925.0,135.0,21.4,-54.0,28.64,16.4,75.0,12.0
920.0,140.0,21.4,-54.4,28.64,16.4,75.0,12.0
915.0,145.0,21.5,-54.8,28.65,16.5,75.0,12.0
918.0,143.0,21.6,-55.3,28.66,16.6,75.0,12.0
920.0,140.0,21.6,-57.4,28.66,16.6,75.0,12.0
920.0,140.0,21.6,-57.8,28.66,16.6,75.0,12.0
920.0,140.0,21.7,-58.2,28.67,16.7,75.0,12.0
923.0,138.0,21.8,-58.7,28.68,16.8,75.0,12.0
935.0,135.0,22.1,-61.0,28.71,17.1,75.0,12.0
934.0,138.0,22.3,-61.5,28.73,17.3,75.0,12.0
932.0,140.0,22.5,-62.1,28.75,17.5,75.0,12.0
934.0,138.0,22.7,-62.7,28.77,17.7,75.0,12.0
935.0,135.0,23.5,-65.8,28.85,18.5,75.0,12.0
934.0,138.0,23.7,-66.4,28.87,18.7,75.0,12.0
933.0,140.0,23.9,-67.0,28.89,18.9,75.0,12.0
935.0,135.0,24.1,-67.5,28.91,19.1,75.0,12.0
946.0,120.0,24.8,-69.4,28.98,19.8,75.0,12.0
948.0,118.0,25.1,-69.6,28.51,20.1,75.0,12.0
949.0,115.0,25.3,-69.8,28.53,20.3,75.0,12.0
951.0,110.0,25.5,-70.0,28.55,20.5,75.0,12.0
959.0,95.0,26.8,-70.9,28.68,21.8,75.0,12.0
959.0,95.0,27.1,-71.1,28.71,22.1,75.0,12.0
959.0,95.0,27.4,-71.2,28.74,22.4,75.0,12.0
958.0,95.0,27.8,-71.3,28.78,22.8,75.0,12.0
957.0,90.0,29.7,-72.5,28.97,24.7,75.0,12.0
956.0,90.0,30.1,-72.8,28.51,10.100000000000001,75.0,12.0
955.0,90.0,30.6,-73.0,28.56,10.600000000000001,75.0,12.0
954.0,90.0,31.1,-73.3,28.61,11.100000000000001,75.0,12.0
956.0,90.0,33.7,-75.2,28.87,13.700000000000003,75.0,12.0
957.0,88.0,34.4,-75.8,28.94,14.399999999999999,75.0,12.0
958.0,85.0,35.1,-76.4,28.51,15.100000000000001,75.0,12.0
964.0,75.0,35.9,-77.1,28.59,15.899999999999999,75.0,12.0
997.0,35.0,40.9,-80.3,28.59,20.9,75.0,12.0
999.0,33.0,42.4,-80.6,28.74,22.4,75.0,12.0
1000.0,30.0,43.9,-80.9,28.89,23.9,75.0,12.0
1000.0,28.0,46.0,-81.0,28.6,11.0,75.0,12.0
1009.0,25.0,11.5,-21.9,28.65,21.5,75.0,12.0
1009.0,25.0,11.4,-22.2,28.64,21.4,75.0,12.0
1009.0,25.0,11.3,-22.4,28.63,21.3,75.0,12.0
1009.0,25.0,11.2,-22.6,28.62,21.2,75.0,12.0
1007.0,28.0,12.0,-24.0,28.7,22.0,75.0,12.0
1007.0,30.0,12.4,-24.4,28.74,22.4,75.0,12.0
1007.0,30.0,13.0,-24.6,28.8,23.0,75.0,12.0
1007.0,30.0,13.6,-24.9,28.86,23.6,75.0,12.0
1010.0,25.0,15.6,-25.1,28.56,10.6,75.0,12.0
1010.0,25.0,15.9,-25.2,28.59,10.9,75.0,12.0
1009.0,25.0,28.2,-62.4,28.82,23.2,75.0,12.0
1008.0,28.0,28.3,-62.3,28.83,23.3,75.0,12.0
1007.0,30.0,28.3,-62.2,28.83,23.3,75.0,12.0
1007.0,33.0,28.4,-62.1,28.84,23.4,75.0,12.0
1000.0,45.0,29.2,-61.4,28.92,24.2,75.0,12.0
998.0,48.0,29.8,-61.5,28.98,24.8,75.0,12.0
996.0,50.0,30.4,-61.6,28.54,10.399999999999999,75.0,12.0
994.0,53.0,30.6,-61.7,28.56,10.600000000000001,75.0,12.0
987.0,65.0,31.8,-62.0,28.68,11.8,75.0,12.0
987.0,68.0,32.1,-62.0,28.71,12.100000000000001,75.0,12.0
987.0,70.0,32.5,-62.0,28.75,12.5,75.0,12.0
986.0,73.0,32.9,-62.0,28.79,12.899999999999999,75.0,12.0
979.0,75.0,35.2,-62.8,28.52,15.200000000000003,75.0,12.0
974.0,83.0,35.4,-63.0,28.54,15.399999999999999,75.0,12.0
969.0,90.0,35.5,-63.2,28.55,15.5,75.0,12.0
970.0,90.0,35.9,-63.4,28.59,15.899999999999999,75.0,12.0
970.0,90.0,38.5,-64.1,28.85,18.5,75.0,12.0
970.0,90.0,39.4,-64.1,28.94,19.4,75.0,12.0
970.0,90.0,40.2,-64.1,28.52,20.200000000000003,75.0,12.0
971.0,88.0,41.5,-64.0,28.65,21.5,75.0,12.0
1008.0,30.0,11.8,-37.7,28.68,21.8,75.0,12.0
1008.0,30.0,14.6,-39.8,28.96,24.6,75.0,12.0
1007.0,30.0,15.2,-40.2,28.52,10.2,75.0,12.0
1007.0,30.0,15.9,-40.6,28.59,10.9,75.0,12.0
1007.0,30.0,16.6,-41.0,28.66,11.600000000000001,75.0,12.0
1007.0,30.0,19.6,-43.4,28.96,14.600000000000001,75.0,12.0
1007.0,30.0,20.0,-43.8,28.5,15.0,75.0,12.0
1006.0,33.0,20.5,-44.0,28.55,15.5,75.0,12.0
1005.0,35.0,21.0,-44.2,28.6,16.0,75.0,12.0
997.0,50.0,23.4,-44.0,28.84,18.4,75.0,12.0
997.0,50.0,23.9,-43.6,28.89,18.9,75.0,12.0
997.0,50.0,24.4,-43.1,28.94,19.4,75.0,12.0
997.0,50.0,24.8,-42.6,28.98,19.8,75.0,12.0
993.0,55.0,27.8,-39.0,28.78,22.8,75.0,12.0
991.0,55.0,28.3,-38.2,28.83,23.3,75.0,12.0
989.0,60.0,28.8,-37.5,28.88,23.8,75.0,12.0
987.0,65.0,29.2,-36.8,28.92,24.2,75.0,12.0
992.0,55.0,31.3,-35.0,28.63,11.3,75.0,12.0
992.0,55.0,31.8,-35.1,28.68,11.8,75.0,12.0
994.0,53.0,32.2,-35.5,28.72,12.200000000000003,75.0,12.0
996.0,50.0,32.6,-36.0,28.76,12.600000000000001,75.0,12.0
996.0,53.0,32.3,-39.0,28.73,12.299999999999997,75.0,12.0
994.0,55.0,32.2,-39.6,28.72,12.200000000000003,75.0,12.0
991.0,60.0,32.0,-40.3,28.7,12.0,75.0,12.0
987.0,65.0,31.7,-40.9,28.67,11.7,75.0,12.0
979.0,75.0,30.2,-43.3,28.52,10.2,75.0,12.0
979.0,75.0,30.1,-43.6,28.51,10.100000000000001,75.0,12.0
978.0,78.0,30.0,-44.2,28.5,10.0,75.0,12.0
976.0,80.0,29.9,-44.7,28.99,24.9,75.0,12.0
970.0,90.0,29.4,-47.8,28.94,24.4,75.0,12.0
966.0,95.0,29.5,-48.5,28.95,24.5,75.0,12.0
962.0,100.0,29.6,-49.1,28.96,24.6,75.0,12.0
962.0,100.0,29.8,-49.7,28.98,24.8,75.0,12.0
956.0,105.0,30.1,-52.8,28.51,10.100000000000001,75.0,12.0
954.0,108.0,30.1,-53.4,28.51,10.100000000000001,75.0,12.0
952.0,110.0,30.2,-54.0,28.52,10.2,75.0,12.0
957.0,105.0,30.3,-54.4,28.53,10.3,75.0,12.0
973.0,90.0,30.7,-56.1,28.57,10.7,75.0,12.0
974.0,88.0,31.0,-56.3,28.6,11.0,75.0,12.0
975.0,85.0,31.4,-56.4,28.64,11.399999999999999,75.0,12.0
976.0,83.0,31.8,-56.3,28.68,11.8,75.0,12.0
979.0,75.0,35.2,-55.6,28.52,15.200000000000003,75.0,12.0
981.0,73.0,36.0,-55.3,28.6,16.0,75.0,12.0
983.0,70.0,36.9,-55.0,28.69,16.9,75.0,12.0
985.0,68.0,37.8,-54.5,28.78,17.799999999999997,75.0,12.0
987.0,60.0,43.8,-49.5,28.88,23.799999999999997,75.0,12.0
984.0,60.0,45.6,-48.4,28.56,10.600000000000001,75.0,12.0
980.0,60.0,47.5,-47.2,28.75,12.5,75.0,12.0
1009.0,15.0,18.5,-84.7,28.85,13.5,75.0,12.0
1009.0,15.0,18.6,-84.8,28.86,13.600000000000001,75.0,12.0
1008.0,20.0,19.3,-86.0,28.93,14.3,75.0,12.0
1008.0,20.0,19.5,-86.5,28.95,14.5,75.0,12.0
1008.0,20.0,19.7,-86.9,28.97,14.7,75.0,12.0
1008.0,20.0,19.9,-87.2,28.99,14.899999999999999,75.0,12.0
1007.0,20.0,20.8,-89.3,28.58,15.8,75.0,12.0
1007.0,20.0,21.0,-89.6,28.6,16.0,75.0,12.0
1007.0,23.0,21.1,-90.0,28.61,16.1,75.0,12.0
1007.0,33.0,21.3,-92.3,28.63,16.3,75.0,12.0
1006.0,35.0,21.2,-92.5,28.62,16.2,75.0,12.0
1006.0,38.0,21.0,-92.7,28.6,16.0,75.0,12.0
1006.0,40.0,20.9,-92.9,28.59,15.899999999999999,75.0,12.0
1004.0,43.0,21.0,-93.1,28.6,16.0,75.0,12.0
1003.0,45.0,21.0,-93.2,28.6,16.0,75.0,12.0
1003.0,45.0,20.9,-93.3,28.59,15.899999999999999,75.0,12.0
1002.0,45.0,20.9,-93.4,28.59,15.899999999999999,75.0,12.0
997.0,48.0,20.4,-93.5,28.54,15.399999999999999,75.0,12.0
996.0,50.0,20.4,-93.6,28.54,15.399999999999999,75.0,12.0
995.0,53.0,20.4,-93.8,28.54,15.399999999999999,75.0,12.0
993.0,55.0,20.5,-94.0,28.55,15.5,75.0,12.0
995.0,50.0,20.0,-94.6,28.5,15.0,75.0,12.0
995.0,50.0,19.9,-94.7,28.99,14.899999999999999,75.0,12.0
995.0,50.0,19.8,-94.6,28.98,14.8,75.0,12.0
995.0,50.0,19.6,-94.5,28.96,14.600000000000001,75.0,12.0
995.0,50.0,19.1,-93.8,28.91,14.100000000000001,75.0,12.0
996.0,50.0,18.8,-93.8,28.88,13.8,75.0,12.0
996.0,50.0,18.7,-93.7,28.87,13.7,75.0,12.0
996.0,50.0,18.6,-93.6,28.86,13.600000000000001,75.0,12.0
999.0,45.0,18.3,-93.6,28.83,13.3,75.0,12.0
1000.0,40.0,18.2,-93.7,28.82,13.2,75.0,12.0
1002.0,38.0,18.0,-93.8,28.8,13.0,75.0,12.0
1003.0,35.0,17.9,-93.8,28.79,12.899999999999999,75.0,12.0
1006.0,20.0,17.0,-94.2,28.7,12.0,75.0,12.0
1006.0,20.0,16.9,-94.3,28.69,11.899999999999999,75.0,12.0
1007.0,18.0,16.8,-94.4,28.68,11.8,75.0,12.0
1007.0,15.0,16.6,-94.5,28.66,11.600000000000001,75.0,12.0
1009.0,15.0,15.9,-95.2,28.59,10.9,75.0,12.0
1009.0,15.0,15.8,-95.3,28.58,10.8,75.0,12.0
1004.0,40.0,19.1,-68.8,28.91,14.100000000000001,75.0,12.0
1003.0,40.0,19.6,-69.3,28.96,14.600000000000001,75.0,12.0
1007.0,35.0,21.8,-71.3,28.68,16.8,75.0,12.0
1007.0,35.0,22.3,-71.4,28.73,17.3,75.0,12.0
1007.0,35.0,22.7,-71.5,28.77,17.7,75.0,12.0
1007.0,35.0,23.1,-71.7,28.81,18.1,75.0,12.0
1008.0,30.0,24.7,-72.2,28.97,19.7,75.0,12.0
1008.0,30.0,25.1,-72.1,28.51,20.1,75.0,12.0
1008.0,30.0,25.5,-72.0,28.55,20.5,75.0,12.0
1008.0,30.0,25.6,-71.5,28.56,20.6,75.0,12.0
1008.0,30.0,25.8,-69.3,28.58,20.8,75.0,12.0
1008.0,30.0,25.9,-68.8,28.59,20.9,75.0,12.0
1007.0,30.0,25.9,-68.3,28.59,20.9,75.0,12.0
1008.0,28.0,25.9,-68.0,28.59,20.9,75.0,12.0
1008.0,25.0,9.6,-38.0,28.96,19.6,75.0,12.0
1008.0,25.0,9.6,-38.4,28.96,19.6,75.0,12.0
1008.0,28.0,9.8,-38.6,28.98,19.8,75.0,12.0
1007.0,30.0,9.9,-38.9,28.99,19.9,75.0,12.0
1006.0,30.0,10.6,-40.7,28.56,20.6,75.0,12.0
1006.0,30.0,10.7,-41.1,28.57,20.7,75.0,12.0
1006.0,33.0,10.8,-41.5,28.58,20.8,75.0,12.0
1005.0,35.0,10.9,-41.9,28.59,20.9,75.0,12.0
1000.0,45.0,11.7,-43.4,28.67,21.7,75.0,12.0
1000.0,45.0,11.8,-43.7,28.68,21.8,75.0,12.0
1000.0,45.0,12.0,-44.0,28.7,22.0,75.0,12.0
1000.0,45.0,12.2,-44.3,28.72,22.2,75.0,12.0
999.0,48.0,13.3,-45.8,28.83,23.3,75.0,12.0
997.0,50.0,13.5,-46.0,28.85,23.5,75.0,12.0
996.0,53.0,13.8,-46.3,28.88,23.8,75.0,12.0
994.0,55.0,14.0,-46.6,28.9,24.0,75.0,12.0
992.0,58.0,15.3,-47.8,28.53,10.3,75.0,12.0
990.0,60.0,15.5,-48.0,28.55,10.5,75.0,12.0
992.0,58.0,15.8,-48.0,28.58,10.8,75.0,12.0
994.0,55.0,16.1,-48.1,28.61,11.100000000000001,75.0,12.0
994.0,55.0,16.5,-47.8,28.65,11.5,75.0,12.0
996.0,53.0,16.6,-47.8,28.66,11.600000000000001,75.0,12.0
997.0,50.0,16.7,-47.7,28.67,11.7,75.0,12.0
997.0,50.0,17.5,-47.3,28.75,12.5,75.0,12.0
997.0,50.0,17.6,-47.3,28.76,12.600000000000001,75.0,12.0
999.0,48.0,17.6,-47.4,28.76,12.600000000000001,75.0,12.0
1000.0,45.0,17.6,-47.5,28.76,12.600000000000001,75.0,12.0
1002.0,40.0,17.8,-48.1,28.78,12.8,75.0,12.0
1004.0,38.0,18.0,-48.5,28.8,13.0,75.0,12.0
1005.0,35.0,18.1,-48.9,28.81,13.100000000000001,75.0,12.0
1000.0,45.0,18.7,-51.0,28.87,13.7,75.0,12.0
1000.0,45.0,18.6,-51.5,28.86,13.600000000000001,75.0,12.0
1000.0,45.0,18.6,-52.0,28.86,13.600000000000001,75.0,12.0
1001.0,43.0,18.6,-52.5,28.86,13.600000000000001,75.0,12.0
1005.0,35.0,18.8,-54.1,28.88,13.8,75.0,12.0
1005.0,35.0,19.5,-54.6,28.95,14.5,75.0,12.0
1005.0,35.0,19.9,-55.0,28.99,14.899999999999999,75.0,12.0
1007.0,30.0,22.5,-56.4,28.75,17.5,75.0,12.0
1008.0,30.0,23.1,-56.6,28.81,18.1,75.0,12.0
1008.0,30.0,23.6,-56.9,28.86,18.6,75.0,12.0
1009.0,28.0,24.4,-56.8,28.94,19.4,75.0,12.0
1011.0,25.0,28.8,-56.1,28.88,23.8,75.0,12.0
1012.0,25.0,29.5,-55.9,28.95,24.5,75.0,12.0
1012.0,25.0,30.2,-55.7,28.52,10.2,75.0,12.0
1013.0,23.0,30.8,-55.3,28.58,10.8,75.0,12.0
1014.0,20.0,32.4,-52.0,28.74,12.399999999999999,75.0,12.0
1014.0,20.0,32.5,-51.3,28.75,12.5,75.0,12.0
1013.0,20.0,32.5,-50.5,28.75,12.5,75.0,12.0
1010.0,30.0,29.3,-49.0,28.93,24.3,75.0,12.0
1009.0,30.0,28.8,-49.3,28.88,23.8,75.0,12.0
1008.0,30.0,28.3,-49.6,28.83,23.3,75.0,12.0
1007.0,35.0,26.4,-53.7,28.64,21.4,75.0,12.0
1007.0,35.0,26.5,-54.6,28.65,21.5,75.0,12.0
1007.0,35.0,26.6,-55.5,28.66,21.6,75.0,12.0
1008.0,33.0,26.9,-56.4,28.69,21.9,75.0,12.0
1009.0,30.0,28.9,-60.8,28.89,23.9,75.0,12.0
1009.0,30.0,29.2,-61.8,28.92,24.2,75.0,12.0
1009.0,30.0,29.5,-62.8,28.95,24.5,75.0,12.0
1009.0,28.0,29.4,-63.9,28.94,24.4,75.0,12.0
1009.0,25.0,29.8,-68.0,28.98,24.8,75.0,12.0
1009.0,25.0,30.1,-68.0,28.51,10.100000000000001,75.0,12.0
1008.0,30.0,30.0,-65.8,28.5,10.0,75.0,12.0
1008.0,30.0,29.6,-65.5,28.96,24.6,75.0,12.0
1008.0,30.0,29.3,-65.3,28.93,24.3,75.0,12.0
1008.0,30.0,29.0,-65.4,28.9,24.0,75.0,12.0
1007.0,30.0,27.7,-66.3,28.77,22.7,75.0,12.0
1007.0,30.0,27.4,-66.3,28.74,22.4,75.0,12.0
1006.0,30.0,27.0,-66.4,28.7,22.0,75.0,12.0
1006.0,30.0,26.7,-66.3,28.67,21.7,75.0,12.0
1005.0,30.0,27.0,-66.3,28.7,22.0,75.0,12.0
1005.0,30.0,27.4,-66.7,28.74,22.4,75.0,12.0
1005.0,30.0,27.7,-67.0,28.77,22.7,75.0,12.0
1005.0,30.0,12.9,-76.2,28.79,22.9,75.0,12.0
1004.0,33.0,13.1,-76.0,28.81,23.1,75.0,12.0
1003.0,35.0,13.3,-75.7,28.83,23.3,75.0,12.0
1002.0,40.0,13.5,-75.5,28.85,23.5,75.0,12.0
993.0,50.0,14.1,-74.4,28.91,24.1,75.0,12.0
994.0,50.0,14.2,-74.1,28.92,24.2,75.0,12.0
995.0,50.0,14.3,-73.8,28.93,24.3,75.0,12.0
995.0,50.0,14.7,-73.4,28.97,24.7,75.0,12.0
995.0,55.0,16.6,-72.2,28.66,11.600000000000001,75.0,12.0
995.0,55.0,16.9,-72.1,28.69,11.899999999999999,75.0,12.0
994.0,55.0,17.2,-72.0,28.72,12.2,75.0,12.0
996.0,50.0,17.5,-71.7,28.75,12.5,75.0,12.0
1003.0,40.0,20.5,-69.5,28.55,15.5,75.0,12.0
1003.0,43.0,21.4,-68.8,28.64,16.4,75.0,12.0
1002.0,45.0,22.4,-68.1,28.74,17.4,75.0,12.0
1002.0,45.0,22.9,-67.0,28.79,17.9,75.0,12.0
1005.0,40.0,25.4,-61.6,28.54,20.4,75.0,12.0
1005.0,40.0,25.9,-60.5,28.59,20.9,75.0,12.0
1005.0,40.0,26.3,-59.5,28.63,21.3,75.0,12.0
1005.0,40.0,26.9,-58.3,28.69,21.9,75.0,12.0
1006.0,40.0,30.4,-51.1,28.54,10.399999999999999,75.0,12.0
1006.0,40.0,31.1,-49.4,28.61,11.100000000000001,75.0,12.0
1006.0,40.0,31.9,-47.7,28.69,11.899999999999999,75.0,12.0
1005.0,40.0,27.5,-34.5,28.75,22.5,75.0,12.0
1004.0,40.0,23.3,-36.3,28.83,18.3,75.0,12.0
1004.0,40.0,22.4,-36.8,28.74,17.4,75.0,12.0
1004.0,40.0,21.5,-37.3,28.65,16.5,75.0,12.0
1004.0,40.0,20.7,-37.9,28.57,15.7,75.0,12.0
995.0,45.0,19.8,-37.3,28.98,14.8,75.0,12.0
992.0,50.0,19.5,-37.2,28.95,14.5,75.0,12.0
991.0,55.0,20.3,-37.1,28.53,15.3,75.0,12.0
990.0,60.0,21.0,-37.0,28.6,16.0,75.0,12.0
1005.0,33.0,23.5,-37.1,28.85,18.5,75.0,12.0
1005.0,30.0,23.8,-37.1,28.88,18.8,75.0,12.0
1005.0,30.0,24.4,-36.9,28.94,19.4,75.0,12.0
1005.0,30.0,25.0,-36.7,28.5,20.0,75.0,12.0
1010.0,25.0,30.3,-78.3,28.53,10.3,75.0,12.0
1010.0,25.0,30.6,-78.5,28.56,10.600000000000001,75.0,12.0
1009.0,25.0,31.0,-78.8,28.6,11.0,75.0,12.0
1009.0,30.0,31.6,-79.1,28.66,11.600000000000001,75.0,12.0
1009.0,33.0,31.6,-79.2,28.66,11.600000000000001,75.0,12.0
1009.0,35.0,31.6,-79.2,28.66,11.600000000000001,75.0,12.0
1008.0,35.0,31.6,-79.3,28.66,11.600000000000001,75.0,12.0
1007.0,35.0,31.5,-79.3,28.65,11.5,75.0,12.0
993.0,50.0,31.6,-78.8,28.66,11.600000000000001,75.0,12.0
993.0,50.0,31.8,-78.7,28.68,11.8,75.0,12.0
990.0,55.0,32.1,-78.5,28.71,12.100000000000001,75.0,12.0
987.0,60.0,32.4,-78.2,28.74,12.399999999999999,75.0,12.0
974.0,85.0,34.2,-76.4,28.92,14.200000000000003,75.0,12.0
973.0,85.0,34.8,-75.8,28.98,14.799999999999997,75.0,12.0
972.0,85.0,35.3,-75.2,28.53,15.299999999999997,75.0,12.0
973.0,83.0,35.6,-74.5,28.56,15.600000000000001,75.0,12.0
974.0,80.0,36.0,-73.7,28.6,16.0,75.0,12.0
973.0,85.0,37.3,-70.2,28.73,17.299999999999997,75.0,12.0
969.0,90.0,37.5,-69.3,28.75,17.5,75.0,12.0
965.0,95.0,37.8,-68.3,28.78,17.799999999999997,75.0,12.0
961.0,100.0,38.1,-67.2,28.81,18.1,75.0,12.0
962.0,100.0,40.8,-59.6,28.58,20.799999999999997,75.0,12.0
966.0,95.0,41.8,-57.3,28.68,21.799999999999997,75.0,12.0
970.0,90.0,42.7,-55.0,28.77,22.700000000000003,75.0,12.0
986.0,58.0,46.5,-40.9,28.65,11.5,75.0,12.0
987.0,50.0,47.0,-37.5,28.7,12.0,75.0,12.0
990.0,40.0,47.2,-35.1,28.72,12.200000000000003,75.0,12.0
992.0,30.0,47.4,-32.7,28.74,12.399999999999999,75.0,12.0
1010.0,25.0,12.9,-53.6,28.79,22.9,75.0,12.0
1010.0,25.0,13.1,-54.5,28.81,23.1,75.0,12.0
1010.0,25.0,13.2,-55.4,28.82,23.2,75.0,12.0
1010.0,28.0,13.4,-56.4,28.84,23.4,75.0,12.0
1010.0,30.0,13.6,-61.6,28.86,23.6,75.0,12.0
1010.0,30.0,13.6,-62.7,28.86,23.6,75.0,12.0
1010.0,30.0,13.7,-63.7,28.87,23.7,75.0,12.0
1010.0,28.0,13.9,-64.7,28.89,23.9,75.0,12.0
1011.0,25.0,16.0,-69.7,28.6,11.0,75.0,12.0
1011.0,25.0,16.3,-70.6,28.63,11.3,75.0,12.0
1011.0,25.0,16.5,-71.5,28.65,11.5,75.0,12.0
1011.0,25.0,16.8,-72.3,28.68,11.8,75.0,12.0
1011.0,25.0,17.2,-76.2,28.72,12.2,75.0,12.0
1011.0,25.0,17.1,-76.7,28.71,12.100000000000001,75.0,12.0
1011.0,25.0,17.0,-77.2,28.7,12.0,75.0,12.0
1011.0,25.0,17.1,-77.7,28.71,12.100000000000001,75.0,12.0
1013.0,20.0,17.8,-80.2,28.78,12.8,75.0,12.0
1013.0,20.0,18.1,-80.7,28.81,13.100000000000001,75.0,12.0
1013.0,20.0,18.4,-81.1,28.84,13.399999999999999,75.0,12.0
1013.0,20.0,18.7,-81.5,28.87,13.7,75.0,12.0
1009.0,25.0,20.6,-83.9,28.56,15.600000000000001,75.0,12.0
1008.0,25.0,20.9,-84.3,28.59,15.899999999999999,75.0,12.0
1008.0,25.0,21.2,-84.9,28.62,16.2,75.0,12.0
1008.0,25.0,21.5,-85.5,28.65,16.5,75.0,12.0
1008.0,35.0,22.5,-87.6,28.75,17.5,75.0,12.0
1008.0,38.0,22.7,-87.9,28.77,17.7,75.0,12.0
1007.0,40.0,22.9,-88.3,28.79,17.9,75.0,12.0
1007.0,43.0,23.0,-88.7,28.8,18.0,75.0,12.0
1006.0,45.0,23.1,-89.0,28.81,18.1,75.0,12.0
1002.0,50.0,24.0,-90.6,28.9,19.0,75.0,12.0
1003.0,48.0,24.2,-90.6,28.92,19.2,75.0,12.0
1003.0,45.0,24.4,-90.6,28.94,19.4,75.0,12.0
1003.0,43.0,24.5,-90.6,28.95,19.5,75.0,12.0
1003.0,40.0,24.7,-90.6,28.97,19.7,75.0,12.0
1001.0,45.0,25.7,-90.4,28.57,20.7,75.0,12.0
1001.0,50.0,26.0,-90.0,28.6,21.0,75.0,12.0
1001.0,55.0,26.4,-89.6,28.64,21.4,75.0,12.0
1004.0,53.0,26.7,-89.2,28.67,21.7,75.0,12.0
1007.0,50.0,27.0,-88.8,28.7,22.0,75.0,12.0
1002.0,45.0,29.0,-86.1,28.9,24.0,75.0,12.0
1004.0,38.0,29.6,-85.0,28.96,24.6,75.0,12.0
1006.0,30.0,30.2,-84.0,28.52,10.2,75.0,12.0
1007.0,28.0,31.0,-82.7,28.6,11.0,75.0,12.0
1008.0,25.0,31.9,-81.3,28.69,11.899999999999999,75.0,12.0
1008.0,25.0,36.3,-75.7,28.63,16.299999999999997,75.0,12.0
1008.0,25.0,37.1,-74.9,28.71,17.1,75.0,12.0
1010.0,23.0,38.0,-74.2,28.8,18.0,75.0,12.0
1010.0,30.0,11.4,-59.2,28.64,21.4,75.0,12.0
1010.0,30.0,11.6,-60.2,28.66,21.6,75.0,12.0
1009.0,30.0,11.7,-61.1,28.67,21.7,75.0,12.0
1009.0,30.0,11.9,-62.2,28.69,21.9,75.0,12.0
1004.0,40.0,13.8,-67.6,28.88,23.8,75.0,12.0
1002.0,43.0,14.4,-68.7,28.94,24.4,75.0,12.0
1000.0,45.0,14.9,-69.8,28.99,24.9,75.0,12.0
1000.0,50.0,15.3,-70.8,28.53,10.3,75.0,12.0
995.0,60.0,16.3,-75.4,28.63,11.3,75.0,12.0
994.0,63.0,16.5,-76.1,28.65,11.5,75.0,12.0
993.0,65.0,16.7,-76.8,28.67,11.7,75.0,12.0
993.0,65.0,17.0,-77.4,28.7,12.0,75.0,12.0
984.0,80.0,19.2,-80.7,28.92,14.2,75.0,12.0
982.0,85.0,19.9,-81.2,28.99,14.899999999999999,75.0,12.0
978.0,90.0,21.1,-81.9,28.61,16.1,75.0,12.0
976.0,90.0,21.7,-82.2,28.67,16.7,75.0,12.0
958.0,110.0,25.3,-82.7,28.53,20.3,75.0,12.0
947.0,125.0,26.1,-82.4,28.61,21.1,75.0,12.0
959.0,100.0,27.1,-82.0,28.71,22.1,75.0,12.0
970.0,75.0,28.1,-81.6,28.81,23.1,75.0,12.0
988.0,65.0,32.3,-79.7,28.73,12.299999999999997,75.0,12.0
994.0,63.0,33.4,-78.9,28.84,13.399999999999999,75.0,12.0
1000.0,60.0,34.5,-78.1,28.95,14.5,75.0,12.0
1006.0,50.0,35.7,-77.0,28.57,15.700000000000003,75.0,12.0
1012.0,40.0,36.9,-75.9,28.69,16.9,75.0,12.0
1009.0,30.0,12.3,-21.8,28.73,22.3,75.0,12.0
1009.0,30.0,12.4,-22.4,28.74,22.4,75.0,12.0
1009.0,30.0,12.4,-23.0,28.74,22.4,75.0,12.0
1009.0,35.0,12.6,-24.2,28.76,22.6,75.0,12.0
1004.0,43.0,13.1,-26.1,28.81,23.1,75.0,12.0
1004.0,45.0,13.2,-26.8,28.82,23.2,75.0,12.0
999.0,50.0,13.4,-27.5,28.84,23.4,75.0,12.0
994.0,55.0,13.5,-28.1,28.85,23.5,75.0,12.0
980.0,78.0,14.4,-31.5,28.94,24.4,75.0,12.0
978.0,80.0,14.7,-32.1,28.97,24.7,75.0,12.0
977.0,83.0,14.9,-32.8,28.99,24.9,75.0,12.0
975.0,85.0,15.2,-33.5,28.52,10.2,75.0,12.0
970.0,90.0,17.3,-36.6,28.73,12.3,75.0,12.0
970.0,90.0,17.7,-37.2,28.77,12.7,75.0,12.0
967.0,93.0,18.4,-37.7,28.84,13.399999999999999,75.0,12.0
964.0,95.0,19.0,-38.2,28.9,14.0,75.0,12.0
965.0,95.0,19.6,-38.5,28.96,14.600000000000001,75.0,12.0
970.0,90.0,22.5,-39.8,28.75,17.5,75.0,12.0
970.0,90.0,23.3,-40.0,28.83,18.3,75.0,12.0
972.0,88.0,24.0,-40.1,28.9,19.0,75.0,12.0
974.0,85.0,24.6,-40.3,28.96,19.6,75.0,12.0
990.0,60.0,27.7,-40.0,28.77,22.7,75.0,12.0
994.0,55.0,28.1,-39.8,28.81,23.1,75.0,12.0
1000.0,50.0,28.5,-39.3,28.85,23.5,75.0,12.0
1005.0,45.0,28.9,-38.9,28.89,23.9,75.0,12.0
1006.0,43.0,29.1,-38.3,28.91,24.1,75.0,12.0
1007.0,38.0,29.8,-37.7,28.98,24.8,75.0,12.0
1007.0,35.0,29.9,-37.7,28.99,24.9,75.0,12.0
1007.0,35.0,29.9,-37.5,28.99,24.9,75.0,12.0
1007.0,35.0,29.9,-37.2,28.99,24.9,75.0,12.0
1011.0,35.0,30.4,-37.1,28.54,10.399999999999999,75.0,12.0
1011.0,35.0,30.5,-37.2,28.55,10.5,75.0,12.0
1012.0,33.0,30.7,-37.4,28.57,10.7,75.0,12.0
1012.0,30.0,30.9,-37.6,28.59,10.899999999999999,75.0,12.0
1012.0,30.0,30.9,-37.8,28.59,10.899999999999999,75.0,12.0
1014.0,28.0,30.6,-38.8,28.56,10.600000000000001,75.0,12.0
1014.0,25.0,30.7,-38.9,28.57,10.7,75.0,12.0
1014.0,25.0,30.6,-39.0,28.56,10.600000000000001,75.0,12.0
1014.0,25.0,30.5,-39.2,28.55,10.5,75.0,12.0
1015.0,25.0,30.4,-39.5,28.54,10.399999999999999,75.0,12.0
1015.0,25.0,30.3,-40.5,28.53,10.3,75.0,12.0
1015.0,25.0,30.3,-40.8,28.53,10.3,75.0,12.0
1016.0,25.0,30.4,-41.0,28.54,10.399999999999999,75.0,12.0
1016.0,25.0,30.4,-41.2,28.54,10.399999999999999,75.0,12.0
1016.0,25.0,30.6,-41.6,28.56,10.600000000000001,75.0,12.0
1017.0,25.0,32.0,-42.9,28.7,12.0,75.0,12.0
1017.0,25.0,32.3,-43.3,28.73,12.299999999999997,75.0,12.0
1017.0,25.0,32.7,-43.5,28.77,12.700000000000003,75.0,12.0
1017.0,25.0,33.1,-43.8,28.81,13.100000000000001,75.0,12.0
1018.0,23.0,33.5,-44.0,28.85,13.5,75.0,12.0
1018.0,20.0,33.9,-44.2,28.89,13.899999999999999,75.0,12.0
1019.0,20.0,35.1,-44.8,28.51,15.100000000000001,75.0,12.0
1019.0,20.0,35.5,-45.0,28.55,15.5,75.0,12.0
1019.0,20.0,36.0,-45.1,28.6,16.0,75.0,12.0
1019.0,20.0,36.4,-45.2,28.64,16.4,75.0,12.0
1011.0,30.0,9.0,-45.6,28.9,19.0,75.0,12.0
1011.0,30.0,9.1,-46.5,28.91,19.1,75.0,12.0
1011.0,30.0,10.1,-51.4,28.51,20.1,75.0,12.0
1011.0,33.0,10.3,-52.5,28.53,20.3,75.0,12.0
1010.0,35.0,10.5,-53.5,28.55,20.5,75.0,12.0
1010.0,35.0,10.8,-54.7,28.58,20.8,75.0,12.0
1009.0,45.0,11.8,-60.8,28.68,21.8,75.0,12.0
1010.0,40.0,11.9,-61.8,28.69,21.9,75.0,12.0
1010.0,35.0,12.1,-62.8,28.71,22.1,75.0,12.0
1008.0,30.0,11.3,-37.5,28.63,21.3,75.0,12.0
1007.0,30.0,11.3,-38.3,28.63,21.3,75.0,12.0
1006.0,33.0,11.4,-39.0,28.64,21.4,75.0,12.0
1005.0,35.0,11.5,-39.8,28.65,21.5,75.0,12.0
997.0,50.0,12.6,-43.7,28.76,22.6,75.0,12.0
994.0,55.0,12.8,-44.5,28.78,22.8,75.0,12.0
991.0,60.0,13.1,-45.1,28.81,23.1,75.0,12.0
987.0,65.0,13.3,-45.8,28.83,23.3,75.0,12.0
986.0,68.0,13.5,-46.3,28.85,23.5,75.0,12.0
984.0,70.0,13.7,-46.8,28.87,23.7,75.0,12.0
975.0,83.0,14.4,-48.1,28.94,24.4,75.0,12.0
970.0,90.0,14.7,-48.5,28.97,24.7,75.0,12.0
966.0,95.0,15.1,-48.9,28.51,10.1,75.0,12.0
962.0,100.0,15.4,-49.3,28.54,10.4,75.0,12.0
962.0,100.0,15.7,-49.6,28.57,10.7,75.0,12.0
958.0,105.0,17.2,-51.6,28.72,12.2,75.0,12.0
953.0,110.0,17.4,-52.0,28.74,12.399999999999999,75.0,12.0
948.0,115.0,17.7,-52.3,28.77,12.7,75.0,12.0
948.0,115.0,17.9,-52.6,28.79,12.899999999999999,75.0,12.0
948.0,115.0,18.6,-54.4,28.86,13.600000000000001,75.0,12.0
948.0,113.0,18.7,-54.7,28.87,13.7,75.0,12.0
948.0,110.0,18.8,-55.0,28.88,13.8,75.0,12.0
951.0,108.0,18.9,-55.4,28.89,13.899999999999999,75.0,12.0
956.0,100.0,19.2,-58.1,28.92,14.2,75.0,12.0
952.0,105.0,19.3,-58.7,28.93,14.3,75.0,12.0
948.0,110.0,19.4,-59.3,28.94,14.399999999999999,75.0,12.0
947.0,110.0,19.5,-60.0,28.95,14.5,75.0,12.0
949.0,120.0,20.0,-63.5,28.5,15.0,75.0,12.0
946.0,123.0,20.1,-64.3,28.51,15.100000000000001,75.0,12.0
942.0,125.0,20.3,-65.0,28.53,15.3,75.0,12.0
942.0,123.0,20.5,-65.7,28.55,15.5,75.0,12.0
937.0,120.0,21.4,-69.1,28.64,16.4,75.0,12.0
939.0,120.0,21.6,-69.8,28.66,16.6,75.0,12.0
941.0,120.0,21.8,-70.4,28.68,16.8,75.0,12.0
940.0,120.0,22.0,-70.9,28.7,17.0,75.0,12.0
939.0,120.0,23.2,-73.5,28.82,18.2,75.0,12.0
944.0,118.0,23.5,-73.9,28.85,18.5,75.0,12.0
948.0,115.0,23.8,-74.3,28.88,18.8,75.0,12.0
948.0,110.0,24.0,-74.7,28.9,19.0,75.0,12.0
958.0,95.0,25.3,-76.3,28.53,20.3,75.0,12.0
959.0,93.0,25.5,-76.7,28.55,20.5,75.0,12.0
960.0,90.0,25.7,-77.1,28.57,20.7,75.0,12.0
960.0,88.0,25.9,-77.3,28.59,20.9,75.0,12.0
962.0,90.0,26.8,-78.5,28.68,21.8,75.0,12.0
962.0,90.0,26.8,-78.8,28.68,21.8,75.0,12.0
962.0,90.0,26.8,-79.1,28.68,21.8,75.0,12.0
960.0,93.0,26.9,-79.3,28.69,21.9,75.0,12.0
969.0,80.0,27.4,-80.7,28.74,22.4,75.0,12.0
972.0,70.0,27.6,-81.2,28.76,22.6,75.0,12.0
975.0,60.0,27.8,-81.7,28.78,22.8,75.0,12.0
977.0,58.0,28.0,-82.0,28.8,23.0,75.0,12.0
982.0,55.0,29.2,-83.7,28.92,24.2,75.0,12.0
982.0,53.0,29.6,-83.8,28.96,24.6,75.0,12.0
982.0,50.0,30.1,-84.0,28.51,10.100000000000001,75.0,12.0
983.0,43.0,30.6,-84.3,28.56,10.600000000000001,75.0,12.0
984.0,35.0,31.0,-84.6,28.6,11.0,75.0,12.0
992.0,25.0,32.0,-85.2,28.7,12.0,75.0,12.0
994.0,25.0,32.3,-85.2,28.73,12.299999999999997,75.0,12.0
996.0,25.0,32.5,-85.1,28.75,12.5,75.0,12.0
997.0,25.0,33.0,-84.9,28.8,13.0,75.0,12.0
998.0,25.0,33.4,-84.7,28.84,13.399999999999999,75.0,12.0
1001.0,25.0,36.1,-83.2,28.61,16.1,75.0,12.0
1002.0,25.0,37.0,-82.7,28.7,17.0,75.0,12.0
1002.0,25.0,37.8,-82.1,28.78,17.799999999999997,75.0,12.0
1002.0,25.0,38.3,-81.7,28.83,18.299999999999997,75.0,12.0
1002.0,33.0,43.5,-76.7,28.85,23.5,75.0,12.0
1002.0,30.0,44.3,-75.7,28.93,24.299999999999997,75.0,12.0
1003.0,28.0,44.8,-74.5,28.98,24.799999999999997,75.0,12.0
1005.0,20.0,46.6,-67.3,28.66,11.600000000000001,75.0,12.0
1005.0,20.0,46.9,-65.8,28.69,11.899999999999999,75.0,12.0
1015.0,25.0,31.8,-78.1,28.68,11.8,75.0,12.0
1015.0,25.0,31.7,-78.0,28.67,11.7,75.0,12.0
1014.0,25.0,31.6,-78.0,28.66,11.600000000000001,75.0,12.0
1013.0,28.0,31.5,-78.0,28.65,11.5,75.0,12.0
1000.0,45.0,31.3,-78.5,28.63,11.3,75.0,12.0
999.0,48.0,31.3,-78.7,28.63,11.3,75.0,12.0
997.0,50.0,31.3,-78.8,28.63,11.3,75.0,12.0
996.0,53.0,31.4,-78.9,28.64,11.399999999999999,75.0,12.0
986.0,65.0,32.8,-79.5,28.78,12.799999999999997,75.0,12.0
989.0,55.0,33.1,-79.5,28.81,13.100000000000001,75.0,12.0
992.0,45.0,33.5,-79.6,28.85,13.5,75.0,12.0
994.0,38.0,33.9,-79.5,28.89,13.899999999999999,75.0,12.0
1001.0,28.0,36.0,-78.3,28.6,16.0,75.0,12.0
1002.0,30.0,36.4,-77.8,28.64,16.4,75.0,12.0
1002.0,33.0,36.8,-77.2,28.68,16.799999999999997,75.0,12.0
1001.0,35.0,39.1,-72.9,28.91,19.1,75.0,12.0
1000.0,35.0,39.7,-71.7,28.97,19.700000000000003,75.0,12.0
999.0,35.0,40.2,-70.5,28.52,20.200000000000003,75.0,12.0
999.0,38.0,40.6,-69.0,28.56,20.6,75.0,12.0
999.0,45.0,43.0,-59.6,28.8,23.0,75.0,12.0
999.0,45.0,44.0,-57.3,28.9,24.0,75.0,12.0
998.0,45.0,45.0,-55.0,28.5,10.0,75.0,12.0
995.0,45.0,49.3,-41.0,28.93,14.299999999999997,75.0,12.0
1016.0,25.0,29.0,-65.2,28.9,24.0,75.0,12.0
1015.0,30.0,29.2,-66.6,28.92,24.2,75.0,12.0
1015.0,30.0,29.4,-66.9,28.94,24.4,75.0,12.0
1015.0,30.0,29.7,-67.2,28.97,24.7,75.0,12.0
1015.0,30.0,29.9,-67.8,28.99,24.9,75.0,12.0
1012.0,35.0,31.1,-69.8,28.61,11.100000000000001,75.0,12.0
1009.0,38.0,31.5,-70.2,28.65,11.5,75.0,12.0
1005.0,40.0,31.8,-70.5,28.68,11.8,75.0,12.0
1005.0,40.0,32.2,-70.8,28.72,12.200000000000003,75.0,12.0
1008.0,45.0,36.7,-71.5,28.67,16.700000000000003,75.0,12.0
1008.0,45.0,37.6,-71.4,28.76,17.6,75.0,12.0
1010.0,40.0,38.8,-71.3,28.88,18.799999999999997,75.0,12.0
1014.0,25.0,43.1,-70.5,28.81,23.1,75.0,12.0
1009.0,25.0,9.7,-27.6,28.97,19.7,75.0,12.0
1004.0,38.0,9.6,-31.2,28.96,19.6,75.0,12.0
1003.0,40.0,9.5,-32.1,28.95,19.5,75.0,12.0
1002.0,42.0,9.4,-32.9,28.94,19.4,75.0,12.0
1000.0,45.0,9.3,-33.6,28.93,19.3,75.0,12.0
997.0,50.0,8.9,-37.4,28.89,18.9,75.0,12.0
997.0,50.0,8.9,-38.2,28.89,18.9,75.0,12.0
996.0,52.0,8.9,-39.0,28.89,18.9,75.0,12.0
994.0,55.0,9.0,-39.9,28.9,19.0,75.0,12.0
982.0,75.0,9.7,-44.2,28.97,19.7,75.0,12.0
977.0,85.0,9.8,-45.1,28.98,19.8,75.0,12.0
966.0,98.0,10.0,-46.0,28.5,20.0,75.0,12.0
955.0,110.0,10.2,-46.8,28.52,20.2,75.0,12.0
952.0,112.0,10.4,-47.6,28.54,20.4,75.0,12.0
955.0,110.0,11.0,-52.5,28.6,21.0,75.0,12.0
962.0,100.0,11.2,-53.5,28.62,21.2,75.0,12.0
969.0,90.0,11.3,-54.4,28.63,21.3,75.0,12.0
966.0,90.0,11.2,-55.2,28.62,21.2,75.0,12.0
963.0,100.0,11.6,-59.4,28.66,21.6,75.0,12.0
960.0,102.0,11.7,-60.2,28.67,21.7,75.0,12.0
956.0,105.0,11.8,-61.1,28.68,21.8,75.0,12.0
953.0,110.0,11.9,-61.9,28.69,21.9,75.0,12.0
950.0,115.0,12.0,-62.6,28.7,22.0,75.0,12.0
955.0,120.0,12.6,-65.5,28.76,22.6,75.0,12.0
952.0,120.0,12.8,-66.2,28.78,22.8,75.0,12.0
950.0,120.0,13.0,-67.0,28.8,23.0,75.0,12.0
920.0,135.0,14.4,-71.3,28.94,24.4,75.0,12.0
921.0,130.0,14.7,-71.9,28.97,24.7,75.0,12.0
922.0,130.0,14.9,-72.3,28.99,24.9,75.0,12.0
937.0,122.0,16.5,-75.2,28.65,11.5,75.0,12.0
940.0,120.0,16.8,-75.8,28.68,11.8,75.0,12.0
933.0,128.0,17.1,-76.2,28.71,12.100000000000001,75.0,12.0
925.0,125.0,17.7,-78.4,28.77,12.7,75.0,12.0
922.0,135.0,17.9,-78.7,28.79,12.899999999999999,75.0,12.0
920.0,145.0,18.0,-79.0,28.8,13.0,75.0,12.0
915.0,145.0,18.1,-79.3,28.81,13.100000000000001,75.0,12.0
919.0,135.0,18.8,-81.2,28.88,13.8,75.0,12.0
920.0,132.0,19.0,-81.7,28.9,14.0,75.0,12.0
920.0,130.0,19.1,-82.1,28.91,14.100000000000001,75.0,12.0
918.0,135.0,19.3,-82.4,28.93,14.3,75.0,12.0
915.0,140.0,20.4,-84.1,28.54,15.399999999999999,75.0,12.0
914.0,140.0,20.6,-84.4,28.56,15.600000000000001,75.0,12.0
912.0,140.0,20.9,-84.7,28.59,15.899999999999999,75.0,12.0
913.0,140.0,21.2,-84.9,28.62,16.2,75.0,12.0
930.0,122.0,23.4,-86.2,28.84,18.4,75.0,12.0
931.0,120.0,23.7,-86.5,28.87,18.7,75.0,12.0
930.0,120.0,24.2,-86.8,28.92,19.2,75.0,12.0
939.0,115.0,26.7,-87.9,28.67,21.7,75.0,12.0
938.0,115.0,27.3,-88.1,28.73,22.3,75.0,12.0
937.0,115.0,27.9,-88.2,28.79,22.9,75.0,12.0
934.0,112.0,28.4,-88.2,28.84,23.4,75.0,12.0
965.0,70.0,31.4,-87.7,28.64,11.399999999999999,75.0,12.0
970.0,60.0,31.9,-87.6,28.69,11.899999999999999,75.0,12.0
975.0,50.0,32.5,-87.4,28.75,12.5,75.0,12.0
980.0,40.0,33.1,-87.0,28.81,13.100000000000001,75.0,12.0
994.0,20.0,35.4,-84.0,28.54,15.399999999999999,75.0,12.0
995.0,20.0,35.8,-83.2,28.58,15.799999999999997,75.0,12.0
996.0,20.0,36.2,-82.3,28.62,16.200000000000003,75.0,12.0
999.0,15.0,38.0,-77.6,28.8,18.0,75.0,12.0
1000.0,15.0,38.4,-76.7,28.84,18.4,75.0,12.0
1001.0,20.0,38.2,-76.1,28.82,18.200000000000003,75.0,12.0
1002.0,25.0,38.0,-75.5,28.8,18.0,75.0,12.0
1002.0,30.0,37.8,-74.8,28.78,17.799999999999997,75.0,12.0
1003.0,35.0,37.5,-74.0,28.75,17.5,75.0,12.0
1006.0,35.0,35.2,-74.2,28.52,15.200000000000003,75.0,12.0
1008.0,35.0,34.5,-74.5,28.95,14.5,75.0,12.0
1008.0,35.0,33.6,-75.2,28.86,13.600000000000001,75.0,12.0
1008.0,35.0,32.8,-75.8,28.78,12.799999999999997,75.0,12.0
1008.0,35.0,31.9,-76.7,28.69,11.899999999999999,75.0,12.0
1008.0,35.0,31.0,-77.5,28.6,11.0,75.0,12.0
1009.0,30.0,27.5,-78.7,28.75,22.5,75.0,12.0
1009.0,28.0,26.9,-78.9,28.69,21.9,75.0,12.0
1009.0,25.0,26.4,-79.1,28.64,21.4,75.0,12.0
1009.0,25.0,26.2,-79.4,28.62,21.2,75.0,12.0
1010.0,25.0,25.5,-82.2,28.55,20.5,75.0,12.0
1010.0,25.0,25.2,-82.8,28.52,20.2,75.0,12.0
1010.0,25.0,25.0,-83.4,28.5,20.0,75.0,12.0
1010.0,25.0,26.0,-87.3,28.6,21.0,75.0,12.0
1009.0,28.0,26.2,-87.9,28.62,21.2,75.0,12.0
1008.0,30.0,26.5,-88.6,28.65,21.5,75.0,12.0
1008.0,32.0,26.8,-89.0,28.68,21.8,75.0,12.0
1007.0,35.0,27.1,-89.5,28.71,22.1,75.0,12.0
1000.0,45.0,29.0,-92.5,28.9,24.0,75.0,12.0
1003.0,40.0,29.2,-92.7,28.92,24.2,75.0,12.0
1003.0,35.0,29.4,-93.0,28.94,24.4,75.0,12.0
1003.0,30.0,29.6,-93.2,28.96,24.6,75.0,12.0
1009.0,25.0,31.5,-39.7,28.65,11.5,75.0,12.0
1009.0,25.0,31.6,-39.5,28.66,11.600000000000001,75.0,12.0
1009.0,25.0,31.7,-39.3,28.67,11.7,75.0,12.0
1010.0,25.0,32.0,-38.7,28.7,12.0,75.0,12.0
1012.0,25.0,32.5,-37.6,28.75,12.5,75.0,12.0
1012.0,25.0,32.8,-37.1,28.78,12.799999999999997,75.0,12.0
1012.0,25.0,33.3,-36.5,28.83,13.299999999999997,75.0,12.0
1012.0,25.0,33.8,-36.0,28.88,13.799999999999997,75.0,12.0
1013.0,30.0,36.4,-34.0,28.64,16.4,75.0,12.0
1013.0,30.0,36.5,-33.6,28.65,16.5,75.0,12.0
1014.0,30.0,36.2,-33.5,28.62,16.200000000000003,75.0,12.0
1014.0,30.0,36.0,-33.4,28.6,16.0,75.0,12.0
1016.0,22.0,35.4,-30.2,28.54,15.399999999999999,75.0,12.0
1016.0,20.0,35.3,-29.5,28.53,15.299999999999997,75.0,12.0
1010.0,25.0,15.9,-60.0,28.59,10.9,75.0,12.0
1010.0,25.0,15.9,-60.4,28.59,10.9,75.0,12.0
1006.0,35.0,16.4,-62.6,28.64,11.399999999999999,75.0,12.0
1001.0,42.0,16.5,-63.0,28.65,11.5,75.0,12.0
996.0,50.0,16.7,-63.5,28.67,11.7,75.0,12.0
996.0,52.0,16.9,-63.8,28.69,11.899999999999999,75.0,12.0
991.0,60.0,17.6,-65.4,28.76,12.600000000000001,75.0,12.0
991.0,60.0,17.9,-65.8,28.79,12.899999999999999,75.0,12.0
991.0,60.0,18.1,-66.2,28.81,13.100000000000001,75.0,12.0
984.0,70.0,18.6,-68.5,28.86,13.600000000000001,75.0,12.0
986.0,68.0,18.7,-68.8,28.87,13.7,75.0,12.0
988.0,65.0,18.8,-69.0,28.88,13.8,75.0,12.0
989.0,62.0,19.0,-69.2,28.9,14.0,75.0,12.0
990.0,50.0,19.7,-70.7,28.97,14.7,75.0,12.0
996.0,40.0,19.9,-71.2,28.99,14.899999999999999,75.0,12.0
1002.0,30.0,20.0,-71.6,28.5,15.0,75.0,12.0
1000.0,45.0,20.8,-72.7,28.58,15.8,75.0,12.0
1000.0,45.0,21.2,-72.8,28.62,16.2,75.0,12.0
1002.0,42.0,21.4,-72.5,28.64,16.4,75.0,12.0
1005.0,40.0,21.7,-72.3,28.67,16.7,75.0,12.0
1004.0,40.0,21.9,-72.2,28.69,16.9,75.0,12.0
1002.0,40.0,22.2,-72.2,28.72,17.2,75.0,12.0
1001.0,40.0,23.1,-72.4,28.81,18.1,75.0,12.0
1000.0,40.0,23.5,-72.5,28.85,18.5,75.0,12.0
998.0,42.0,23.9,-72.4,28.89,18.9,75.0,12.0
996.0,45.0,24.2,-72.3,28.92,19.2,75.0,12.0
995.0,48.0,24.5,-72.2,28.95,19.5,75.0,12.0
994.0,50.0,24.8,-72.1,28.98,19.8,75.0,12.0
989.0,60.0,26.6,-71.7,28.66,21.6,75.0,12.0
986.0,68.0,26.9,-71.6,28.69,21.9,75.0,12.0
984.0,75.0,27.2,-71.4,28.72,22.2,75.0,12.0
983.0,75.0,27.3,-71.1,28.73,22.3,75.0,12.0
972.0,75.0,27.5,-69.3,28.75,22.5,75.0,12.0
972.0,75.0,27.4,-69.2,28.74,22.4,75.0,12.0
972.0,78.0,27.3,-69.1,28.73,22.3,75.0,12.0
968.0,85.0,26.5,-68.5,28.65,21.5,75.0,12.0
968.0,85.0,26.4,-68.7,28.64,21.4,75.0,12.0
967.0,85.0,26.2,-68.8,28.62,21.2,75.0,12.0
966.0,85.0,25.9,-68.9,28.59,20.9,75.0,12.0
966.0,80.0,25.5,-69.6,28.55,20.5,75.0,12.0
966.0,78.0,25.6,-69.8,28.56,20.6,75.0,12.0
966.0,75.0,25.8,-70.0,28.58,20.8,75.0,12.0
966.0,72.0,25.9,-70.2,28.59,20.9,75.0,12.0
969.0,80.0,26.2,-72.2,28.62,21.2,75.0,12.0
968.0,82.0,26.3,-72.7,28.63,21.3,75.0,12.0
968.0,85.0,26.4,-73.1,28.64,21.4,75.0,12.0
966.0,85.0,26.4,-73.7,28.64,21.4,75.0,12.0
957.0,100.0,26.6,-76.9,28.66,21.6,75.0,12.0
954.0,102.0,26.8,-77.6,28.68,21.8,75.0,12.0
952.0,105.0,26.9,-78.2,28.69,21.9,75.0,12.0
952.0,105.0,27.0,-78.8,28.7,22.0,75.0,12.0
965.0,75.0,27.7,-81.6,28.77,22.7,75.0,12.0
968.0,65.0,28.0,-81.9,28.8,23.0,75.0,12.0
970.0,55.0,28.3,-82.3,28.83,23.3,75.0,12.0
974.0,50.0,28.8,-82.5,28.88,23.8,75.0,12.0
990.0,32.0,31.8,-83.8,28.68,11.8,75.0,12.0
993.0,30.0,32.5,-83.6,28.75,12.5,75.0,12.0
996.0,28.0,32.9,-83.4,28.79,12.899999999999999,75.0,12.0
1000.0,20.0,35.4,-81.0,28.54,15.399999999999999,75.0,12.0
1000.0,22.0,36.3,-79.7,28.63,16.299999999999997,75.0,12.0
999.0,25.0,37.3,-78.4,28.73,17.299999999999997,75.0,12.0
999.0,25.0,37.8,-77.4,28.78,17.799999999999997,75.0,12.0
999.0,35.0,38.5,-72.5,28.85,18.5,75.0,12.0
1008.0,30.0,11.2,-29.9,28.62,21.2,75.0,12.0
1007.0,30.0,11.2,-30.7,28.62,21.2,75.0,12.0
1006.0,32.0,11.2,-31.4,28.62,21.2,75.0,12.0
1005.0,35.0,11.2,-32.1,28.62,21.2,75.0,12.0
996.0,52.0,11.8,-34.8,28.68,21.8,75.0,12.0
994.0,55.0,12.1,-35.3,28.71,22.1,75.0,12.0
993.0,55.0,12.6,-35.6,28.76,22.6,75.0,12.0
992.0,55.0,13.0,-36.0,28.8,23.0,75.0,12.0
972.0,88.0,14.8,-38.4,28.98,24.8,75.0,12.0
970.0,90.0,15.0,-38.8,28.5,10.0,75.0,12.0
968.0,92.0,15.3,-39.2,28.53,10.3,75.0,12.0
965.0,95.0,15.6,-39.7,28.56,10.6,75.0,12.0
965.0,95.0,15.8,-40.2,28.58,10.8,75.0,12.0
965.0,95.0,15.9,-40.8,28.59,10.9,75.0,12.0
958.0,102.0,16.1,-42.0,28.61,11.100000000000001,75.0,12.0
955.0,105.0,16.3,-42.4,28.63,11.3,75.0,12.0
953.0,108.0,16.5,-42.9,28.65,11.5,75.0,12.0
951.0,110.0,16.7,-43.4,28.67,11.7,75.0,12.0
951.0,110.0,16.8,-44.5,28.68,11.8,75.0,12.0
950.0,112.0,17.2,-45.6,28.72,12.2,75.0,12.0
951.0,110.0,17.5,-46.0,28.75,12.5,75.0,12.0
951.0,110.0,17.8,-46.2,28.78,12.8,75.0,12.0
951.0,110.0,18.1,-46.5,28.81,13.100000000000001,75.0,12.0
940.0,122.0,20.2,-47.5,28.52,15.2,75.0,12.0
943.0,120.0,20.8,-47.8,28.58,15.8,75.0,12.0
946.0,112.0,21.6,-48.0,28.66,16.6,75.0,12.0
948.0,105.0,22.3,-48.3,28.73,17.3,75.0,12.0
952.0,102.0,23.0,-48.5,28.8,18.0,75.0,12.0
967.0,90.0,26.2,-49.5,28.62,21.2,75.0,12.0
968.0,90.0,26.9,-49.1,28.69,21.9,75.0,12.0
970.0,90.0,27.5,-48.7,28.75,22.5,75.0,12.0
968.0,92.0,28.2,-48.2,28.82,23.2,75.0,12.0
952.0,108.0,31.6,-45.3,28.66,11.600000000000001,75.0,12.0
953.0,105.0,32.5,-44.4,28.75,12.5,75.0,12.0
954.0,98.0,33.5,-43.7,28.85,13.5,75.0,12.0
955.0,90.0,34.5,-43.0,28.95,14.5,75.0,12.0
960.0,72.0,41.0,-40.9,28.6,21.0,75.0,12.0
961.0,70.0,42.6,-40.5,28.76,22.6,75.0,12.0
962.0,68.0,44.0,-40.5,28.9,24.0,75.0,12.0
962.0,65.0,45.5,-40.5,28.55,10.5,75.0,12.0
1004.0,30.0,13.3,-32.4,28.83,23.3,75.0,12.0
1004.0,30.0,13.3,-33.3,28.83,23.3,75.0,12.0
1003.0,35.0,13.4,-34.8,28.84,23.4,75.0,12.0
1002.0,40.0,13.5,-35.4,28.85,23.5,75.0,12.0
1000.0,45.0,13.6,-35.9,28.86,23.6,75.0,12.0
997.0,50.0,13.7,-36.4,28.87,23.7,75.0,12.0
990.0,60.0,14.0,-38.7,28.9,24.0,75.0,12.0
990.0,60.0,14.1,-39.1,28.91,24.1,75.0,12.0
990.0,60.0,14.2,-39.4,28.92,24.2,75.0,12.0
990.0,60.0,14.3,-39.7,28.93,24.3,75.0,12.0
998.0,48.0,14.3,-40.9,28.93,24.3,75.0,12.0
1000.0,45.0,14.2,-41.1,28.92,24.2,75.0,12.0
1000.0,45.0,14.1,-41.3,28.91,24.1,75.0,12.0
1000.0,45.0,13.9,-41.5,28.89,23.9,75.0,12.0
1002.0,38.0,13.1,-40.3,28.81,23.1,75.0,12.0
1003.0,35.0,13.1,-40.0,28.81,23.1,75.0,12.0
1004.0,32.0,13.7,-40.2,28.87,23.7,75.0,12.0
1005.0,30.0,14.3,-40.5,28.93,24.3,75.0,12.0
1002.0,38.0,13.9,-42.8,28.89,23.9,75.0,12.0
1003.0,35.0,13.9,-43.2,28.89,23.9,75.0,12.0
1004.0,32.0,13.9,-43.5,28.89,23.9,75.0,12.0
1005.0,30.0,14.0,-43.8,28.9,24.0,75.0,12.0
1002.0,40.0,15.3,-45.1,28.53,10.3,75.0,12.0
1000.0,45.0,15.7,-45.4,28.57,10.7,75.0,12.0
1000.0,45.0,16.2,-45.5,28.62,11.2,75.0,12.0
1000.0,45.0,16.7,-45.7,28.67,11.7,75.0,12.0
996.0,52.0,18.4,-46.0,28.84,13.399999999999999,75.0,12.0
994.0,55.0,18.7,-46.0,28.87,13.7,75.0,12.0
996.0,52.0,18.9,-46.0,28.89,13.899999999999999,75.0,12.0
997.0,50.0,19.2,-46.0,28.92,14.2,75.0,12.0
998.0,48.0,19.4,-46.0,28.94,14.399999999999999,75.0,12.0
1000.0,45.0,20.3,-46.2,28.53,15.3,75.0,12.0
1000.0,45.0,20.6,-46.2,28.56,15.600000000000001,75.0,12.0
1001.0,42.0,21.0,-46.2,28.6,16.0,75.0,12.0
1002.0,40.0,21.3,-46.2,28.63,16.3,75.0,12.0
1001.0,42.0,23.6,-46.5,28.86,18.6,75.0,12.0
1000.0,45.0,24.3,-46.5,28.93,19.3,75.0,12.0
997.0,50.0,24.9,-46.5,28.99,19.9,75.0,12.0
994.0,55.0,25.4,-46.5,28.54,20.4,75.0,12.0
990.0,60.0,28.2,-46.0,28.82,23.2,75.0,12.0
990.0,60.0,28.9,-45.8,28.89,23.9,75.0,12.0
990.0,60.0,29.5,-45.8,28.95,24.5,75.0,12.0
990.0,60.0,30.1,-45.8,28.51,10.100000000000001,75.0,12.0
996.0,52.0,32.2,-47.0,28.72,12.200000000000003,75.0,12.0
997.0,50.0,32.4,-47.3,28.74,12.399999999999999,75.0,12.0
998.0,48.0,32.8,-47.5,28.78,12.799999999999997,75.0,12.0
1000.0,45.0,33.1,-47.8,28.81,13.100000000000001,75.0,12.0
990.0,60.0,36.3,-47.0,28.63,16.299999999999997,75.0,12.0
990.0,60.0,37.0,-46.4,28.7,17.0,75.0,12.0
990.0,60.0,37.7,-45.8,28.77,17.700000000000003,75.0,12.0
987.0,65.0,41.0,-40.4,28.6,21.0,75.0,12.0
987.0,65.0,41.6,-39.1,28.66,21.6,75.0,12.0
990.0,60.0,42.2,-37.5,28.72,22.200000000000003,75.0,12.0
994.0,55.0,42.8,-36.0,28.78,22.799999999999997,75.0,12.0
1006.0,32.0,24.1,-94.8,28.91,19.1,75.0,12.0
1004.0,35.0,24.1,-94.2,28.91,19.1,75.0,12.0
1000.0,40.0,24.6,-93.7,28.96,19.6,75.0,12.0
1000.0,38.0,26.6,-92.4,28.66,21.6,75.0,12.0
997.0,40.0,26.8,-92.0,28.68,21.8,75.0,12.0
998.0,40.0,27.1,-91.7,28.71,22.1,75.0,12.0
1001.0,28.0,29.9,-90.9,28.99,24.9,75.0,12.0
1002.0,25.0,30.4,-90.9,28.54,10.399999999999999,75.0,12.0
1002.0,25.0,31.2,-91.0,28.62,11.2,75.0,12.0
1000.0,40.0,31.5,-66.5,28.65,11.5,75.0,12.0
999.0,40.0,31.8,-66.5,28.68,11.8,75.0,12.0
998.0,40.0,32.1,-66.5,28.71,12.100000000000001,75.0,12.0
996.0,40.0,32.5,-66.0,28.75,12.5,75.0,12.0
986.0,45.0,36.0,-61.8,28.6,16.0,75.0,12.0
986.0,45.0,37.2,-61.1,28.72,17.200000000000003,75.0,12.0
986.0,45.0,38.5,-60.5,28.85,18.5,75.0,12.0
1002.0,35.0,26.5,-41.9,28.65,21.5,75.0,12.0
1001.0,35.0,26.6,-42.2,28.66,21.6,75.0,12.0
1000.0,35.0,26.8,-42.5,28.68,21.8,75.0,12.0
1000.0,35.0,26.4,-44.3,28.64,21.4,75.0,12.0
1000.0,35.0,26.3,-44.3,28.63,21.3,75.0,12.0
1000.0,35.0,26.2,-44.4,28.62,21.2,75.0,12.0
1000.0,35.0,28.2,-44.0,28.82,23.2,75.0,12.0
1000.0,35.0,28.4,-44.5,28.84,23.4,75.0,12.0
999.0,35.0,28.7,-45.1,28.87,23.7,75.0,12.0
998.0,40.0,29.6,-47.9,28.96,24.6,75.0,12.0
998.0,42.0,29.9,-48.3,28.99,24.9,75.0,12.0
998.0,45.0,30.2,-48.8,28.52,10.2,75.0,12.0
997.0,40.0,31.3,-51.0,28.63,11.3,75.0,12.0
997.0,40.0,31.5,-51.0,28.65,11.5,75.0,12.0
997.0,40.0,31.7,-51.0,28.67,11.7,75.0,12.0
997.0,40.0,31.6,-50.4,28.66,11.600000000000001,75.0,12.0
997.0,38.0,31.3,-50.2,28.63,11.3,75.0,12.0
997.0,35.0,31.0,-50.1,28.6,11.0,75.0,12.0
995.0,30.0,29.1,-50.4,28.91,24.1,75.0,12.0
996.0,30.0,28.8,-50.2,28.88,23.8,75.0,12.0
996.0,30.0,28.5,-50.1,28.85,23.5,75.0,12.0
1000.0,30.0,26.5,-50.3,28.65,21.5,75.0,12.0
1001.0,28.0,26.4,-50.5,28.64,21.4,75.0,12.0
1002.0,25.0,26.2,-50.6,28.62,21.2,75.0,12.0
1010.0,25.0,25.0,-50.4,28.5,20.0,75.0,12.0
1010.0,25.0,25.1,-50.6,28.51,20.1,75.0,12.0
1011.0,25.0,25.1,-50.9,28.51,20.1,75.0,12.0
1014.0,20.0,26.1,-51.4,28.61,21.1,75.0,12.0
1004.0,25.0,16.9,-84.0,28.69,11.899999999999999,75.0,12.0
1004.0,28.0,17.1,-84.0,28.71,12.100000000000001,75.0,12.0
1003.0,30.0,17.4,-83.9,28.74,12.399999999999999,75.0,12.0
1002.0,35.0,19.0,-84.0,28.9,14.0,75.0,12.0
1002.0,35.0,19.4,-84.0,28.94,14.399999999999999,75.0,12.0
1002.0,35.0,19.7,-84.1,28.97,14.7,75.0,12.0
1002.0,38.0,20.0,-84.2,28.5,15.0,75.0,12.0
1001.0,40.0,20.4,-84.2,28.54,15.399999999999999,75.0,12.0
998.0,52.0,23.9,-84.9,28.89,18.9,75.0,12.0
995.0,55.0,24.9,-85.1,28.99,19.9,75.0,12.0
992.0,58.0,25.7,-85.3,28.57,20.7,75.0,12.0
990.0,60.0,26.5,-85.6,28.65,21.5,75.0,12.0
990.0,52.0,29.5,-87.3,28.95,24.5,75.0,12.0
991.0,50.0,30.1,-87.5,28.51,10.100000000000001,75.0,12.0
992.0,40.0,30.8,-87.5,28.58,10.8,75.0,12.0
994.0,30.0,31.4,-87.6,28.64,11.399999999999999,75.0,12.0
1003.0,20.0,35.0,-88.0,28.5,15.0,75.0,12.0
1004.0,20.0,36.0,-87.9,28.6,16.0,75.0,12.0
1005.0,20.0,37.0,-87.8,28.7,17.0,75.0,12.0
1006.0,20.0,37.8,-87.7,28.78,17.799999999999997,75.0,12.0
1006.0,20.0,38.5,-87.5,28.85,18.5,75.0,12.0
1005.0,20.0,42.0,-85.0,28.7,22.0,75.0,12.0
1005.0,20.0,42.5,-84.5,28.75,22.5,75.0,12.0
1005.0,20.0,43.0,-84.0,28.8,23.0,75.0,12.0
1004.0,20.0,43.4,-82.5,28.84,23.4,75.0,12.0
1003.0,20.0,43.7,-81.1,28.87,23.700000000000003,75.0,12.0
1006.0,30.0,19.7,-95.4,28.97,14.7,75.0,12.0
1006.0,32.0,19.9,-95.6,28.99,14.899999999999999,75.0,12.0
1005.0,35.0,20.0,-95.8,28.5,15.0,75.0,12.0
1005.0,35.0,20.8,-97.3,28.58,15.8,75.0,12.0
1006.0,30.0,21.1,-97.7,28.61,16.1,75.0,12.0
1007.0,25.0,21.4,-98.1,28.64,16.4,75.0,12.0
1008.0,25.0,21.7,-98.3,28.67,16.7,75.0,12.0
1008.0,25.0,22.0,-98.5,28.7,17.0,75.0,12.0
1009.0,30.0,18.3,-86.7,28.83,13.3,75.0,12.0
1008.0,30.0,18.5,-87.0,28.85,13.5,75.0,12.0
1007.0,30.0,18.6,-87.2,28.86,13.600000000000001,75.0,12.0
1011.0,25.0,20.9,-88.5,28.59,15.899999999999999,75.0,12.0
1010.0,28.0,21.6,-88.8,28.66,16.6,75.0,12.0
1010.0,30.0,22.3,-89.0,28.73,17.3,75.0,12.0
1010.0,30.0,23.1,-89.3,28.81,18.1,75.0,12.0
1009.0,30.0,23.9,-89.7,28.89,18.9,75.0,12.0
1002.0,45.0,26.4,-90.4,28.64,21.4,75.0,12.0
1000.0,52.0,27.0,-90.5,28.7,22.0,75.0,12.0
997.0,60.0,27.6,-90.5,28.76,22.6,75.0,12.0
994.0,62.0,28.1,-90.4,28.81,23.1,75.0,12.0
992.0,65.0,28.5,-90.3,28.85,23.5,75.0,12.0
998.0,40.0,30.8,-88.9,28.58,10.8,75.0,12.0
999.0,35.0,31.2,-88.5,28.62,11.2,75.0,12.0
1000.0,30.0,31.6,-88.1,28.66,11.600000000000001,75.0,12.0
1002.0,28.0,32.0,-87.7,28.7,12.0,75.0,12.0
1004.0,25.0,32.4,-87.2,28.74,12.399999999999999,75.0,12.0
1009.0,20.0,34.6,-84.1,28.96,14.600000000000001,75.0,12.0
1010.0,20.0,35.1,-82.9,28.51,15.100000000000001,75.0,12.0
1010.0,20.0,35.6,-81.8,28.56,15.600000000000001,75.0,12.0
1010.0,20.0,36.4,-80.9,28.64,16.4,75.0,12.0
1010.0,20.0,37.1,-80.0,28.71,17.1,75.0,12.0
1009.0,25.0,38.4,-76.7,28.84,18.4,75.0,12.0
1009.0,25.0,38.8,-75.8,28.88,18.799999999999997,75.0,12.0
1009.0,25.0,39.1,-74.8,28.91,19.1,75.0,12.0
1009.0,25.0,39.5,-72.0,28.95,19.5,75.0,12.0
1007.0,30.0,41.6,-69.8,28.66,21.6,75.0,12.0
1006.0,30.0,42.5,-69.7,28.75,22.5,75.0,12.0
1006.0,30.0,43.5,-69.6,28.85,23.5,75.0,12.0
1006.0,30.0,44.2,-69.7,28.92,24.200000000000003,75.0,12.0
1006.0,30.0,44.9,-69.8,28.99,24.9,75.0,12.0
1006.0,25.0,46.5,-67.6,28.65,11.5,75.0,12.0
1006.0,22.0,47.2,-67.0,28.72,12.200000000000003,75.0,12.0
1006.0,20.0,48.0,-66.4,28.8,13.0,75.0,12.0
1006.0,20.0,48.2,-65.5,28.82,13.200000000000003,75.0,12.0
1006.0,20.0,48.5,-64.5,28.85,13.5,75.0,12.0
1010.0,25.0,12.0,-60.8,28.7,22.0,75.0,12.0
1010.0,28.0,12.1,-61.6,28.71,22.1,75.0,12.0
1007.0,35.0,13.0,-65.9,28.8,23.0,75.0,12.0
1006.0,38.0,13.3,-66.6,28.83,23.3,75.0,12.0
1005.0,40.0,13.6,-67.3,28.86,23.6,75.0,12.0
1002.0,42.0,13.9,-67.9,28.89,23.9,75.0,12.0
991.0,55.0,15.1,-70.9,28.51,10.1,75.0,12.0
990.0,58.0,15.3,-71.4,28.53,10.3,75.0,12.0
989.0,60.0,15.6,-71.9,28.56,10.6,75.0,12.0
986.0,65.0,15.9,-72.5,28.59,10.9,75.0,12.0
967.0,90.0,17.6,-74.9,28.76,12.600000000000001,75.0,12.0
962.0,95.0,18.1,-75.5,28.81,13.100000000000001,75.0,12.0
957.0,100.0,18.5,-76.1,28.85,13.5,75.0,12.0
954.0,110.0,18.9,-76.6,28.89,13.899999999999999,75.0,12.0
940.0,125.0,21.4,-80.0,28.64,16.4,75.0,12.0
941.0,120.0,22.0,-80.6,28.7,17.0,75.0,12.0
950.0,110.0,22.4,-81.1,28.74,17.4,75.0,12.0
960.0,100.0,22.7,-81.6,28.77,17.7,75.0,12.0
967.0,80.0,24.3,-83.4,28.93,19.3,75.0,12.0
964.0,85.0,24.8,-83.8,28.98,19.8,75.0,12.0
962.0,90.0,25.2,-84.2,28.52,20.2,75.0,12.0
952.0,100.0,25.6,-84.6,28.56,20.6,75.0,12.0
942.0,110.0,26.1,-85.0,28.61,21.1,75.0,12.0
930.0,120.0,28.5,-86.3,28.85,23.5,75.0,12.0
936.0,115.0,29.2,-86.6,28.92,24.2,75.0,12.0
942.0,110.0,29.9,-86.9,28.99,24.9,75.0,12.0
956.0,78.0,30.7,-87.3,28.57,10.7,75.0,12.0
970.0,45.0,31.5,-87.7,28.65,11.5,75.0,12.0
997.0,25.0,33.9,-88.8,28.89,13.899999999999999,75.0,12.0
1000.0,22.0,34.6,-88.9,28.96,14.600000000000001,75.0,12.0
1002.0,20.0,35.3,-89.1,28.53,15.299999999999997,75.0,12.0
1002.0,20.0,35.8,-89.2,28.58,15.799999999999997,75.0,12.0
1003.0,20.0,36.4,-89.2,28.64,16.4,75.0,12.0
1007.0,15.0,37.7,-88.7,28.77,17.700000000000003,75.0,12.0
1008.0,15.0,37.9,-88.5,28.79,17.9,75.0,12.0
1008.0,15.0,38.1,-88.3,28.81,18.1,75.0,12.0
1009.0,15.0,38.5,-87.8,28.85,18.5,75.0,12.0
1010.0,15.0,39.2,-86.2,28.92,19.200000000000003,75.0,12.0
1010.0,15.0,39.2,-85.8,28.92,19.200000000000003,75.0,12.0
1010.0,12.0,39.2,-85.8,28.92,19.200000000000003,75.0,12.0
1009.0,10.0,39.2,-85.7,28.92,19.200000000000003,75.0,12.0
1010.0,10.0,38.7,-85.6,28.87,18.700000000000003,75.0,12.0
1010.0,10.0,38.5,-85.6,28.85,18.5,75.0,12.0
1010.0,10.0,38.4,-85.6,28.84,18.4,75.0,12.0
1010.0,10.0,38.2,-85.7,28.82,18.200000000000003,75.0,12.0
1009.0,10.0,38.1,-85.8,28.81,18.1,75.0,12.0
1012.0,10.0,38.1,-86.4,28.81,18.1,75.0,12.0
1012.0,10.0,38.2,-86.5,28.82,18.200000000000003,75.0,12.0
1012.0,10.0,38.4,-86.6,28.84,18.4,75.0,12.0
1012.0,10.0,38.5,-86.7,28.85,18.5,75.0,12.0
1011.0,10.0,38.6,-86.8,28.86,18.6,75.0,12.0
1013.0,10.0,40.2,-86.2,28.52,20.200000000000003,75.0,12.0
1014.0,10.0,40.5,-85.7,28.55,20.5,75.0,12.0
1014.0,10.0,40.8,-85.2,28.58,20.799999999999997,75.0,12.0
1014.0,10.0,41.0,-84.7,28.6,21.0,75.0,12.0
1013.0,10.0,41.3,-84.1,28.63,21.299999999999997,75.0,12.0
1012.0,10.0,43.5,-81.8,28.85,23.5,75.0,12.0
1012.0,10.0,43.9,-81.4,28.89,23.9,75.0,12.0
1011.0,10.0,44.2,-81.0,28.92,24.200000000000003,75.0,12.0
1010.0,10.0,44.6,-80.5,28.96,24.6,75.0,12.0
1009.0,30.0,10.9,-43.9,28.59,20.9,75.0,12.0
1009.0,30.0,10.9,-44.4,28.59,20.9,75.0,12.0
1008.0,30.0,10.9,-44.9,28.59,20.9,75.0,12.0
1007.0,30.0,11.0,-45.4,28.6,21.0,75.0,12.0
1006.0,32.0,11.0,-46.1,28.6,21.0,75.0,12.0
1004.0,42.0,11.0,-49.4,28.6,21.0,75.0,12.0
1004.0,45.0,11.0,-50.2,28.6,21.0,75.0,12.0
1004.0,45.0,11.0,-51.1,28.6,21.0,75.0,12.0
1004.0,45.0,11.0,-52.0,28.6,21.0,75.0,12.0
1004.0,45.0,11.0,-52.9,28.6,21.0,75.0,12.0
1003.0,50.0,11.2,-57.2,28.62,21.2,75.0,12.0
1003.0,52.0,11.3,-58.0,28.63,21.3,75.0,12.0
1003.0,55.0,11.4,-58.9,28.64,21.4,75.0,12.0
1001.0,62.0,11.5,-59.5,28.65,21.5,75.0,12.0
980.0,85.0,12.4,-63.2,28.74,22.4,75.0,12.0
976.0,92.0,12.7,-64.1,28.77,22.7,75.0,12.0
971.0,100.0,12.9,-64.9,28.79,22.9,75.0,12.0
966.0,105.0,14.3,-70.9,28.93,24.3,75.0,12.0
969.0,95.0,14.5,-71.8,28.95,24.5,75.0,12.0
944.0,130.0,15.9,-76.5,28.59,10.9,75.0,12.0
940.0,132.0,16.1,-77.2,28.61,11.100000000000001,75.0,12.0
937.0,135.0,16.4,-78.0,28.64,11.399999999999999,75.0,12.0
933.0,138.0,16.8,-78.8,28.68,11.8,75.0,12.0
946.0,130.0,18.3,-82.8,28.83,13.3,75.0,12.0
947.0,128.0,18.6,-83.5,28.86,13.600000000000001,75.0,12.0
948.0,125.0,18.9,-84.3,28.89,13.899999999999999,75.0,12.0
950.0,122.0,19.2,-85.0,28.92,14.2,75.0,12.0
951.0,120.0,19.5,-85.8,28.95,14.5,75.0,12.0
975.0,65.0,21.3,-88.9,28.63,16.3,75.0,12.0
980.0,65.0,21.6,-89.6,28.66,16.6,75.0,12.0
984.0,65.0,22.0,-90.3,28.7,17.0,75.0,12.0
982.0,70.0,22.3,-90.9,28.73,17.3,75.0,12.0
981.0,75.0,22.6,-91.5,28.76,17.6,75.0,12.0
977.0,80.0,23.7,-94.0,28.87,18.7,75.0,12.0
968.0,82.0,23.9,-94.5,28.89,18.9,75.0,12.0
959.0,85.0,24.1,-95.1,28.91,19.1,75.0,12.0
954.0,98.0,24.2,-95.6,28.92,19.2,75.0,12.0
948.0,110.0,24.4,-96.1,28.94,19.4,75.0,12.0
960.0,90.0,24.9,-98.2,28.99,19.9,75.0,12.0
975.0,70.0,25.0,-98.7,28.5,20.0,75.0,12.0
985.0,58.0,25.0,-99.2,28.5,20.0,75.0,12.0
995.0,45.0,25.0,-99.7,28.5,20.0,75.0,12.0
1010.0,30.0,25.0,-75.0,28.5,20.0,75.0,12.0
1010.0,35.0,25.4,-75.5,28.54,20.4,75.0,12.0
1007.0,45.0,26.6,-76.8,28.66,21.6,75.0,12.0
1006.0,45.0,27.0,-76.8,28.7,22.0,75.0,12.0
1006.0,45.0,27.4,-76.7,28.74,22.4,75.0,12.0
1004.0,45.0,27.8,-76.7,28.78,22.8,75.0,12.0
1003.0,45.0,28.1,-76.6,28.81,23.1,75.0,12.0
1001.0,60.0,29.2,-75.4,28.92,24.2,75.0,12.0
1001.0,60.0,29.4,-75.1,28.94,24.4,75.0,12.0
1001.0,60.0,29.7,-74.7,28.97,24.7,75.0,12.0
1001.0,58.0,29.9,-74.1,28.99,24.9,75.0,12.0
1001.0,45.0,30.7,-71.9,28.57,10.7,75.0,12.0
1000.0,45.0,30.9,-71.6,28.59,10.899999999999999,75.0,12.0
1000.0,45.0,31.1,-71.2,28.61,11.100000000000001,75.0,12.0
1000.0,42.0,31.1,-71.2,28.61,11.100000000000001,75.0,12.0
999.0,40.0,30.9,-69.8,28.59,10.899999999999999,75.0,12.0
999.0,40.0,30.9,-69.7,28.59,10.899999999999999,75.0,12.0
999.0,40.0,30.9,-69.6,28.59,10.899999999999999,75.0,12.0
1002.0,35.0,32.0,-68.2,28.7,12.0,75.0,12.0
1001.0,35.0,32.2,-68.3,28.72,12.200000000000003,75.0,12.0
999.0,45.0,33.2,-69.1,28.82,13.200000000000003,75.0,12.0
999.0,45.0,33.4,-69.2,28.84,13.399999999999999,75.0,12.0
999.0,45.0,33.6,-69.3,28.86,13.600000000000001,75.0,12.0
998.0,48.0,33.9,-69.3,28.89,13.899999999999999,75.0,12.0
998.0,48.0,36.5,-68.5,28.65,16.5,75.0,12.0
997.0,50.0,37.8,-67.3,28.78,17.799999999999997,75.0,12.0
997.0,50.0,40.8,-62.8,28.58,20.799999999999997,75.0,12.0
998.0,50.0,41.5,-61.5,28.65,21.5,75.0,12.0
1004.0,42.0,45.2,-53.2,28.52,10.200000000000003,75.0,12.0
1005.0,40.0,45.8,-51.7,28.58,10.799999999999997,75.0,12.0
1006.0,40.0,46.1,-50.2,28.61,11.100000000000001,75.0,12.0
1006.0,40.0,46.4,-48.8,28.64,11.399999999999999,75.0,12.0
1006.0,40.0,47.0,-47.4,28.7,12.0,75.0,12.0
1011.0,25.0,19.3,-92.9,28.93,14.3,75.0,12.0
1010.0,28.0,19.6,-93.3,28.96,14.600000000000001,75.0,12.0
1009.0,30.0,19.8,-93.8,28.98,14.8,75.0,12.0
1008.0,35.0,21.2,-96.2,28.62,16.2,75.0,12.0
1007.0,35.0,21.4,-96.6,28.64,16.4,75.0,12.0
1006.0,38.0,21.6,-97.1,28.66,16.6,75.0,12.0
1005.0,40.0,21.8,-97.6,28.68,16.8,75.0,12.0
1006.0,22.0,22.5,-100.7,28.75,17.5,75.0,12.0
1007.0,20.0,22.5,-101.4,28.75,17.5,75.0,12.0
1006.0,30.0,28.2,-68.8,28.82,23.2,75.0,12.0
1000.0,48.0,30.6,-68.0,28.56,10.600000000000001,75.0,12.0
999.0,50.0,30.9,-67.7,28.59,10.899999999999999,75.0,12.0
995.0,50.0,31.9,-63.6,28.69,11.899999999999999,75.0,12.0
994.0,52.0,31.9,-62.9,28.69,11.899999999999999,75.0,12.0
994.0,55.0,32.0,-62.1,28.7,12.0,75.0,12.0
995.0,50.0,32.5,-58.5,28.75,12.5,75.0,12.0
996.0,48.0,32.5,-58.1,28.75,12.5,75.0,12.0
997.0,45.0,32.5,-57.7,28.75,12.5,75.0,12.0
997.0,45.0,32.5,-57.4,28.75,12.5,75.0,12.0
995.0,50.0,33.5,-56.7,28.85,13.5,75.0,12.0
995.0,50.0,33.5,-56.7,28.85,13.5,75.0,12.0
995.0,50.0,33.5,-56.7,28.85,13.5,75.0,12.0
995.0,50.0,33.8,-56.1,28.88,13.799999999999997,75.0,12.0
996.0,48.0,35.5,-54.5,28.55,15.5,75.0,12.0
998.0,45.0,36.0,-54.0,28.6,16.0,75.0,12.0
998.0,45.0,36.4,-53.5,28.64,16.4,75.0,12.0
998.0,45.0,36.8,-52.9,28.68,16.799999999999997,75.0,12.0
998.0,45.0,39.1,-49.7,28.91,19.1,75.0,12.0
998.0,45.0,39.6,-48.6,28.96,19.6,75.0,12.0
998.0,45.0,40.0,-47.8,28.5,20.0,75.0,12.0
998.0,45.0,40.4,-46.9,28.54,20.4,75.0,12.0
998.0,45.0,40.8,-46.0,28.58,20.799999999999997,75.0,12.0
995.0,50.0,42.0,-42.0,28.7,22.0,75.0,12.0
995.0,50.0,42.3,-41.1,28.73,22.299999999999997,75.0,12.0
994.0,50.0,42.6,-40.0,28.76,22.6,75.0,12.0
994.0,50.0,43.0,-39.0,28.8,23.0,75.0,12.0
994.0,50.0,43.5,-38.0,28.85,23.5,75.0,12.0
994.0,50.0,44.5,-34.7,28.95,24.5,75.0,12.0
994.0,50.0,44.5,-34.1,28.95,24.5,75.0,12.0
994.0,50.0,44.5,-33.6,28.95,24.5,75.0,12.0
994.0,50.0,44.4,-33.1,28.94,24.4,75.0,12.0
996.0,48.0,44.3,-32.7,28.93,24.299999999999997,75.0,12.0
1002.0,38.0,43.7,-31.2,28.87,23.700000000000003,75.0,12.0
1003.0,35.0,43.5,-31.0,28.85,23.5,75.0,12.0
1004.0,32.0,43.4,-30.9,28.84,23.4,75.0,12.0
1005.0,30.0,43.3,-30.7,28.83,23.299999999999997,75.0,12.0
1006.0,30.0,43.1,-30.6,28.81,23.1,75.0,12.0
1008.0,30.0,42.2,-31.1,28.72,22.200000000000003,75.0,12.0
1009.0,30.0,42.0,-31.4,28.7,22.0,75.0,12.0
1010.0,28.0,41.6,-31.4,28.66,21.6,75.0,12.0
1010.0,25.0,41.3,-31.5,28.63,21.299999999999997,75.0,12.0
1010.0,25.0,41.0,-31.5,28.6,21.0,75.0,12.0
1011.0,25.0,40.5,-31.5,28.55,20.5,75.0,12.0
1011.0,25.0,40.5,-31.5,28.55,20.5,75.0,12.0
1012.0,25.0,40.9,-31.8,28.59,20.9,75.0,12.0
1012.0,25.0,41.2,-32.0,28.62,21.200000000000003,75.0,12.0
1014.0,25.0,41.6,-32.2,28.66,21.6,75.0,12.0
1009.0,25.0,12.9,-33.5,28.79,22.9,75.0,12.0
1008.0,28.0,15.1,-36.1,28.51,10.1,75.0,12.0
1008.0,30.0,15.6,-36.8,28.56,10.6,75.0,12.0
1008.0,30.0,16.1,-37.6,28.61,11.100000000000001,75.0,12.0
1008.0,30.0,16.6,-38.4,28.66,11.600000000000001,75.0,12.0
1008.0,30.0,16.9,-39.1,28.69,11.899999999999999,75.0,12.0
1008.0,30.0,17.9,-41.0,28.79,12.899999999999999,75.0,12.0
1008.0,30.0,18.2,-41.6,28.82,13.2,75.0,12.0
1008.0,30.0,18.5,-42.2,28.85,13.5,75.0,12.0
1008.0,30.0,18.8,-42.8,28.88,13.8,75.0,12.0
1008.0,30.0,19.1,-43.1,28.91,14.100000000000001,75.0,12.0
1006.0,32.0,19.9,-44.6,28.99,14.899999999999999,75.0,12.0
1005.0,35.0,20.2,-45.0,28.52,15.2,75.0,12.0
1005.0,35.0,20.5,-45.5,28.55,15.5,75.0,12.0
1005.0,35.0,20.8,-46.0,28.58,15.8,75.0,12.0
1008.0,32.0,22.0,-49.1,28.7,17.0,75.0,12.0
1009.0,30.0,22.2,-49.9,28.72,17.2,75.0,12.0
1009.0,30.0,22.3,-50.4,28.73,17.3,75.0,12.0
1009.0,30.0,22.4,-50.9,28.74,17.4,75.0,12.0
1009.0,30.0,22.4,-51.5,28.74,17.4,75.0,12.0
1009.0,30.0,22.4,-53.7,28.74,17.4,75.0,12.0
1009.0,30.0,22.4,-54.2,28.74,17.4,75.0,12.0
1009.0,30.0,22.4,-54.8,28.74,17.4,75.0,12.0
1009.0,30.0,22.4,-57.2,28.74,17.4,75.0,12.0
1008.0,30.0,22.6,-57.7,28.76,17.6,75.0,12.0
1008.0,30.0,22.8,-58.1,28.78,17.8,75.0,12.0
1006.0,32.0,23.1,-58.7,28.81,18.1,75.0,12.0
1001.0,45.0,24.7,-61.7,28.97,19.7,75.0,12.0
1001.0,45.0,25.0,-62.3,28.5,20.0,75.0,12.0
1001.0,45.0,25.4,-62.9,28.54,20.4,75.0,12.0
1001.0,45.0,25.9,-63.3,28.59,20.9,75.0,12.0
996.0,55.0,27.9,-66.3,28.79,22.9,75.0,12.0
996.0,55.0,28.1,-66.7,28.81,23.1,75.0,12.0
995.0,55.0,28.4,-67.1,28.84,23.4,75.0,12.0
994.0,58.0,28.6,-67.4,28.86,23.6,75.0,12.0
997.0,60.0,30.0,-69.0,28.5,10.0,75.0,12.0
998.0,60.0,30.4,-69.2,28.54,10.399999999999999,75.0,12.0
1000.0,60.0,30.8,-69.4,28.58,10.8,75.0,12.0
998.0,60.0,31.2,-69.7,28.62,11.2,75.0,12.0
999.0,55.0,33.1,-70.1,28.81,13.100000000000001,75.0,12.0
996.0,58.0,33.5,-70.0,28.85,13.5,75.0,12.0
994.0,60.0,34.0,-70.0,28.9,14.0,75.0,12.0
992.0,65.0,34.5,-69.8,28.95,14.5,75.0,12.0
982.0,78.0,36.4,-67.1,28.64,16.4,75.0,12.0
980.0,80.0,36.5,-66.5,28.65,16.5,75.0,12.0
980.0,80.0,36.5,-65.8,28.65,16.5,75.0,12.0
975.0,85.0,36.6,-63.0,28.66,16.6,75.0,12.0
972.0,88.0,36.5,-62.5,28.65,16.5,75.0,12.0
970.0,90.0,36.5,-62.0,28.65,16.5,75.0,12.0
974.0,85.0,36.5,-61.6,28.65,16.5,75.0,12.0
987.0,65.0,36.9,-59.1,28.69,16.9,75.0,12.0
987.0,65.0,37.2,-58.2,28.72,17.200000000000003,75.0,12.0
987.0,65.0,37.6,-57.3,28.76,17.6,75.0,12.0
991.0,55.0,41.8,-50.6,28.68,21.799999999999997,75.0,12.0
992.0,50.0,43.3,-48.9,28.83,23.299999999999997,75.0,12.0
1009.0,25.0,13.3,-43.6,28.83,23.3,75.0,12.0
1008.0,28.0,13.6,-44.2,28.86,23.6,75.0,12.0
1008.0,30.0,13.8,-44.7,28.88,23.8,75.0,12.0
1008.0,30.0,13.8,-45.2,28.88,23.8,75.0,12.0
1009.0,25.0,13.4,-46.2,28.84,23.4,75.0,12.0
1009.0,25.0,13.5,-46.4,28.85,23.5,75.0,12.0
1010.0,25.0,13.7,-46.5,28.87,23.7,75.0,12.0
1010.0,25.0,13.9,-46.7,28.89,23.9,75.0,12.0
1010.0,25.0,14.2,-47.0,28.92,24.2,75.0,12.0
1010.0,25.0,14.6,-48.8,28.96,24.6,75.0,12.0
1010.0,25.0,14.6,-49.3,28.96,24.6,75.0,12.0
1010.0,25.0,14.7,-49.6,28.97,24.7,75.0,12.0
1010.0,25.0,14.8,-49.9,28.98,24.8,75.0,12.0
1010.0,25.0,14.9,-50.1,28.99,24.9,75.0,12.0
1010.0,25.0,16.0,-52.0,28.6,11.0,75.0,12.0
1010.0,25.0,16.1,-52.6,28.61,11.100000000000001,75.0,12.0
1010.0,25.0,16.1,-53.2,28.61,11.100000000000001,75.0,12.0
1010.0,25.0,16.1,-53.7,28.61,11.100000000000001,75.0,12.0
1010.0,25.0,16.7,-55.6,28.67,11.7,75.0,12.0
1010.0,25.0,16.9,-56.1,28.69,11.899999999999999,75.0,12.0
1010.0,25.0,17.1,-56.6,28.71,12.100000000000001,75.0,12.0
1010.0,25.0,17.2,-57.2,28.72,12.2,75.0,12.0
1014.0,25.0,18.0,-60.1,28.8,13.0,75.0,12.0
1005.0,32.0,19.5,-94.8,28.95,14.5,75.0,12.0
1004.0,35.0,19.6,-95.0,28.96,14.600000000000001,75.0,12.0
1002.0,40.0,19.6,-95.3,28.96,14.600000000000001,75.0,12.0
1001.0,45.0,19.7,-95.7,28.97,14.7,75.0,12.0
1008.0,30.0,23.1,-75.1,28.81,18.1,75.0,12.0
1008.0,30.0,23.2,-75.4,28.82,18.2,75.0,12.0
1004.0,38.0,24.9,-76.7,28.99,19.9,75.0,12.0
1003.0,40.0,25.4,-76.9,28.54,20.4,75.0,12.0
1002.0,42.0,25.7,-77.3,28.57,20.7,75.0,12.0
994.0,55.0,26.2,-79.0,28.62,21.2,75.0,12.0
991.0,58.0,26.2,-79.3,28.62,21.2,75.0,12.0
988.0,60.0,26.2,-79.6,28.62,21.2,75.0,12.0
986.0,65.0,26.0,-79.9,28.6,21.0,75.0,12.0
979.0,75.0,25.1,-82.0,28.51,20.1,75.0,12.0
974.0,80.0,25.0,-82.3,28.5,20.0,75.0,12.0
968.0,85.0,24.9,-82.6,28.99,19.9,75.0,12.0
964.0,88.0,24.8,-82.9,28.98,19.8,75.0,12.0
959.0,90.0,24.6,-83.3,28.96,19.6,75.0,12.0
942.0,100.0,24.4,-84.7,28.94,19.4,75.0,12.0
945.0,100.0,24.4,-85.0,28.94,19.4,75.0,12.0
948.0,100.0,24.5,-85.3,28.95,19.5,75.0,12.0
944.0,100.0,24.6,-85.6,28.96,19.6,75.0,12.0
941.0,100.0,24.8,-85.9,28.98,19.8,75.0,12.0
909.0,145.0,25.7,-87.7,28.57,20.7,75.0,12.0
906.0,148.0,26.0,-88.2,28.6,21.0,75.0,12.0
902.0,150.0,26.3,-88.6,28.63,21.3,75.0,12.0
904.0,145.0,26.8,-88.9,28.68,21.8,75.0,12.0
905.0,140.0,27.2,-89.2,28.72,22.2,75.0,12.0
923.0,110.0,29.5,-89.6,28.95,24.5,75.0,12.0
936.0,95.0,30.3,-89.6,28.53,10.3,75.0,12.0
948.0,80.0,31.1,-89.6,28.61,11.100000000000001,75.0,12.0
954.0,65.0,31.9,-89.3,28.69,11.899999999999999,75.0,12.0
961.0,50.0,32.6,-89.1,28.76,12.600000000000001,75.0,12.0
985.0,30.0,35.6,-88.0,28.56,15.600000000000001,75.0,12.0
988.0,30.0,36.3,-87.5,28.63,16.299999999999997,75.0,12.0
990.0,30.0,37.0,-87.0,28.7,17.0,75.0,12.0
992.0,30.0,37.8,-86.2,28.78,17.799999999999997,75.0,12.0
994.0,30.0,38.6,-85.3,28.86,18.6,75.0,12.0
1009.0,25.0,14.0,-45.1,28.9,24.0,75.0,12.0
1008.0,25.0,14.4,-45.8,28.94,24.4,75.0,12.0
1007.0,25.0,14.9,-46.4,28.99,24.9,75.0,12.0
1007.0,25.0,15.3,-47.0,28.53,10.3,75.0,12.0
1008.0,25.0,17.7,-50.6,28.77,12.7,75.0,12.0
1008.0,22.0,18.1,-51.5,28.81,13.100000000000001,75.0,12.0
1009.0,20.0,18.5,-52.5,28.85,13.5,75.0,12.0
1010.0,20.0,24.2,-54.2,28.92,19.2,75.0,12.0
1010.0,22.0,24.9,-53.9,28.99,19.9,75.0,12.0
1010.0,25.0,25.5,-53.6,28.55,20.5,75.0,12.0
1010.0,25.0,26.2,-53.2,28.62,21.2,75.0,12.0
1006.0,35.0,29.0,-50.4,28.9,24.0,75.0,12.0
1006.0,35.0,29.6,-50.2,28.96,24.6,75.0,12.0
1007.0,35.0,30.1,-50.1,28.51,10.100000000000001,75.0,12.0
1010.0,30.0,31.9,-51.4,28.69,11.899999999999999,75.0,12.0
1010.0,30.0,32.1,-51.5,28.71,12.100000000000001,75.0,12.0
1010.0,30.0,32.3,-51.5,28.73,12.299999999999997,75.0,12.0
1010.0,28.0,32.3,-51.8,28.73,12.299999999999997,75.0,12.0
1010.0,25.0,33.2,-52.3,28.82,13.200000000000003,75.0,12.0
1010.0,25.0,33.5,-52.5,28.85,13.5,75.0,12.0
1010.0,25.0,33.9,-52.7,28.89,13.899999999999999,75.0,12.0
1010.0,25.0,34.3,-53.0,28.93,14.299999999999997,75.0,12.0
1010.0,25.0,36.6,-54.2,28.66,16.6,75.0,12.0
1010.0,25.0,37.0,-54.0,28.7,17.0,75.0,12.0
1010.0,25.0,37.4,-53.9,28.74,17.4,75.0,12.0
1008.0,30.0,18.8,-45.5,28.88,13.8,75.0,12.0
1008.0,30.0,19.1,-45.9,28.91,14.100000000000001,75.0,12.0
1008.0,30.0,19.3,-46.2,28.93,14.3,75.0,12.0
1008.0,30.0,19.6,-46.7,28.96,14.600000000000001,75.0,12.0
1006.0,35.0,21.1,-49.4,28.61,16.1,75.0,12.0
1004.0,38.0,21.3,-49.8,28.63,16.3,75.0,12.0
1003.0,40.0,21.5,-50.2,28.65,16.5,75.0,12.0
1002.0,42.0,21.8,-50.6,28.68,16.8,75.0,12.0
997.0,50.0,24.4,-53.1,28.94,19.4,75.0,12.0
996.0,52.0,24.9,-53.5,28.99,19.9,75.0,12.0
994.0,55.0,25.5,-54.0,28.55,20.5,75.0,12.0
992.0,58.0,26.0,-54.3,28.6,21.0,75.0,12.0
987.0,65.0,28.6,-55.5,28.86,23.6,75.0,12.0
984.0,70.0,29.1,-55.8,28.91,24.1,75.0,12.0
980.0,75.0,29.6,-56.0,28.96,24.6,75.0,12.0
980.0,75.0,29.9,-56.2,28.99,24.9,75.0,12.0
975.0,85.0,31.5,-56.8,28.65,11.5,75.0,12.0
972.0,88.0,31.8,-56.8,28.68,11.8,75.0,12.0
970.0,90.0,32.1,-56.7,28.71,12.100000000000001,75.0,12.0
975.0,80.0,33.5,-56.0,28.85,13.5,75.0,12.0
978.0,78.0,33.7,-55.7,28.87,13.700000000000003,75.0,12.0
980.0,75.0,33.9,-55.4,28.89,13.899999999999999,75.0,12.0
984.0,70.0,34.1,-55.0,28.91,14.100000000000001,75.0,12.0
980.0,75.0,35.6,-51.8,28.56,15.600000000000001,75.0,12.0
980.0,75.0,36.0,-51.3,28.6,16.0,75.0,12.0
980.0,75.0,36.5,-50.8,28.65,16.5,75.0,12.0
981.0,72.0,36.9,-50.3,28.69,16.9,75.0,12.0
985.0,65.0,38.3,-48.5,28.83,18.299999999999997,75.0,12.0
985.0,65.0,38.7,-48.0,28.87,18.700000000000003,75.0,12.0
985.0,65.0,38.9,-47.6,28.89,18.9,75.0,12.0
985.0,65.0,39.1,-47.2,28.91,19.1,75.0,12.0
988.0,55.0,40.1,-44.1,28.51,20.1,75.0,12.0
988.0,55.0,40.4,-43.4,28.54,20.4,75.0,12.0
988.0,52.0,40.8,-42.8,28.58,20.799999999999997,75.0,12.0
988.0,50.0,41.1,-42.1,28.61,21.1,75.0,12.0
988.0,50.0,41.5,-41.4,28.65,21.5,75.0,12.0
984.0,50.0,43.7,-38.5,28.87,23.700000000000003,75.0,12.0
980.0,50.0,44.5,-37.7,28.95,24.5,75.0,12.0
978.0,52.0,45.2,-37.0,28.52,10.200000000000003,75.0,12.0
975.0,55.0,46.0,-36.3,28.6,11.0,75.0,12.0
1008.0,30.0,28.4,-67.0,28.84,23.4,75.0,12.0
1006.0,32.0,28.4,-66.8,28.84,23.4,75.0,12.0
1000.0,50.0,28.5,-66.5,28.85,23.5,75.0,12.0
998.0,50.0,28.6,-66.5,28.86,23.6,75.0,12.0
997.0,50.0,28.6,-66.4,28.86,23.6,75.0,12.0
996.0,52.0,28.6,-66.3,28.86,23.6,75.0,12.0
986.0,68.0,29.1,-66.1,28.91,24.1,75.0,12.0
985.0,70.0,29.3,-66.0,28.93,24.3,75.0,12.0
984.0,72.0,29.5,-65.8,28.95,24.5,75.0,12.0
982.0,75.0,30.5,-63.8,28.55,10.5,75.0,12.0
982.0,75.0,30.9,-63.2,28.59,10.899999999999999,75.0,12.0
982.0,75.0,31.4,-62.7,28.64,11.399999999999999,75.0,12.0
980.0,78.0,32.0,-61.9,28.7,12.0,75.0,12.0
986.0,65.0,34.0,-55.8,28.9,14.0,75.0,12.0
988.0,60.0,34.2,-54.6,28.92,14.200000000000003,75.0,12.0
991.0,55.0,34.5,-53.4,28.95,14.5,75.0,12.0
994.0,55.0,34.6,-52.1,28.96,14.600000000000001,75.0,12.0
997.0,45.0,34.5,-47.5,28.95,14.5,75.0,12.0
997.0,45.0,34.5,-45.9,28.95,14.5,75.0,12.0
997.0,45.0,34.7,-45.0,28.97,14.700000000000003,75.0,12.0
997.0,45.0,34.9,-44.1,28.99,14.899999999999999,75.0,12.0
998.0,42.0,35.0,-43.1,28.5,15.0,75.0,12.0
1000.0,40.0,36.7,-39.5,28.67,16.700000000000003,75.0,12.0
1001.0,40.0,37.4,-38.3,28.74,17.4,75.0,12.0
1001.0,40.0,38.3,-37.0,28.83,18.299999999999997,75.0,12.0
1001.0,40.0,39.2,-35.6,28.92,19.200000000000003,75.0,12.0
1002.0,35.0,43.8,-30.1,28.88,23.799999999999997,75.0,12.0
1003.0,35.0,44.0,-28.1,28.9,24.0,75.0,12.0
1003.0,35.0,45.0,-26.6,28.5,10.0,75.0,12.0
1003.0,35.0,46.0,-25.0,28.6,11.0,75.0,12.0
1010.0,25.0,26.3,-78.3,28.63,21.3,75.0,12.0
1010.0,25.0,26.6,-78.3,28.66,21.6,75.0,12.0
1010.0,25.0,26.8,-78.3,28.68,21.8,75.0,12.0
1008.0,28.0,27.1,-78.4,28.71,22.1,75.0,12.0
998.0,42.0,28.8,-79.2,28.88,23.8,75.0,12.0
997.0,45.0,28.8,-79.3,28.88,23.8,75.0,12.0
996.0,45.0,28.8,-79.3,28.88,23.8,75.0,12.0
988.0,55.0,28.6,-79.6,28.86,23.6,75.0,12.0
988.0,58.0,28.6,-79.5,28.86,23.6,75.0,12.0
988.0,60.0,28.6,-79.5,28.86,23.6,75.0,12.0
989.0,62.0,28.6,-79.4,28.86,23.6,75.0,12.0
983.0,55.0,29.3,-79.1,28.93,24.3,75.0,12.0
983.0,60.0,29.6,-78.8,28.96,24.6,75.0,12.0
983.0,65.0,29.8,-78.5,28.98,24.8,75.0,12.0
983.0,62.0,30.0,-78.0,28.5,10.0,75.0,12.0
976.0,68.0,31.6,-76.4,28.66,11.600000000000001,75.0,12.0
977.0,70.0,31.7,-76.2,28.67,11.7,75.0,12.0
977.0,70.0,31.8,-76.1,28.68,11.8,75.0,12.0
978.0,70.0,31.6,-75.7,28.66,11.600000000000001,75.0,12.0
978.0,68.0,31.5,-75.8,28.65,11.5,75.0,12.0
978.0,65.0,31.4,-75.9,28.64,11.399999999999999,75.0,12.0
979.0,62.0,31.3,-76.1,28.63,11.3,75.0,12.0
988.0,55.0,31.5,-76.9,28.65,11.5,75.0,12.0
988.0,58.0,31.6,-77.1,28.66,11.600000000000001,75.0,12.0
989.0,60.0,31.7,-77.3,28.67,11.7,75.0,12.0
989.0,60.0,31.8,-77.5,28.68,11.8,75.0,12.0
989.0,60.0,32.1,-78.0,28.71,12.100000000000001,75.0,12.0
988.0,60.0,32.2,-78.0,28.72,12.200000000000003,75.0,12.0
988.0,60.0,32.3,-78.1,28.73,12.299999999999997,75.0,12.0
986.0,62.0,32.5,-78.1,28.75,12.5,75.0,12.0
980.0,75.0,33.4,-77.7,28.84,13.399999999999999,75.0,12.0
980.0,75.0,33.6,-77.6,28.86,13.600000000000001,75.0,12.0
979.0,75.0,33.9,-77.5,28.89,13.899999999999999,75.0,12.0
979.0,75.0,34.0,-77.2,28.9,14.0,75.0,12.0
984.0,65.0,34.7,-75.8,28.97,14.700000000000003,75.0,12.0
985.0,65.0,34.7,-75.7,28.97,14.700000000000003,75.0,12.0
986.0,65.0,34.7,-75.6,28.97,14.700000000000003,75.0,12.0
986.0,62.0,34.7,-75.3,28.97,14.700000000000003,75.0,12.0
994.0,52.0,35.9,-74.0,28.59,15.899999999999999,75.0,12.0
993.0,55.0,36.4,-73.6,28.64,16.4,75.0,12.0
994.0,55.0,36.8,-73.2,28.68,16.799999999999997,75.0,12.0
996.0,48.0,42.4,-66.1,28.74,22.4,75.0,12.0
1000.0,45.0,46.2,-59.9,28.62,11.200000000000003,75.0,12.0
1000.0,45.0,46.8,-58.0,28.68,11.799999999999997,75.0,12.0
999.0,45.0,47.4,-56.2,28.74,12.399999999999999,75.0,12.0
1000.0,45.0,47.9,-54.2,28.79,12.899999999999999,75.0,12.0
1000.0,45.0,49.2,-47.2,28.92,14.200000000000003,75.0,12.0
1000.0,45.0,49.5,-45.7,28.95,14.5,75.0,12.0
1000.0,45.0,49.8,-43.9,28.98,14.799999999999997,75.0,12.0
1008.0,30.0,13.3,-54.5,28.83,23.3,75.0,12.0
1008.0,32.0,13.4,-54.7,28.84,23.4,75.0,12.0
1007.0,35.0,13.5,-54.9,28.85,23.5,75.0,12.0
996.0,50.0,14.9,-55.5,28.99,24.9,75.0,12.0
994.0,52.0,15.2,-55.6,28.52,10.2,75.0,12.0
993.0,55.0,15.6,-55.7,28.56,10.6,75.0,12.0
990.0,60.0,15.9,-55.8,28.59,10.9,75.0,12.0
987.0,65.0,17.2,-56.2,28.72,12.2,75.0,12.0
987.0,65.0,17.5,-56.4,28.75,12.5,75.0,12.0
986.0,68.0,17.6,-56.5,28.76,12.600000000000001,75.0,12.0
990.0,60.0,18.1,-57.0,28.81,13.100000000000001,75.0,12.0
991.0,58.0,18.3,-57.1,28.83,13.3,75.0,12.0
992.0,55.0,18.5,-57.2,28.85,13.5,75.0,12.0
993.0,55.0,18.7,-57.2,28.87,13.7,75.0,12.0
1000.0,45.0,19.9,-57.0,28.99,14.899999999999999,75.0,12.0
1000.0,42.0,20.4,-57.0,28.54,15.399999999999999,75.0,12.0
1001.0,40.0,20.8,-56.9,28.58,15.8,75.0,12.0
1002.0,38.0,21.6,-56.8,28.66,16.6,75.0,12.0
1003.0,35.0,25.2,-57.2,28.52,20.2,75.0,12.0
1003.0,35.0,25.9,-57.4,28.59,20.9,75.0,12.0
1003.0,35.0,26.7,-57.6,28.67,21.7,75.0,12.0
1003.0,35.0,27.5,-57.9,28.75,22.5,75.0,12.0
1003.0,30.0,30.5,-62.2,28.55,10.5,75.0,12.0
1003.0,30.0,30.4,-63.0,28.54,10.399999999999999,75.0,12.0
1003.0,30.0,30.2,-63.7,28.52,10.2,75.0,12.0
1003.0,30.0,29.7,-63.8,28.97,24.7,75.0,12.0
1007.0,30.0,21.9,-71.5,28.69,16.9,75.0,12.0
1006.0,32.0,22.0,-71.9,28.7,17.0,75.0,12.0
1005.0,35.0,22.2,-72.3,28.72,17.2,75.0,12.0
1004.0,40.0,22.3,-72.7,28.73,17.3,75.0,12.0
997.0,55.0,22.8,-74.7,28.78,17.8,75.0,12.0
996.0,58.0,23.0,-75.3,28.8,18.0,75.0,12.0
994.0,60.0,23.1,-75.9,28.81,18.1,75.0,12.0
993.0,60.0,23.2,-76.6,28.82,18.2,75.0,12.0
985.0,70.0,23.7,-80.3,28.87,18.7,75.0,12.0
980.0,78.0,23.8,-80.9,28.88,18.8,75.0,12.0
975.0,85.0,23.9,-81.6,28.89,18.9,75.0,12.0
971.0,90.0,24.0,-82.2,28.9,19.0,75.0,12.0
930.0,132.0,24.2,-85.7,28.92,19.2,75.0,12.0
920.0,145.0,24.3,-86.2,28.93,19.3,75.0,12.0
908.0,148.0,24.4,-86.6,28.94,19.4,75.0,12.0
908.0,140.0,25.2,-88.3,28.52,20.2,75.0,12.0
910.0,132.0,25.4,-88.7,28.54,20.4,75.0,12.0
913.0,125.0,25.6,-89.1,28.56,20.6,75.0,12.0
914.0,122.0,25.8,-89.5,28.58,20.8,75.0,12.0
927.0,115.0,27.1,-91.5,28.71,22.1,75.0,12.0
928.0,112.0,27.5,-91.9,28.75,22.5,75.0,12.0
930.0,110.0,27.8,-92.3,28.78,22.8,75.0,12.0
930.0,108.0,28.2,-92.7,28.82,23.2,75.0,12.0
931.0,105.0,28.6,-93.0,28.86,23.6,75.0,12.0
962.0,55.0,31.1,-94.1,28.61,11.100000000000001,75.0,12.0
974.0,45.0,31.6,-94.1,28.66,11.600000000000001,75.0,12.0
978.0,40.0,32.2,-94.0,28.72,12.200000000000003,75.0,12.0
982.0,35.0,32.7,-94.0,28.77,12.700000000000003,75.0,12.0
998.0,25.0,35.2,-92.0,28.52,15.200000000000003,75.0,12.0
1000.0,25.0,35.8,-91.4,28.58,15.799999999999997,75.0,12.0
1002.0,22.0,36.4,-90.8,28.64,16.4,75.0,12.0
1009.0,25.0,11.8,-32.7,28.68,21.8,75.0,12.0
1008.0,28.0,12.0,-32.9,28.7,22.0,75.0,12.0
1007.0,30.0,12.2,-33.0,28.72,22.2,75.0,12.0
1008.0,30.0,13.6,-33.6,28.86,23.6,75.0,12.0
1008.0,30.0,13.8,-33.7,28.88,23.8,75.0,12.0
1008.0,30.0,14.1,-33.8,28.91,24.1,75.0,12.0
1008.0,30.0,14.4,-33.9,28.94,24.4,75.0,12.0
1008.0,25.0,16.1,-34.8,28.61,11.100000000000001,75.0,12.0
1009.0,25.0,16.6,-35.3,28.66,11.600000000000001,75.0,12.0
1006.0,28.0,19.0,-85.9,28.9,14.0,75.0,12.0
1005.0,30.0,19.1,-86.2,28.91,14.100000000000001,75.0,12.0
1004.0,30.0,19.2,-86.5,28.92,14.2,75.0,12.0
1003.0,35.0,19.8,-87.9,28.98,14.8,75.0,12.0
1004.0,35.0,20.1,-88.3,28.51,15.100000000000001,75.0,12.0
1004.0,35.0,20.3,-88.8,28.53,15.3,75.0,12.0
1004.0,32.0,20.4,-89.3,28.54,15.399999999999999,75.0,12.0
998.0,45.0,20.2,-92.0,28.52,15.2,75.0,12.0
997.0,50.0,20.1,-92.2,28.51,15.100000000000001,75.0,12.0
990.0,55.0,19.8,-93.2,28.98,14.8,75.0,12.0
982.0,58.0,18.2,-95.2,28.82,13.2,75.0,12.0
988.0,45.0,17.9,-95.6,28.79,12.899999999999999,75.0,12.0
994.0,38.0,17.5,-96.0,28.75,12.5,75.0,12.0
1000.0,30.0,17.2,-96.4,28.72,12.2,75.0,12.0
1006.0,32.0,35.3,-29.4,28.53,15.299999999999997,75.0,12.0
1004.0,35.0,35.9,-28.5,28.59,15.899999999999999,75.0,12.0
1000.0,40.0,36.5,-27.6,28.65,16.5,75.0,12.0
997.0,45.0,37.1,-26.7,28.71,17.1,75.0,12.0
1001.0,40.0,42.3,-23.1,28.73,22.299999999999997,75.0,12.0
1002.0,40.0,43.6,-23.0,28.86,23.6,75.0,12.0
1004.0,40.0,28.3,-80.2,28.83,23.3,75.0,12.0
1002.0,42.0,28.9,-80.6,28.89,23.9,75.0,12.0
1001.0,45.0,29.5,-80.9,28.95,24.5,75.0,12.0
1002.0,45.0,30.0,-81.2,28.5,10.0,75.0,12.0
1005.0,25.0,31.8,-84.6,28.68,11.8,75.0,12.0
1006.0,20.0,31.5,-85.2,28.65,11.5,75.0,12.0
1006.0,15.0,31.2,-85.8,28.62,11.2,75.0,12.0
1006.0,12.0,30.8,-85.7,28.58,10.8,75.0,12.0
1008.0,30.0,27.7,-58.5,28.77,22.7,75.0,12.0
1008.0,30.0,28.2,-59.3,28.82,23.2,75.0,12.0
1009.0,30.0,28.8,-60.1,28.88,23.8,75.0,12.0
1009.0,28.0,29.1,-61.0,28.91,24.1,75.0,12.0
1009.0,25.0,29.5,-64.5,28.95,24.5,75.0,12.0
1009.0,25.0,29.8,-64.8,28.98,24.8,75.0,12.0
1009.0,25.0,30.0,-65.2,28.5,10.0,75.0,12.0
1009.0,30.0,32.5,-68.9,28.75,12.5,75.0,12.0
1008.0,30.0,33.0,-69.5,28.8,13.0,75.0,12.0
1008.0,30.0,33.5,-70.0,28.85,13.5,75.0,12.0
1008.0,30.0,33.9,-70.5,28.89,13.899999999999999,75.0,12.0
1008.0,30.0,36.7,-71.8,28.67,16.700000000000003,75.0,12.0
1008.0,30.0,37.2,-71.8,28.72,17.200000000000003,75.0,12.0
1008.0,30.0,37.8,-71.7,28.78,17.799999999999997,75.0,12.0
1008.0,30.0,38.1,-71.8,28.81,18.1,75.0,12.0
1011.0,35.0,38.9,-73.0,28.89,18.9,75.0,12.0
1011.0,38.0,38.8,-73.2,28.88,18.799999999999997,75.0,12.0
1011.0,40.0,38.7,-73.5,28.87,18.700000000000003,75.0,12.0
1008.0,40.0,37.2,-73.0,28.72,17.200000000000003,75.0,12.0
1007.0,40.0,37.5,-73.0,28.75,17.5,75.0,12.0
1006.0,40.0,37.8,-73.0,28.78,17.799999999999997,75.0,12.0
1006.0,40.0,37.9,-73.2,28.79,17.9,75.0,12.0
1005.0,35.0,38.6,-73.8,28.86,18.6,75.0,12.0
1005.0,32.0,39.1,-73.8,28.91,19.1,75.0,12.0
1005.0,30.0,39.6,-73.8,28.96,19.6,75.0,12.0
1000.0,42.0,33.0,-20.5,28.8,13.0,75.0,12.0
1000.0,45.0,33.0,-20.3,28.8,13.0,75.0,12.0
1000.0,45.0,33.0,-20.2,28.8,13.0,75.0,12.0
1000.0,45.0,33.1,-20.1,28.81,13.100000000000001,75.0,12.0
996.0,52.0,33.6,-19.5,28.86,13.600000000000001,75.0,12.0
995.0,55.0,33.8,-19.3,28.88,13.799999999999997,75.0,12.0
992.0,60.0,34.0,-19.1,28.9,14.0,75.0,12.0
988.0,65.0,34.1,-18.9,28.91,14.100000000000001,75.0,12.0
994.0,48.0,34.6,-16.2,28.96,14.600000000000001,75.0,12.0
995.0,45.0,34.7,-15.3,28.97,14.700000000000003,75.0,12.0
996.0,40.0,35.0,-14.1,28.5,15.0,75.0,12.0
998.0,35.0,35.4,-12.8,28.54,15.399999999999999,75.0,12.0
1002.0,30.0,37.2,-7.2,28.72,17.200000000000003,75.0,12.0
1003.0,30.0,37.7,-6.0,28.77,17.700000000000003,75.0,12.0
1004.0,25.0,17.6,-78.5,28.76,12.600000000000001,75.0,12.0
1004.0,25.0,17.6,-78.7,28.76,12.600000000000001,75.0,12.0
1003.0,30.0,17.5,-79.2,28.75,12.5,75.0,12.0
1002.0,30.0,17.5,-79.3,28.75,12.5,75.0,12.0
1002.0,30.0,17.5,-79.4,28.75,12.5,75.0,12.0
1002.0,30.0,17.4,-79.5,28.74,12.399999999999999,75.0,12.0
999.0,40.0,16.3,-79.7,28.63,11.3,75.0,12.0
998.0,42.0,16.1,-79.8,28.61,11.100000000000001,75.0,12.0
997.0,45.0,16.0,-79.8,28.6,11.0,75.0,12.0
992.0,50.0,15.9,-79.8,28.59,10.9,75.0,12.0
979.0,65.0,16.2,-80.3,28.62,11.2,75.0,12.0
977.0,70.0,16.4,-80.7,28.64,11.399999999999999,75.0,12.0
975.0,75.0,16.6,-81.1,28.66,11.600000000000001,75.0,12.0
887.0,150.0,17.4,-83.1,28.74,12.399999999999999,75.0,12.0
892.0,140.0,17.4,-83.4,28.74,12.399999999999999,75.0,12.0
892.0,138.0,17.6,-83.7,28.76,12.600000000000001,75.0,12.0
910.0,130.0,18.3,-85.2,28.83,13.3,75.0,12.0
914.0,130.0,18.5,-85.3,28.85,13.5,75.0,12.0
917.0,130.0,18.6,-85.5,28.86,13.600000000000001,75.0,12.0
920.0,130.0,18.9,-85.7,28.89,13.899999999999999,75.0,12.0
929.0,125.0,20.1,-86.4,28.51,15.100000000000001,75.0,12.0
928.0,122.0,20.2,-86.6,28.52,15.2,75.0,12.0
926.0,120.0,20.3,-86.7,28.53,15.3,75.0,12.0
928.0,120.0,20.5,-86.8,28.55,15.5,75.0,12.0
947.0,100.0,21.0,-87.1,28.6,16.0,75.0,12.0
952.0,92.0,21.1,-87.1,28.61,16.1,75.0,12.0
958.0,85.0,21.3,-87.1,28.63,16.3,75.0,12.0
959.0,85.0,21.5,-87.0,28.65,16.5,75.0,12.0
961.0,85.0,22.4,-86.1,28.74,17.4,75.0,12.0
962.0,88.0,22.8,-85.8,28.78,17.8,75.0,12.0
963.0,90.0,23.1,-85.4,28.81,18.1,75.0,12.0
960.0,92.0,23.6,-84.8,28.86,18.6,75.0,12.0
950.0,95.0,26.2,-81.0,28.62,21.2,75.0,12.0
952.0,100.0,27.1,-79.9,28.71,22.1,75.0,12.0
955.0,105.0,28.0,-78.8,28.8,23.0,75.0,12.0
955.0,108.0,29.1,-77.4,28.91,24.1,75.0,12.0
970.0,90.0,36.8,-67.9,28.68,16.799999999999997,75.0,12.0
973.0,82.0,38.6,-65.7,28.86,18.6,75.0,12.0
976.0,75.0,40.5,-63.5,28.55,20.5,75.0,12.0
977.0,68.0,41.5,-61.8,28.65,21.5,75.0,12.0
986.0,50.0,45.0,-55.0,28.5,10.0,75.0,12.0
988.0,45.0,45.2,-53.5,28.52,10.200000000000003,75.0,12.0
990.0,40.0,45.5,-52.0,28.55,10.5,75.0,12.0
1007.0,30.0,15.8,-67.5,28.58,10.8,75.0,12.0
1006.0,32.0,16.1,-68.0,28.61,11.100000000000001,75.0,12.0
1005.0,35.0,16.5,-68.5,28.65,11.5,75.0,12.0
1002.0,40.0,16.9,-69.0,28.69,11.899999999999999,75.0,12.0
1002.0,35.0,18.6,-72.2,28.86,13.600000000000001,75.0,12.0
1003.0,32.0,19.2,-72.5,28.92,14.2,75.0,12.0
1004.0,30.0,19.8,-72.7,28.98,14.8,75.0,12.0
1004.0,30.0,20.7,-72.8,28.57,15.7,75.0,12.0
1004.0,30.0,25.1,-72.4,28.51,20.1,75.0,12.0
1004.0,30.0,26.5,-71.6,28.65,21.5,75.0,12.0
1004.0,30.0,27.9,-70.8,28.79,22.9,75.0,12.0
1007.0,30.0,10.4,-80.9,28.54,20.4,75.0,12.0
1007.0,30.0,10.6,-81.0,28.56,20.6,75.0,12.0
1000.0,45.0,11.3,-81.3,28.63,21.3,75.0,12.0
998.0,48.0,11.4,-81.3,28.64,21.4,75.0,12.0
997.0,50.0,11.6,-81.3,28.66,21.6,75.0,12.0
996.0,50.0,11.8,-81.2,28.68,21.8,75.0,12.0
993.0,50.0,12.8,-81.0,28.78,22.8,75.0,12.0
992.0,50.0,13.0,-81.0,28.8,23.0,75.0,12.0
991.0,50.0,13.2,-81.1,28.82,23.2,75.0,12.0
990.0,55.0,13.3,-81.2,28.83,23.3,75.0,12.0
982.0,75.0,13.7,-81.6,28.87,23.7,75.0,12.0
981.0,75.0,13.7,-81.8,28.87,23.7,75.0,12.0
980.0,75.0,13.7,-82.1,28.87,23.7,75.0,12.0
975.0,82.0,13.6,-82.3,28.86,23.6,75.0,12.0
970.0,90.0,12.9,-83.5,28.79,22.9,75.0,12.0
980.0,72.0,12.8,-83.8,28.78,22.8,75.0,12.0
990.0,55.0,12.7,-84.1,28.77,22.7,75.0,12.0
995.0,38.0,12.7,-84.5,28.77,22.7,75.0,12.0
1006.0,30.0,13.8,-63.4,28.88,23.8,75.0,12.0
1006.0,30.0,13.9,-63.8,28.89,23.9,75.0,12.0
1005.0,30.0,14.1,-64.2,28.91,24.1,75.0,12.0
1004.0,30.0,14.1,-64.6,28.91,24.1,75.0,12.0
1004.0,35.0,14.4,-67.1,28.94,24.4,75.0,12.0
1004.0,32.0,14.6,-67.8,28.96,24.6,75.0,12.0
1005.0,30.0,14.7,-68.4,28.97,24.7,75.0,12.0
1006.0,30.0,14.8,-69.2,28.98,24.8,75.0,12.0
1006.0,25.0,14.7,-73.1,28.97,24.7,75.0,12.0
1006.0,25.0,14.8,-74.2,28.98,24.8,75.0,12.0
1006.0,25.0,14.8,-75.4,28.98,24.8,75.0,12.0
1006.0,25.0,14.9,-76.5,28.99,24.9,75.0,12.0
1007.0,30.0,15.6,-81.7,28.56,10.6,75.0,12.0
1007.0,30.0,15.7,-82.4,28.57,10.7,75.0,12.0
1007.0,30.0,15.8,-83.1,28.58,10.8,75.0,12.0
1007.0,30.0,15.8,-83.6,28.58,10.8,75.0,12.0
1006.0,30.0,15.5,-85.5,28.55,10.5,75.0,12.0
1006.0,32.0,15.6,-85.5,28.56,10.6,75.0,12.0
1006.0,35.0,15.7,-85.6,28.57,10.7,75.0,12.0
1006.0,38.0,15.8,-85.6,28.58,10.8,75.0,12.0
1002.0,45.0,16.1,-85.4,28.61,11.100000000000001,75.0,12.0
1004.0,40.0,16.2,-85.2,28.62,11.2,75.0,12.0
1004.0,40.0,16.3,-85.1,28.63,11.3,75.0,12.0
1007.0,30.0,16.7,-85.2,28.67,11.7,75.0,12.0
1007.0,30.0,16.8,-85.3,28.68,11.8,75.0,12.0
1007.0,30.0,16.9,-85.5,28.69,11.899999999999999,75.0,12.0
1008.0,28.0,17.0,-85.5,28.7,12.0,75.0,12.0
1008.0,25.0,16.7,-84.8,28.67,11.7,75.0,12.0
1008.0,25.0,16.5,-84.5,28.65,11.5,75.0,12.0
1009.0,25.0,16.4,-84.3,28.64,11.399999999999999,75.0,12.0
1009.0,25.0,15.9,-83.9,28.59,10.9,75.0,12.0
1010.0,25.0,27.0,-48.0,28.7,22.0,75.0,12.0
1010.0,25.0,26.9,-47.8,28.69,21.9,75.0,12.0
1009.0,25.0,26.7,-47.5,28.67,21.7,75.0,12.0
1007.0,30.0,27.7,-44.8,28.77,22.7,75.0,12.0
1005.0,32.0,27.9,-44.1,28.79,22.9,75.0,12.0
1003.0,35.0,28.0,-43.5,28.8,23.0,75.0,12.0
996.0,35.0,29.9,-40.1,28.99,24.9,75.0,12.0
995.0,38.0,30.4,-39.9,28.54,10.399999999999999,75.0,12.0
994.0,40.0,30.9,-39.6,28.59,10.899999999999999,75.0,12.0
988.0,45.0,31.2,-39.8,28.62,11.2,75.0,12.0
987.0,45.0,30.9,-40.1,28.59,10.899999999999999,75.0,12.0
986.0,45.0,30.7,-40.5,28.57,10.7,75.0,12.0
983.0,50.0,27.4,-41.2,28.74,22.4,75.0,12.0
983.0,50.0,26.9,-41.0,28.69,21.9,75.0,12.0
983.0,50.0,26.4,-40.8,28.64,21.4,75.0,12.0
980.0,60.0,24.8,-39.0,28.98,19.8,75.0,12.0
980.0,60.0,24.7,-39.0,28.97,19.7,75.0,12.0
980.0,60.0,24.6,-38.9,28.96,19.6,75.0,12.0
982.0,55.0,23.3,-39.6,28.83,18.3,75.0,12.0
984.0,52.0,23.1,-39.7,28.81,18.1,75.0,12.0
985.0,50.0,22.8,-39.8,28.78,17.8,75.0,12.0
995.0,38.0,21.9,-38.9,28.69,16.9,75.0,12.0
997.0,35.0,22.0,-38.4,28.7,17.0,75.0,12.0
997.0,35.0,22.3,-37.8,28.73,17.3,75.0,12.0
997.0,35.0,22.6,-37.3,28.76,17.6,75.0,12.0
988.0,52.0,25.8,-33.0,28.58,20.8,75.0,12.0
982.0,60.0,26.7,-31.9,28.67,21.7,75.0,12.0
982.0,60.0,27.5,-30.9,28.75,22.5,75.0,12.0
982.0,60.0,28.3,-29.9,28.83,23.3,75.0,12.0
984.0,60.0,30.0,-23.2,28.5,10.0,75.0,12.0
985.0,60.0,30.2,-21.6,28.52,10.2,75.0,12.0
986.0,60.0,30.2,-19.9,28.52,10.2,75.0,12.0
986.0,60.0,30.2,-18.2,28.52,10.2,75.0,12.0
996.0,42.0,31.6,-8.8,28.66,11.600000000000001,75.0,12.0
1000.0,35.0,32.6,-6.6,28.76,12.600000000000001,75.0,12.0
1002.0,32.0,34.0,-3.8,28.9,14.0,75.0,12.0
993.0,45.0,31.6,-50.0,28.66,11.600000000000001,75.0,12.0
993.0,45.0,31.5,-50.4,28.65,11.5,75.0,12.0
993.0,45.0,31.4,-50.8,28.64,11.399999999999999,75.0,12.0
991.0,55.0,30.8,-53.5,28.58,10.8,75.0,12.0
991.0,52.0,30.5,-53.9,28.55,10.5,75.0,12.0
991.0,50.0,30.1,-54.2,28.51,10.100000000000001,75.0,12.0
992.0,50.0,30.8,-51.9,28.58,10.8,75.0,12.0
992.0,52.0,31.1,-51.6,28.61,11.100000000000001,75.0,12.0
991.0,55.0,31.4,-51.3,28.64,11.399999999999999,75.0,12.0
989.0,60.0,33.2,-48.9,28.82,13.200000000000003,75.0,12.0
988.0,62.0,33.5,-48.4,28.85,13.5,75.0,12.0
987.0,65.0,33.9,-47.9,28.89,13.899999999999999,75.0,12.0
987.0,65.0,34.5,-45.0,28.95,14.5,75.0,12.0
987.0,65.0,34.5,-44.4,28.95,14.5,75.0,12.0
987.0,65.0,34.5,-43.7,28.95,14.5,75.0,12.0
984.0,70.0,34.3,-39.8,28.93,14.299999999999997,75.0,12.0
984.0,70.0,34.3,-39.3,28.93,14.299999999999997,75.0,12.0
985.0,70.0,34.3,-38.8,28.93,14.299999999999997,75.0,12.0
981.0,75.0,33.8,-35.5,28.88,13.799999999999997,75.0,12.0
983.0,72.0,33.8,-35.0,28.88,13.799999999999997,75.0,12.0
985.0,70.0,33.7,-34.6,28.87,13.700000000000003,75.0,12.0
987.0,65.0,32.3,-33.7,28.73,12.299999999999997,75.0,12.0
987.0,65.0,31.9,-34.0,28.69,11.899999999999999,75.0,12.0
987.0,65.0,31.6,-34.2,28.66,11.600000000000001,75.0,12.0
987.0,65.0,29.4,-37.1,28.94,24.4,75.0,12.0
989.0,62.0,29.0,-37.6,28.9,24.0,75.0,12.0
991.0,60.0,28.7,-38.1,28.87,23.7,75.0,12.0
1005.0,30.0,26.5,-40.0,28.65,21.5,75.0,12.0
1006.0,30.0,26.2,-40.2,28.62,21.2,75.0,12.0
1006.0,30.0,25.9,-40.5,28.59,20.9,75.0,12.0
1009.0,25.0,24.7,-40.1,28.97,19.7,75.0,12.0
1009.0,25.0,24.7,-39.7,28.97,19.7,75.0,12.0
1009.0,25.0,24.7,-39.2,28.97,19.7,75.0,12.0
1002.0,45.0,24.7,-36.6,28.97,19.7,75.0,12.0
1001.0,45.0,24.9,-36.8,28.99,19.9,75.0,12.0
1000.0,45.0,25.2,-37.0,28.52,20.2,75.0,12.0
997.0,50.0,25.7,-37.9,28.57,20.7,75.0,12.0
998.0,48.0,25.7,-38.0,28.57,20.7,75.0,12.0
1000.0,45.0,25.7,-38.1,28.57,20.7,75.0,12.0
997.0,50.0,25.2,-38.5,28.52,20.2,75.0,12.0
996.0,52.0,25.1,-38.5,28.51,20.1,75.0,12.0
994.0,55.0,25.0,-38.6,28.5,20.0,75.0,12.0
1000.0,45.0,23.8,-40.4,28.88,18.8,75.0,12.0
998.0,48.0,23.7,-40.6,28.87,18.7,75.0,12.0
997.0,50.0,23.6,-40.8,28.86,18.6,75.0,12.0
994.0,55.0,23.2,-41.6,28.82,18.2,75.0,12.0
994.0,55.0,23.1,-41.9,28.81,18.1,75.0,12.0
994.0,55.0,23.0,-42.1,28.8,18.0,75.0,12.0
1000.0,45.0,21.9,-43.6,28.69,16.9,75.0,12.0
1001.0,42.0,21.8,-44.1,28.68,16.8,75.0,12.0
1002.0,40.0,21.7,-44.6,28.67,16.7,75.0,12.0
1006.0,35.0,22.2,-47.3,28.72,17.2,75.0,12.0
1006.0,35.0,22.4,-47.6,28.74,17.4,75.0,12.0
1007.0,35.0,22.7,-47.9,28.77,17.7,75.0,12.0
1008.0,30.0,23.1,-49.6,28.81,18.1,75.0,12.0
1008.0,28.0,23.2,-49.9,28.82,18.2,75.0,12.0
1009.0,25.0,23.3,-50.2,28.83,18.3,75.0,12.0
1014.0,25.0,24.8,-54.2,28.98,19.8,75.0,12.0
1015.0,25.0,25.6,-55.0,28.56,20.6,75.0,12.0
1016.0,25.0,26.3,-55.7,28.63,21.3,75.0,12.0
1003.0,30.0,21.0,-85.3,28.6,16.0,75.0,12.0
1003.0,30.0,21.4,-85.5,28.64,16.4,75.0,12.0
1003.0,30.0,21.9,-85.7,28.69,16.9,75.0,12.0
1003.0,32.0,22.2,-86.0,28.72,17.2,75.0,12.0
1003.0,35.0,22.5,-86.3,28.75,17.5,75.0,12.0
1002.0,40.0,23.6,-87.8,28.86,18.6,75.0,12.0
1004.0,40.0,24.3,-87.8,28.93,19.3,75.0,12.0
1004.0,40.0,24.6,-87.8,28.96,19.6,75.0,12.0
1004.0,40.0,25.0,-87.8,28.5,20.0,75.0,12.0
1000.0,60.0,26.8,-86.3,28.68,21.8,75.0,12.0
998.0,60.0,27.1,-85.8,28.71,22.1,75.0,12.0
997.0,60.0,27.5,-85.4,28.75,22.5,75.0,12.0
996.0,60.0,27.8,-85.2,28.78,22.8,75.0,12.0
995.0,60.0,28.0,-85.0,28.8,23.0,75.0,12.0
996.0,45.0,29.5,-84.1,28.95,24.5,75.0,12.0
996.0,40.0,29.9,-83.8,28.99,24.9,75.0,12.0
997.0,35.0,30.3,-83.5,28.53,10.3,75.0,12.0
999.0,35.0,30.8,-83.2,28.58,10.8,75.0,12.0
1001.0,35.0,31.3,-82.8,28.63,11.3,75.0,12.0
1002.0,35.0,34.9,-79.1,28.99,14.899999999999999,75.0,12.0
1002.0,35.0,35.5,-77.5,28.55,15.5,75.0,12.0
1000.0,40.0,36.2,-75.2,28.62,16.200000000000003,75.0,12.0
999.0,45.0,37.0,-73.0,28.7,17.0,75.0,12.0
979.0,50.0,40.9,-66.8,28.59,20.9,75.0,12.0
975.0,52.0,41.8,-65.5,28.68,21.799999999999997,75.0,12.0
971.0,55.0,42.6,-64.2,28.76,22.6,75.0,12.0
970.0,55.0,43.3,-63.1,28.83,23.299999999999997,75.0,12.0
978.0,48.0,46.7,-56.8,28.67,11.700000000000003,75.0,12.0
985.0,45.0,47.4,-55.0,28.74,12.399999999999999,75.0,12.0
988.0,42.0,48.3,-53.2,28.83,13.299999999999997,75.0,12.0
990.0,40.0,49.3,-51.5,28.93,14.299999999999997,75.0,12.0
1009.0,30.0,37.2,-68.7,28.72,17.200000000000003,75.0,12.0
1009.0,30.0,37.5,-68.5,28.75,17.5,75.0,12.0
1009.0,30.0,37.7,-68.2,28.77,17.700000000000003,75.0,12.0
1009.0,30.0,38.0,-67.9,28.8,18.0,75.0,12.0
1003.0,40.0,40.0,-65.1,28.5,20.0,75.0,12.0
1000.0,42.0,40.5,-64.4,28.55,20.5,75.0,12.0
998.0,45.0,41.1,-63.7,28.61,21.1,75.0,12.0
998.0,42.0,41.8,-62.9,28.68,21.799999999999997,75.0,12.0
1006.0,32.0,44.6,-59.0,28.96,24.6,75.0,12.0
1007.0,30.0,45.5,-58.0,28.55,10.5,75.0,12.0
1008.0,28.0,46.3,-56.9,28.63,11.299999999999997,75.0,12.0
1010.0,25.0,47.9,-54.3,28.79,12.899999999999999,75.0,12.0
1013.0,25.0,49.5,-47.8,28.95,14.5,75.0,12.0
1014.0,25.0,49.8,-46.1,28.98,14.799999999999997,75.0,12.0
1010.0,30.0,32.3,-73.3,28.73,12.299999999999997,75.0,12.0
1009.0,32.0,32.6,-73.3,28.76,12.600000000000001,75.0,12.0
1008.0,35.0,33.0,-73.3,28.8,13.0,75.0,12.0
1007.0,35.0,33.4,-73.4,28.84,13.399999999999999,75.0,12.0
1006.0,35.0,33.8,-73.5,28.88,13.799999999999997,75.0,12.0
1004.0,40.0,35.2,-73.6,28.52,15.200000000000003,75.0,12.0
1004.0,45.0,35.5,-73.5,28.55,15.5,75.0,12.0
1003.0,50.0,35.9,-73.5,28.59,15.899999999999999,75.0,12.0
1002.0,50.0,36.2,-73.3,28.62,16.200000000000003,75.0,12.0
1002.0,50.0,36.6,-73.2,28.66,16.6,75.0,12.0
1002.0,50.0,38.3,-73.0,28.83,18.299999999999997,75.0,12.0
1002.0,48.0,38.7,-72.8,28.87,18.700000000000003,75.0,12.0
1002.0,45.0,39.1,-72.5,28.91,19.1,75.0,12.0
1002.0,45.0,39.5,-72.2,28.95,19.5,75.0,12.0
1003.0,45.0,39.8,-71.8,28.98,19.799999999999997,75.0,12.0
1002.0,40.0,42.4,-68.4,28.74,22.4,75.0,12.0
1001.0,38.0,43.1,-67.3,28.81,23.1,75.0,12.0
1001.0,35.0,44.6,-64.8,28.96,24.6,75.0,12.0
1002.0,35.0,45.5,-63.3,28.55,10.5,75.0,12.0
1004.0,32.0,47.9,-58.2,28.79,12.899999999999999,75.0,12.0
1004.0,30.0,48.5,-56.5,28.85,13.5,75.0,12.0
1006.0,40.0,17.2,-59.8,28.72,12.2,75.0,12.0
1005.0,45.0,17.4,-60.2,28.74,12.399999999999999,75.0,12.0
1004.0,50.0,17.7,-60.6,28.77,12.7,75.0,12.0
1004.0,50.0,17.9,-61.0,28.79,12.899999999999999,75.0,12.0
1001.0,55.0,19.0,-63.0,28.9,14.0,75.0,12.0
1002.0,52.0,19.3,-63.5,28.93,14.3,75.0,12.0
1004.0,50.0,19.6,-63.9,28.96,14.600000000000001,75.0,12.0
1006.0,50.0,19.8,-64.3,28.98,14.8,75.0,12.0
1011.0,35.0,20.4,-66.8,28.54,15.399999999999999,75.0,12.0
1011.0,32.0,20.5,-67.2,28.55,15.5,75.0,12.0
1011.0,30.0,20.6,-67.7,28.56,15.600000000000001,75.0,12.0
1011.0,25.0,21.2,-71.1,28.62,16.2,75.0,12.0
1012.0,25.0,21.2,-71.7,28.62,16.2,75.0,12.0
1012.0,25.0,21.3,-72.2,28.63,16.3,75.0,12.0
1012.0,25.0,21.4,-72.8,28.64,16.4,75.0,12.0
1012.0,20.0,21.8,-76.3,28.68,16.8,75.0,12.0
1012.0,20.0,22.0,-76.9,28.7,17.0,75.0,12.0
1012.0,20.0,22.1,-77.6,28.71,17.1,75.0,12.0
1012.0,20.0,22.2,-78.2,28.72,17.2,75.0,12.0
1013.0,15.0,23.2,-81.7,28.82,18.2,75.0,12.0
1007.0,30.0,11.6,-21.7,28.66,21.6,75.0,12.0
1007.0,30.0,13.0,-24.6,28.8,23.0,75.0,12.0
1007.0,30.0,13.4,-25.3,28.84,23.4,75.0,12.0
1006.0,30.0,13.8,-26.0,28.88,23.8,75.0,12.0
1005.0,30.0,14.2,-26.7,28.92,24.2,75.0,12.0
1002.0,42.0,16.2,-30.2,28.62,11.2,75.0,12.0
1001.0,45.0,16.7,-31.0,28.67,11.7,75.0,12.0
1001.0,45.0,17.1,-31.7,28.71,12.100000000000001,75.0,12.0
1001.0,45.0,17.6,-32.4,28.76,12.600000000000001,75.0,12.0
1000.0,45.0,19.6,-36.3,28.96,14.600000000000001,75.0,12.0
1000.0,45.0,20.1,-37.1,28.51,15.100000000000001,75.0,12.0
1000.0,45.0,20.5,-37.9,28.55,15.5,75.0,12.0
1000.0,45.0,20.9,-38.7,28.59,15.899999999999999,75.0,12.0
1000.0,45.0,21.3,-39.5,28.63,16.3,75.0,12.0
1002.0,42.0,23.1,-42.1,28.81,18.1,75.0,12.0
1002.0,40.0,23.6,-42.7,28.86,18.6,75.0,12.0
1004.0,38.0,24.0,-43.4,28.9,19.0,75.0,12.0
1005.0,35.0,24.4,-44.1,28.94,19.4,75.0,12.0
1006.0,35.0,24.6,-44.6,28.96,19.6,75.0,12.0
1010.0,28.0,25.4,-46.5,28.54,20.4,75.0,12.0
1010.0,25.0,25.7,-46.9,28.57,20.7,75.0,12.0
1010.0,25.0,26.1,-47.2,28.61,21.1,75.0,12.0
1011.0,25.0,26.5,-47.5,28.65,21.5,75.0,12.0
1012.0,25.0,28.9,-49.0,28.89,23.9,75.0,12.0
1012.0,25.0,29.4,-49.1,28.94,24.4,75.0,12.0
1012.0,25.0,30.0,-49.0,28.5,10.0,75.0,12.0
1012.0,25.0,30.6,-48.9,28.56,10.600000000000001,75.0,12.0
1012.0,25.0,31.4,-48.6,28.64,11.399999999999999,75.0,12.0
1008.0,30.0,12.7,-61.6,28.77,22.7,75.0,12.0
1005.0,35.0,13.7,-65.8,28.87,23.7,75.0,12.0
1004.0,35.0,13.8,-66.4,28.88,23.8,75.0,12.0
1004.0,35.0,14.0,-67.1,28.9,24.0,75.0,12.0
1003.0,38.0,14.2,-67.7,28.92,24.2,75.0,12.0
997.0,50.0,15.1,-70.4,28.51,10.1,75.0,12.0
997.0,52.0,15.4,-70.8,28.54,10.4,75.0,12.0
997.0,55.0,15.7,-71.2,28.57,10.7,75.0,12.0
996.0,55.0,16.0,-71.6,28.6,11.0,75.0,12.0
997.0,55.0,17.4,-73.4,28.74,12.399999999999999,75.0,12.0
1000.0,50.0,17.6,-73.7,28.76,12.600000000000001,75.0,12.0
1002.0,45.0,17.8,-74.0,28.78,12.8,75.0,12.0
1002.0,42.0,18.1,-74.3,28.81,13.100000000000001,75.0,12.0
1005.0,35.0,20.0,-75.6,28.5,15.0,75.0,12.0
1006.0,35.0,20.4,-76.0,28.54,15.399999999999999,75.0,12.0
1007.0,35.0,20.8,-76.4,28.58,15.8,75.0,12.0
1007.0,35.0,21.2,-76.9,28.62,16.2,75.0,12.0
1006.0,40.0,23.2,-79.3,28.82,18.2,75.0,12.0
1006.0,40.0,23.5,-79.6,28.85,18.5,75.0,12.0
1005.0,40.0,23.9,-79.9,28.89,18.9,75.0,12.0
1004.0,40.0,24.3,-80.2,28.93,19.3,75.0,12.0
1002.0,35.0,26.1,-81.0,28.61,21.1,75.0,12.0
1002.0,35.0,26.6,-81.0,28.66,21.6,75.0,12.0
1001.0,35.0,27.0,-80.9,28.7,22.0,75.0,12.0
1000.0,35.0,27.6,-80.8,28.76,22.6,75.0,12.0
995.0,55.0,30.6,-79.9,28.56,10.600000000000001,75.0,12.0
994.0,58.0,31.2,-79.6,28.62,11.2,75.0,12.0
993.0,60.0,31.9,-79.2,28.69,11.899999999999999,75.0,12.0
990.0,60.0,32.5,-78.8,28.75,12.5,75.0,12.0
991.0,30.0,35.8,-77.6,28.58,15.799999999999997,75.0,12.0
994.0,35.0,36.2,-77.4,28.62,16.200000000000003,75.0,12.0
997.0,40.0,36.6,-77.2,28.66,16.6,75.0,12.0
1000.0,40.0,36.9,-77.1,28.69,16.9,75.0,12.0
1007.0,40.0,38.2,-76.7,28.82,18.200000000000003,75.0,12.0
1008.0,40.0,38.5,-76.7,28.85,18.5,75.0,12.0
1010.0,40.0,38.9,-76.7,28.89,18.9,75.0,12.0
1011.0,38.0,39.4,-76.7,28.94,19.4,75.0,12.0
1014.0,20.0,43.1,-77.5,28.81,23.1,75.0,12.0
1014.0,20.0,43.8,-77.2,28.88,23.799999999999997,75.0,12.0
1015.0,20.0,44.5,-77.0,28.95,24.5,75.0,12.0
1015.0,20.0,45.0,-76.4,28.5,10.0,75.0,12.0
1007.0,30.0,14.1,-39.4,28.91,24.1,75.0,12.0
1007.0,30.0,15.7,-41.6,28.57,10.7,75.0,12.0
1007.0,30.0,16.0,-42.3,28.6,11.0,75.0,12.0
1007.0,30.0,16.2,-42.9,28.62,11.2,75.0,12.0
1007.0,30.0,16.4,-43.5,28.64,11.399999999999999,75.0,12.0
1007.0,30.0,16.5,-44.1,28.65,11.5,75.0,12.0
1006.0,35.0,16.9,-46.5,28.69,11.899999999999999,75.0,12.0
1005.0,35.0,17.0,-46.9,28.7,12.0,75.0,12.0
1004.0,38.0,17.1,-47.3,28.71,12.100000000000001,75.0,12.0
1003.0,40.0,17.3,-47.8,28.73,12.3,75.0,12.0
1003.0,42.0,18.3,-50.2,28.83,13.3,75.0,12.0
1003.0,45.0,18.5,-50.6,28.85,13.5,75.0,12.0
1002.0,45.0,18.8,-51.0,28.88,13.8,75.0,12.0
1000.0,45.0,19.0,-51.3,28.9,14.0,75.0,12.0
1002.0,40.0,19.9,-53.3,28.99,14.899999999999999,75.0,12.0
1002.0,40.0,20.1,-53.8,28.51,15.100000000000001,75.0,12.0
1002.0,40.0,20.3,-54.3,28.53,15.3,75.0,12.0
1002.0,40.0,20.6,-55.0,28.56,15.600000000000001,75.0,12.0
1002.0,40.0,21.7,-58.8,28.67,16.7,75.0,12.0
1001.0,42.0,21.8,-59.5,28.68,16.8,75.0,12.0
1000.0,45.0,21.9,-60.1,28.69,16.9,75.0,12.0
998.0,48.0,22.3,-60.5,28.73,17.3,75.0,12.0
992.0,50.0,24.4,-63.2,28.94,19.4,75.0,12.0
992.0,50.0,24.8,-63.6,28.98,19.8,75.0,12.0
991.0,50.0,25.1,-64.0,28.51,20.1,75.0,12.0
989.0,55.0,25.6,-64.3,28.56,20.6,75.0,12.0
978.0,75.0,28.1,-65.9,28.81,23.1,75.0,12.0
977.0,78.0,28.7,-66.0,28.87,23.7,75.0,12.0
976.0,80.0,29.3,-66.1,28.93,24.3,75.0,12.0
976.0,80.0,29.9,-66.2,28.99,24.9,75.0,12.0
974.0,75.0,32.4,-65.7,28.74,12.399999999999999,75.0,12.0
974.0,75.0,33.0,-65.3,28.8,13.0,75.0,12.0
974.0,75.0,33.6,-65.0,28.86,13.600000000000001,75.0,12.0
974.0,72.0,34.2,-64.5,28.92,14.200000000000003,75.0,12.0
976.0,65.0,37.4,-61.9,28.74,17.4,75.0,12.0
976.0,65.0,38.0,-61.0,28.8,18.0,75.0,12.0
977.0,65.0,38.5,-60.2,28.85,18.5,75.0,12.0
967.0,70.0,45.5,-55.6,28.55,10.5,75.0,12.0
965.0,70.0,46.0,-54.8,28.6,11.0,75.0,12.0
963.0,70.0,46.4,-54.0,28.64,11.399999999999999,75.0,12.0
964.0,68.0,47.0,-52.6,28.7,12.0,75.0,12.0
968.0,58.0,48.9,-46.8,28.89,13.899999999999999,75.0,12.0
970.0,55.0,49.2,-45.2,28.92,14.200000000000003,75.0,12.0
973.0,52.0,49.5,-43.9,28.95,14.5,75.0,12.0
976.0,50.0,49.8,-42.6,28.98,14.799999999999997,75.0,12.0
983.0,45.0,49.6,-33.8,28.96,14.600000000000001,75.0,12.0
984.0,45.0,49.5,-31.7,28.95,14.5,75.0,12.0
985.0,42.0,49.6,-29.6,28.96,14.600000000000001,75.0,12.0
986.0,40.0,49.8,-27.5,28.98,14.799999999999997,75.0,12.0
1012.0,25.0,20.2,-53.8,28.52,15.2,75.0,12.0
1012.0,28.0,20.2,-54.1,28.52,15.2,75.0,12.0
1008.0,35.0,20.9,-56.3,28.59,15.899999999999999,75.0,12.0
1006.0,38.0,21.1,-56.7,28.61,16.1,75.0,12.0
1005.0,40.0,21.4,-57.1,28.64,16.4,75.0,12.0
1004.0,45.0,21.6,-57.4,28.66,16.6,75.0,12.0
998.0,50.0,22.8,-58.2,28.78,17.8,75.0,12.0
996.0,52.0,23.1,-58.2,28.81,18.1,75.0,12.0
994.0,55.0,23.4,-58.2,28.84,18.4,75.0,12.0
990.0,60.0,23.7,-58.2,28.87,18.7,75.0,12.0
980.0,80.0,25.6,-57.9,28.56,20.6,75.0,12.0
972.0,88.0,26.1,-57.8,28.61,21.1,75.0,12.0
965.0,95.0,26.5,-57.7,28.65,21.5,75.0,12.0
960.0,100.0,26.9,-57.5,28.69,21.9,75.0,12.0
956.0,105.0,29.1,-56.2,28.91,24.1,75.0,12.0
957.0,105.0,29.5,-55.8,28.95,24.5,75.0,12.0
958.0,105.0,29.8,-55.4,28.98,24.8,75.0,12.0
973.0,85.0,31.1,-53.5,28.61,11.100000000000001,75.0,12.0
974.0,82.0,31.1,-53.5,28.61,11.100000000000001,75.0,12.0
976.0,80.0,31.1,-53.5,28.61,11.100000000000001,75.0,12.0
978.0,78.0,31.1,-53.5,28.61,11.100000000000001,75.0,12.0
987.0,65.0,31.3,-53.8,28.63,11.3,75.0,12.0
987.0,65.0,31.4,-53.8,28.64,11.399999999999999,75.0,12.0
987.0,65.0,31.5,-53.9,28.65,11.5,75.0,12.0
987.0,65.0,31.7,-53.8,28.67,11.7,75.0,12.0
983.0,70.0,33.3,-53.3,28.83,13.299999999999997,75.0,12.0
983.0,70.0,33.7,-53.1,28.87,13.700000000000003,75.0,12.0
983.0,70.0,34.1,-52.9,28.91,14.100000000000001,75.0,12.0
982.0,72.0,34.5,-52.5,28.95,14.5,75.0,12.0
976.0,80.0,36.9,-48.7,28.69,16.9,75.0,12.0
974.0,82.0,37.2,-47.5,28.72,17.200000000000003,75.0,12.0
972.0,85.0,37.5,-46.3,28.75,17.5,75.0,12.0
972.0,85.0,37.8,-44.8,28.78,17.799999999999997,75.0,12.0
974.0,85.0,38.0,-38.6,28.8,18.0,75.0,12.0
977.0,80.0,38.0,-37.0,28.8,18.0,75.0,12.0
978.0,78.0,37.9,-35.2,28.79,17.9,75.0,12.0
979.0,75.0,37.8,-33.5,28.78,17.799999999999997,75.0,12.0
982.0,68.0,37.7,-24.4,28.77,17.700000000000003,75.0,12.0
983.0,65.0,37.8,-22.6,28.78,17.799999999999997,75.0,12.0
983.0,65.0,38.1,-20.6,28.81,18.1,75.0,12.0
983.0,65.0,38.5,-18.5,28.85,18.5,75.0,12.0
986.0,55.0,43.8,-10.4,28.88,23.799999999999997,75.0,12.0
984.0,55.0,46.1,-9.7,28.61,11.100000000000001,75.0,12.0
982.0,55.0,48.5,-9.0,28.85,13.5,75.0,12.0
1007.0,25.0,11.9,-22.0,28.69,21.9,75.0,12.0
1007.0,28.0,11.9,-22.6,28.69,21.9,75.0,12.0
1007.0,30.0,11.9,-23.2,28.69,21.9,75.0,12.0
1007.0,30.0,12.1,-27.1,28.71,22.1,75.0,12.0
1007.0,30.0,12.2,-28.0,28.72,22.2,75.0,12.0
1006.0,30.0,12.3,-29.0,28.73,22.3,75.0,12.0
1006.0,30.0,12.5,-30.0,28.75,22.5,75.0,12.0
1004.0,38.0,13.4,-34.7,28.84,23.4,75.0,12.0
1003.0,40.0,13.6,-35.6,28.86,23.6,75.0,12.0
1003.0,40.0,13.8,-36.3,28.88,23.8,75.0,12.0
1003.0,40.0,14.0,-37.0,28.9,24.0,75.0,12.0
998.0,48.0,15.2,-40.2,28.52,10.2,75.0,12.0
997.0,50.0,15.5,-40.8,28.55,10.5,75.0,12.0
996.0,52.0,15.8,-41.5,28.58,10.8,75.0,12.0
995.0,55.0,16.2,-42.1,28.62,11.2,75.0,12.0
988.0,62.0,18.0,-44.8,28.8,13.0,75.0,12.0
987.0,65.0,18.4,-45.3,28.84,13.399999999999999,75.0,12.0
986.0,65.0,18.6,-45.8,28.86,13.600000000000001,75.0,12.0
986.0,65.0,18.9,-46.2,28.89,13.899999999999999,75.0,12.0
984.0,68.0,19.1,-46.7,28.91,14.100000000000001,75.0,12.0
978.0,78.0,20.1,-48.1,28.51,15.100000000000001,75.0,12.0
976.0,80.0,20.3,-48.4,28.53,15.3,75.0,12.0
973.0,85.0,20.6,-48.6,28.56,15.600000000000001,75.0,12.0
970.0,90.0,20.8,-48.8,28.58,15.8,75.0,12.0
966.0,95.0,21.1,-49.0,28.61,16.1,75.0,12.0
956.0,105.0,22.4,-49.5,28.74,17.4,75.0,12.0
958.0,105.0,22.7,-49.7,28.77,17.7,75.0,12.0
960.0,100.0,23.1,-50.0,28.81,18.1,75.0,12.0
962.0,95.0,23.6,-50.4,28.86,18.6,75.0,12.0
958.0,95.0,24.4,-52.5,28.94,19.4,75.0,12.0
957.0,92.0,24.4,-53.0,28.94,19.4,75.0,12.0
956.0,90.0,24.4,-53.5,28.94,19.4,75.0,12.0
959.0,90.0,25.4,-56.0,28.54,20.4,75.0,12.0
960.0,85.0,25.6,-56.4,28.56,20.6,75.0,12.0
960.0,80.0,25.9,-56.7,28.59,20.9,75.0,12.0
961.0,80.0,26.4,-56.9,28.64,21.4,75.0,12.0
968.0,75.0,29.0,-57.0,28.9,24.0,75.0,12.0
969.0,75.0,29.6,-57.0,28.96,24.6,75.0,12.0
970.0,75.0,30.2,-57.0,28.52,10.2,75.0,12.0
970.0,75.0,30.8,-56.8,28.58,10.8,75.0,12.0
970.0,70.0,33.6,-55.1,28.86,13.600000000000001,75.0,12.0
969.0,70.0,34.2,-54.4,28.92,14.200000000000003,75.0,12.0
968.0,70.0,34.9,-53.7,28.99,14.899999999999999,75.0,12.0
966.0,72.0,35.3,-52.7,28.53,15.299999999999997,75.0,12.0
962.0,80.0,36.8,-48.5,28.68,16.799999999999997,75.0,12.0
962.0,80.0,37.1,-47.5,28.71,17.1,75.0,12.0
962.0,78.0,37.4,-46.5,28.74,17.4,75.0,12.0
963.0,75.0,37.7,-45.4,28.77,17.700000000000003,75.0,12.0
964.0,72.0,38.2,-44.3,28.82,18.200000000000003,75.0,12.0
964.0,65.0,40.0,-39.5,28.5,20.0,75.0,12.0
964.0,65.0,40.6,-38.2,28.56,20.6,75.0,12.0
964.0,65.0,41.3,-37.0,28.63,21.299999999999997,75.0,12.0
964.0,65.0,42.0,-35.9,28.7,22.0,75.0,12.0
967.0,62.0,44.4,-32.5,28.94,24.4,75.0,12.0
968.0,60.0,44.7,-31.7,28.97,24.700000000000003,75.0,12.0
970.0,58.0,44.8,-30.8,28.98,24.799999999999997,75.0,12.0
982.0,50.0,45.8,-23.9,28.58,10.799999999999997,75.0,12.0
984.0,50.0,46.0,-22.7,28.6,11.0,75.0,12.0
985.0,48.0,46.6,-21.4,28.66,11.600000000000001,75.0,12.0
1012.0,30.0,26.1,-52.6,28.61,21.1,75.0,12.0
1006.0,40.0,28.3,-54.5,28.83,23.3,75.0,12.0
1006.0,40.0,28.6,-54.6,28.86,23.6,75.0,12.0
1006.0,40.0,28.8,-54.8,28.88,23.8,75.0,12.0
1003.0,45.0,29.2,-55.8,28.92,24.2,75.0,12.0
998.0,55.0,29.6,-56.8,28.96,24.6,75.0,12.0
990.0,68.0,31.0,-58.9,28.6,11.0,75.0,12.0
986.0,70.0,33.8,-60.3,28.88,13.799999999999997,75.0,12.0
986.0,70.0,34.5,-60.3,28.95,14.5,75.0,12.0
987.0,70.0,35.2,-60.3,28.52,15.200000000000003,75.0,12.0
988.0,68.0,36.2,-60.0,28.62,16.200000000000003,75.0,12.0
990.0,60.0,42.5,-56.2,28.75,22.5,75.0,12.0
992.0,58.0,44.0,-55.0,28.9,24.0,75.0,12.0
995.0,55.0,45.5,-53.7,28.55,10.5,75.0,12.0
996.0,55.0,46.5,-52.4,28.65,11.5,75.0,12.0
1000.0,35.0,49.5,-47.0,28.95,14.5,75.0,12.0
1012.0,35.0,35.5,-74.0,28.55,15.5,75.0,12.0
1010.0,38.0,35.2,-73.5,28.52,15.200000000000003,75.0,12.0
1009.0,40.0,35.0,-73.0,28.5,15.0,75.0,12.0
1007.0,45.0,34.6,-72.3,28.96,14.600000000000001,75.0,12.0
998.0,65.0,32.3,-73.1,28.73,12.299999999999997,75.0,12.0
998.0,65.0,31.9,-73.5,28.69,11.899999999999999,75.0,12.0
998.0,65.0,31.5,-74.0,28.65,11.5,75.0,12.0
999.0,60.0,31.2,-74.5,28.62,11.2,75.0,12.0
1001.0,50.0,30.4,-77.2,28.54,10.399999999999999,75.0,12.0
1001.0,50.0,30.4,-77.6,28.54,10.399999999999999,75.0,12.0
1001.0,50.0,30.4,-77.9,28.54,10.399999999999999,75.0,12.0
1003.0,45.0,30.9,-79.2,28.59,10.899999999999999,75.0,12.0
1003.0,42.0,30.9,-79.4,28.59,10.899999999999999,75.0,12.0
1003.0,40.0,30.9,-79.6,28.59,10.899999999999999,75.0,12.0
1003.0,40.0,30.8,-79.7,28.58,10.8,75.0,12.0
1003.0,40.0,30.7,-79.8,28.57,10.7,75.0,12.0
1003.0,30.0,30.1,-79.9,28.51,10.100000000000001,75.0,12.0
1003.0,30.0,29.9,-79.8,28.99,24.9,75.0,12.0
1003.0,30.0,29.7,-79.8,28.97,24.7,75.0,12.0
1004.0,30.0,29.5,-79.8,28.95,24.5,75.0,12.0
1005.0,25.0,28.8,-79.7,28.88,23.8,75.0,12.0
1005.0,25.0,28.6,-79.6,28.86,23.6,75.0,12.0
1005.0,25.0,28.5,-79.5,28.85,23.5,75.0,12.0
1006.0,25.0,28.5,-79.3,28.85,23.5,75.0,12.0
1006.0,25.0,29.1,-78.5,28.91,24.1,75.0,12.0
1006.0,25.0,29.2,-78.2,28.92,24.2,75.0,12.0
1006.0,25.0,29.4,-78.0,28.94,24.4,75.0,12.0
1006.0,25.0,29.5,-77.6,28.95,24.5,75.0,12.0
1007.0,25.0,30.8,-74.2,28.58,10.8,75.0,12.0
1007.0,25.0,31.1,-73.1,28.61,11.100000000000001,75.0,12.0
1007.0,25.0,31.4,-71.9,28.64,11.399999999999999,75.0,12.0
1007.0,25.0,31.6,-70.7,28.66,11.600000000000001,75.0,12.0
1008.0,25.0,18.1,-87.0,28.81,13.100000000000001,75.0,12.0
1006.0,25.0,19.1,-86.8,28.91,14.100000000000001,75.0,12.0
1006.0,25.0,19.4,-86.7,28.94,14.399999999999999,75.0,12.0
1005.0,25.0,19.6,-86.6,28.96,14.600000000000001,75.0,12.0
1005.0,25.0,19.9,-86.3,28.99,14.899999999999999,75.0,12.0
1005.0,25.0,20.1,-86.0,28.51,15.100000000000001,75.0,12.0
1004.0,30.0,22.3,-85.8,28.73,17.3,75.0,12.0
1002.0,35.0,23.0,-85.8,28.8,18.0,75.0,12.0
1000.0,40.0,23.6,-85.7,28.86,18.6,75.0,12.0
998.0,45.0,24.0,-85.5,28.9,19.0,75.0,12.0
997.0,50.0,24.3,-85.2,28.93,19.3,75.0,12.0
1000.0,40.0,27.0,-83.2,28.7,22.0,75.0,12.0
1000.0,35.0,28.4,-82.7,28.84,23.4,75.0,12.0
1001.0,30.0,29.7,-82.1,28.97,24.7,75.0,12.0
999.0,32.0,30.5,-81.8,28.55,10.5,75.0,12.0
997.0,35.0,31.4,-81.4,28.64,11.399999999999999,75.0,12.0
994.0,40.0,32.8,-80.0,28.78,12.799999999999997,75.0,12.0
994.0,40.0,33.2,-79.2,28.82,13.200000000000003,75.0,12.0
994.0,40.0,33.7,-78.4,28.87,13.700000000000003,75.0,12.0
993.0,40.0,34.5,-77.2,28.95,14.5,75.0,12.0
992.0,40.0,35.3,-76.0,28.53,15.299999999999997,75.0,12.0
990.0,40.0,39.0,-73.2,28.9,19.0,75.0,12.0
990.0,38.0,39.9,-72.7,28.99,19.9,75.0,12.0
991.0,35.0,40.7,-72.1,28.57,20.700000000000003,75.0,12.0
992.0,35.0,41.5,-71.4,28.65,21.5,75.0,12.0
992.0,35.0,42.4,-70.8,28.74,22.4,75.0,12.0
992.0,30.0,46.0,-69.0,28.6,11.0,75.0,12.0
992.0,30.0,47.5,-68.5,28.75,12.5,75.0,12.0
999.0,45.0,39.1,-64.2,28.91,19.1,75.0,12.0
999.0,45.0,39.9,-63.2,28.99,19.9,75.0,12.0
999.0,45.0,40.7,-62.3,28.57,20.700000000000003,75.0,12.0
996.0,45.0,41.6,-61.1,28.66,21.6,75.0,12.0
991.0,50.0,45.0,-56.0,28.5,10.0,75.0,12.0
990.0,55.0,46.0,-54.5,28.6,11.0,75.0,12.0
989.0,58.0,47.5,-52.0,28.75,12.5,75.0,12.0
988.0,60.0,49.0,-49.5,28.9,14.0,75.0,12.0
1006.0,30.0,12.1,-29.8,28.71,22.1,75.0,12.0
1005.0,30.0,12.1,-30.7,28.71,22.1,75.0,12.0
1005.0,30.0,12.1,-31.5,28.71,22.1,75.0,12.0
1005.0,30.0,12.0,-32.4,28.7,22.0,75.0,12.0
1004.0,32.0,11.8,-37.4,28.68,21.8,75.0,12.0
1004.0,35.0,11.8,-38.3,28.68,21.8,75.0,12.0
1003.0,38.0,11.8,-39.2,28.68,21.8,75.0,12.0
1002.0,40.0,11.8,-40.1,28.68,21.8,75.0,12.0
1000.0,45.0,11.9,-40.9,28.69,21.9,75.0,12.0
997.0,50.0,12.2,-44.2,28.72,22.2,75.0,12.0
997.0,50.0,12.3,-45.1,28.73,22.3,75.0,12.0
996.0,52.0,12.6,-46.0,28.76,22.6,75.0,12.0
994.0,55.0,12.8,-47.0,28.78,22.8,75.0,12.0
992.0,58.0,12.9,-48.1,28.79,22.9,75.0,12.0
972.0,80.0,13.5,-53.3,28.85,23.5,75.0,12.0
972.0,80.0,13.7,-54.4,28.87,23.7,75.0,12.0
972.0,80.0,13.8,-55.5,28.88,23.8,75.0,12.0
974.0,80.0,13.9,-56.6,28.89,23.9,75.0,12.0
967.0,90.0,14.4,-61.7,28.94,24.4,75.0,12.0
964.0,100.0,14.6,-62.6,28.96,24.6,75.0,12.0
961.0,110.0,14.8,-63.5,28.98,24.8,75.0,12.0
923.0,145.0,15.4,-68.0,28.54,10.4,75.0,12.0
926.0,138.0,15.7,-68.8,28.57,10.7,75.0,12.0
930.0,130.0,15.9,-69.5,28.59,10.9,75.0,12.0
925.0,125.0,16.0,-70.2,28.6,11.0,75.0,12.0
923.0,125.0,16.8,-74.3,28.68,11.8,75.0,12.0
926.0,125.0,17.0,-75.2,28.7,12.0,75.0,12.0
930.0,125.0,17.1,-76.0,28.71,12.100000000000001,75.0,12.0
928.0,125.0,17.3,-76.9,28.73,12.3,75.0,12.0
926.0,130.0,17.8,-81.5,28.78,12.8,75.0,12.0
925.0,132.0,17.9,-82.4,28.79,12.899999999999999,75.0,12.0
924.0,135.0,18.0,-83.3,28.8,13.0,75.0,12.0
914.0,145.0,18.2,-85.1,28.82,13.2,75.0,12.0
935.0,110.0,18.9,-88.7,28.89,13.899999999999999,75.0,12.0
948.0,92.0,19.0,-89.6,28.9,14.0,75.0,12.0
960.0,75.0,19.2,-90.5,28.92,14.2,75.0,12.0
970.0,70.0,19.4,-91.3,28.94,14.399999999999999,75.0,12.0
979.0,65.0,19.7,-92.2,28.97,14.7,75.0,12.0
975.0,78.0,20.5,-96.4,28.55,15.5,75.0,12.0
974.0,75.0,20.5,-97.3,28.55,15.5,75.0,12.0
986.0,52.0,20.5,-98.2,28.55,15.5,75.0,12.0
998.0,30.0,20.5,-99.0,28.55,15.5,75.0,12.0
1006.0,25.0,23.7,-90.7,28.87,18.7,75.0,12.0
1005.0,30.0,25.2,-92.9,28.52,20.2,75.0,12.0
1004.0,32.0,25.5,-93.5,28.55,20.5,75.0,12.0
1004.0,35.0,25.8,-94.0,28.58,20.8,75.0,12.0
1004.0,35.0,26.1,-94.6,28.61,21.1,75.0,12.0
1003.0,35.0,26.3,-95.2,28.63,21.3,75.0,12.0
1006.0,28.0,28.5,-97.4,28.85,23.5,75.0,12.0
1006.0,25.0,28.8,-97.8,28.88,23.8,75.0,12.0
1006.0,25.0,29.1,-98.2,28.91,24.1,75.0,12.0
1006.0,25.0,29.4,-98.6,28.94,24.4,75.0,12.0
1008.0,20.0,30.8,-101.0,28.58,10.8,75.0,12.0
1008.0,20.0,31.1,-101.4,28.61,11.100000000000001,75.0,12.0
1008.0,20.0,31.8,-101.8,28.68,11.8,75.0,12.0
1008.0,20.0,33.6,-101.2,28.86,13.600000000000001,75.0,12.0
1007.0,20.0,34.0,-101.0,28.9,14.0,75.0,12.0
1004.0,25.0,34.8,-100.1,28.98,14.799999999999997,75.0,12.0
1004.0,28.0,35.8,-97.1,28.58,15.799999999999997,75.0,12.0
1007.0,20.0,35.9,-96.5,28.59,15.899999999999999,75.0,12.0
1009.0,25.0,11.5,-56.6,28.65,21.5,75.0,12.0
1008.0,28.0,11.5,-57.3,28.65,21.5,75.0,12.0
1008.0,30.0,11.5,-58.0,28.65,21.5,75.0,12.0
1008.0,32.0,11.8,-58.7,28.68,21.8,75.0,12.0
1001.0,50.0,12.2,-62.8,28.72,22.2,75.0,12.0
1000.0,55.0,12.3,-63.6,28.73,22.3,75.0,12.0
999.0,60.0,12.4,-64.5,28.74,22.4,75.0,12.0
996.0,62.0,12.5,-65.3,28.75,22.5,75.0,12.0
980.0,90.0,13.0,-69.4,28.8,23.0,75.0,12.0
971.0,102.0,13.2,-70.2,28.82,23.2,75.0,12.0
962.0,115.0,13.4,-71.1,28.84,23.4,75.0,12.0
948.0,132.0,13.6,-72.0,28.86,23.6,75.0,12.0
937.0,140.0,14.2,-76.9,28.92,24.2,75.0,12.0
944.0,128.0,14.2,-77.8,28.92,24.2,75.0,12.0
951.0,115.0,14.3,-78.7,28.93,24.3,75.0,12.0
950.0,115.0,14.4,-79.6,28.94,24.4,75.0,12.0
948.0,112.0,14.3,-83.8,28.93,24.3,75.0,12.0
962.0,85.0,14.3,-84.4,28.93,24.3,75.0,12.0
972.0,68.0,14.4,-84.9,28.94,24.4,75.0,12.0
1006.0,20.0,15.5,-87.3,28.55,10.5,75.0,12.0
1006.0,20.0,15.8,-87.8,28.58,10.8,75.0,12.0
1007.0,20.0,16.1,-88.3,28.61,11.100000000000001,75.0,12.0
1007.0,20.0,16.5,-89.5,28.65,11.5,75.0,12.0
1008.0,18.0,17.4,-93.1,28.74,12.399999999999999,75.0,12.0
1010.0,15.0,17.7,-93.8,28.77,12.7,75.0,12.0
1010.0,35.0,31.1,-73.8,28.61,11.100000000000001,75.0,12.0
1010.0,35.0,31.5,-74.2,28.65,11.5,75.0,12.0
1004.0,50.0,34.3,-76.4,28.93,14.299999999999997,75.0,12.0
1005.0,48.0,34.8,-76.3,28.98,14.799999999999997,75.0,12.0
1006.0,45.0,35.2,-76.3,28.52,15.200000000000003,75.0,12.0
1006.0,42.0,35.6,-76.0,28.56,15.600000000000001,75.0,12.0
1009.0,30.0,37.1,-73.8,28.71,17.1,75.0,12.0
1010.0,30.0,37.3,-72.9,28.73,17.299999999999997,75.0,12.0
1010.0,30.0,37.5,-72.0,28.75,17.5,75.0,12.0
1010.0,30.0,37.7,-71.0,28.77,17.700000000000003,75.0,12.0
1008.0,28.0,13.0,-44.0,28.8,23.0,75.0,12.0
1008.0,30.0,13.0,-44.3,28.8,23.0,75.0,12.0
1008.0,30.0,13.1,-44.7,28.81,23.1,75.0,12.0
1005.0,35.0,13.9,-47.1,28.89,23.9,75.0,12.0
1005.0,35.0,14.1,-47.5,28.91,24.1,75.0,12.0
1004.0,35.0,14.2,-47.8,28.92,24.2,75.0,12.0
1004.0,35.0,14.4,-48.1,28.94,24.4,75.0,12.0
1004.0,40.0,15.3,-49.9,28.53,10.3,75.0,12.0
1004.0,40.0,15.4,-50.2,28.54,10.4,75.0,12.0
1004.0,38.0,15.8,-50.9,28.58,10.8,75.0,12.0
1005.0,35.0,16.3,-53.3,28.63,11.3,75.0,12.0
1006.0,32.0,16.4,-53.8,28.64,11.399999999999999,75.0,12.0
1006.0,30.0,16.5,-54.4,28.65,11.5,75.0,12.0
1006.0,30.0,16.6,-54.9,28.66,11.600000000000001,75.0,12.0
1006.0,30.0,17.1,-57.2,28.71,12.100000000000001,75.0,12.0
1006.0,30.0,17.1,-57.7,28.71,12.100000000000001,75.0,12.0
1007.0,30.0,17.2,-58.1,28.72,12.2,75.0,12.0
1008.0,28.0,17.2,-58.5,28.72,12.2,75.0,12.0
1010.0,25.0,18.0,-60.6,28.8,13.0,75.0,12.0
1010.0,25.0,18.2,-60.8,28.82,13.2,75.0,12.0
1010.0,25.0,18.4,-61.0,28.84,13.399999999999999,75.0,12.0
1010.0,22.0,18.6,-61.2,28.86,13.600000000000001,75.0,12.0
1011.0,20.0,19.1,-62.0,28.91,14.100000000000001,75.0,12.0
1004.0,40.0,28.1,-95.0,28.81,23.1,75.0,12.0
1001.0,45.0,28.3,-95.0,28.83,23.3,75.0,12.0
999.0,50.0,28.6,-94.9,28.86,23.6,75.0,12.0
997.0,55.0,28.8,-94.8,28.88,23.8,75.0,12.0
994.0,50.0,30.6,-93.2,28.56,10.600000000000001,75.0,12.0
1000.0,35.0,31.0,-92.9,28.6,11.0,75.0,12.0
1006.0,25.0,31.7,-92.3,28.67,11.7,75.0,12.0
1012.0,20.0,32.7,-90.2,28.77,12.700000000000003,75.0,12.0
1005.0,30.0,29.1,-85.4,28.91,24.1,75.0,12.0
1005.0,30.0,29.4,-85.8,28.94,24.4,75.0,12.0
1005.0,30.0,29.7,-86.1,28.97,24.7,75.0,12.0
1006.0,28.0,30.0,-86.4,28.5,10.0,75.0,12.0
1006.0,35.0,36.1,-46.2,28.61,16.1,75.0,12.0
1004.0,35.0,36.0,-46.3,28.6,16.0,75.0,12.0
1004.0,35.0,36.2,-46.3,28.62,16.200000000000003,75.0,12.0
1004.0,35.0,36.5,-46.3,28.65,16.5,75.0,12.0
1004.0,35.0,36.8,-46.3,28.68,16.799999999999997,75.0,12.0
1004.0,35.0,38.7,-45.3,28.87,18.700000000000003,75.0,12.0
1004.0,35.0,39.3,-44.7,28.93,19.299999999999997,75.0,12.0
1004.0,32.0,40.1,-44.1,28.51,20.1,75.0,12.0
1004.0,30.0,41.0,-43.5,28.6,21.0,75.0,12.0
1005.0,35.0,10.4,-37.5,28.54,20.4,75.0,12.0
1005.0,35.0,10.6,-38.0,28.56,20.6,75.0,12.0
1005.0,35.0,10.7,-38.6,28.57,20.7,75.0,12.0
1005.0,35.0,10.8,-39.2,28.58,20.8,75.0,12.0
992.0,58.0,11.4,-42.0,28.64,21.4,75.0,12.0
988.0,65.0,11.7,-42.4,28.67,21.7,75.0,12.0
990.0,65.0,12.3,-43.3,28.73,22.3,75.0,12.0
1000.0,55.0,13.3,-46.2,28.83,23.3,75.0,12.0
1002.0,55.0,13.5,-46.8,28.85,23.5,75.0,12.0
1004.0,52.0,13.8,-47.3,28.88,23.8,75.0,12.0
1005.0,50.0,14.1,-47.9,28.91,24.1,75.0,12.0
1005.0,50.0,14.1,-48.3,28.91,24.1,75.0,12.0
1008.0,35.0,14.6,-49.0,28.96,24.6,75.0,12.0
1008.0,35.0,15.2,-49.2,28.52,10.2,75.0,12.0
1008.0,35.0,15.8,-49.4,28.58,10.8,75.0,12.0
1008.0,35.0,16.0,-50.2,28.6,11.0,75.0,12.0
1009.0,30.0,16.8,-54.2,28.68,11.8,75.0,12.0
1009.0,25.0,21.8,-94.8,28.68,16.8,75.0,12.0
1008.0,25.0,21.8,-95.0,28.68,16.8,75.0,12.0
1008.0,25.0,21.7,-95.2,28.67,16.7,75.0,12.0
1008.0,30.0,21.1,-94.6,28.61,16.1,75.0,12.0
1008.0,30.0,21.2,-94.6,28.62,16.2,75.0,12.0
1008.0,30.0,21.2,-94.7,28.62,16.2,75.0,12.0
1004.0,52.0,20.6,-95.4,28.56,15.600000000000001,75.0,12.0
996.0,65.0,20.5,-96.0,28.55,15.5,75.0,12.0
990.0,70.0,20.5,-96.3,28.55,15.5,75.0,12.0
1005.0,25.0,20.6,-98.3,28.56,15.600000000000001,75.0,12.0
1008.0,20.0,20.7,-98.7,28.57,15.7,75.0,12.0
1010.0,28.0,14.0,-26.0,28.9,24.0,75.0,12.0
1009.0,30.0,14.0,-26.2,28.9,24.0,75.0,12.0
1008.0,30.0,14.0,-26.4,28.9,24.0,75.0,12.0
1008.0,30.0,14.0,-26.6,28.9,24.0,75.0,12.0
1006.0,35.0,14.8,-27.8,28.98,24.8,75.0,12.0
1005.0,35.0,15.0,-28.1,28.5,10.0,75.0,12.0
1005.0,35.0,15.2,-28.6,28.52,10.2,75.0,12.0
1005.0,35.0,15.3,-29.0,28.53,10.3,75.0,12.0
1006.0,28.0,15.9,-31.4,28.59,10.9,75.0,12.0
1007.0,25.0,15.9,-32.0,28.59,10.9,75.0,12.0
1007.0,25.0,16.0,-32.6,28.6,11.0,75.0,12.0
1007.0,25.0,16.1,-33.3,28.61,11.100000000000001,75.0,12.0
1008.0,25.0,16.4,-36.6,28.64,11.399999999999999,75.0,12.0
1008.0,25.0,16.5,-37.2,28.65,11.5,75.0,12.0
1008.0,25.0,16.7,-37.9,28.67,11.7,75.0,12.0
1008.0,25.0,16.9,-38.6,28.69,11.899999999999999,75.0,12.0
1010.0,20.0,17.9,-42.0,28.79,12.899999999999999,75.0,12.0
1010.0,20.0,18.2,-42.6,28.82,13.2,75.0,12.0
1010.0,22.0,18.5,-43.0,28.85,13.5,75.0,12.0
1010.0,25.0,18.9,-43.5,28.89,13.899999999999999,75.0,12.0
1010.0,25.0,20.4,-46.0,28.54,15.399999999999999,75.0,12.0
1010.0,25.0,20.7,-46.5,28.57,15.7,75.0,12.0
1010.0,28.0,21.0,-47.0,28.6,16.0,75.0,12.0
1010.0,30.0,21.3,-47.5,28.63,16.3,75.0,12.0
1010.0,25.0,22.4,-50.7,28.74,17.4,75.0,12.0
1010.0,25.0,22.8,-51.0,28.78,17.8,75.0,12.0
1010.0,25.0,23.1,-51.3,28.81,18.1,75.0,12.0
1010.0,25.0,23.4,-51.6,28.84,18.4,75.0,12.0
1011.0,20.0,24.5,-53.0,28.95,19.5,75.0,12.0
1011.0,20.0,24.6,-53.2,28.96,19.6,75.0,12.0
1011.0,20.0,24.6,-53.5,28.96,19.6,75.0,12.0
1011.0,30.0,29.5,-52.6,28.95,24.5,75.0,12.0
1011.0,30.0,29.8,-51.8,28.98,24.8,75.0,12.0
1011.0,30.0,30.1,-51.0,28.51,10.100000000000001,75.0,12.0
1011.0,25.0,30.2,-49.4,28.52,10.2,75.0,12.0
1012.0,25.0,30.4,-49.4,28.54,10.399999999999999,75.0,12.0
1012.0,25.0,30.5,-49.4,28.55,10.5,75.0,12.0
1013.0,25.0,31.8,-50.3,28.68,11.8,75.0,12.0
1012.0,25.0,32.1,-50.1,28.71,12.100000000000001,75.0,12.0
1012.0,25.0,32.5,-50.0,28.75,12.5,75.0,12.0
1010.0,25.0,34.6,-46.8,28.96,14.600000000000001,75.0,12.0
1010.0,25.0,35.1,-45.8,28.51,15.100000000000001,75.0,12.0
1010.0,25.0,35.6,-44.7,28.56,15.600000000000001,75.0,12.0
1006.0,30.0,36.1,-40.6,28.61,16.1,75.0,12.0
1005.0,30.0,36.1,-39.9,28.61,16.1,75.0,12.0
1004.0,30.0,36.2,-39.3,28.62,16.200000000000003,75.0,12.0
1004.0,30.0,36.3,-38.8,28.63,16.299999999999997,75.0,12.0
1000.0,32.0,39.2,-34.4,28.92,19.200000000000003,75.0,12.0
999.0,35.0,39.8,-33.5,28.98,19.799999999999997,75.0,12.0
998.0,38.0,40.3,-32.6,28.53,20.299999999999997,75.0,12.0
996.0,40.0,40.8,-31.8,28.58,20.799999999999997,75.0,12.0
998.0,45.0,44.8,-27.5,28.98,24.799999999999997,75.0,12.0
998.0,45.0,45.8,-26.7,28.58,10.799999999999997,75.0,12.0
998.0,42.0,47.2,-25.9,28.72,12.200000000000003,75.0,12.0
999.0,40.0,48.7,-25.2,28.87,13.700000000000003,75.0,12.0
1009.0,25.0,18.1,-61.2,28.81,13.100000000000001,75.0,12.0
1009.0,25.0,18.2,-61.5,28.82,13.2,75.0,12.0
1009.0,25.0,18.6,-62.0,28.86,13.600000000000001,75.0,12.0
1007.0,25.0,19.2,-63.5,28.92,14.2,75.0,12.0
1006.0,25.0,19.1,-63.8,28.91,14.100000000000001,75.0,12.0
1006.0,25.0,19.1,-64.1,28.91,14.100000000000001,75.0,12.0
1006.0,25.0,19.0,-64.4,28.9,14.0,75.0,12.0
1004.0,25.0,17.2,-66.7,28.72,12.2,75.0,12.0
1004.0,25.0,16.9,-67.2,28.69,11.899999999999999,75.0,12.0
1004.0,25.0,16.5,-67.7,28.65,11.5,75.0,12.0
1004.0,25.0,16.3,-68.1,28.63,11.3,75.0,12.0
1004.0,25.0,15.3,-70.1,28.53,10.3,75.0,12.0
1004.0,25.0,15.4,-70.5,28.54,10.4,75.0,12.0
1004.0,25.0,15.4,-71.0,28.54,10.4,75.0,12.0
1004.0,28.0,15.6,-71.1,28.56,10.6,75.0,12.0
999.0,40.0,16.3,-71.6,28.63,11.3,75.0,12.0
998.0,45.0,16.5,-71.7,28.65,11.5,75.0,12.0
996.0,50.0,16.6,-71.8,28.66,11.600000000000001,75.0,12.0
998.0,50.0,16.9,-71.9,28.69,11.899999999999999,75.0,12.0
1002.0,40.0,19.2,-72.9,28.92,14.2,75.0,12.0
1002.0,42.0,19.7,-73.2,28.97,14.7,75.0,12.0
1001.0,45.0,20.2,-73.6,28.52,15.2,75.0,12.0
1000.0,45.0,20.6,-74.1,28.56,15.600000000000001,75.0,12.0
999.0,40.0,20.8,-76.8,28.58,15.8,75.0,12.0
1000.0,38.0,20.8,-77.1,28.58,15.8,75.0,12.0
1000.0,35.0,20.8,-77.4,28.58,15.8,75.0,12.0
995.0,45.0,22.5,-78.3,28.75,17.5,75.0,12.0
995.0,45.0,22.6,-78.5,28.76,17.6,75.0,12.0
995.0,45.0,22.6,-78.8,28.76,17.6,75.0,12.0
995.0,48.0,22.8,-78.7,28.78,17.8,75.0,12.0
993.0,50.0,23.9,-78.0,28.89,18.9,75.0,12.0
992.0,52.0,24.5,-77.7,28.95,19.5,75.0,12.0
992.0,55.0,25.1,-77.3,28.51,20.1,75.0,12.0
986.0,62.0,25.8,-76.9,28.58,20.8,75.0,12.0
981.0,70.0,28.7,-74.4,28.87,23.7,75.0,12.0
980.0,70.0,29.5,-73.8,28.95,24.5,75.0,12.0
980.0,70.0,30.3,-73.3,28.53,10.3,75.0,12.0
980.0,70.0,31.3,-72.8,28.63,11.3,75.0,12.0
974.0,75.0,36.4,-70.9,28.64,16.4,75.0,12.0
972.0,75.0,37.6,-70.3,28.76,17.6,75.0,12.0
970.0,75.0,38.8,-69.7,28.88,18.799999999999997,75.0,12.0
969.0,72.0,40.0,-69.0,28.5,20.0,75.0,12.0
966.0,60.0,47.5,-64.3,28.75,12.5,75.0,12.0
966.0,60.0,49.4,-63.2,28.94,14.399999999999999,75.0,12.0
1009.0,35.0,18.3,-61.8,28.83,13.3,75.0,12.0
1008.0,35.0,19.1,-73.8,28.91,14.100000000000001,75.0,12.0
1008.0,32.0,19.1,-74.8,28.91,14.100000000000001,75.0,12.0
1007.0,30.0,19.4,-80.1,28.94,14.399999999999999,75.0,12.0
1007.0,30.0,19.5,-80.7,28.95,14.5,75.0,12.0
1007.0,30.0,19.6,-84.2,28.96,14.600000000000001,75.0,12.0
1007.0,30.0,19.5,-85.1,28.95,14.5,75.0,12.0
1007.0,30.0,22.5,-87.8,28.75,17.5,75.0,12.0
1007.0,30.0,23.3,-88.2,28.83,18.3,75.0,12.0
1005.0,35.0,17.5,-87.5,28.75,12.5,75.0,12.0
1005.0,35.0,18.0,-88.4,28.8,13.0,75.0,12.0
1005.0,35.0,18.1,-88.6,28.81,13.100000000000001,75.0,12.0
1005.0,35.0,18.2,-88.8,28.82,13.2,75.0,12.0
1006.0,30.0,18.0,-90.4,28.8,13.0,75.0,12.0
1006.0,30.0,17.9,-90.6,28.79,12.899999999999999,75.0,12.0
1006.0,30.0,17.8,-90.8,28.78,12.8,75.0,12.0
1006.0,28.0,17.7,-90.9,28.77,12.7,75.0,12.0
1006.0,35.0,13.1,-24.0,28.81,23.1,75.0,12.0
1006.0,35.0,13.1,-24.6,28.81,23.1,75.0,12.0
1006.0,35.0,13.2,-25.2,28.82,23.2,75.0,12.0
1002.0,42.0,14.4,-28.5,28.94,24.4,75.0,12.0
1000.0,45.0,14.8,-29.2,28.98,24.8,75.0,12.0
1000.0,45.0,15.1,-30.0,28.51,10.1,75.0,12.0
1000.0,45.0,15.4,-30.8,28.54,10.4,75.0,12.0
1000.0,45.0,16.4,-35.4,28.64,11.399999999999999,75.0,12.0
1000.0,45.0,16.4,-36.4,28.64,11.399999999999999,75.0,12.0
1000.0,45.0,16.5,-37.4,28.65,11.5,75.0,12.0
1000.0,45.0,16.6,-38.4,28.66,11.600000000000001,75.0,12.0
1000.0,45.0,16.7,-39.3,28.67,11.7,75.0,12.0
1000.0,45.0,17.3,-43.3,28.73,12.3,75.0,12.0
1000.0,45.0,17.6,-44.3,28.76,12.600000000000001,75.0,12.0
1000.0,45.0,18.0,-45.2,28.8,13.0,75.0,12.0
1000.0,45.0,18.4,-46.2,28.84,13.399999999999999,75.0,12.0
997.0,50.0,18.6,-47.0,28.86,13.600000000000001,75.0,12.0
981.0,72.0,19.2,-50.0,28.92,14.2,75.0,12.0
975.0,80.0,19.4,-50.7,28.94,14.399999999999999,75.0,12.0
968.0,90.0,19.6,-51.2,28.96,14.600000000000001,75.0,12.0
960.0,100.0,19.9,-51.6,28.99,14.899999999999999,75.0,12.0
958.0,102.0,20.2,-51.9,28.52,15.2,75.0,12.0
962.0,98.0,21.5,-53.2,28.65,16.5,75.0,12.0
970.0,90.0,21.8,-53.5,28.68,16.8,75.0,12.0
975.0,82.0,22.1,-54.0,28.71,17.1,75.0,12.0
980.0,75.0,22.4,-54.4,28.74,17.4,75.0,12.0
982.0,72.0,22.5,-54.8,28.75,17.5,75.0,12.0
987.0,65.0,23.8,-57.0,28.88,18.8,75.0,12.0
980.0,75.0,24.1,-57.4,28.91,19.1,75.0,12.0
974.0,85.0,24.5,-57.8,28.95,19.5,75.0,12.0
972.0,88.0,24.9,-58.2,28.99,19.9,75.0,12.0
977.0,80.0,26.3,-59.8,28.63,21.3,75.0,12.0
978.0,78.0,26.6,-60.1,28.66,21.6,75.0,12.0
980.0,75.0,26.9,-60.5,28.69,21.9,75.0,12.0
980.0,75.0,27.1,-60.8,28.71,22.1,75.0,12.0
980.0,75.0,28.3,-61.8,28.83,23.3,75.0,12.0
978.0,78.0,28.6,-62.0,28.86,23.6,75.0,12.0
976.0,80.0,28.8,-62.1,28.88,23.8,75.0,12.0
976.0,75.0,29.7,-62.5,28.97,24.7,75.0,12.0
980.0,70.0,29.8,-62.5,28.98,24.8,75.0,12.0
983.0,65.0,29.9,-62.5,28.99,24.9,75.0,12.0
984.0,65.0,29.9,-62.5,28.99,24.9,75.0,12.0
988.0,60.0,29.9,-62.7,28.99,24.9,75.0,12.0
990.0,58.0,30.0,-62.8,28.5,10.0,75.0,12.0
991.0,55.0,30.1,-62.9,28.51,10.100000000000001,75.0,12.0
990.0,55.0,30.3,-63.0,28.53,10.3,75.0,12.0
994.0,55.0,31.6,-63.8,28.66,11.600000000000001,75.0,12.0
994.0,58.0,32.0,-63.9,28.7,12.0,75.0,12.0
995.0,60.0,32.5,-64.1,28.75,12.5,75.0,12.0
995.0,60.0,33.0,-63.9,28.8,13.0,75.0,12.0
995.0,60.0,35.3,-63.0,28.53,15.299999999999997,75.0,12.0
995.0,60.0,35.8,-62.8,28.58,15.799999999999997,75.0,12.0
995.0,60.0,36.2,-62.5,28.62,16.200000000000003,75.0,12.0
995.0,60.0,36.5,-62.1,28.65,16.5,75.0,12.0
995.0,60.0,36.8,-60.9,28.68,16.799999999999997,75.0,12.0
995.0,60.0,36.5,-60.8,28.65,16.5,75.0,12.0
995.0,60.0,36.3,-60.7,28.63,16.299999999999997,75.0,12.0
996.0,58.0,36.0,-60.5,28.6,16.0,75.0,12.0
997.0,50.0,34.3,-58.9,28.93,14.299999999999997,75.0,12.0
997.0,50.0,34.1,-58.3,28.91,14.100000000000001,75.0,12.0
997.0,50.0,33.9,-57.8,28.89,13.899999999999999,75.0,12.0
997.0,50.0,33.8,-56.9,28.88,13.799999999999997,75.0,12.0
995.0,55.0,35.0,-53.7,28.5,15.0,75.0,12.0
995.0,55.0,35.5,-53.0,28.55,15.5,75.0,12.0
992.0,60.0,36.2,-52.2,28.62,16.200000000000003,75.0,12.0
989.0,65.0,36.9,-51.5,28.69,16.9,75.0,12.0
989.0,65.0,37.8,-50.6,28.78,17.799999999999997,75.0,12.0
989.0,65.0,41.2,-47.1,28.62,21.200000000000003,75.0,12.0
989.0,65.0,42.1,-46.3,28.71,22.1,75.0,12.0
989.0,65.0,42.9,-45.3,28.79,22.9,75.0,12.0
989.0,65.0,43.7,-44.3,28.87,23.700000000000003,75.0,12.0
985.0,60.0,48.8,-38.5,28.88,13.799999999999997,75.0,12.0
1010.0,25.0,31.7,-79.8,28.67,11.7,75.0,12.0
1007.0,35.0,32.4,-78.8,28.74,12.399999999999999,75.0,12.0
1006.0,40.0,32.6,-78.5,28.76,12.600000000000001,75.0,12.0
1006.0,45.0,32.8,-78.2,28.78,12.799999999999997,75.0,12.0
1006.0,45.0,33.0,-78.0,28.8,13.0,75.0,12.0
1006.0,45.0,33.2,-77.8,28.82,13.200000000000003,75.0,12.0
1006.0,45.0,34.1,-76.7,28.91,14.100000000000001,75.0,12.0
1006.0,45.0,34.3,-76.4,28.93,14.299999999999997,75.0,12.0
1007.0,45.0,34.5,-76.1,28.95,14.5,75.0,12.0
1006.0,45.0,34.7,-75.8,28.97,14.700000000000003,75.0,12.0
1005.0,45.0,34.9,-75.4,28.99,14.899999999999999,75.0,12.0
1000.0,55.0,36.2,-73.2,28.62,16.200000000000003,75.0,12.0
1000.0,55.0,36.5,-72.6,28.65,16.5,75.0,12.0
1000.0,55.0,36.8,-72.0,28.68,16.799999999999997,75.0,12.0
1000.0,55.0,37.1,-71.3,28.71,17.1,75.0,12.0
998.0,55.0,40.0,-67.0,28.5,20.0,75.0,12.0
1000.0,48.0,42.5,-62.5,28.75,22.5,75.0,12.0
1008.0,40.0,17.8,-83.6,28.78,12.8,75.0,12.0
1008.0,40.0,18.2,-84.1,28.82,13.2,75.0,12.0
1008.0,40.0,18.6,-84.6,28.86,13.600000000000001,75.0,12.0
1008.0,42.0,19.2,-85.2,28.92,14.2,75.0,12.0
1007.0,45.0,19.8,-85.8,28.98,14.8,75.0,12.0
1005.0,45.0,21.8,-88.8,28.68,16.8,75.0,12.0
1005.0,45.0,22.3,-89.6,28.73,17.3,75.0,12.0
1005.0,45.0,22.8,-90.4,28.78,17.8,75.0,12.0
1002.0,45.0,22.9,-91.2,28.79,17.9,75.0,12.0
1000.0,45.0,23.0,-92.0,28.8,18.0,75.0,12.0
993.0,55.0,23.7,-94.1,28.87,18.7,75.0,12.0
992.0,58.0,24.0,-94.5,28.9,19.0,75.0,12.0
990.0,60.0,24.3,-94.9,28.93,19.3,75.0,12.0
986.0,62.0,24.6,-95.3,28.96,19.6,75.0,12.0
982.0,65.0,24.9,-95.7,28.99,19.9,75.0,12.0
967.0,85.0,25.9,-96.7,28.59,20.9,75.0,12.0
967.0,80.0,26.1,-97.0,28.61,21.1,75.0,12.0
967.0,75.0,26.4,-97.2,28.64,21.4,75.0,12.0
976.0,65.0,26.5,-97.8,28.65,21.5,75.0,12.0
994.0,40.0,27.5,-99.5,28.75,22.5,75.0,12.0
995.0,35.0,27.9,-100.0,28.79,22.9,75.0,12.0
998.0,30.0,28.1,-100.7,28.81,23.1,75.0,12.0
1000.0,25.0,28.3,-101.4,28.83,23.3,75.0,12.0
1008.0,25.0,29.1,-104.5,28.91,24.1,75.0,12.0
1009.0,25.0,29.4,-105.0,28.94,24.4,75.0,12.0
1010.0,22.0,29.7,-105.3,28.97,24.7,75.0,12.0
1012.0,20.0,30.0,-105.7,28.5,10.0,75.0,12.0
1012.0,20.0,31.4,-106.5,28.64,11.399999999999999,75.0,12.0
1014.0,20.0,31.9,-106.7,28.69,11.899999999999999,75.0,12.0
1015.0,20.0,32.4,-106.5,28.74,12.399999999999999,75.0,12.0
1016.0,20.0,32.9,-106.3,28.79,12.899999999999999,75.0,12.0
1010.0,25.0,28.1,-87.4,28.81,23.1,75.0,12.0
1010.0,28.0,28.1,-87.6,28.81,23.1,75.0,12.0
1009.0,30.0,28.1,-87.8,28.81,23.1,75.0,12.0
1006.0,38.0,28.1,-88.2,28.81,23.1,75.0,12.0
1002.0,45.0,28.1,-88.5,28.81,23.1,75.0,12.0
1002.0,40.0,28.1,-90.3,28.81,23.1,75.0,12.0
1002.0,40.0,28.2,-90.7,28.82,23.2,75.0,12.0
1001.0,40.0,28.3,-91.0,28.83,23.3,75.0,12.0
1000.0,45.0,28.4,-91.3,28.84,23.4,75.0,12.0
999.0,50.0,28.5,-91.7,28.85,23.5,75.0,12.0
996.0,55.0,29.6,-94.2,28.96,24.6,75.0,12.0
998.0,48.0,29.8,-94.5,28.98,24.8,75.0,12.0
1003.0,30.0,30.6,-95.7,28.56,10.600000000000001,75.0,12.0
1012.0,20.0,32.4,-98.3,28.74,12.399999999999999,75.0,12.0
1012.0,20.0,32.7,-98.7,28.77,12.700000000000003,75.0,12.0
1011.0,30.0,18.4,-67.4,28.84,13.399999999999999,75.0,12.0
1010.0,32.0,18.4,-68.1,28.84,13.399999999999999,75.0,12.0
1009.0,35.0,18.5,-68.8,28.85,13.5,75.0,12.0
1008.0,38.0,18.6,-69.5,28.86,13.600000000000001,75.0,12.0
1007.0,40.0,18.8,-72.9,28.88,13.8,75.0,12.0
1007.0,40.0,19.0,-73.8,28.9,14.0,75.0,12.0
1007.0,40.0,19.1,-74.6,28.91,14.100000000000001,75.0,12.0
1006.0,42.0,19.2,-75.2,28.92,14.2,75.0,12.0
1003.0,45.0,20.0,-78.1,28.5,15.0,75.0,12.0
1004.0,45.0,20.4,-78.8,28.54,15.399999999999999,75.0,12.0
1006.0,45.0,20.7,-79.6,28.57,15.7,75.0,12.0
1004.0,45.0,20.9,-79.9,28.59,15.899999999999999,75.0,12.0
1002.0,50.0,23.2,-81.2,28.82,18.2,75.0,12.0
1001.0,50.0,23.8,-81.5,28.88,18.8,75.0,12.0
1000.0,50.0,24.3,-81.7,28.93,19.3,75.0,12.0
998.0,50.0,24.6,-81.8,28.96,19.6,75.0,12.0
997.0,50.0,25.0,-81.9,28.5,20.0,75.0,12.0
988.0,55.0,26.4,-81.4,28.64,21.4,75.0,12.0
987.0,58.0,26.7,-81.2,28.67,21.7,75.0,12.0
986.0,60.0,27.0,-81.1,28.7,22.0,75.0,12.0
987.0,58.0,27.2,-81.0,28.72,22.2,75.0,12.0
994.0,45.0,28.4,-80.6,28.84,23.4,75.0,12.0
996.0,45.0,28.5,-80.6,28.85,23.5,75.0,12.0
997.0,45.0,28.7,-80.6,28.87,23.7,75.0,12.0
995.0,48.0,28.8,-80.5,28.88,23.8,75.0,12.0
993.0,50.0,29.2,-80.7,28.92,24.2,75.0,12.0
993.0,52.0,29.2,-80.8,28.92,24.2,75.0,12.0
993.0,55.0,29.3,-81.0,28.93,24.3,75.0,12.0
994.0,52.0,29.3,-81.1,28.93,24.3,75.0,12.0
996.0,45.0,29.6,-82.4,28.96,24.6,75.0,12.0
996.0,42.0,29.7,-82.7,28.97,24.7,75.0,12.0
997.0,40.0,29.8,-83.0,28.98,24.8,75.0,12.0
996.0,42.0,29.8,-83.4,28.98,24.8,75.0,12.0
996.0,45.0,29.7,-83.8,28.97,24.7,75.0,12.0
998.0,40.0,30.0,-85.2,28.5,10.0,75.0,12.0
998.0,40.0,30.2,-85.6,28.52,10.2,75.0,12.0
999.0,40.0,30.5,-85.9,28.55,10.5,75.0,12.0
999.0,35.0,30.6,-86.3,28.56,10.600000000000001,75.0,12.0
999.0,30.0,30.8,-86.7,28.58,10.8,75.0,12.0
1000.0,30.0,31.8,-88.4,28.68,11.8,75.0,12.0
1000.0,30.0,31.6,-89.1,28.66,11.600000000000001,75.0,12.0
1001.0,30.0,31.5,-89.7,28.65,11.5,75.0,12.0
1001.0,30.0,31.3,-90.0,28.63,11.3,75.0,12.0
1002.0,25.0,32.0,-89.4,28.7,12.0,75.0,12.0
1002.0,25.0,32.2,-89.2,28.72,12.200000000000003,75.0,12.0
1002.0,25.0,32.4,-89.0,28.74,12.399999999999999,75.0,12.0
1002.0,22.0,32.5,-88.8,28.75,12.5,75.0,12.0
1002.0,20.0,32.7,-88.6,28.77,12.700000000000003,75.0,12.0
1003.0,20.0,33.9,-87.2,28.89,13.899999999999999,75.0,12.0
1004.0,20.0,34.2,-86.8,28.92,14.200000000000003,75.0,12.0
1005.0,15.0,35.0,-85.8,28.5,15.0,75.0,12.0
1007.0,15.0,36.1,-84.4,28.61,16.1,75.0,12.0
1008.0,15.0,36.5,-84.0,28.65,16.5,75.0,12.0
1008.0,15.0,36.9,-83.6,28.69,16.9,75.0,12.0
1008.0,15.0,37.1,-83.4,28.71,17.1,75.0,12.0
1009.0,15.0,37.4,-83.2,28.74,17.4,75.0,12.0
1002.0,35.0,15.1,-69.6,28.51,10.1,75.0,12.0
999.0,42.0,15.4,-70.0,28.54,10.4,75.0,12.0
996.0,50.0,15.8,-70.5,28.58,10.8,75.0,12.0
994.0,55.0,16.1,-70.8,28.61,11.100000000000001,75.0,12.0
981.0,80.0,17.5,-72.1,28.75,12.5,75.0,12.0
986.0,75.0,17.8,-72.4,28.78,12.8,75.0,12.0
994.0,60.0,18.2,-72.9,28.82,13.2,75.0,12.0
998.0,45.0,18.7,-73.7,28.87,13.7,75.0,12.0
998.0,45.0,18.8,-73.8,28.88,13.8,75.0,12.0
999.0,45.0,18.9,-74.0,28.89,13.899999999999999,75.0,12.0
999.0,42.0,18.9,-74.5,28.89,13.899999999999999,75.0,12.0
984.0,60.0,17.9,-75.7,28.79,12.899999999999999,75.0,12.0
984.0,60.0,17.9,-76.0,28.79,12.899999999999999,75.0,12.0
984.0,60.0,18.0,-76.2,28.8,13.0,75.0,12.0
986.0,60.0,17.9,-76.6,28.79,12.899999999999999,75.0,12.0
989.0,50.0,18.3,-78.4,28.83,13.3,75.0,12.0
986.0,58.0,18.6,-78.8,28.86,13.600000000000001,75.0,12.0
984.0,65.0,18.8,-79.2,28.88,13.8,75.0,12.0
980.0,70.0,19.0,-79.6,28.9,14.0,75.0,12.0
955.0,110.0,20.7,-81.6,28.57,15.7,75.0,12.0
949.0,118.0,21.1,-82.0,28.61,16.1,75.0,12.0
943.0,125.0,21.6,-82.5,28.66,16.6,75.0,12.0
946.0,122.0,22.1,-83.0,28.71,17.1,75.0,12.0
961.0,100.0,24.8,-85.5,28.98,19.8,75.0,12.0
960.0,98.0,25.4,-86.1,28.54,20.4,75.0,12.0
956.0,95.0,26.4,-87.2,28.64,21.4,75.0,12.0
953.0,95.0,26.9,-87.7,28.69,21.9,75.0,12.0
955.0,95.0,28.8,-90.3,28.88,23.8,75.0,12.0
956.0,90.0,29.3,-90.8,28.93,24.3,75.0,12.0
958.0,85.0,29.8,-91.4,28.98,24.8,75.0,12.0
964.0,72.0,30.2,-91.8,28.52,10.2,75.0,12.0
971.0,60.0,30.7,-92.3,28.57,10.7,75.0,12.0
991.0,25.0,32.4,-93.7,28.74,12.399999999999999,75.0,12.0
993.0,20.0,32.7,-93.9,28.77,12.700000000000003,75.0,12.0
994.0,20.0,33.0,-93.9,28.8,13.0,75.0,12.0
995.0,20.0,33.2,-93.9,28.82,13.200000000000003,75.0,12.0
997.0,20.0,33.8,-94.4,28.88,13.799999999999997,75.0,12.0
998.0,20.0,33.9,-94.4,28.89,13.899999999999999,75.0,12.0
998.0,20.0,34.0,-94.4,28.9,14.0,75.0,12.0
998.0,18.0,34.1,-94.2,28.91,14.100000000000001,75.0,12.0
998.0,15.0,34.3,-94.1,28.93,14.299999999999997,75.0,12.0
1000.0,15.0,36.2,-92.3,28.62,16.200000000000003,75.0,12.0
1000.0,18.0,37.4,-91.5,28.74,17.4,75.0,12.0
1000.0,20.0,38.5,-90.7,28.85,18.5,75.0,12.0
1001.0,20.0,39.4,-89.7,28.94,19.4,75.0,12.0
1002.0,20.0,40.2,-88.7,28.52,20.200000000000003,75.0,12.0
1004.0,20.0,43.7,-83.8,28.87,23.700000000000003,75.0,12.0
1003.0,35.0,20.1,-58.6,28.51,15.100000000000001,75.0,12.0
1003.0,35.0,20.3,-59.1,28.53,15.3,75.0,12.0
1003.0,35.0,20.5,-59.6,28.55,15.5,75.0,12.0
1002.0,38.0,20.6,-60.0,28.56,15.600000000000001,75.0,12.0
1000.0,45.0,21.1,-62.4,28.61,16.1,75.0,12.0
1000.0,45.0,21.3,-62.9,28.63,16.3,75.0,12.0
1000.0,45.0,21.5,-63.4,28.65,16.5,75.0,12.0
1000.0,45.0,21.6,-64.0,28.66,16.6,75.0,12.0
1000.0,45.0,21.9,-66.2,28.69,16.9,75.0,12.0
1000.0,45.0,22.0,-66.6,28.7,17.0,75.0,12.0
1000.0,45.0,22.2,-66.9,28.72,17.2,75.0,12.0
1000.0,48.0,22.4,-67.2,28.74,17.4,75.0,12.0
999.0,40.0,23.5,-69.8,28.85,18.5,75.0,12.0
998.0,40.0,23.6,-70.4,28.86,18.6,75.0,12.0
997.0,40.0,23.6,-71.0,28.86,18.6,75.0,12.0
997.0,42.0,23.6,-71.3,28.86,18.6,75.0,12.0
990.0,60.0,22.8,-72.2,28.78,17.8,75.0,12.0
988.0,65.0,22.6,-72.3,28.76,17.6,75.0,12.0
985.0,70.0,22.3,-72.4,28.73,17.3,75.0,12.0
981.0,72.0,22.1,-72.3,28.71,17.1,75.0,12.0
983.0,60.0,21.0,-73.0,28.6,16.0,75.0,12.0
984.0,58.0,20.8,-73.0,28.58,15.8,75.0,12.0
985.0,55.0,20.6,-72.9,28.56,15.600000000000001,75.0,12.0
986.0,55.0,20.5,-72.8,28.55,15.5,75.0,12.0
996.0,45.0,20.6,-71.9,28.56,15.600000000000001,75.0,12.0
995.0,48.0,21.1,-71.8,28.61,16.1,75.0,12.0
994.0,50.0,21.6,-71.8,28.66,16.6,75.0,12.0
992.0,52.0,22.1,-71.8,28.71,17.1,75.0,12.0
989.0,55.0,24.1,-73.2,28.91,19.1,75.0,12.0
989.0,55.0,24.6,-73.8,28.96,19.6,75.0,12.0
989.0,55.0,25.1,-74.3,28.51,20.1,75.0,12.0
988.0,55.0,25.6,-75.0,28.56,20.6,75.0,12.0
980.0,55.0,28.2,-78.5,28.82,23.2,75.0,12.0
980.0,58.0,29.0,-78.6,28.9,24.0,75.0,12.0
980.0,60.0,29.9,-78.7,28.99,24.9,75.0,12.0
980.0,60.0,30.7,-79.0,28.57,10.7,75.0,12.0
985.0,45.0,35.7,-78.1,28.57,15.700000000000003,75.0,12.0
989.0,45.0,36.8,-77.4,28.68,16.799999999999997,75.0,12.0
993.0,45.0,37.8,-76.7,28.78,17.799999999999997,75.0,12.0
994.0,45.0,38.9,-75.6,28.89,18.9,75.0,12.0
995.0,45.0,43.8,-68.0,28.88,23.799999999999997,75.0,12.0
995.0,45.0,44.8,-65.8,28.98,24.799999999999997,75.0,12.0
995.0,45.0,45.7,-63.7,28.57,10.700000000000003,75.0,12.0
996.0,42.0,46.4,-61.4,28.64,11.399999999999999,75.0,12.0
996.0,35.0,47.8,-52.1,28.78,12.799999999999997,75.0,12.0
1006.0,32.0,17.2,-37.7,28.72,12.2,75.0,12.0
1005.0,35.0,17.3,-38.4,28.73,12.3,75.0,12.0
1004.0,40.0,17.4,-39.1,28.74,12.399999999999999,75.0,12.0
1003.0,45.0,17.5,-39.9,28.75,12.5,75.0,12.0
1000.0,48.0,18.4,-43.5,28.84,13.399999999999999,75.0,12.0
999.0,50.0,18.7,-44.3,28.87,13.7,75.0,12.0
998.0,52.0,19.0,-45.0,28.9,14.0,75.0,12.0
996.0,55.0,19.3,-45.8,28.93,14.3,75.0,12.0
995.0,55.0,19.6,-46.5,28.96,14.600000000000001,75.0,12.0
989.0,60.0,20.6,-50.3,28.56,15.600000000000001,75.0,12.0
984.0,68.0,20.9,-51.1,28.59,15.899999999999999,75.0,12.0
979.0,75.0,21.1,-51.9,28.61,16.1,75.0,12.0
968.0,90.0,21.5,-52.7,28.65,16.5,75.0,12.0
937.0,120.0,23.0,-56.4,28.8,18.0,75.0,12.0
938.0,118.0,23.2,-57.0,28.82,18.2,75.0,12.0
940.0,115.0,23.4,-57.7,28.84,18.4,75.0,12.0
942.0,115.0,23.5,-58.4,28.85,18.5,75.0,12.0
954.0,105.0,23.5,-61.9,28.85,18.5,75.0,12.0
956.0,102.0,23.4,-62.6,28.84,18.4,75.0,12.0
959.0,100.0,23.2,-63.4,28.82,18.2,75.0,12.0
960.0,100.0,23.0,-64.2,28.8,18.0,75.0,12.0
965.0,95.0,21.9,-67.7,28.69,16.9,75.0,12.0
958.0,105.0,21.7,-68.3,28.67,16.7,75.0,12.0
950.0,115.0,21.5,-69.0,28.65,16.5,75.0,12.0
948.0,115.0,21.4,-69.7,28.64,16.4,75.0,12.0
947.0,110.0,21.0,-72.8,28.6,16.0,75.0,12.0
946.0,108.0,21.0,-73.4,28.6,16.0,75.0,12.0
946.0,105.0,21.0,-74.0,28.6,16.0,75.0,12.0
946.0,110.0,21.1,-74.6,28.61,16.1,75.0,12.0
960.0,85.0,21.1,-77.8,28.61,16.1,75.0,12.0
962.0,80.0,21.1,-78.4,28.61,16.1,75.0,12.0
964.0,75.0,21.2,-79.1,28.62,16.2,75.0,12.0
964.0,72.0,21.4,-79.7,28.64,16.4,75.0,12.0
965.0,70.0,22.4,-82.4,28.74,17.4,75.0,12.0
966.0,68.0,22.5,-82.8,28.75,17.5,75.0,12.0
966.0,65.0,22.7,-83.3,28.77,17.7,75.0,12.0
967.0,65.0,22.9,-83.7,28.79,17.9,75.0,12.0
959.0,80.0,23.8,-85.2,28.88,18.8,75.0,12.0
958.0,82.0,24.0,-85.5,28.9,19.0,75.0,12.0
951.0,85.0,24.4,-86.1,28.94,19.4,75.0,12.0
946.0,85.0,25.5,-88.0,28.55,20.5,75.0,12.0
949.0,85.0,25.6,-88.5,28.56,20.6,75.0,12.0
952.0,85.0,25.8,-88.9,28.58,20.8,75.0,12.0
953.0,85.0,26.0,-89.5,28.6,21.0,75.0,12.0
954.0,85.0,26.1,-90.0,28.61,21.1,75.0,12.0
954.0,95.0,27.2,-92.7,28.72,22.2,75.0,12.0
954.0,95.0,27.5,-93.2,28.75,22.5,75.0,12.0
953.0,95.0,27.9,-93.6,28.79,22.9,75.0,12.0
952.0,95.0,28.3,-94.0,28.83,23.3,75.0,12.0
966.0,68.0,31.0,-95.2,28.6,11.0,75.0,12.0
974.0,50.0,31.7,-95.3,28.67,11.7,75.0,12.0
977.0,42.0,32.6,-95.1,28.76,12.600000000000001,75.0,12.0
980.0,35.0,33.5,-94.9,28.85,13.5,75.0,12.0
987.0,40.0,37.6,-91.0,28.76,17.6,75.0,12.0
988.0,45.0,39.0,-89.1,28.9,19.0,75.0,12.0
988.0,50.0,40.3,-87.2,28.53,20.299999999999997,75.0,12.0
988.0,50.0,41.8,-84.3,28.68,21.799999999999997,75.0,12.0
986.0,35.0,47.2,-71.1,28.72,12.200000000000003,75.0,12.0
1005.0,35.0,12.8,-23.7,28.78,22.8,75.0,12.0
1005.0,35.0,13.0,-24.2,28.8,23.0,75.0,12.0
1002.0,40.0,13.2,-24.8,28.82,23.2,75.0,12.0
1000.0,45.0,13.3,-25.3,28.83,23.3,75.0,12.0
994.0,55.0,13.6,-27.7,28.86,23.6,75.0,12.0
994.0,55.0,13.7,-28.2,28.87,23.7,75.0,12.0
994.0,55.0,13.8,-28.7,28.88,23.8,75.0,12.0
994.0,55.0,13.8,-29.2,28.88,23.8,75.0,12.0
998.0,48.0,14.2,-31.4,28.92,24.2,75.0,12.0
1000.0,45.0,14.4,-31.9,28.94,24.4,75.0,12.0
1001.0,42.0,14.5,-32.3,28.95,24.5,75.0,12.0
1002.0,40.0,14.6,-32.7,28.96,24.6,75.0,12.0
1002.0,40.0,15.5,-34.2,28.55,10.5,75.0,12.0
1003.0,40.0,15.6,-34.5,28.56,10.6,75.0,12.0
1004.0,38.0,15.7,-34.7,28.57,10.7,75.0,12.0
1004.0,35.0,15.8,-34.9,28.58,10.8,75.0,12.0
1006.0,28.0,16.6,-36.8,28.66,11.600000000000001,75.0,12.0
1007.0,25.0,16.7,-37.3,28.67,11.7,75.0,12.0
1007.0,25.0,16.8,-37.8,28.68,11.8,75.0,12.0
1007.0,25.0,16.8,-38.3,28.68,11.8,75.0,12.0
1007.0,30.0,17.1,-40.5,28.71,12.100000000000001,75.0,12.0
1007.0,30.0,17.1,-40.9,28.71,12.100000000000001,75.0,12.0
1007.0,28.0,17.1,-41.2,28.71,12.100000000000001,75.0,12.0
1007.0,25.0,17.2,-41.6,28.72,12.2,75.0,12.0
1008.0,25.0,17.8,-43.8,28.78,12.8,75.0,12.0
1009.0,25.0,18.0,-44.2,28.8,13.0,75.0,12.0
1010.0,25.0,18.1,-44.9,28.81,13.100000000000001,75.0,12.0
1010.0,25.0,18.1,-45.6,28.81,13.100000000000001,75.0,12.0
1010.0,25.0,16.3,-51.4,28.63,11.3,75.0,12.0
1010.0,25.0,16.3,-52.0,28.63,11.3,75.0,12.0
1010.0,25.0,16.3,-52.5,28.63,11.3,75.0,12.0
1010.0,22.0,16.3,-53.0,28.63,11.3,75.0,12.0
1002.0,40.0,22.4,-68.7,28.74,17.4,75.0,12.0
1002.0,40.0,22.8,-68.6,28.78,17.8,75.0,12.0
1001.0,40.0,23.1,-68.4,28.81,18.1,75.0,12.0
1000.0,42.0,23.6,-68.2,28.86,18.6,75.0,12.0
998.0,50.0,26.0,-68.6,28.6,21.0,75.0,12.0
999.0,50.0,26.4,-68.6,28.64,21.4,75.0,12.0
1000.0,50.0,26.9,-68.6,28.69,21.9,75.0,12.0
999.0,52.0,27.8,-68.6,28.78,22.8,75.0,12.0
996.0,65.0,31.2,-69.5,28.62,11.2,75.0,12.0
996.0,68.0,32.2,-69.6,28.72,12.200000000000003,75.0,12.0
995.0,70.0,33.3,-69.7,28.83,13.299999999999997,75.0,12.0
995.0,70.0,34.3,-69.7,28.93,14.299999999999997,75.0,12.0
989.0,75.0,39.4,-68.2,28.94,19.4,75.0,12.0
986.0,72.0,40.5,-67.5,28.55,20.5,75.0,12.0
984.0,70.0,41.6,-66.7,28.66,21.6,75.0,12.0
984.0,68.0,42.7,-66.5,28.77,22.700000000000003,75.0,12.0
994.0,45.0,47.7,-63.5,28.77,12.700000000000003,75.0,12.0
996.0,42.0,48.0,-63.0,28.8,13.0,75.0,12.0
999.0,40.0,48.2,-62.6,28.82,13.200000000000003,75.0,12.0
1000.0,38.0,48.3,-62.0,28.83,13.299999999999997,75.0,12.0
1005.0,25.0,48.1,-60.8,28.81,13.100000000000001,75.0,12.0
1010.0,48.0,37.5,-35.2,28.75,17.5,75.0,12.0
1009.0,50.0,37.0,-35.5,28.7,17.0,75.0,12.0
1008.0,52.0,36.8,-35.8,28.68,16.799999999999997,75.0,12.0
1007.0,55.0,36.5,-36.0,28.65,16.5,75.0,12.0
995.0,68.0,37.5,-37.6,28.75,17.5,75.0,12.0
992.0,70.0,37.5,-38.0,28.75,17.5,75.0,12.0
992.0,70.0,37.5,-38.5,28.75,17.5,75.0,12.0
992.0,70.0,37.4,-39.0,28.74,17.4,75.0,12.0
994.0,52.0,37.1,-41.9,28.71,17.1,75.0,12.0
995.0,50.0,37.0,-42.5,28.7,17.0,75.0,12.0
995.0,50.0,36.9,-43.3,28.69,16.9,75.0,12.0
995.0,50.0,36.8,-44.1,28.68,16.799999999999997,75.0,12.0
995.0,50.0,37.2,-47.7,28.72,17.200000000000003,75.0,12.0
995.0,50.0,37.5,-48.0,28.75,17.5,75.0,12.0
995.0,50.0,37.8,-48.2,28.78,17.799999999999997,75.0,12.0
996.0,50.0,38.2,-48.4,28.82,18.200000000000003,75.0,12.0
996.0,50.0,40.6,-48.9,28.56,20.6,75.0,12.0
995.0,50.0,41.2,-48.8,28.62,21.200000000000003,75.0,12.0
994.0,50.0,41.7,-48.8,28.67,21.700000000000003,75.0,12.0
995.0,40.0,45.7,-46.9,28.57,10.700000000000003,75.0,12.0
995.0,40.0,46.6,-46.6,28.66,11.600000000000001,75.0,12.0
995.0,40.0,47.5,-46.3,28.75,12.5,75.0,12.0
1000.0,45.0,19.1,-94.1,28.91,14.100000000000001,75.0,12.0
999.0,50.0,19.4,-94.5,28.94,14.399999999999999,75.0,12.0
998.0,52.0,19.5,-94.8,28.95,14.5,75.0,12.0
998.0,55.0,19.7,-95.2,28.97,14.7,75.0,12.0
1002.0,42.0,19.9,-96.7,28.99,14.899999999999999,75.0,12.0
1007.0,30.0,19.9,-96.9,28.99,14.899999999999999,75.0,12.0
1006.0,32.0,15.8,-36.9,28.58,10.8,75.0,12.0
1006.0,35.0,16.0,-37.1,28.6,11.0,75.0,12.0
1006.0,35.0,16.2,-37.4,28.62,11.2,75.0,12.0
1005.0,35.0,16.4,-37.7,28.64,11.399999999999999,75.0,12.0
1006.0,32.0,16.7,-39.3,28.67,11.7,75.0,12.0
1006.0,30.0,16.8,-39.6,28.68,11.8,75.0,12.0
1006.0,30.0,17.0,-40.0,28.7,12.0,75.0,12.0
1007.0,30.0,17.2,-40.3,28.72,12.2,75.0,12.0
1008.0,28.0,18.1,-43.4,28.81,13.100000000000001,75.0,12.0
1008.0,25.0,18.3,-44.0,28.83,13.3,75.0,12.0
1008.0,25.0,18.5,-44.5,28.85,13.5,75.0,12.0
1008.0,25.0,18.6,-45.0,28.86,13.600000000000001,75.0,12.0
1011.0,20.0,22.0,-48.0,28.7,17.0,75.0,12.0
1005.0,30.0,15.2,-69.6,28.52,10.2,75.0,12.0
1004.0,30.0,15.0,-69.7,28.5,10.0,75.0,12.0
991.0,50.0,14.2,-69.1,28.92,24.2,75.0,12.0
987.0,55.0,14.1,-68.9,28.91,24.1,75.0,12.0
983.0,60.0,13.9,-68.8,28.89,23.9,75.0,12.0
983.0,62.0,14.0,-68.5,28.9,24.0,75.0,12.0
984.0,75.0,14.9,-67.4,28.99,24.9,75.0,12.0
980.0,78.0,15.2,-67.0,28.52,10.2,75.0,12.0
977.0,80.0,15.6,-66.5,28.56,10.6,75.0,12.0
974.0,88.0,16.1,-65.8,28.61,11.100000000000001,75.0,12.0
975.0,90.0,19.6,-62.1,28.96,14.600000000000001,75.0,12.0
980.0,80.0,20.4,-61.2,28.54,15.399999999999999,75.0,12.0
985.0,70.0,21.1,-60.4,28.61,16.1,75.0,12.0
986.0,68.0,22.0,-59.6,28.7,17.0,75.0,12.0
982.0,75.0,27.9,-55.7,28.79,22.9,75.0,12.0
984.0,70.0,29.0,-55.0,28.9,24.0,75.0,12.0
985.0,65.0,30.1,-54.4,28.51,10.100000000000001,75.0,12.0
996.0,40.0,33.0,-51.3,28.8,13.0,75.0,12.0
999.0,38.0,33.2,-50.9,28.82,13.200000000000003,75.0,12.0
1002.0,35.0,33.5,-50.5,28.85,13.5,75.0,12.0
1011.0,25.0,35.1,-48.3,28.51,15.100000000000001,75.0,12.0
1012.0,25.0,35.4,-47.9,28.54,15.399999999999999,75.0,12.0
1012.0,25.0,35.7,-47.5,28.57,15.700000000000003,75.0,12.0
1015.0,25.0,37.6,-45.3,28.76,17.6,75.0,12.0
1016.0,25.0,37.8,-44.8,28.78,17.799999999999997,75.0,12.0
1016.0,25.0,37.9,-44.3,28.79,17.9,75.0,12.0
1004.0,25.0,15.5,-82.8,28.55,10.5,75.0,12.0
1004.0,25.0,15.7,-83.0,28.57,10.7,75.0,12.0
1005.0,25.0,15.9,-83.2,28.59,10.9,75.0,12.0
1005.0,25.0,15.9,-83.4,28.59,10.9,75.0,12.0
1005.0,25.0,15.9,-84.4,28.59,10.9,75.0,12.0
1006.0,25.0,15.8,-84.7,28.58,10.8,75.0,12.0
1006.0,25.0,15.4,-85.3,28.54,10.4,75.0,12.0
1004.0,25.0,13.7,-81.7,28.87,23.7,75.0,12.0
1000.0,40.0,15.4,-82.0,28.54,10.4,75.0,12.0
997.0,48.0,15.8,-82.0,28.58,10.8,75.0,12.0
990.0,60.0,16.5,-81.8,28.65,11.5,75.0,12.0
979.0,75.0,18.0,-81.6,28.8,13.0,75.0,12.0
977.0,78.0,18.3,-81.5,28.83,13.3,75.0,12.0
970.0,90.0,18.8,-81.2,28.88,13.8,75.0,12.0
944.0,125.0,19.8,-79.6,28.98,14.8,75.0,12.0
948.0,125.0,20.0,-79.2,28.5,15.0,75.0,12.0
960.0,108.0,20.4,-78.4,28.54,15.399999999999999,75.0,12.0
1002.0,35.0,21.3,-77.8,28.63,16.3,75.0,12.0
1003.0,30.0,21.5,-77.8,28.65,16.5,75.0,12.0
1004.0,25.0,21.6,-77.9,28.66,16.6,75.0,12.0
1004.0,25.0,21.7,-77.9,28.67,16.7,75.0,12.0
1007.0,20.0,22.4,-77.7,28.74,17.4,75.0,12.0
1008.0,20.0,22.4,-77.7,28.74,17.4,75.0,12.0
1008.0,20.0,22.5,-77.6,28.75,17.5,75.0,12.0
1008.0,20.0,22.4,-77.5,28.74,17.4,75.0,12.0
1009.0,20.0,21.8,-77.9,28.68,16.8,75.0,12.0
1009.0,20.0,21.6,-78.1,28.66,16.6,75.0,12.0
1009.0,20.0,21.3,-78.3,28.63,16.3,75.0,12.0
1009.0,20.0,21.1,-78.5,28.61,16.1,75.0,12.0
1009.0,20.0,21.0,-80.7,28.6,16.0,75.0,12.0
1009.0,20.0,21.2,-81.2,28.62,16.2,75.0,12.0
1009.0,20.0,21.4,-81.7,28.64,16.4,75.0,12.0
1010.0,20.0,21.8,-82.2,28.68,16.8,75.0,12.0
1010.0,20.0,24.4,-85.1,28.94,19.4,75.0,12.0
1010.0,20.0,25.0,-85.5,28.5,20.0,75.0,12.0
1010.0,20.0,25.9,-85.7,28.59,20.9,75.0,12.0
1008.0,25.0,14.4,-24.4,28.94,24.4,75.0,12.0
1008.0,25.0,14.4,-24.9,28.94,24.4,75.0,12.0
1008.0,25.0,14.4,-25.4,28.94,24.4,75.0,12.0
1008.0,25.0,14.4,-25.8,28.94,24.4,75.0,12.0
1006.0,25.0,14.4,-28.4,28.94,24.4,75.0,12.0
1006.0,25.0,14.5,-29.0,28.95,24.5,75.0,12.0
1006.0,25.0,14.6,-29.5,28.96,24.6,75.0,12.0
1006.0,25.0,14.6,-30.0,28.96,24.6,75.0,12.0
1005.0,30.0,11.8,-24.0,28.68,21.8,75.0,12.0
997.0,50.0,11.8,-27.4,28.68,21.8,75.0,12.0
994.0,55.0,11.8,-28.0,28.68,21.8,75.0,12.0
992.0,58.0,11.9,-28.6,28.69,21.9,75.0,12.0
990.0,60.0,11.9,-29.2,28.69,21.9,75.0,12.0
1010.0,22.0,15.1,-29.6,28.51,10.1,75.0,12.0
1009.0,25.0,15.4,-30.1,28.54,10.4,75.0,12.0
1008.0,28.0,15.8,-30.6,28.58,10.8,75.0,12.0
1008.0,30.0,16.1,-31.1,28.61,11.100000000000001,75.0,12.0
1008.0,30.0,17.5,-33.8,28.75,12.5,75.0,12.0
1008.0,30.0,17.8,-34.3,28.78,12.8,75.0,12.0
1008.0,28.0,18.2,-34.8,28.82,13.2,75.0,12.0
1008.0,25.0,18.6,-35.2,28.86,13.600000000000001,75.0,12.0
995.0,55.0,46.0,-43.2,28.6,11.0,75.0,12.0
992.0,45.0,44.4,-41.1,28.94,24.4,75.0,12.0
992.0,45.0,44.0,-40.3,28.9,24.0,75.0,12.0
993.0,42.0,43.9,-39.5,28.89,23.9,75.0,12.0
994.0,40.0,43.8,-38.7,28.88,23.799999999999997,75.0,12.0
999.0,35.0,43.1,-35.5,28.81,23.1,75.0,12.0
1000.0,35.0,42.9,-35.3,28.79,22.9,75.0,12.0
1000.0,35.0,42.6,-35.2,28.76,22.6,75.0,12.0
999.0,35.0,42.3,-35.2,28.73,22.299999999999997,75.0,12.0
996.0,38.0,39.5,-35.0,28.95,19.5,75.0,12.0
996.0,40.0,38.7,-34.6,28.87,18.700000000000003,75.0,12.0
996.0,40.0,38.0,-33.9,28.8,18.0,75.0,12.0
995.0,40.0,37.4,-33.2,28.74,17.4,75.0,12.0
996.0,40.0,37.2,-29.2,28.72,17.200000000000003,75.0,12.0
996.0,40.0,37.7,-28.7,28.77,17.700000000000003,75.0,12.0
996.0,40.0,38.2,-28.6,28.82,18.200000000000003,75.0,12.0
996.0,40.0,38.6,-28.5,28.86,18.6,75.0,12.0
997.0,35.0,40.0,-29.7,28.5,20.0,75.0,12.0
997.0,35.0,40.2,-30.0,28.52,20.200000000000003,75.0,12.0
996.0,38.0,40.5,-30.2,28.55,20.5,75.0,12.0
996.0,40.0,40.9,-30.4,28.59,20.9,75.0,12.0
996.0,35.0,41.1,-32.2,28.61,21.1,75.0,12.0
996.0,35.0,40.8,-32.5,28.58,20.799999999999997,75.0,12.0
996.0,38.0,40.3,-32.4,28.53,20.299999999999997,75.0,12.0
995.0,40.0,39.9,-32.3,28.99,19.9,75.0,12.0
992.0,42.0,38.4,-28.1,28.84,18.4,75.0,12.0
992.0,45.0,38.3,-26.8,28.83,18.299999999999997,75.0,12.0
992.0,48.0,38.5,-25.4,28.85,18.5,75.0,12.0
991.0,50.0,38.8,-23.9,28.88,18.799999999999997,75.0,12.0
988.0,55.0,43.1,-18.1,28.81,23.1,75.0,12.0
987.0,55.0,44.3,-17.1,28.93,24.299999999999997,75.0,12.0
986.0,52.0,45.5,-16.3,28.55,10.5,75.0,12.0
986.0,50.0,46.6,-15.5,28.66,11.600000000000001,75.0,12.0
1007.0,35.0,17.0,-51.9,28.7,12.0,75.0,12.0
1007.0,35.0,17.3,-52.6,28.73,12.3,75.0,12.0
1007.0,35.0,17.6,-53.4,28.76,12.600000000000001,75.0,12.0
1006.0,45.0,18.7,-56.8,28.87,13.7,75.0,12.0
1006.0,42.0,18.9,-57.3,28.89,13.899999999999999,75.0,12.0
1007.0,40.0,19.0,-57.9,28.9,14.0,75.0,12.0
990.0,40.0,45.5,-25.1,28.55,10.5,75.0,12.0
991.0,40.0,46.2,-24.0,28.62,11.200000000000003,75.0,12.0
992.0,40.0,47.0,-23.0,28.7,12.0,75.0,12.0
992.0,40.0,47.9,-22.0,28.79,12.899999999999999,75.0,12.0
1008.0,28.0,13.0,-21.8,28.8,23.0,75.0,12.0
1008.0,30.0,13.2,-22.6,28.82,23.2,75.0,12.0
1008.0,30.0,13.4,-23.5,28.84,23.4,75.0,12.0
1008.0,30.0,13.6,-24.3,28.86,23.6,75.0,12.0
1006.0,32.0,14.2,-28.8,28.92,24.2,75.0,12.0
1006.0,35.0,14.3,-29.7,28.93,24.3,75.0,12.0
1006.0,35.0,13.9,-23.0,28.89,23.9,75.0,12.0
1005.0,40.0,13.8,-23.3,28.88,23.8,75.0,12.0
1005.0,40.0,13.8,-23.5,28.88,23.8,75.0,12.0
1005.0,40.0,13.8,-23.7,28.88,23.8,75.0,12.0
1006.0,32.0,14.1,-25.1,28.91,24.1,75.0,12.0
1006.0,30.0,14.2,-25.5,28.92,24.2,75.0,12.0
1006.0,30.0,14.4,-25.9,28.94,24.4,75.0,12.0
1006.0,30.0,14.7,-26.4,28.97,24.7,75.0,12.0
1004.0,32.0,16.1,-29.5,28.61,11.100000000000001,75.0,12.0
1004.0,35.0,16.3,-30.4,28.63,11.3,75.0,12.0
1006.0,30.0,12.9,-20.9,28.79,22.9,75.0,12.0
1006.0,30.0,13.0,-21.3,28.8,23.0,75.0,12.0
1006.0,32.0,13.1,-21.7,28.81,23.1,75.0,12.0
1005.0,35.0,13.1,-22.1,28.81,23.1,75.0,12.0
1004.0,40.0,14.2,-24.8,28.92,24.2,75.0,12.0
1004.0,40.0,14.5,-25.4,28.95,24.5,75.0,12.0
1004.0,42.0,14.8,-25.9,28.98,24.8,75.0,12.0
1003.0,45.0,15.0,-26.5,28.5,10.0,75.0,12.0
990.0,65.0,15.8,-28.8,28.58,10.8,75.0,12.0
987.0,70.0,15.9,-29.2,28.59,10.9,75.0,12.0
979.0,80.0,16.1,-29.9,28.61,11.100000000000001,75.0,12.0
1003.0,35.0,17.3,-30.4,28.73,12.3,75.0,12.0
1004.0,32.0,17.4,-30.2,28.74,12.399999999999999,75.0,12.0
1005.0,30.0,17.4,-30.0,28.74,12.399999999999999,75.0,12.0
1004.0,32.0,17.5,-29.1,28.75,12.5,75.0,12.0
1004.0,35.0,17.5,-28.8,28.75,12.5,75.0,12.0
1004.0,35.0,17.6,-28.6,28.76,12.600000000000001,75.0,12.0
1003.0,35.0,17.6,-28.3,28.76,12.600000000000001,75.0,12.0
1000.0,45.0,18.6,-27.6,28.86,13.600000000000001,75.0,12.0
998.0,50.0,19.0,-27.6,28.9,14.0,75.0,12.0
996.0,55.0,19.4,-27.6,28.94,14.399999999999999,75.0,12.0
993.0,60.0,19.7,-27.7,28.97,14.7,75.0,12.0
988.0,65.0,21.8,-28.1,28.68,16.8,75.0,12.0
990.0,60.0,22.3,-28.3,28.73,17.3,75.0,12.0
993.0,55.0,22.8,-28.5,28.78,17.8,75.0,12.0
996.0,50.0,23.2,-28.6,28.82,18.2,75.0,12.0
1005.0,32.0,25.1,-28.9,28.51,20.1,75.0,12.0
1010.0,30.0,27.1,-30.4,28.71,22.1,75.0,12.0
996.0,42.0,42.5,-29.5,28.75,22.5,75.0,12.0
998.0,40.0,43.1,-28.1,28.81,23.1,75.0,12.0
998.0,40.0,43.3,-27.2,28.83,23.299999999999997,75.0,12.0
998.0,40.0,43.5,-26.3,28.85,23.5,75.0,12.0
1004.0,35.0,41.9,-24.3,28.69,21.9,75.0,12.0
1004.0,35.0,41.4,-24.0,28.64,21.4,75.0,12.0
1005.0,35.0,40.8,-23.8,28.58,20.799999999999997,75.0,12.0
1006.0,35.0,40.3,-23.5,28.53,20.299999999999997,75.0,12.0
1004.0,35.0,38.0,-22.6,28.8,18.0,75.0,12.0
1004.0,35.0,37.6,-22.6,28.76,17.6,75.0,12.0
1004.0,35.0,37.2,-22.5,28.72,17.200000000000003,75.0,12.0
1004.0,35.0,36.7,-22.4,28.67,16.700000000000003,75.0,12.0
1005.0,30.0,34.7,-21.7,28.97,14.700000000000003,75.0,12.0
1005.0,30.0,34.4,-21.4,28.94,14.399999999999999,75.0,12.0
1005.0,30.0,34.2,-21.0,28.92,14.200000000000003,75.0,12.0
1005.0,30.0,34.0,-20.6,28.9,14.0,75.0,12.0
1006.0,30.0,33.5,-18.9,28.85,13.5,75.0,12.0
1006.0,30.0,33.4,-18.5,28.84,13.399999999999999,75.0,12.0
1006.0,30.0,33.3,-18.1,28.83,13.299999999999997,75.0,12.0
1006.0,30.0,33.2,-17.8,28.82,13.200000000000003,75.0,12.0
1006.0,25.0,32.7,-16.2,28.77,12.700000000000003,75.0,12.0
1007.0,25.0,32.6,-15.9,28.76,12.600000000000001,75.0,12.0
1007.0,25.0,32.5,-15.6,28.75,12.5,75.0,12.0
1010.0,22.0,32.0,-14.6,28.7,12.0,75.0,12.0
1010.0,20.0,31.9,-14.6,28.69,11.899999999999999,75.0,12.0
1011.0,20.0,31.8,-14.6,28.68,11.8,75.0,12.0
1010.0,22.0,9.4,-21.0,28.94,19.4,75.0,12.0
1010.0,25.0,9.3,-21.6,28.93,19.3,75.0,12.0
1010.0,25.0,9.3,-22.2,28.93,19.3,75.0,12.0
1009.0,25.0,9.3,-22.9,28.93,19.3,75.0,12.0
1008.0,28.0,9.7,-26.3,28.97,19.7,75.0,12.0
1008.0,30.0,9.9,-27.0,28.99,19.9,75.0,12.0
1008.0,30.0,10.2,-27.6,28.52,20.2,75.0,12.0
1008.0,30.0,10.6,-28.2,28.56,20.6,75.0,12.0
1010.0,22.0,8.8,-19.9,28.88,18.8,75.0,12.0
1010.0,25.0,9.0,-20.6,28.9,19.0,75.0,12.0
1010.0,25.0,9.2,-21.3,28.92,19.2,75.0,12.0
1009.0,25.0,9.5,-22.0,28.95,19.5,75.0,12.0
1006.0,32.0,11.1,-25.4,28.61,21.1,75.0,12.0
1006.0,35.0,11.1,-26.1,28.61,21.1,75.0,12.0
1006.0,35.0,11.1,-26.7,28.61,21.1,75.0,12.0
1006.0,35.0,11.2,-27.3,28.62,21.2,75.0,12.0
1006.0,40.0,12.4,-29.9,28.74,22.4,75.0,12.0
1006.0,40.0,12.7,-30.3,28.77,22.7,75.0,12.0
1010.0,28.0,12.3,-23.8,28.73,22.3,75.0,12.0
1010.0,30.0,12.5,-24.5,28.75,22.5,75.0,12.0
1010.0,30.0,12.8,-25.2,28.78,22.8,75.0,12.0
1009.0,30.0,13.0,-25.9,28.8,23.0,75.0,12.0
1006.0,38.0,14.4,-29.2,28.94,24.4,75.0,12.0
1005.0,40.0,14.7,-29.9,28.97,24.7,75.0,12.0
1009.0,30.0,16.4,-39.0,28.64,11.399999999999999,75.0,12.0
1009.0,30.0,16.4,-39.6,28.64,11.399999999999999,75.0,12.0
1009.0,30.0,16.4,-40.2,28.64,11.399999999999999,75.0,12.0
1009.0,30.0,16.5,-40.9,28.65,11.5,75.0,12.0
973.0,85.0,35.5,-29.6,28.55,15.5,75.0,12.0
977.0,80.0,35.7,-28.5,28.57,15.700000000000003,75.0,12.0
987.0,62.0,37.5,-24.1,28.75,17.5,75.0,12.0
990.0,60.0,37.9,-23.2,28.79,17.9,75.0,12.0
993.0,52.0,38.4,-22.1,28.84,18.4,75.0,12.0
996.0,45.0,38.9,-21.1,28.89,18.9,75.0,12.0
1003.0,35.0,39.9,-17.1,28.99,19.9,75.0,12.0
1004.0,30.0,39.8,-16.6,28.98,19.799999999999997,75.0,12.0
1010.0,20.0,12.9,-27.4,28.79,22.9,75.0,12.0
1010.0,20.0,12.9,-28.5,28.79,22.9,75.0,12.0
1010.0,20.0,13.0,-29.6,28.8,23.0,75.0,12.0
986.0,50.0,36.7,-30.4,28.67,16.700000000000003,75.0,12.0
986.0,50.0,36.5,-30.0,28.65,16.5,75.0,12.0
985.0,52.0,36.4,-29.5,28.64,16.4,75.0,12.0
984.0,55.0,36.2,-29.0,28.62,16.200000000000003,75.0,12.0
984.0,52.0,35.0,-27.4,28.5,15.0,75.0,12.0
984.0,50.0,34.6,-27.3,28.96,14.600000000000001,75.0,12.0
984.0,50.0,34.1,-27.2,28.91,14.100000000000001,75.0,12.0
984.0,50.0,33.6,-27.2,28.86,13.600000000000001,75.0,12.0
986.0,45.0,31.4,-26.5,28.64,11.399999999999999,75.0,12.0
987.0,45.0,31.0,-26.4,28.6,11.0,75.0,12.0
987.0,45.0,30.8,-26.3,28.58,10.8,75.0,12.0
987.0,45.0,30.5,-26.2,28.55,10.5,75.0,12.0
987.0,50.0,30.5,-25.5,28.55,10.5,75.0,12.0
987.0,50.0,30.6,-25.4,28.56,10.600000000000001,75.0,12.0
988.0,50.0,30.8,-25.6,28.58,10.8,75.0,12.0
988.0,50.0,30.9,-25.8,28.59,10.899999999999999,75.0,12.0
994.0,45.0,31.4,-27.0,28.64,11.399999999999999,75.0,12.0
995.0,45.0,31.5,-27.4,28.65,11.5,75.0,12.0
996.0,45.0,31.6,-27.8,28.66,11.600000000000001,75.0,12.0
996.0,45.0,31.8,-28.1,28.68,11.8,75.0,12.0
996.0,40.0,32.0,-29.7,28.7,12.0,75.0,12.0
997.0,40.0,32.0,-29.9,28.7,12.0,75.0,12.0
997.0,40.0,31.9,-30.0,28.69,11.899999999999999,75.0,12.0
997.0,40.0,31.7,-30.1,28.67,11.7,75.0,12.0
996.0,42.0,30.9,-30.4,28.59,10.899999999999999,75.0,12.0
995.0,45.0,30.7,-30.5,28.57,10.7,75.0,12.0
994.0,48.0,30.4,-30.6,28.54,10.399999999999999,75.0,12.0
993.0,50.0,30.2,-30.7,28.52,10.2,75.0,12.0
993.0,50.0,28.9,-31.6,28.89,23.9,75.0,12.0
993.0,50.0,28.7,-31.9,28.87,23.7,75.0,12.0
993.0,52.0,28.6,-32.2,28.86,23.6,75.0,12.0
993.0,55.0,28.5,-32.5,28.85,23.5,75.0,12.0
990.0,62.0,28.9,-34.1,28.89,23.9,75.0,12.0
988.0,65.0,29.2,-34.4,28.92,24.2,75.0,12.0
988.0,65.0,29.4,-34.6,28.94,24.4,75.0,12.0
988.0,65.0,29.7,-34.8,28.97,24.7,75.0,12.0
988.0,65.0,32.0,-35.9,28.7,12.0,75.0,12.0
988.0,65.0,32.6,-36.1,28.76,12.600000000000001,75.0,12.0
987.0,68.0,33.2,-36.4,28.82,13.200000000000003,75.0,12.0
986.0,70.0,33.8,-36.6,28.88,13.799999999999997,75.0,12.0
980.0,78.0,36.4,-38.0,28.64,16.4,75.0,12.0
978.0,80.0,36.8,-38.3,28.68,16.799999999999997,75.0,12.0
978.0,80.0,37.0,-38.6,28.7,17.0,75.0,12.0
978.0,80.0,37.2,-38.9,28.72,17.200000000000003,75.0,12.0
990.0,62.0,36.1,-39.4,28.61,16.1,75.0,12.0
991.0,60.0,35.9,-39.4,28.59,15.899999999999999,75.0,12.0
993.0,58.0,35.6,-39.4,28.56,15.600000000000001,75.0,12.0
995.0,55.0,35.4,-39.4,28.54,15.399999999999999,75.0,12.0
995.0,55.0,34.4,-38.2,28.94,14.399999999999999,75.0,12.0
995.0,55.0,34.3,-37.9,28.93,14.299999999999997,75.0,12.0
995.0,55.0,34.3,-37.5,28.93,14.299999999999997,75.0,12.0
995.0,55.0,34.3,-37.1,28.93,14.299999999999997,75.0,12.0
1000.0,45.0,34.8,-34.6,28.98,14.799999999999997,75.0,12.0
1000.0,45.0,34.9,-34.0,28.99,14.899999999999999,75.0,12.0
1000.0,42.0,35.1,-33.2,28.51,15.100000000000001,75.0,12.0
1000.0,40.0,35.4,-32.5,28.54,15.399999999999999,75.0,12.0
1008.0,25.0,12.4,-38.0,28.74,22.4,75.0,12.0
1008.0,25.0,13.0,-38.4,28.8,23.0,75.0,12.0
1008.0,25.0,13.6,-38.7,28.86,23.6,75.0,12.0
1006.0,30.0,16.9,-40.9,28.69,11.899999999999999,75.0,12.0
1006.0,30.0,17.4,-41.2,28.74,12.399999999999999,75.0,12.0
1006.0,32.0,17.8,-41.5,28.78,12.8,75.0,12.0
1005.0,35.0,18.2,-41.8,28.82,13.2,75.0,12.0
1000.0,42.0,19.9,-42.1,28.99,14.899999999999999,75.0,12.0
998.0,45.0,20.2,-42.0,28.52,15.2,75.0,12.0
997.0,45.0,20.6,-41.8,28.56,15.600000000000001,75.0,12.0
996.0,45.0,21.0,-41.5,28.6,16.0,75.0,12.0
994.0,45.0,23.1,-38.6,28.81,18.1,75.0,12.0
994.0,45.0,23.5,-37.8,28.85,18.5,75.0,12.0
987.0,40.0,41.9,-28.3,28.69,21.9,75.0,12.0
988.0,40.0,41.0,-27.6,28.6,21.0,75.0,12.0
989.0,40.0,40.0,-27.0,28.5,20.0,75.0,12.0
992.0,40.0,39.6,-24.1,28.96,19.6,75.0,12.0
992.0,40.0,39.8,-23.6,28.98,19.799999999999997,75.0,12.0
992.0,40.0,40.1,-22.9,28.51,20.1,75.0,12.0
995.0,35.0,41.9,-18.1,28.69,21.9,75.0,12.0
995.0,30.0,42.1,-17.5,28.71,22.1,75.0,12.0
995.0,30.0,42.0,-16.8,28.7,22.0,75.0,12.0
996.0,30.0,41.1,-12.7,28.61,21.1,75.0,12.0
996.0,30.0,41.0,-12.0,28.6,21.0,75.0,12.0
996.0,30.0,41.0,-11.6,28.6,21.0,75.0,12.0
1000.0,28.0,40.1,-8.3,28.51,20.1,75.0,12.0
1002.0,25.0,40.0,-7.5,28.5,20.0,75.0,12.0
1005.0,28.0,31.0,-29.6,28.6,11.0,75.0,12.0
1006.0,25.0,30.9,-28.6,28.59,10.899999999999999,75.0,12.0
1009.0,25.0,11.3,-20.0,28.63,21.3,75.0,12.0
1009.0,25.0,11.8,-22.3,28.68,21.8,75.0,12.0
1009.0,25.0,12.0,-22.8,28.7,22.0,75.0,12.0
1008.0,25.0,12.2,-23.4,28.72,22.2,75.0,12.0
1008.0,25.0,12.4,-23.9,28.74,22.4,75.0,12.0
1006.0,38.0,13.7,-28.1,28.87,23.7,75.0,12.0
1005.0,40.0,13.9,-29.0,28.89,23.9,75.0,12.0
1004.0,42.0,14.2,-29.9,28.92,24.2,75.0,12.0
1007.0,35.0,14.2,-25.2,28.92,24.2,75.0,12.0
1007.0,35.0,14.3,-25.9,28.93,24.3,75.0,12.0
1007.0,35.0,14.5,-26.5,28.95,24.5,75.0,12.0
1007.0,35.0,14.7,-27.2,28.97,24.7,75.0,12.0
1009.0,25.0,13.0,-18.9,28.8,23.0,75.0,12.0
1009.0,25.0,13.0,-19.3,28.8,23.0,75.0,12.0
1008.0,25.0,13.0,-19.8,28.8,23.0,75.0,12.0
1008.0,25.0,13.0,-20.3,28.8,23.0,75.0,12.0
1006.0,38.0,13.4,-23.0,28.84,23.4,75.0,12.0
1005.0,40.0,13.5,-23.6,28.85,23.5,75.0,12.0
1004.0,42.0,13.6,-24.1,28.86,23.6,75.0,12.0
1004.0,45.0,13.7,-24.6,28.87,23.7,75.0,12.0
1000.0,55.0,14.2,-26.9,28.92,24.2,75.0,12.0
1000.0,55.0,14.3,-27.3,28.93,24.3,75.0,12.0
1000.0,55.0,14.5,-27.6,28.95,24.5,75.0,12.0
999.0,55.0,14.7,-27.9,28.97,24.7,75.0,12.0
990.0,65.0,15.9,-28.8,28.59,10.9,75.0,12.0
987.0,70.0,16.3,-28.9,28.63,11.3,75.0,12.0
983.0,75.0,16.9,-28.9,28.69,11.899999999999999,75.0,12.0
979.0,80.0,17.4,-28.9,28.74,12.399999999999999,75.0,12.0
980.0,78.0,20.5,-28.9,28.55,15.5,75.0,12.0
980.0,75.0,21.2,-28.9,28.62,16.2,75.0,12.0
980.0,75.0,21.8,-29.0,28.68,16.8,75.0,12.0
980.0,75.0,22.3,-29.1,28.73,17.3,75.0,12.0
987.0,58.0,24.3,-30.4,28.93,19.3,75.0,12.0
1008.0,40.0,36.3,-30.2,28.63,16.299999999999997,75.0,12.0
1008.0,40.0,36.7,-29.8,28.67,16.700000000000003,75.0,12.0
990.0,42.0,41.6,-26.1,28.66,21.6,75.0,12.0
992.0,40.0,41.6,-24.7,28.66,21.6,75.0,12.0
994.0,40.0,41.5,-23.4,28.65,21.5,75.0,12.0
995.0,50.0,32.2,-28.5,28.72,12.200000000000003,75.0,12.0
995.0,50.0,32.0,-28.2,28.7,12.0,75.0,12.0
995.0,50.0,31.9,-27.9,28.69,11.899999999999999,75.0,12.0
998.0,45.0,33.2,-27.5,28.82,13.200000000000003,75.0,12.0
998.0,45.0,33.5,-27.7,28.85,13.5,75.0,12.0
998.0,42.0,33.6,-27.8,28.86,13.600000000000001,75.0,12.0
999.0,40.0,34.2,-27.0,28.92,14.200000000000003,75.0,12.0
999.0,40.0,34.5,-26.9,28.95,14.5,75.0,12.0
999.0,40.0,34.8,-26.9,28.98,14.799999999999997,75.0,12.0
1003.0,30.0,37.1,-27.8,28.71,17.1,75.0,12.0
1012.0,20.0,9.0,-29.0,28.9,19.0,75.0,12.0
1012.0,20.0,9.2,-29.9,28.92,19.2,75.0,12.0
1003.0,35.0,47.3,-18.5,28.73,12.299999999999997,75.0,12.0
1003.0,35.0,47.5,-15.0,28.75,12.5,75.0,12.0
1014.0,25.0,36.1,-30.2,28.61,16.1,75.0,12.0
1014.0,25.0,35.6,-30.2,28.56,15.600000000000001,75.0,12.0
1014.0,25.0,35.1,-30.2,28.51,15.100000000000001,75.0,12.0
1004.0,40.0,12.6,-18.9,28.76,22.6,75.0,12.0
1004.0,45.0,13.1,-19.5,28.81,23.1,75.0,12.0
1001.0,50.0,13.6,-20.1,28.86,23.6,75.0,12.0
998.0,55.0,14.0,-20.7,28.9,24.0,75.0,12.0
988.0,72.0,15.7,-22.9,28.57,10.7,75.0,12.0
986.0,75.0,16.1,-23.3,28.61,11.100000000000001,75.0,12.0
987.0,72.0,16.5,-23.7,28.65,11.5,75.0,12.0
988.0,70.0,16.8,-24.1,28.68,11.8,75.0,12.0
997.0,55.0,18.0,-26.2,28.8,13.0,75.0,12.0
1000.0,50.0,18.2,-26.7,28.82,13.2,75.0,12.0
1002.0,48.0,18.4,-27.1,28.84,13.399999999999999,75.0,12.0
1003.0,45.0,18.7,-27.6,28.87,13.7,75.0,12.0
1004.0,40.0,19.5,-30.1,28.95,14.5,75.0,12.0
1009.0,28.0,12.1,-23.8,28.71,22.1,75.0,12.0
1008.0,30.0,12.2,-24.4,28.72,22.2,75.0,12.0
1008.0,32.0,12.2,-25.0,28.72,22.2,75.0,12.0
1007.0,35.0,12.3,-25.7,28.73,22.3,75.0,12.0
1001.0,48.0,12.6,-28.6,28.76,22.6,75.0,12.0
1000.0,50.0,12.7,-29.2,28.77,22.7,75.0,12.0
1001.0,48.0,12.8,-29.9,28.78,22.8,75.0,12.0
1010.0,25.0,9.4,-24.2,28.94,19.4,75.0,12.0
1010.0,25.0,9.6,-24.9,28.96,19.6,75.0,12.0
1010.0,25.0,9.7,-25.5,28.97,19.7,75.0,12.0
1010.0,25.0,10.6,-28.1,28.56,20.6,75.0,12.0
1010.0,25.0,10.7,-28.6,28.57,20.7,75.0,12.0
1010.0,25.0,10.8,-29.1,28.58,20.8,75.0,12.0
1009.0,25.0,11.0,-29.6,28.6,21.0,75.0,12.0
982.0,45.0,43.2,-29.1,28.82,23.200000000000003,75.0,12.0
984.0,45.0,43.5,-27.3,28.85,23.5,75.0,12.0
988.0,45.0,44.2,-20.9,28.92,24.200000000000003,75.0,12.0
988.0,45.0,44.2,-19.9,28.92,24.200000000000003,75.0,12.0
988.0,42.0,44.2,-19.0,28.92,24.200000000000003,75.0,12.0
989.0,40.0,44.1,-18.2,28.91,24.1,75.0,12.0
994.0,35.0,43.2,-14.4,28.82,23.200000000000003,75.0,12.0
996.0,35.0,43.1,-13.9,28.81,23.1,75.0,12.0
997.0,32.0,43.0,-13.4,28.8,23.0,75.0,12.0
1000.0,32.0,42.0,-11.1,28.7,22.0,75.0,12.0
1001.0,35.0,41.8,-10.8,28.68,21.799999999999997,75.0,12.0
1001.0,35.0,41.5,-10.7,28.65,21.5,75.0,12.0
1002.0,35.0,39.6,-9.4,28.96,19.6,75.0,12.0
1003.0,35.0,39.5,-9.1,28.95,19.5,75.0,12.0
1004.0,32.0,39.3,-8.9,28.93,19.299999999999997,75.0,12.0
1010.0,20.0,37.6,-9.1,28.76,17.6,75.0,12.0
1010.0,20.0,37.3,-9.2,28.73,17.299999999999997,75.0,12.0
1010.0,20.0,37.0,-9.1,28.7,17.0,75.0,12.0
1011.0,20.0,35.3,-8.6,28.53,15.299999999999997,75.0,12.0
1011.0,20.0,35.1,-8.4,28.51,15.100000000000001,75.0,12.0
1012.0,18.0,35.0,-8.2,28.5,15.0,75.0,12.0
981.0,75.0,30.8,-28.7,28.58,10.8,75.0,12.0
981.0,75.0,31.6,-28.4,28.66,11.600000000000001,75.0,12.0
981.0,75.0,32.5,-28.0,28.75,12.5,75.0,12.0
986.0,55.0,38.0,-27.0,28.8,18.0,75.0,12.0
986.0,55.0,39.8,-27.4,28.98,19.799999999999997,75.0,12.0
1018.0,25.0,30.4,-30.2,28.54,10.399999999999999,75.0,12.0
1019.0,25.0,30.5,-29.9,28.55,10.5,75.0,12.0
1020.0,25.0,30.6,-29.5,28.56,10.600000000000001,75.0,12.0
1009.0,20.0,11.0,-19.4,28.6,21.0,75.0,12.0
1009.0,20.0,11.0,-20.3,28.6,21.0,75.0,12.0
1009.0,20.0,11.0,-21.2,28.6,21.0,75.0,12.0
1008.0,28.0,11.3,-25.6,28.63,21.3,75.0,12.0
1008.0,30.0,11.5,-26.5,28.65,21.5,75.0,12.0
1008.0,32.0,11.8,-27.4,28.68,21.8,75.0,12.0
1007.0,35.0,12.0,-28.2,28.7,22.0,75.0,12.0
1008.0,28.0,40.5,-27.0,28.55,20.5,75.0,12.0
1008.0,25.0,40.9,-26.1,28.59,20.9,75.0,12.0
1010.0,20.0,13.1,-19.0,28.81,23.1,75.0,12.0
1010.0,22.0,13.8,-19.8,28.88,23.8,75.0,12.0
1010.0,25.0,14.1,-20.0,28.91,24.1,75.0,12.0
1010.0,25.0,14.4,-20.4,28.94,24.4,75.0,12.0
1009.0,25.0,14.8,-20.8,28.98,24.8,75.0,12.0
1009.0,28.0,16.5,-23.9,28.65,11.5,75.0,12.0
1009.0,30.0,16.8,-24.5,28.68,11.8,75.0,12.0
1009.0,30.0,17.0,-25.1,28.7,12.0,75.0,12.0
1009.0,30.0,17.2,-25.8,28.72,12.2,75.0,12.0
1008.0,35.0,17.6,-29.2,28.76,12.600000000000001,75.0,12.0
1007.0,35.0,17.6,-29.8,28.76,12.600000000000001,75.0,12.0
1006.0,35.0,17.6,-30.3,28.76,12.600000000000001,75.0,12.0
1008.0,28.0,13.3,-27.0,28.83,23.3,75.0,12.0
1007.0,30.0,13.4,-27.3,28.84,23.4,75.0,12.0
1007.0,30.0,13.5,-27.6,28.85,23.5,75.0,12.0
1007.0,30.0,13.6,-27.8,28.86,23.6,75.0,12.0
1006.0,32.0,14.8,-29.6,28.98,24.8,75.0,12.0
1006.0,35.0,15.1,-30.0,28.51,10.1,75.0,12.0
1005.0,38.0,15.6,-30.4,28.56,10.6,75.0,12.0
1007.0,25.0,9.6,-102.2,28.96,19.6,75.0,12.0
1006.0,28.0,9.6,-102.7,28.96,19.6,75.0,12.0
1006.0,30.0,9.6,-103.1,28.96,19.6,75.0,12.0
998.0,48.0,9.7,-105.5,28.97,19.7,75.0,12.0
997.0,50.0,9.7,-106.1,28.97,19.7,75.0,12.0
997.0,50.0,9.7,-106.7,28.97,19.7,75.0,12.0
997.0,50.0,9.7,-107.3,28.97,19.7,75.0,12.0
1000.0,45.0,10.2,-111.1,28.52,20.2,75.0,12.0
1000.0,45.0,10.4,-111.9,28.54,20.4,75.0,12.0
1000.0,45.0,10.4,-112.7,28.54,20.4,75.0,12.0
1000.0,45.0,10.5,-113.5,28.55,20.5,75.0,12.0
998.0,48.0,11.3,-117.9,28.63,21.3,75.0,12.0
1000.0,45.0,11.5,-118.8,28.65,21.5,75.0,12.0
1000.0,45.0,11.7,-119.8,28.67,21.7,75.0,12.0
1000.0,45.0,11.8,-120.7,28.68,21.8,75.0,12.0
1000.0,45.0,12.7,-125.0,28.77,22.7,75.0,12.0
1000.0,45.0,12.9,-125.9,28.79,22.9,75.0,12.0
1000.0,45.0,13.2,-126.8,28.82,23.2,75.0,12.0
1000.0,45.0,13.4,-127.6,28.84,23.4,75.0,12.0
1001.0,42.0,14.2,-131.2,28.92,24.2,75.0,12.0
1002.0,40.0,14.4,-131.8,28.94,24.4,75.0,12.0
1004.0,38.0,14.5,-132.5,28.95,24.5,75.0,12.0
1005.0,35.0,14.6,-133.2,28.96,24.6,75.0,12.0
1006.0,32.0,14.6,-133.9,28.96,24.6,75.0,12.0
1009.0,25.0,14.2,-137.0,28.92,24.2,75.0,12.0
1009.0,25.0,14.1,-137.8,28.91,24.1,75.0,12.0
1009.0,25.0,14.1,-138.5,28.91,24.1,75.0,12.0
1009.0,25.0,14.1,-139.2,28.91,24.1,75.0,12.0
1010.0,22.0,14.2,-139.8,28.92,24.2,75.0,12.0
1007.0,25.0,15.9,-103.2,28.59,10.9,75.0,12.0
1003.0,33.0,16.4,-103.5,28.64,11.399999999999999,75.0,12.0
1001.0,35.0,16.5,-103.5,28.65,11.5,75.0,12.0
1001.0,40.0,16.6,-103.6,28.66,11.600000000000001,75.0,12.0
1000.0,45.0,16.6,-103.6,28.66,11.600000000000001,75.0,12.0
999.0,48.0,16.7,-104.2,28.67,11.7,75.0,12.0
997.0,50.0,16.7,-104.3,28.67,11.7,75.0,12.0
998.0,48.0,16.6,-104.4,28.66,11.600000000000001,75.0,12.0
998.0,45.0,16.6,-104.5,28.66,11.600000000000001,75.0,12.0
1000.0,45.0,16.3,-104.8,28.63,11.3,75.0,12.0
1000.0,45.0,16.1,-104.9,28.61,11.100000000000001,75.0,12.0
1001.0,43.0,16.0,-105.0,28.6,11.0,75.0,12.0
1002.0,40.0,15.9,-105.1,28.59,10.9,75.0,12.0
1005.0,33.0,15.6,-105.8,28.56,10.6,75.0,12.0
1006.0,30.0,15.5,-106.0,28.55,10.5,75.0,12.0
1006.0,28.0,15.4,-106.2,28.54,10.4,75.0,12.0
1006.0,25.0,15.3,-106.3,28.53,10.3,75.0,12.0
1008.0,25.0,15.5,-106.1,28.55,10.5,75.0,12.0
1008.0,25.0,15.5,-106.0,28.55,10.5,75.0,12.0
1009.0,25.0,15.6,-105.8,28.56,10.6,75.0,12.0
1009.0,25.0,15.6,-105.7,28.56,10.6,75.0,12.0
1009.0,20.0,15.9,-104.7,28.59,10.9,75.0,12.0
1009.0,20.0,15.9,-104.5,28.59,10.9,75.0,12.0
1009.0,20.0,15.9,-104.3,28.59,10.9,75.0,12.0
1009.0,20.0,16.0,-104.1,28.6,11.0,75.0,12.0
1009.0,20.0,16.3,-103.8,28.63,11.3,75.0,12.0
1009.0,20.0,16.4,-103.7,28.64,11.399999999999999,75.0,12.0
1009.0,20.0,16.5,-103.7,28.65,11.5,75.0,12.0
1009.0,20.0,16.6,-103.6,28.66,11.600000000000001,75.0,12.0
1007.0,25.0,13.9,-97.2,28.89,23.9,75.0,12.0
1001.0,40.0,14.9,-97.5,28.99,24.9,75.0,12.0
998.0,45.0,15.0,-97.3,28.5,10.0,75.0,12.0
997.0,50.0,15.4,-97.4,28.54,10.4,75.0,12.0
996.0,55.0,15.7,-97.6,28.57,10.7,75.0,12.0
1003.0,28.0,16.6,-98.9,28.66,11.600000000000001,75.0,12.0
1005.0,25.0,16.7,-99.3,28.67,11.7,75.0,12.0
1007.0,25.0,16.6,-99.6,28.66,11.600000000000001,75.0,12.0
1008.0,25.0,16.6,-99.9,28.66,11.600000000000001,75.0,12.0
1008.0,25.0,15.9,-101.5,28.59,10.9,75.0,12.0
1008.0,25.0,15.7,-101.8,28.57,10.7,75.0,12.0
1006.0,35.0,15.1,-117.5,28.51,10.1,75.0,12.0
1006.0,35.0,15.5,-117.9,28.55,10.5,75.0,12.0
1006.0,33.0,15.8,-118.3,28.58,10.8,75.0,12.0
1006.0,30.0,16.0,-118.6,28.6,11.0,75.0,12.0
1007.0,25.0,17.1,-120.7,28.71,12.100000000000001,75.0,12.0
1007.0,25.0,17.3,-121.1,28.73,12.3,75.0,12.0
1007.0,25.0,17.5,-121.6,28.75,12.5,75.0,12.0
1007.0,25.0,17.6,-122.0,28.76,12.600000000000001,75.0,12.0
1010.0,20.0,18.4,-124.8,28.84,13.399999999999999,75.0,12.0
1010.0,20.0,18.6,-125.5,28.86,13.600000000000001,75.0,12.0
1005.0,28.0,14.4,-106.9,28.94,24.4,75.0,12.0
1005.0,30.0,14.6,-107.5,28.96,24.6,75.0,12.0
1005.0,30.0,14.6,-108.1,28.96,24.6,75.0,12.0
1005.0,30.0,14.6,-108.7,28.96,24.6,75.0,12.0
1000.0,43.0,14.8,-110.8,28.98,24.8,75.0,12.0
999.0,45.0,14.9,-111.2,28.99,24.9,75.0,12.0
997.0,50.0,15.1,-111.7,28.51,10.1,75.0,12.0
994.0,55.0,15.3,-112.1,28.53,10.3,75.0,12.0
994.0,55.0,17.6,-114.9,28.76,12.600000000000001,75.0,12.0
994.0,55.0,18.0,-115.6,28.8,13.0,75.0,12.0
996.0,53.0,18.4,-116.3,28.84,13.399999999999999,75.0,12.0
997.0,50.0,18.9,-117.1,28.89,13.899999999999999,75.0,12.0
1004.0,33.0,19.9,-120.5,28.99,14.899999999999999,75.0,12.0
1005.0,30.0,20.0,-121.2,28.5,15.0,75.0,12.0
1006.0,28.0,20.0,-121.8,28.5,15.0,75.0,12.0
1006.0,25.0,20.0,-122.5,28.5,15.0,75.0,12.0
1008.0,23.0,19.4,-125.7,28.94,14.399999999999999,75.0,12.0
1008.0,20.0,19.2,-126.2,28.92,14.2,75.0,12.0
1008.0,20.0,19.0,-126.6,28.9,14.0,75.0,12.0
1008.0,20.0,18.9,-126.9,28.89,13.899999999999999,75.0,12.0
1009.0,20.0,18.6,-129.3,28.86,13.600000000000001,75.0,12.0
1009.0,20.0,18.6,-129.8,28.86,13.600000000000001,75.0,12.0
1009.0,20.0,18.6,-130.2,28.86,13.600000000000001,75.0,12.0
1009.0,20.0,18.6,-130.6,28.86,13.600000000000001,75.0,12.0
1009.0,25.0,14.0,-105.3,28.9,24.0,75.0,12.0
1009.0,28.0,14.2,-106.2,28.92,24.2,75.0,12.0
1008.0,30.0,14.3,-107.0,28.93,24.3,75.0,12.0
1001.0,43.0,15.1,-110.8,28.51,10.1,75.0,12.0
1002.0,40.0,15.2,-111.6,28.52,10.2,75.0,12.0
1002.0,40.0,15.3,-112.4,28.53,10.3,75.0,12.0
1002.0,40.0,15.3,-113.2,28.53,10.3,75.0,12.0
1004.0,38.0,15.5,-116.8,28.55,10.5,75.0,12.0
1005.0,35.0,15.5,-117.6,28.55,10.5,75.0,12.0
1006.0,35.0,15.4,-118.4,28.54,10.4,75.0,12.0
1006.0,35.0,15.4,-119.2,28.54,10.4,75.0,12.0
1009.0,30.0,15.2,-122.2,28.52,10.2,75.0,12.0
1009.0,30.0,15.2,-122.6,28.52,10.2,75.0,12.0
1009.0,30.0,15.3,-123.1,28.53,10.3,75.0,12.0
1009.0,30.0,15.4,-123.6,28.54,10.4,75.0,12.0
1009.0,30.0,15.9,-127.0,28.59,10.9,75.0,12.0
1009.0,30.0,15.9,-127.7,28.59,10.9,75.0,12.0
1009.0,30.0,16.0,-128.4,28.6,11.0,75.0,12.0
1009.0,30.0,16.1,-129.1,28.61,11.100000000000001,75.0,12.0
1010.0,28.0,16.3,-129.7,28.63,11.3,75.0,12.0
1010.0,25.0,16.9,-132.1,28.69,11.899999999999999,75.0,12.0
1010.0,25.0,17.1,-132.8,28.71,12.100000000000001,75.0,12.0
1010.0,25.0,17.3,-133.7,28.73,12.3,75.0,12.0
1010.0,25.0,17.5,-134.5,28.75,12.5,75.0,12.0
1010.0,20.0,17.6,-138.3,28.76,12.600000000000001,75.0,12.0
1010.0,20.0,17.7,-139.0,28.77,12.7,75.0,12.0
1010.0,20.0,17.8,-139.8,28.78,12.8,75.0,12.0
1010.0,20.0,17.8,-140.5,28.78,12.8,75.0,12.0
1010.0,20.0,17.9,-141.4,28.79,12.899999999999999,75.0,12.0
1008.0,28.0,16.4,-116.3,28.64,11.399999999999999,75.0,12.0
1007.0,30.0,16.5,-116.6,28.65,11.5,75.0,12.0
1005.0,35.0,16.6,-116.9,28.66,11.600000000000001,75.0,12.0
1003.0,40.0,16.6,-117.2,28.66,11.600000000000001,75.0,12.0
999.0,48.0,15.6,-122.8,28.56,10.6,75.0,12.0
999.0,45.0,15.5,-123.4,28.55,10.5,75.0,12.0
1000.0,45.0,15.4,-124.0,28.54,10.4,75.0,12.0
1000.0,45.0,15.4,-124.6,28.54,10.4,75.0,12.0
1003.0,38.0,15.5,-127.5,28.55,10.5,75.0,12.0
1004.0,35.0,15.5,-128.0,28.55,10.5,75.0,12.0
1005.0,35.0,15.6,-128.7,28.56,10.6,75.0,12.0
1005.0,35.0,15.6,-129.3,28.56,10.6,75.0,12.0
1007.0,30.0,16.1,-132.8,28.61,11.100000000000001,75.0,12.0
1007.0,30.0,16.2,-133.5,28.62,11.2,75.0,12.0
1007.0,30.0,16.3,-134.3,28.63,11.3,75.0,12.0
1007.0,30.0,16.3,-135.0,28.63,11.3,75.0,12.0
1007.0,30.0,16.3,-135.8,28.63,11.3,75.0,12.0
1008.0,28.0,16.3,-139.0,28.63,11.3,75.0,12.0
1008.0,25.0,16.3,-139.8,28.63,11.3,75.0,12.0
1009.0,25.0,16.2,-140.7,28.62,11.2,75.0,12.0
1009.0,25.0,16.1,-141.5,28.61,11.100000000000001,75.0,12.0
1006.0,30.0,13.9,-113.0,28.89,23.9,75.0,12.0
1005.0,30.0,14.1,-113.6,28.91,24.1,75.0,12.0
1005.0,33.0,14.3,-114.2,28.93,24.3,75.0,12.0
1005.0,35.0,14.5,-114.8,28.95,24.5,75.0,12.0
1005.0,35.0,15.8,-117.3,28.58,10.8,75.0,12.0
1006.0,33.0,18.3,-122.3,28.83,13.3,75.0,12.0
1006.0,30.0,18.6,-123.2,28.86,13.600000000000001,75.0,12.0
1007.0,30.0,18.5,-124.0,28.85,13.5,75.0,12.0
1007.0,30.0,18.4,-124.7,28.84,13.399999999999999,75.0,12.0
1009.0,28.0,18.4,-127.8,28.84,13.399999999999999,75.0,12.0
1009.0,25.0,18.4,-128.4,28.84,13.399999999999999,75.0,12.0
1009.0,25.0,18.4,-128.9,28.84,13.399999999999999,75.0,12.0
1009.0,25.0,18.4,-129.3,28.84,13.399999999999999,75.0,12.0
1008.0,30.0,20.6,-107.2,28.56,15.600000000000001,75.0,12.0
1007.0,30.0,20.7,-107.3,28.57,15.7,75.0,12.0
1006.0,33.0,20.9,-107.4,28.59,15.899999999999999,75.0,12.0
1005.0,35.0,21.0,-107.5,28.6,16.0,75.0,12.0
996.0,50.0,21.6,-108.4,28.66,16.6,75.0,12.0
992.0,55.0,21.8,-108.6,28.68,16.8,75.0,12.0
991.0,58.0,22.0,-108.7,28.7,17.0,75.0,12.0
989.0,60.0,22.2,-108.7,28.72,17.2,75.0,12.0
983.0,73.0,24.1,-109.9,28.91,19.1,75.0,12.0
985.0,70.0,24.2,-110.1,28.92,19.2,75.0,12.0
987.0,68.0,24.3,-110.3,28.93,19.3,75.0,12.0
989.0,65.0,24.4,-110.4,28.94,19.4,75.0,12.0
1008.0,23.0,26.6,-112.8,28.66,21.6,75.0,12.0
1008.0,20.0,26.9,-113.0,28.69,21.9,75.0,12.0
1004.0,38.0,14.6,-131.3,28.96,24.6,75.0,12.0
1002.0,40.0,14.8,-131.9,28.98,24.8,75.0,12.0
1000.0,45.0,15.1,-132.4,28.51,10.1,75.0,12.0
997.0,50.0,15.4,-133.0,28.54,10.4,75.0,12.0
996.0,53.0,15.8,-133.6,28.58,10.8,75.0,12.0
984.0,70.0,16.8,-136.2,28.68,11.8,75.0,12.0
981.0,75.0,16.9,-136.9,28.69,11.899999999999999,75.0,12.0
977.0,80.0,17.0,-137.6,28.7,12.0,75.0,12.0
973.0,85.0,17.2,-138.3,28.72,12.2,75.0,12.0
973.0,85.0,17.3,-139.1,28.73,12.3,75.0,12.0
971.0,88.0,17.3,-142.1,28.73,12.3,75.0,12.0
970.0,90.0,17.3,-142.9,28.73,12.3,75.0,12.0
973.0,90.0,17.5,-143.7,28.75,12.5,75.0,12.0
976.0,90.0,17.6,-144.4,28.76,12.600000000000001,75.0,12.0
978.0,90.0,17.7,-145.3,28.77,12.7,75.0,12.0
991.0,75.0,18.2,-149.6,28.82,13.2,75.0,12.0
996.0,70.0,18.1,-150.4,28.81,13.100000000000001,75.0,12.0
1000.0,65.0,18.1,-151.3,28.81,13.100000000000001,75.0,12.0
1000.0,60.0,18.0,-152.2,28.8,13.0,75.0,12.0
1002.0,40.0,17.0,-156.1,28.7,12.0,75.0,12.0
1004.0,38.0,16.8,-156.8,28.68,11.8,75.0,12.0
1005.0,35.0,16.5,-157.6,28.65,11.5,75.0,12.0
1005.0,35.0,16.3,-158.3,28.63,11.3,75.0,12.0
1005.0,35.0,15.3,-161.9,28.53,10.3,75.0,12.0
1007.0,33.0,15.2,-162.7,28.52,10.2,75.0,12.0
1009.0,30.0,15.1,-163.4,28.51,10.1,75.0,12.0
1009.0,30.0,15.0,-164.2,28.5,10.0,75.0,12.0
1009.0,25.0,14.7,-169.1,28.97,24.7,75.0,12.0
1009.0,25.0,14.7,-170.0,28.97,24.7,75.0,12.0
1009.0,28.0,14.7,-170.9,28.97,24.7,75.0,12.0
1010.0,30.0,14.2,-175.5,28.92,24.2,75.0,12.0
1010.0,30.0,13.9,-176.4,28.89,23.9,75.0,12.0
1009.0,30.0,13.7,-177.4,28.87,23.7,75.0,12.0
1009.0,30.0,13.6,-178.4,28.86,23.6,75.0,12.0
1009.0,30.0,13.6,-179.4,28.86,23.6,75.0,12.0
1009.0,25.0,13.2,-177.4,28.82,23.2,75.0,12.0
1001.0,30.0,19.1,-111.8,28.91,14.100000000000001,75.0,12.0
1001.0,30.0,19.3,-112.0,28.93,14.3,75.0,12.0
1001.0,30.0,19.4,-112.3,28.94,14.399999999999999,75.0,12.0
1001.0,30.0,19.5,-112.5,28.95,14.5,75.0,12.0
1000.0,35.0,21.2,-114.6,28.62,16.2,75.0,12.0
1001.0,33.0,21.5,-115.0,28.65,16.5,75.0,12.0
1002.0,30.0,21.9,-115.4,28.69,16.9,75.0,12.0
1005.0,30.0,23.1,-117.5,28.81,18.1,75.0,12.0
1005.0,30.0,23.1,-117.9,28.81,18.1,75.0,12.0
1006.0,30.0,23.4,-118.2,28.84,18.4,75.0,12.0
1006.0,30.0,23.6,-118.5,28.86,18.6,75.0,12.0
1009.0,25.0,24.1,-119.7,28.91,19.1,75.0,12.0
1009.0,25.0,24.3,-119.8,28.93,19.3,75.0,12.0
1009.0,25.0,24.5,-119.9,28.95,19.5,75.0,12.0
1009.0,25.0,24.6,-120.0,28.96,19.6,75.0,12.0
1010.0,20.0,25.5,-120.2,28.55,20.5,75.0,12.0
1010.0,20.0,25.7,-120.0,28.57,20.7,75.0,12.0
1011.0,20.0,25.9,-119.8,28.59,20.9,75.0,12.0
1011.0,20.0,26.0,-119.5,28.6,21.0,75.0,12.0
1011.0,20.0,25.1,-118.3,28.51,20.1,75.0,12.0
1011.0,20.0,24.8,-118.2,28.98,19.8,75.0,12.0
1012.0,18.0,24.6,-118.1,28.96,19.6,75.0,12.0
1012.0,15.0,24.3,-118.0,28.93,19.3,75.0,12.0
1013.0,15.0,23.4,-117.6,28.84,18.4,75.0,12.0
1013.0,15.0,23.3,-117.4,28.83,18.3,75.0,12.0
1013.0,15.0,23.3,-117.2,28.83,18.3,75.0,12.0
1013.0,15.0,23.2,-117.0,28.82,18.2,75.0,12.0
1007.0,25.0,14.7,-108.2,28.97,24.7,75.0,12.0
1006.0,28.0,14.9,-108.4,28.99,24.9,75.0,12.0
1005.0,30.0,15.2,-108.6,28.52,10.2,75.0,12.0
1003.0,38.0,16.8,-109.9,28.68,11.8,75.0,12.0
1001.0,40.0,17.1,-110.3,28.71,12.100000000000001,75.0,12.0
1001.0,43.0,17.4,-110.7,28.74,12.399999999999999,75.0,12.0
1000.0,45.0,17.7,-111.0,28.77,12.7,75.0,12.0
987.0,65.0,19.4,-112.8,28.94,14.399999999999999,75.0,12.0
987.0,65.0,19.7,-113.2,28.97,14.7,75.0,12.0
989.0,63.0,19.9,-113.6,28.99,14.899999999999999,75.0,12.0
990.0,60.0,20.1,-114.0,28.51,15.100000000000001,75.0,12.0
1001.0,43.0,20.7,-115.6,28.57,15.7,75.0,12.0
1002.0,40.0,20.7,-115.9,28.57,15.7,75.0,12.0
1003.0,38.0,20.6,-116.2,28.56,15.600000000000001,75.0,12.0
1004.0,35.0,20.5,-116.4,28.55,15.5,75.0,12.0
1007.0,28.0,20.3,-116.9,28.53,15.3,75.0,12.0
1007.0,25.0,20.2,-117.0,28.52,15.2,75.0,12.0
1007.0,25.0,20.1,-117.1,28.51,15.100000000000001,75.0,12.0
1007.0,25.0,20.0,-117.2,28.5,15.0,75.0,12.0
1007.0,25.0,19.0,-117.7,28.9,14.0,75.0,12.0
1007.0,25.0,18.9,-117.8,28.89,13.899999999999999,75.0,12.0
1007.0,25.0,18.8,-117.9,28.88,13.8,75.0,12.0
1007.0,25.0,18.7,-118.1,28.87,13.7,75.0,12.0
1007.0,25.0,18.4,-119.1,28.84,13.399999999999999,75.0,12.0
1007.0,25.0,18.4,-119.3,28.84,13.399999999999999,75.0,12.0
1007.0,25.0,18.3,-119.5,28.83,13.3,75.0,12.0
1007.0,25.0,18.2,-119.7,28.82,13.2,75.0,12.0
1006.0,25.0,17.7,-120.2,28.77,12.7,75.0,12.0
1006.0,25.0,17.6,-120.2,28.76,12.600000000000001,75.0,12.0
1007.0,25.0,17.5,-120.2,28.75,12.5,75.0,12.0
1007.0,25.0,17.3,-120.2,28.73,12.3,75.0,12.0
1009.0,20.0,16.7,-120.5,28.67,11.7,75.0,12.0
1009.0,20.0,16.6,-120.5,28.66,11.600000000000001,75.0,12.0
1009.0,20.0,16.5,-120.6,28.65,11.5,75.0,12.0
1009.0,20.0,16.4,-120.7,28.64,11.399999999999999,75.0,12.0
1009.0,20.0,15.9,-120.8,28.59,10.9,75.0,12.0
1009.0,20.0,15.7,-120.8,28.57,10.7,75.0,12.0
1009.0,20.0,15.6,-120.7,28.56,10.6,75.0,12.0
1009.0,20.0,15.5,-120.6,28.55,10.5,75.0,12.0
1004.0,25.0,16.5,-105.7,28.65,11.5,75.0,12.0
1003.0,28.0,16.6,-106.0,28.66,11.600000000000001,75.0,12.0
1002.0,30.0,16.8,-106.3,28.68,11.8,75.0,12.0
999.0,38.0,17.2,-107.2,28.72,12.2,75.0,12.0
998.0,40.0,17.3,-107.2,28.73,12.3,75.0,12.0
998.0,40.0,17.4,-107.3,28.74,12.399999999999999,75.0,12.0
998.0,40.0,17.5,-107.3,28.75,12.5,75.0,12.0
996.0,50.0,18.1,-108.1,28.81,13.100000000000001,75.0,12.0
994.0,55.0,18.3,-108.3,28.83,13.3,75.0,12.0
991.0,60.0,18.5,-108.4,28.85,13.5,75.0,12.0
987.0,65.0,18.6,-108.6,28.86,13.600000000000001,75.0,12.0
987.0,65.0,19.7,-109.3,28.97,14.7,75.0,12.0
987.0,65.0,20.1,-109.4,28.51,15.100000000000001,75.0,12.0
984.0,70.0,20.6,-109.5,28.56,15.600000000000001,75.0,12.0
980.0,75.0,21.0,-109.5,28.6,16.0,75.0,12.0
976.0,75.0,24.5,-110.3,28.95,19.5,75.0,12.0
980.0,70.0,25.4,-110.8,28.54,20.4,75.0,12.0
983.0,65.0,26.2,-111.3,28.62,21.2,75.0,12.0
985.0,60.0,27.0,-111.8,28.7,22.0,75.0,12.0
1001.0,33.0,29.6,-113.3,28.96,24.6,75.0,12.0
1002.0,30.0,29.9,-113.5,28.99,24.9,75.0,12.0
1003.0,30.0,30.2,-113.6,28.52,10.2,75.0,12.0
1003.0,30.0,30.5,-113.7,28.55,10.5,75.0,12.0
1007.0,23.0,31.3,-113.4,28.63,11.3,75.0,12.0
1007.0,20.0,31.5,-113.6,28.65,11.5,75.0,12.0
1007.0,20.0,31.5,-113.8,28.65,11.5,75.0,12.0
1007.0,20.0,31.5,-114.1,28.65,11.5,75.0,12.0
1011.0,20.0,30.4,-114.4,28.54,10.399999999999999,75.0,12.0
1012.0,20.0,30.2,-114.5,28.52,10.2,75.0,12.0
1012.0,20.0,30.0,-114.6,28.5,10.0,75.0,12.0
1012.0,20.0,29.9,-114.7,28.99,24.9,75.0,12.0
1007.0,25.0,15.7,-108.1,28.57,10.7,75.0,12.0
1006.0,28.0,15.7,-108.3,28.57,10.7,75.0,12.0
1005.0,30.0,15.7,-108.4,28.57,10.7,75.0,12.0
1004.0,38.0,15.4,-109.0,28.54,10.4,75.0,12.0
1002.0,40.0,15.3,-109.0,28.53,10.3,75.0,12.0
1000.0,45.0,15.2,-109.1,28.52,10.2,75.0,12.0
997.0,50.0,15.1,-109.1,28.51,10.1,75.0,12.0
993.0,58.0,15.7,-109.5,28.57,10.7,75.0,12.0
992.0,60.0,16.0,-109.7,28.6,11.0,75.0,12.0
990.0,63.0,16.1,-110.0,28.61,11.100000000000001,75.0,12.0
987.0,65.0,16.2,-110.3,28.62,11.2,75.0,12.0
970.0,90.0,17.1,-111.8,28.71,12.100000000000001,75.0,12.0
970.0,90.0,17.4,-112.0,28.74,12.399999999999999,75.0,12.0
970.0,90.0,17.7,-112.3,28.77,12.7,75.0,12.0
970.0,90.0,18.0,-112.6,28.8,13.0,75.0,12.0
975.0,83.0,19.1,-113.5,28.91,14.100000000000001,75.0,12.0
976.0,80.0,19.3,-113.6,28.93,14.3,75.0,12.0
976.0,80.0,19.5,-113.7,28.95,14.5,75.0,12.0
976.0,80.0,19.7,-113.8,28.97,14.7,75.0,12.0
999.0,45.0,20.1,-113.9,28.51,15.100000000000001,75.0,12.0
1000.0,40.0,20.1,-113.9,28.51,15.100000000000001,75.0,12.0
1001.0,38.0,20.2,-113.8,28.52,15.2,75.0,12.0
1001.0,35.0,20.3,-113.6,28.53,15.3,75.0,12.0
1002.0,30.0,20.1,-112.1,28.51,15.100000000000001,75.0,12.0
1002.0,30.0,20.1,-111.6,28.51,15.100000000000001,75.0,12.0
1002.0,30.0,20.2,-111.0,28.52,15.2,75.0,12.0
1002.0,30.0,20.3,-110.4,28.53,15.3,75.0,12.0
1004.0,25.0,21.6,-107.6,28.66,16.6,75.0,12.0
1004.0,25.0,22.3,-107.2,28.73,17.3,75.0,12.0
1004.0,25.0,22.7,-107.1,28.77,17.7,75.0,12.0
1003.0,25.0,23.1,-106.9,28.81,18.1,75.0,12.0
1001.0,45.0,12.3,-99.2,28.73,22.3,75.0,12.0
1000.0,50.0,12.4,-99.5,28.74,22.4,75.0,12.0
1000.0,48.0,12.8,-99.8,28.78,22.8,75.0,12.0
1000.0,45.0,13.1,-100.0,28.81,23.1,75.0,12.0
996.0,53.0,14.8,-101.7,28.98,24.8,75.0,12.0
994.0,55.0,15.0,-102.1,28.5,10.0,75.0,12.0
994.0,55.0,15.3,-102.5,28.53,10.3,75.0,12.0
994.0,55.0,15.5,-102.9,28.55,10.5,75.0,12.0
989.0,60.0,16.8,-104.5,28.68,11.8,75.0,12.0
990.0,55.0,17.1,-104.8,28.71,12.100000000000001,75.0,12.0
993.0,53.0,17.3,-104.9,28.73,12.3,75.0,12.0
995.0,50.0,17.4,-105.0,28.74,12.399999999999999,75.0,12.0
999.0,38.0,17.6,-104.5,28.76,12.600000000000001,75.0,12.0
998.0,40.0,17.9,-104.4,28.79,12.899999999999999,75.0,12.0
998.0,43.0,18.1,-104.5,28.81,13.100000000000001,75.0,12.0
997.0,45.0,18.4,-104.5,28.84,13.399999999999999,75.0,12.0
1001.0,35.0,20.0,-104.6,28.5,15.0,75.0,12.0
1002.0,30.0,20.3,-104.5,28.53,15.3,75.0,12.0
1003.0,28.0,20.6,-104.2,28.56,15.600000000000001,75.0,12.0
1004.0,25.0,20.8,-103.8,28.58,15.8,75.0,12.0
1005.0,33.0,10.2,-100.8,28.52,20.2,75.0,12.0
1002.0,35.0,10.3,-101.2,28.53,20.3,75.0,12.0
1001.0,40.0,10.4,-101.6,28.54,20.4,75.0,12.0
1000.0,45.0,10.6,-101.9,28.56,20.6,75.0,12.0
987.0,65.0,11.4,-103.8,28.64,21.4,75.0,12.0
987.0,65.0,11.6,-104.2,28.66,21.6,75.0,12.0
986.0,68.0,11.6,-104.6,28.66,21.6,75.0,12.0
984.0,70.0,11.7,-105.0,28.67,21.7,75.0,12.0
992.0,58.0,12.1,-107.3,28.71,22.1,75.0,12.0
994.0,55.0,12.2,-107.8,28.72,22.2,75.0,12.0
997.0,50.0,12.3,-108.2,28.73,22.3,75.0,12.0
1000.0,45.0,12.4,-108.6,28.74,22.4,75.0,12.0
1004.0,38.0,13.3,-111.2,28.83,23.3,75.0,12.0
1005.0,35.0,13.3,-111.7,28.83,23.3,75.0,12.0
1005.0,35.0,13.4,-112.0,28.84,23.4,75.0,12.0
1005.0,35.0,13.6,-112.3,28.86,23.6,75.0,12.0
1002.0,40.0,14.1,-113.1,28.91,24.1,75.0,12.0
1002.0,40.0,14.3,-113.2,28.93,24.3,75.0,12.0
1004.0,38.0,14.4,-113.3,28.94,24.4,75.0,12.0
1005.0,35.0,14.6,-113.5,28.96,24.6,75.0,12.0
1008.0,30.0,15.4,-114.3,28.54,10.4,75.0,12.0
1008.0,30.0,15.5,-114.4,28.55,10.5,75.0,12.0
1008.0,28.0,15.6,-114.6,28.56,10.6,75.0,12.0
1008.0,25.0,15.7,-114.7,28.57,10.7,75.0,12.0
1006.0,25.0,14.7,-107.6,28.97,24.7,75.0,12.0
1002.0,40.0,16.3,-109.3,28.63,11.3,75.0,12.0
1000.0,45.0,16.6,-109.6,28.66,11.600000000000001,75.0,12.0
998.0,48.0,16.9,-109.8,28.69,11.899999999999999,75.0,12.0
997.0,50.0,17.1,-109.9,28.71,12.100000000000001,75.0,12.0
1002.0,38.0,18.0,-110.4,28.8,13.0,75.0,12.0
1002.0,35.0,18.2,-110.5,28.82,13.2,75.0,12.0
1002.0,32.0,18.4,-110.6,28.84,13.399999999999999,75.0,12.0
1003.0,30.0,18.5,-110.7,28.85,13.5,75.0,12.0
1007.0,25.0,18.9,-111.0,28.89,13.899999999999999,75.0,12.0
1008.0,25.0,18.8,-111.0,28.88,13.8,75.0,12.0
1008.0,25.0,18.8,-110.8,28.88,13.8,75.0,12.0
1008.0,25.0,18.8,-110.7,28.88,13.8,75.0,12.0
1010.0,18.0,18.4,-110.0,28.84,13.399999999999999,75.0,12.0
1010.0,15.0,18.4,-110.1,28.84,13.399999999999999,75.0,12.0
1010.0,15.0,18.5,-110.2,28.85,13.5,75.0,12.0
1010.0,15.0,18.7,-110.4,28.87,13.7,75.0,12.0
1008.0,25.0,16.4,-119.6,28.64,11.399999999999999,75.0,12.0
1008.0,25.0,16.6,-119.9,28.66,11.600000000000001,75.0,12.0
1008.0,28.0,16.9,-120.3,28.69,11.899999999999999,75.0,12.0
1007.0,30.0,17.1,-120.8,28.71,12.100000000000001,75.0,12.0
1007.0,30.0,17.5,-122.5,28.75,12.5,75.0,12.0
1008.0,28.0,17.6,-123.6,28.76,12.600000000000001,75.0,12.0
1008.0,25.0,17.6,-124.1,28.76,12.600000000000001,75.0,12.0
1008.0,23.0,17.6,-124.6,28.76,12.600000000000001,75.0,12.0
1008.0,20.0,17.5,-125.0,28.75,12.5,75.0,12.0
1009.0,20.0,16.8,-126.7,28.68,11.8,75.0,12.0
1009.0,20.0,16.5,-127.2,28.65,11.5,75.0,12.0
1009.0,20.0,16.2,-127.8,28.62,11.2,75.0,12.0
1009.0,20.0,15.9,-128.3,28.59,10.9,75.0,12.0
1009.0,20.0,15.6,-128.8,28.56,10.6,75.0,12.0
1009.0,20.0,15.2,-129.3,28.52,10.2,75.0,12.0
1006.0,30.0,14.6,-105.5,28.96,24.6,75.0,12.0
1004.0,33.0,15.1,-106.2,28.51,10.1,75.0,12.0
1002.0,35.0,15.5,-106.8,28.55,10.5,75.0,12.0
1000.0,40.0,15.9,-107.4,28.59,10.9,75.0,12.0
997.0,45.0,16.4,-108.0,28.64,11.399999999999999,75.0,12.0
993.0,53.0,17.9,-110.1,28.79,12.899999999999999,75.0,12.0
991.0,55.0,18.4,-110.8,28.84,13.399999999999999,75.0,12.0
993.0,53.0,19.0,-111.5,28.9,14.0,75.0,12.0
994.0,50.0,19.6,-112.2,28.96,14.600000000000001,75.0,12.0
996.0,48.0,20.1,-113.0,28.51,15.100000000000001,75.0,12.0
997.0,45.0,20.7,-113.7,28.57,15.7,75.0,12.0
1001.0,38.0,21.8,-115.8,28.68,16.8,75.0,12.0
1002.0,35.0,22.1,-116.6,28.71,17.1,75.0,12.0
1003.0,33.0,22.3,-117.3,28.73,17.3,75.0,12.0
1004.0,30.0,22.5,-117.9,28.75,17.5,75.0,12.0
1005.0,30.0,22.7,-118.6,28.77,17.7,75.0,12.0
1005.0,30.0,22.9,-119.2,28.79,17.9,75.0,12.0
1007.0,28.0,23.3,-120.9,28.83,18.3,75.0,12.0
1007.0,25.0,23.4,-121.4,28.84,18.4,75.0,12.0
1008.0,25.0,23.5,-121.8,28.85,18.5,75.0,12.0
1008.0,25.0,23.6,-122.3,28.86,18.6,75.0,12.0
1008.0,25.0,23.7,-122.8,28.87,18.7,75.0,12.0
1008.0,25.0,23.8,-123.3,28.88,18.8,75.0,12.0
1008.0,23.0,24.1,-125.0,28.91,19.1,75.0,12.0
1008.0,20.0,24.1,-125.5,28.91,19.1,75.0,12.0
1008.0,20.0,24.1,-125.9,28.91,19.1,75.0,12.0
1008.0,20.0,24.2,-126.3,28.92,19.2,75.0,12.0
1009.0,20.0,24.3,-126.7,28.93,19.3,75.0,12.0
1009.0,20.0,24.4,-127.0,28.94,19.4,75.0,12.0
1009.0,20.0,25.0,-127.7,28.5,20.0,75.0,12.0
1009.0,20.0,25.2,-127.8,28.52,20.2,75.0,12.0
1010.0,18.0,25.4,-127.9,28.54,20.4,75.0,12.0
1010.0,15.0,25.6,-128.1,28.56,20.6,75.0,12.0
1010.0,15.0,25.8,-128.2,28.58,20.8,75.0,12.0
1010.0,15.0,26.0,-128.3,28.6,21.0,75.0,12.0
1011.0,15.0,26.2,-128.4,28.62,21.2,75.0,12.0
1012.0,15.0,26.5,-128.3,28.65,21.5,75.0,12.0
1012.0,15.0,26.7,-128.2,28.67,21.7,75.0,12.0
1013.0,15.0,26.8,-128.1,28.68,21.8,75.0,12.0
1013.0,15.0,26.9,-127.9,28.69,21.9,75.0,12.0
1014.0,15.0,26.9,-127.8,28.69,21.9,75.0,12.0
1014.0,15.0,26.9,-127.6,28.69,21.9,75.0,12.0
1015.0,15.0,26.9,-127.4,28.69,21.9,75.0,12.0
1008.0,30.0,14.4,-113.1,28.94,24.4,75.0,12.0
1007.0,33.0,14.6,-114.5,28.96,24.6,75.0,12.0
1005.0,35.0,14.7,-114.9,28.97,24.7,75.0,12.0
1003.0,40.0,14.8,-115.3,28.98,24.8,75.0,12.0
1000.0,45.0,14.9,-115.7,28.99,24.9,75.0,12.0
1000.0,45.0,14.9,-116.0,28.99,24.9,75.0,12.0
1000.0,45.0,15.0,-116.3,28.5,10.0,75.0,12.0
1000.0,45.0,15.3,-117.2,28.53,10.3,75.0,12.0
1000.0,45.0,15.3,-117.4,28.53,10.3,75.0,12.0
999.0,48.0,15.4,-117.7,28.54,10.4,75.0,12.0
997.0,50.0,15.5,-118.0,28.55,10.5,75.0,12.0
997.0,50.0,15.7,-118.3,28.57,10.7,75.0,12.0
997.0,50.0,15.9,-118.7,28.59,10.9,75.0,12.0
996.0,53.0,16.1,-119.6,28.61,11.100000000000001,75.0,12.0
994.0,55.0,16.1,-119.8,28.61,11.100000000000001,75.0,12.0
993.0,58.0,16.1,-120.2,28.61,11.100000000000001,75.0,12.0
991.0,60.0,16.2,-120.5,28.62,11.2,75.0,12.0
989.0,63.0,16.3,-120.8,28.63,11.3,75.0,12.0
987.0,65.0,16.3,-121.0,28.63,11.3,75.0,12.0
983.0,73.0,16.3,-121.8,28.63,11.3,75.0,12.0
984.0,70.0,16.3,-122.2,28.63,11.3,75.0,12.0
987.0,65.0,16.3,-122.6,28.63,11.3,75.0,12.0
990.0,60.0,16.3,-123.0,28.63,11.3,75.0,12.0
994.0,55.0,16.3,-123.5,28.63,11.3,75.0,12.0
997.0,50.0,16.3,-123.9,28.63,11.3,75.0,12.0
1003.0,38.0,16.1,-124.9,28.61,11.100000000000001,75.0,12.0
1004.0,35.0,16.1,-125.7,28.61,11.100000000000001,75.0,12.0
1004.0,35.0,16.1,-126.1,28.61,11.100000000000001,75.0,12.0
1004.0,35.0,16.3,-126.5,28.63,11.3,75.0,12.0
1004.0,35.0,16.4,-126.9,28.64,11.399999999999999,75.0,12.0
1005.0,33.0,16.9,-128.0,28.69,11.899999999999999,75.0,12.0
1005.0,30.0,17.1,-129.0,28.71,12.100000000000001,75.0,12.0
1005.0,30.0,17.3,-129.6,28.73,12.3,75.0,12.0
1006.0,30.0,17.5,-130.1,28.75,12.5,75.0,12.0
1006.0,30.0,17.6,-130.7,28.76,12.600000000000001,75.0,12.0
1006.0,30.0,17.8,-131.3,28.78,12.8,75.0,12.0
1006.0,30.0,18.1,-132.4,28.81,13.100000000000001,75.0,12.0
1006.0,30.0,18.4,-133.0,28.84,13.399999999999999,75.0,12.0
1007.0,28.0,18.5,-133.6,28.85,13.5,75.0,12.0
1007.0,25.0,18.7,-134.1,28.87,13.7,75.0,12.0
1008.0,25.0,18.9,-134.6,28.89,13.899999999999999,75.0,12.0
1009.0,25.0,19.1,-135.2,28.91,14.100000000000001,75.0,12.0
1010.0,25.0,19.1,-135.9,28.91,14.100000000000001,75.0,12.0
1008.0,25.0,12.2,-112.8,28.72,22.2,75.0,12.0
1008.0,28.0,12.3,-113.5,28.73,22.3,75.0,12.0
1007.0,30.0,12.3,-114.2,28.73,22.3,75.0,12.0
1005.0,33.0,12.4,-114.8,28.74,22.4,75.0,12.0
1003.0,35.0,12.5,-115.5,28.75,22.5,75.0,12.0
997.0,50.0,13.1,-117.4,28.81,23.1,75.0,12.0
993.0,55.0,13.2,-118.0,28.82,23.2,75.0,12.0
992.0,58.0,13.4,-118.6,28.84,23.4,75.0,12.0
990.0,60.0,13.6,-119.1,28.86,23.6,75.0,12.0
989.0,63.0,13.9,-119.8,28.89,23.9,75.0,12.0
987.0,65.0,14.1,-120.5,28.91,24.1,75.0,12.0
977.0,80.0,15.2,-122.8,28.52,10.2,75.0,12.0
974.0,85.0,15.5,-123.4,28.55,10.5,75.0,12.0
970.0,90.0,15.8,-124.0,28.58,10.8,75.0,12.0
964.0,95.0,16.3,-125.2,28.63,11.3,75.0,12.0
959.0,103.0,17.1,-126.7,28.71,12.100000000000001,75.0,12.0
960.0,100.0,17.4,-127.2,28.74,12.399999999999999,75.0,12.0
962.0,98.0,17.6,-127.7,28.76,12.600000000000001,75.0,12.0
964.0,95.0,17.8,-128.2,28.78,12.8,75.0,12.0
972.0,85.0,18.0,-128.7,28.8,13.0,75.0,12.0
980.0,75.0,18.1,-129.2,28.81,13.100000000000001,75.0,12.0
984.0,70.0,18.2,-129.8,28.82,13.2,75.0,12.0
996.0,50.0,18.5,-132.4,28.85,13.5,75.0,12.0
998.0,45.0,18.6,-133.2,28.86,13.600000000000001,75.0,12.0
999.0,43.0,18.6,-133.9,28.86,13.600000000000001,75.0,12.0
1000.0,40.0,18.7,-134.6,28.87,13.7,75.0,12.0
1001.0,38.0,18.8,-135.3,28.88,13.8,75.0,12.0
1006.0,28.0,18.9,-138.1,28.89,13.899999999999999,75.0,12.0
1007.0,25.0,18.9,-138.8,28.89,13.899999999999999,75.0,12.0
1007.0,25.0,18.9,-139.6,28.89,13.899999999999999,75.0,12.0
1007.0,25.0,19.0,-140.4,28.9,14.0,75.0,12.0
1007.0,25.0,19.1,-141.2,28.91,14.100000000000001,75.0,12.0
1008.0,25.0,12.0,-127.2,28.7,22.0,75.0,12.0
1008.0,25.0,12.0,-127.5,28.7,22.0,75.0,12.0
1008.0,25.0,12.0,-127.7,28.7,22.0,75.0,12.0
1008.0,25.0,12.0,-127.8,28.7,22.0,75.0,12.0
1008.0,30.0,11.8,-133.3,28.68,21.8,75.0,12.0
1008.0,30.0,12.0,-134.0,28.7,22.0,75.0,12.0
1008.0,30.0,12.4,-134.5,28.74,22.4,75.0,12.0
1007.0,30.0,12.9,-135.0,28.79,22.9,75.0,12.0
1007.0,33.0,13.3,-135.7,28.83,23.3,75.0,12.0
1003.0,40.0,13.9,-137.8,28.89,23.9,75.0,12.0
1000.0,45.0,14.0,-138.3,28.9,24.0,75.0,12.0
997.0,50.0,14.2,-138.8,28.92,24.2,75.0,12.0
994.0,55.0,14.3,-139.3,28.93,24.3,75.0,12.0
993.0,55.0,14.4,-139.7,28.94,24.4,75.0,12.0
990.0,60.0,15.2,-141.0,28.52,10.2,75.0,12.0
990.0,60.0,15.4,-141.2,28.54,10.4,75.0,12.0
993.0,58.0,15.6,-141.4,28.56,10.6,75.0,12.0
995.0,55.0,15.8,-141.6,28.58,10.8,75.0,12.0
996.0,53.0,15.9,-141.8,28.59,10.9,75.0,12.0
998.0,35.0,16.1,-142.6,28.61,11.100000000000001,75.0,12.0
998.0,35.0,16.2,-142.8,28.62,11.2,75.0,12.0
998.0,33.0,16.3,-143.1,28.63,11.3,75.0,12.0
998.0,30.0,16.4,-143.4,28.64,11.399999999999999,75.0,12.0
1000.0,30.0,16.4,-143.8,28.64,11.399999999999999,75.0,12.0
1008.0,30.0,16.2,-145.9,28.62,11.2,75.0,12.0
1009.0,28.0,16.1,-146.4,28.61,11.100000000000001,75.0,12.0
1010.0,25.0,16.0,-147.0,28.6,11.0,75.0,12.0
1011.0,25.0,15.9,-147.6,28.59,10.9,75.0,12.0
1012.0,20.0,15.0,-150.5,28.5,10.0,75.0,12.0
1012.0,20.0,14.8,-151.0,28.98,24.8,75.0,12.0
1012.0,20.0,14.5,-151.5,28.95,24.5,75.0,12.0
1012.0,20.0,14.4,-152.0,28.94,24.4,75.0,12.0
1012.0,20.0,14.0,-154.0,28.9,24.0,75.0,12.0
997.0,55.0,17.6,-111.7,28.76,12.600000000000001,75.0,12.0
990.0,65.0,18.0,-112.2,28.8,13.0,75.0,12.0
989.0,65.0,18.4,-112.6,28.84,13.399999999999999,75.0,12.0
987.0,65.0,18.8,-113.0,28.88,13.8,75.0,12.0
981.0,73.0,20.5,-114.7,28.55,15.5,75.0,12.0
983.0,70.0,20.8,-115.0,28.58,15.8,75.0,12.0
985.0,68.0,21.1,-115.3,28.61,16.1,75.0,12.0
987.0,65.0,21.3,-115.6,28.63,16.3,75.0,12.0
1001.0,43.0,21.9,-117.3,28.69,16.9,75.0,12.0
1002.0,40.0,22.0,-117.6,28.7,17.0,75.0,12.0
1004.0,35.0,22.1,-117.9,28.71,17.1,75.0,12.0
1006.0,30.0,22.1,-118.3,28.71,17.1,75.0,12.0
1007.0,25.0,22.6,-119.8,28.76,17.6,75.0,12.0
1007.0,25.0,22.5,-120.0,28.75,17.5,75.0,12.0
1007.0,25.0,22.4,-120.3,28.74,17.4,75.0,12.0
1007.0,25.0,22.3,-120.5,28.73,17.3,75.0,12.0
1008.0,25.0,17.3,-123.6,28.73,12.3,75.0,12.0
1007.0,28.0,17.6,-123.7,28.76,12.600000000000001,75.0,12.0
1006.0,30.0,17.8,-123.7,28.78,12.8,75.0,12.0
1005.0,30.0,18.5,-124.5,28.85,13.5,75.0,12.0
1005.0,30.0,18.6,-124.8,28.86,13.600000000000001,75.0,12.0
1005.0,30.0,18.8,-125.1,28.88,13.8,75.0,12.0
1005.0,30.0,18.9,-125.4,28.89,13.899999999999999,75.0,12.0
1008.0,25.0,19.5,-127.3,28.95,14.5,75.0,12.0
1009.0,25.0,19.7,-127.7,28.97,14.7,75.0,12.0
1009.0,25.0,19.8,-128.2,28.98,14.8,75.0,12.0
1009.0,25.0,19.9,-128.7,28.99,14.899999999999999,75.0,12.0
1009.0,25.0,19.9,-131.4,28.99,14.899999999999999,75.0,12.0
1009.0,25.0,19.9,-131.9,28.99,14.899999999999999,75.0,12.0
1009.0,23.0,19.9,-132.6,28.99,14.899999999999999,75.0,12.0
1009.0,20.0,19.8,-133.2,28.98,14.8,75.0,12.0
1009.0,20.0,19.8,-133.6,28.98,14.8,75.0,12.0
1010.0,20.0,19.3,-135.5,28.93,14.3,75.0,12.0
1010.0,20.0,19.0,-136.0,28.9,14.0,75.0,12.0
1010.0,20.0,18.8,-136.5,28.88,13.8,75.0,12.0
1010.0,20.0,18.5,-137.0,28.85,13.5,75.0,12.0
1010.0,20.0,18.3,-137.8,28.83,13.3,75.0,12.0
1006.0,33.0,15.1,-106.5,28.51,10.1,75.0,12.0
1005.0,35.0,15.6,-107.0,28.56,10.6,75.0,12.0
1004.0,38.0,16.1,-107.7,28.61,11.100000000000001,75.0,12.0
1002.0,40.0,16.5,-108.4,28.65,11.5,75.0,12.0
997.0,53.0,18.1,-112.1,28.81,13.100000000000001,75.0,12.0
998.0,50.0,18.3,-112.8,28.83,13.3,75.0,12.0
999.0,48.0,18.4,-113.5,28.84,13.399999999999999,75.0,12.0
1000.0,45.0,18.5,-114.2,28.85,13.5,75.0,12.0
999.0,48.0,18.8,-117.1,28.88,13.8,75.0,12.0
998.0,50.0,18.8,-117.5,28.88,13.8,75.0,12.0
998.0,50.0,18.9,-118.0,28.89,13.899999999999999,75.0,12.0
997.0,50.0,19.0,-118.5,28.9,14.0,75.0,12.0
1001.0,45.0,19.4,-120.8,28.94,14.399999999999999,75.0,12.0
1001.0,45.0,19.5,-121.3,28.95,14.5,75.0,12.0
1003.0,40.0,19.6,-121.8,28.96,14.600000000000001,75.0,12.0
1004.0,35.0,19.7,-122.4,28.97,14.7,75.0,12.0
1008.0,23.0,20.2,-125.0,28.52,15.2,75.0,12.0
1008.0,20.0,20.3,-125.6,28.53,15.3,75.0,12.0
1009.0,20.0,20.4,-126.3,28.54,15.399999999999999,75.0,12.0
1009.0,20.0,20.5,-127.0,28.55,15.5,75.0,12.0
1010.0,20.0,21.1,-130.8,28.61,16.1,75.0,12.0
1010.0,20.0,21.1,-131.5,28.61,16.1,75.0,12.0
1010.0,20.0,21.1,-132.3,28.61,16.1,75.0,12.0
1010.0,20.0,21.2,-133.0,28.62,16.2,75.0,12.0
1010.0,20.0,21.3,-133.5,28.63,16.3,75.0,12.0
1010.0,20.0,21.3,-135.5,28.63,16.3,75.0,12.0
1010.0,20.0,21.3,-136.0,28.63,16.3,75.0,12.0
1010.0,20.0,21.3,-136.6,28.63,16.3,75.0,12.0
1010.0,20.0,21.3,-137.2,28.63,16.3,75.0,12.0
1011.0,18.0,21.4,-137.9,28.64,16.4,75.0,12.0
1011.0,15.0,22.0,-140.9,28.7,17.0,75.0,12.0
1011.0,15.0,22.3,-141.7,28.73,17.3,75.0,12.0
1011.0,15.0,22.6,-142.4,28.76,17.6,75.0,12.0
1011.0,15.0,22.9,-143.1,28.79,17.9,75.0,12.0
1012.0,15.0,23.0,-143.8,28.8,18.0,75.0,12.0
1008.0,28.0,12.3,-103.4,28.73,22.3,75.0,12.0
1007.0,30.0,12.7,-103.7,28.77,22.7,75.0,12.0
1006.0,33.0,13.0,-104.2,28.8,23.0,75.0,12.0
1005.0,35.0,13.3,-104.6,28.83,23.3,75.0,12.0
999.0,48.0,14.4,-107.2,28.94,24.4,75.0,12.0
997.0,50.0,14.6,-107.7,28.96,24.6,75.0,12.0
996.0,53.0,14.8,-108.1,28.98,24.8,75.0,12.0
994.0,55.0,15.0,-108.5,28.5,10.0,75.0,12.0
982.0,73.0,16.3,-111.0,28.63,11.3,75.0,12.0
980.0,75.0,16.5,-111.4,28.65,11.5,75.0,12.0
978.0,78.0,16.6,-111.7,28.66,11.600000000000001,75.0,12.0
976.0,80.0,16.8,-112.0,28.68,11.8,75.0,12.0
943.0,120.0,18.1,-113.6,28.81,13.100000000000001,75.0,12.0
943.0,120.0,18.3,-113.9,28.83,13.3,75.0,12.0
946.0,118.0,18.6,-114.2,28.86,13.600000000000001,75.0,12.0
948.0,115.0,18.8,-114.5,28.88,13.8,75.0,12.0
973.0,85.0,20.4,-115.7,28.54,15.399999999999999,75.0,12.0
976.0,80.0,20.8,-115.9,28.58,15.8,75.0,12.0
980.0,75.0,21.2,-116.2,28.62,16.2,75.0,12.0
984.0,70.0,21.6,-116.5,28.66,16.6,75.0,12.0
993.0,55.0,23.5,-117.8,28.85,18.5,75.0,12.0
995.0,50.0,23.9,-118.0,28.89,18.9,75.0,12.0
997.0,45.0,24.1,-118.2,28.91,19.1,75.0,12.0
999.0,40.0,24.4,-118.3,28.94,19.4,75.0,12.0
1003.0,28.0,25.8,-118.8,28.58,20.8,75.0,12.0
1004.0,25.0,26.0,-118.8,28.6,21.0,75.0,12.0
1005.0,25.0,26.3,-118.9,28.63,21.3,75.0,12.0
1005.0,25.0,26.6,-119.0,28.66,21.6,75.0,12.0
1009.0,20.0,27.5,-119.8,28.75,22.5,75.0,12.0
1010.0,20.0,27.5,-120.1,28.75,22.5,75.0,12.0
1010.0,20.0,27.4,-120.4,28.74,22.4,75.0,12.0
1010.0,20.0,27.3,-120.8,28.73,22.3,75.0,12.0
1011.0,20.0,25.8,-121.8,28.58,20.8,75.0,12.0
1011.0,20.0,25.5,-122.0,28.55,20.5,75.0,12.0
1010.0,20.0,25.2,-122.2,28.52,20.2,75.0,12.0
1009.0,20.0,24.9,-122.4,28.99,19.9,75.0,12.0
1009.0,20.0,23.3,-123.7,28.83,18.3,75.0,12.0
1009.0,20.0,23.0,-124.0,28.8,18.0,75.0,12.0
1009.0,20.0,22.8,-124.3,28.78,17.8,75.0,12.0
1009.0,20.0,22.6,-124.5,28.76,17.6,75.0,12.0
1009.0,20.0,21.5,-126.2,28.65,16.5,75.0,12.0
1009.0,20.0,21.1,-126.5,28.61,16.1,75.0,12.0
1010.0,20.0,20.8,-126.8,28.58,15.8,75.0,12.0
1010.0,20.0,20.4,-127.1,28.54,15.399999999999999,75.0,12.0
1004.0,33.0,15.3,-110.6,28.53,10.3,75.0,12.0
1004.0,35.0,15.4,-110.8,28.54,10.4,75.0,12.0
1004.0,35.0,15.7,-111.1,28.57,10.7,75.0,12.0
1003.0,35.0,16.0,-111.3,28.6,11.0,75.0,12.0
1003.0,35.0,17.0,-112.8,28.7,12.0,75.0,12.0
1003.0,35.0,17.2,-113.3,28.72,12.2,75.0,12.0
1003.0,38.0,17.3,-113.7,28.73,12.3,75.0,12.0
1002.0,40.0,17.3,-114.1,28.73,12.3,75.0,12.0
1004.0,30.0,17.4,-116.2,28.74,12.399999999999999,75.0,12.0
1004.0,30.0,17.4,-116.6,28.74,12.399999999999999,75.0,12.0
1004.0,30.0,17.4,-117.2,28.74,12.399999999999999,75.0,12.0
1004.0,30.0,17.4,-117.7,28.74,12.399999999999999,75.0,12.0
1004.0,30.0,17.4,-120.1,28.74,12.399999999999999,75.0,12.0
1004.0,30.0,17.4,-120.5,28.74,12.399999999999999,75.0,12.0
1004.0,33.0,17.4,-120.9,28.74,12.399999999999999,75.0,12.0
1003.0,35.0,17.4,-121.3,28.74,12.399999999999999,75.0,12.0
1000.0,45.0,17.4,-123.6,28.74,12.399999999999999,75.0,12.0
1000.0,45.0,17.3,-124.0,28.73,12.3,75.0,12.0
1000.0,45.0,17.3,-124.5,28.73,12.3,75.0,12.0
1000.0,45.0,17.2,-125.0,28.72,12.2,75.0,12.0
1000.0,45.0,16.6,-127.5,28.66,11.600000000000001,75.0,12.0
1000.0,45.0,16.6,-128.0,28.66,11.600000000000001,75.0,12.0
1000.0,45.0,16.6,-128.4,28.66,11.600000000000001,75.0,12.0
1000.0,45.0,16.6,-128.9,28.66,11.600000000000001,75.0,12.0
1002.0,38.0,16.9,-130.2,28.69,11.899999999999999,75.0,12.0
1000.0,40.0,17.0,-130.4,28.7,12.0,75.0,12.0
999.0,45.0,17.1,-130.7,28.71,12.100000000000001,75.0,12.0
997.0,50.0,17.2,-130.9,28.72,12.2,75.0,12.0
989.0,63.0,18.0,-131.9,28.8,13.0,75.0,12.0
991.0,60.0,18.2,-132.0,28.82,13.2,75.0,12.0
993.0,58.0,18.3,-132.0,28.83,13.3,75.0,12.0
994.0,55.0,18.4,-132.0,28.84,13.399999999999999,75.0,12.0
1005.0,30.0,18.1,-132.3,28.81,13.100000000000001,75.0,12.0
1006.0,30.0,18.0,-132.3,28.8,13.0,75.0,12.0
1006.0,30.0,17.9,-132.4,28.79,12.899999999999999,75.0,12.0
1006.0,30.0,17.9,-132.5,28.79,12.899999999999999,75.0,12.0
1008.0,30.0,17.5,-133.2,28.75,12.5,75.0,12.0
1008.0,30.0,17.4,-133.3,28.74,12.399999999999999,75.0,12.0
1008.0,30.0,17.2,-133.6,28.72,12.2,75.0,12.0
1009.0,25.0,16.9,-134.1,28.69,11.899999999999999,75.0,12.0
1009.0,25.0,16.8,-134.2,28.68,11.8,75.0,12.0
1009.0,25.0,16.7,-134.4,28.67,11.7,75.0,12.0
1009.0,25.0,16.6,-134.7,28.66,11.600000000000001,75.0,12.0
1009.0,28.0,16.5,-134.9,28.65,11.5,75.0,12.0
1009.0,30.0,16.4,-135.2,28.64,11.399999999999999,75.0,12.0
1009.0,30.0,16.3,-135.9,28.63,11.3,75.0,12.0
1009.0,30.0,16.2,-136.2,28.62,11.2,75.0,12.0
1009.0,30.0,16.1,-136.4,28.61,11.100000000000001,75.0,12.0
1009.0,30.0,16.1,-136.7,28.61,11.100000000000001,75.0,12.0
1009.0,30.0,16.1,-137.1,28.61,11.100000000000001,75.0,12.0
1009.0,30.0,16.0,-137.4,28.6,11.0,75.0,12.0
1009.0,30.0,16.0,-137.8,28.6,11.0,75.0,12.0
1011.0,30.0,16.0,-139.3,28.6,11.0,75.0,12.0
1011.0,30.0,16.0,-139.5,28.6,11.0,75.0,12.0
1011.0,30.0,16.0,-139.8,28.6,11.0,75.0,12.0
1011.0,30.0,16.0,-140.0,28.6,11.0,75.0,12.0
1005.0,30.0,11.2,-93.5,28.62,21.2,75.0,12.0
1005.0,30.0,11.3,-94.4,28.63,21.3,75.0,12.0
1004.0,30.0,11.4,-95.3,28.64,21.4,75.0,12.0
1002.0,38.0,11.8,-98.5,28.68,21.8,75.0,12.0
1001.0,40.0,11.9,-99.2,28.69,21.9,75.0,12.0
1001.0,43.0,11.9,-99.8,28.69,21.9,75.0,12.0
1000.0,45.0,12.0,-100.4,28.7,22.0,75.0,12.0
989.0,63.0,12.8,-102.9,28.78,22.8,75.0,12.0
987.0,65.0,13.1,-103.4,28.81,23.1,75.0,12.0
983.0,70.0,13.4,-103.7,28.84,23.4,75.0,12.0
979.0,75.0,13.6,-104.0,28.86,23.6,75.0,12.0
950.0,113.0,14.9,-105.8,28.99,24.9,75.0,12.0
942.0,120.0,15.2,-106.1,28.52,10.2,75.0,12.0
936.0,125.0,15.6,-106.4,28.56,10.6,75.0,12.0
930.0,130.0,15.9,-106.8,28.59,10.9,75.0,12.0
936.0,125.0,16.8,-107.6,28.68,11.8,75.0,12.0
936.0,125.0,17.0,-107.7,28.7,12.0,75.0,12.0
936.0,125.0,17.2,-107.8,28.72,12.2,75.0,12.0
936.0,125.0,17.4,-108.0,28.74,12.399999999999999,75.0,12.0
948.0,115.0,18.3,-108.8,28.83,13.3,75.0,12.0
948.0,115.0,18.5,-109.0,28.85,13.5,75.0,12.0
949.0,113.0,18.7,-109.3,28.87,13.7,75.0,12.0
950.0,110.0,18.9,-109.5,28.89,13.899999999999999,75.0,12.0
960.0,100.0,19.6,-110.7,28.96,14.600000000000001,75.0,12.0
960.0,100.0,19.8,-110.9,28.98,14.8,75.0,12.0
960.0,100.0,20.1,-111.1,28.51,15.100000000000001,75.0,12.0
960.0,100.0,20.5,-111.2,28.55,15.5,75.0,12.0
964.0,93.0,21.7,-112.0,28.67,16.7,75.0,12.0
965.0,90.0,21.9,-112.1,28.69,16.9,75.0,12.0
970.0,75.0,22.4,-112.4,28.74,17.4,75.0,12.0
981.0,58.0,23.1,-113.0,28.81,18.1,75.0,12.0
987.0,50.0,23.3,-113.2,28.83,18.3,75.0,12.0
991.0,48.0,23.6,-113.3,28.86,18.6,75.0,12.0
995.0,45.0,23.9,-113.4,28.89,18.9,75.0,12.0
998.0,38.0,24.4,-113.5,28.94,19.4,75.0,12.0
1001.0,30.0,24.8,-113.5,28.98,19.8,75.0,12.0
1002.0,28.0,26.3,-113.0,28.63,21.3,75.0,12.0
1003.0,25.0,26.9,-112.7,28.69,21.9,75.0,12.0
1003.0,23.0,27.7,-112.3,28.77,22.7,75.0,12.0
1003.0,20.0,28.5,-112.0,28.85,23.5,75.0,12.0
1004.0,20.0,29.3,-111.7,28.93,24.3,75.0,12.0
1004.0,20.0,30.0,-111.3,28.5,10.0,75.0,12.0
1006.0,30.0,13.8,-111.3,28.88,23.8,75.0,12.0
1006.0,30.0,13.9,-112.0,28.89,23.9,75.0,12.0
1006.0,30.0,13.9,-112.7,28.89,23.9,75.0,12.0
1005.0,35.0,14.7,-115.6,28.97,24.7,75.0,12.0
1005.0,30.0,15.0,-116.0,28.5,10.0,75.0,12.0
1006.0,28.0,15.2,-116.3,28.52,10.2,75.0,12.0
1006.0,25.0,15.3,-116.5,28.53,10.3,75.0,12.0
1007.0,25.0,16.1,-117.6,28.61,11.100000000000001,75.0,12.0
1007.0,25.0,16.0,-117.9,28.6,11.0,75.0,12.0
1007.0,23.0,15.8,-118.2,28.58,10.8,75.0,12.0
1007.0,20.0,15.5,-118.5,28.55,10.5,75.0,12.0
1006.0,30.0,14.4,-96.7,28.94,24.4,75.0,12.0
1006.0,30.0,14.6,-97.0,28.96,24.6,75.0,12.0
1006.0,30.0,14.8,-97.2,28.98,24.8,75.0,12.0
1005.0,33.0,15.9,-99.0,28.59,10.9,75.0,12.0
1004.0,35.0,16.2,-99.2,28.62,11.2,75.0,12.0
1000.0,45.0,16.4,-99.6,28.64,11.399999999999999,75.0,12.0
1006.0,25.0,18.3,-109.2,28.83,13.3,75.0,12.0
1005.0,30.0,21.4,-108.9,28.64,16.4,75.0,12.0
1005.0,30.0,22.2,-108.8,28.72,17.2,75.0,12.0
1005.0,30.0,22.9,-108.7,28.79,17.9,75.0,12.0
1004.0,30.0,23.6,-108.6,28.86,18.6,75.0,12.0
1005.0,30.0,9.8,-95.2,28.98,19.8,75.0,12.0
1004.0,32.0,9.9,-95.1,28.99,19.9,75.0,12.0
1004.0,35.0,10.1,-94.9,28.51,20.1,75.0,12.0
1000.0,45.0,10.7,-93.6,28.57,20.7,75.0,12.0
998.0,48.0,10.8,-93.2,28.58,20.8,75.0,12.0
997.0,50.0,10.8,-92.9,28.58,20.8,75.0,12.0
997.0,50.0,10.9,-92.6,28.59,20.9,75.0,12.0
997.0,50.0,11.0,-92.3,28.6,21.0,75.0,12.0
990.0,60.0,12.1,-91.2,28.71,22.1,75.0,12.0
986.0,65.0,12.3,-90.9,28.73,22.3,75.0,12.0
983.0,70.0,12.5,-90.6,28.75,22.5,75.0,12.0
986.0,65.0,12.6,-90.2,28.76,22.6,75.0,12.0
990.0,60.0,12.6,-89.9,28.76,22.6,75.0,12.0
1003.0,35.0,12.7,-88.5,28.77,22.7,75.0,12.0
1004.0,30.0,12.8,-88.2,28.78,22.8,75.0,12.0
1006.0,25.0,13.0,-87.9,28.8,23.0,75.0,12.0
1007.0,22.0,13.2,-87.7,28.82,23.2,75.0,12.0
1008.0,20.0,13.4,-87.4,28.84,23.4,75.0,12.0
1006.0,25.0,13.6,-101.7,28.86,23.6,75.0,12.0
1005.0,30.0,13.9,-102.8,28.89,23.9,75.0,12.0
1003.0,38.0,15.0,-105.5,28.5,10.0,75.0,12.0
1002.0,40.0,15.2,-106.0,28.52,10.2,75.0,12.0
1001.0,43.0,15.4,-106.6,28.54,10.4,75.0,12.0
1000.0,45.0,15.7,-107.1,28.57,10.7,75.0,12.0
1003.0,38.0,16.8,-109.9,28.68,11.8,75.0,12.0
1004.0,35.0,16.9,-110.4,28.69,11.899999999999999,75.0,12.0
1005.0,33.0,17.0,-110.8,28.7,12.0,75.0,12.0
1005.0,30.0,17.1,-111.3,28.71,12.100000000000001,75.0,12.0
1008.0,20.0,18.0,-113.3,28.8,13.0,75.0,12.0
1008.0,20.0,18.2,-113.6,28.82,13.2,75.0,12.0
1009.0,20.0,18.4,-113.9,28.84,13.399999999999999,75.0,12.0
1009.0,20.0,18.7,-114.3,28.87,13.7,75.0,12.0
1009.0,20.0,18.5,-114.7,28.85,13.5,75.0,12.0
1009.0,20.0,18.3,-114.7,28.83,13.3,75.0,12.0
1009.0,20.0,18.2,-114.7,28.82,13.2,75.0,12.0
1004.0,30.0,13.3,-97.8,28.83,23.3,75.0,12.0
1003.0,35.0,13.5,-97.9,28.85,23.5,75.0,12.0
1003.0,35.0,13.8,-98.0,28.88,23.8,75.0,12.0
1003.0,35.0,14.0,-98.0,28.9,24.0,75.0,12.0
1000.0,45.0,14.9,-99.8,28.99,24.9,75.0,12.0
1000.0,45.0,15.1,-100.2,28.51,10.1,75.0,12.0
1001.0,43.0,15.3,-100.7,28.53,10.3,75.0,12.0
1002.0,40.0,15.5,-101.1,28.55,10.5,75.0,12.0
1006.0,28.0,15.7,-104.0,28.57,10.7,75.0,12.0
1006.0,25.0,15.5,-104.4,28.55,10.5,75.0,12.0
1006.0,25.0,15.3,-104.8,28.53,10.3,75.0,12.0
1006.0,25.0,15.1,-105.1,28.51,10.1,75.0,12.0
1005.0,20.0,14.5,-106.3,28.95,24.5,75.0,12.0
1004.0,20.0,14.5,-106.7,28.95,24.5,75.0,12.0
1004.0,23.0,14.6,-107.1,28.96,24.6,75.0,12.0
1003.0,25.0,14.7,-107.5,28.97,24.7,75.0,12.0
1006.0,25.0,15.2,-108.5,28.52,10.2,75.0,12.0
1006.0,25.0,15.4,-108.7,28.54,10.4,75.0,12.0
1006.0,25.0,15.7,-109.0,28.57,10.7,75.0,12.0
1006.0,25.0,15.9,-109.3,28.59,10.9,75.0,12.0
1006.0,23.0,18.4,-111.6,28.84,13.399999999999999,75.0,12.0
1006.0,20.0,18.7,-112.2,28.87,13.7,75.0,12.0
1006.0,20.0,19.0,-112.8,28.9,14.0,75.0,12.0
1006.0,20.0,19.3,-113.5,28.93,14.3,75.0,12.0
1008.0,20.0,21.1,-116.3,28.61,16.1,75.0,12.0
1008.0,20.0,21.2,-117.1,28.62,16.2,75.0,12.0
1008.0,20.0,21.2,-117.9,28.62,16.2,75.0,12.0
1008.0,20.0,21.2,-118.7,28.62,16.2,75.0,12.0
1008.0,30.0,14.9,-99.2,28.99,24.9,75.0,12.0
1003.0,40.0,16.4,-100.1,28.64,11.399999999999999,75.0,12.0
1003.0,40.0,16.7,-100.4,28.67,11.7,75.0,12.0
1004.0,38.0,16.9,-100.9,28.69,11.899999999999999,75.0,12.0
1005.0,35.0,17.2,-101.4,28.72,12.2,75.0,12.0
1008.0,33.0,18.3,-104.3,28.83,13.3,75.0,12.0
1008.0,30.0,18.4,-104.8,28.84,13.399999999999999,75.0,12.0
1009.0,30.0,18.4,-105.3,28.84,13.399999999999999,75.0,12.0
1009.0,30.0,18.5,-105.8,28.85,13.5,75.0,12.0
1011.0,18.0,18.8,-107.5,28.88,13.8,75.0,12.0
1011.0,15.0,18.9,-107.6,28.89,13.899999999999999,75.0,12.0
1000.0,35.0,15.6,-104.7,28.56,10.6,75.0,12.0
1000.0,35.0,15.9,-105.0,28.59,10.9,75.0,12.0
999.0,38.0,16.4,-105.4,28.64,11.399999999999999,75.0,12.0
998.0,40.0,16.8,-105.8,28.68,11.8,75.0,12.0
992.0,55.0,19.1,-108.2,28.91,14.100000000000001,75.0,12.0
989.0,60.0,19.5,-108.7,28.95,14.5,75.0,12.0
992.0,55.0,19.9,-109.2,28.99,14.899999999999999,75.0,12.0
994.0,50.0,20.2,-109.6,28.52,15.2,75.0,12.0
1004.0,28.0,21.8,-111.2,28.68,16.8,75.0,12.0
1005.0,25.0,22.0,-111.5,28.7,17.0,75.0,12.0
1005.0,25.0,22.3,-111.8,28.73,17.3,75.0,12.0
1005.0,25.0,22.5,-112.1,28.75,17.5,75.0,12.0
1007.0,20.0,23.7,-113.6,28.87,18.7,75.0,12.0
1007.0,20.0,23.9,-113.8,28.89,18.9,75.0,12.0
1006.0,28.0,14.2,-114.3,28.92,24.2,75.0,12.0
1005.0,30.0,14.3,-114.8,28.93,24.3,75.0,12.0
1005.0,33.0,14.6,-115.3,28.96,24.6,75.0,12.0
1005.0,35.0,14.8,-115.8,28.98,24.8,75.0,12.0
994.0,55.0,15.5,-118.3,28.55,10.5,75.0,12.0
994.0,55.0,15.6,-118.6,28.56,10.6,75.0,12.0
994.0,55.0,15.9,-119.1,28.59,10.9,75.0,12.0
994.0,55.0,16.1,-119.6,28.61,11.100000000000001,75.0,12.0
988.0,65.0,16.9,-121.2,28.69,11.899999999999999,75.0,12.0
986.0,65.0,17.1,-121.6,28.71,12.100000000000001,75.0,12.0
984.0,68.0,17.4,-121.9,28.74,12.399999999999999,75.0,12.0
982.0,70.0,17.6,-122.2,28.76,12.600000000000001,75.0,12.0
979.0,75.0,18.5,-123.9,28.85,13.5,75.0,12.0
979.0,75.0,18.6,-124.3,28.86,13.600000000000001,75.0,12.0
979.0,75.0,18.7,-124.7,28.87,13.7,75.0,12.0
979.0,75.0,18.8,-125.1,28.88,13.8,75.0,12.0
981.0,70.0,19.2,-127.1,28.92,14.2,75.0,12.0
983.0,65.0,19.2,-127.5,28.92,14.2,75.0,12.0
985.0,65.0,19.2,-127.9,28.92,14.2,75.0,12.0
987.0,65.0,19.2,-128.3,28.92,14.2,75.0,12.0
990.0,60.0,18.5,-129.9,28.85,13.5,75.0,12.0
990.0,60.0,18.3,-130.3,28.83,13.3,75.0,12.0
990.0,60.0,18.1,-130.7,28.81,13.100000000000001,75.0,12.0
990.0,60.0,17.9,-131.0,28.79,12.899999999999999,75.0,12.0
992.0,55.0,17.8,-131.4,28.78,12.8,75.0,12.0
1003.0,35.0,17.2,-133.1,28.72,12.2,75.0,12.0
1004.0,30.0,17.1,-133.7,28.71,12.100000000000001,75.0,12.0
1006.0,28.0,17.1,-134.1,28.71,12.100000000000001,75.0,12.0
1008.0,25.0,17.2,-134.6,28.72,12.2,75.0,12.0
1008.0,23.0,17.1,-135.2,28.71,12.100000000000001,75.0,12.0
1008.0,20.0,16.9,-137.5,28.69,11.899999999999999,75.0,12.0
1008.0,20.0,16.8,-138.0,28.68,11.8,75.0,12.0
1009.0,20.0,16.7,-138.5,28.67,11.7,75.0,12.0
1010.0,20.0,16.6,-139.0,28.66,11.600000000000001,75.0,12.0
1010.0,20.0,16.6,-139.5,28.66,11.600000000000001,75.0,12.0
1003.0,38.0,13.4,-110.2,28.84,23.4,75.0,12.0
1002.0,40.0,13.5,-110.4,28.85,23.5,75.0,12.0
1001.0,43.0,13.6,-111.0,28.86,23.6,75.0,12.0
1000.0,45.0,13.6,-111.5,28.86,23.6,75.0,12.0
1000.0,40.0,14.2,-113.1,28.92,24.2,75.0,12.0
1000.0,40.0,14.4,-113.3,28.94,24.4,75.0,12.0
1002.0,38.0,14.6,-113.4,28.96,24.6,75.0,12.0
1003.0,35.0,14.7,-113.5,28.97,24.7,75.0,12.0
1003.0,35.0,15.4,-114.5,28.54,10.4,75.0,12.0
1003.0,35.0,15.5,-114.8,28.55,10.5,75.0,12.0
1003.0,38.0,15.5,-115.1,28.55,10.5,75.0,12.0
1002.0,40.0,15.5,-115.4,28.55,10.5,75.0,12.0
1003.0,33.0,14.5,-115.7,28.95,24.5,75.0,12.0
1004.0,30.0,14.3,-115.6,28.93,24.3,75.0,12.0
1005.0,30.0,14.4,-115.5,28.94,24.4,75.0,12.0
1005.0,30.0,14.4,-115.4,28.94,24.4,75.0,12.0
1007.0,28.0,14.0,-116.3,28.9,24.0,75.0,12.0
1008.0,25.0,13.9,-116.5,28.89,23.9,75.0,12.0
1007.0,25.0,13.3,-96.6,28.83,23.3,75.0,12.0
1007.0,28.0,13.4,-97.4,28.84,23.4,75.0,12.0
1006.0,30.0,13.5,-98.2,28.85,23.5,75.0,12.0
996.0,53.0,13.9,-101.9,28.89,23.9,75.0,12.0
994.0,55.0,14.0,-102.5,28.9,24.0,75.0,12.0
991.0,60.0,14.2,-103.1,28.92,24.2,75.0,12.0
987.0,65.0,14.3,-103.7,28.93,24.3,75.0,12.0
980.0,73.0,16.1,-106.3,28.61,11.100000000000001,75.0,12.0
979.0,75.0,16.5,-107.1,28.65,11.5,75.0,12.0
976.0,83.0,16.9,-107.8,28.69,11.899999999999999,75.0,12.0
972.0,90.0,17.2,-108.5,28.72,12.2,75.0,12.0
973.0,88.0,18.5,-111.9,28.85,13.5,75.0,12.0
974.0,85.0,18.6,-112.3,28.86,13.600000000000001,75.0,12.0
975.0,83.0,18.8,-112.8,28.88,13.8,75.0,12.0
976.0,80.0,18.9,-113.2,28.89,13.899999999999999,75.0,12.0
984.0,70.0,19.8,-115.3,28.98,14.8,75.0,12.0
985.0,70.0,20.0,-115.6,28.5,15.0,75.0,12.0
986.0,68.0,20.2,-115.8,28.52,15.2,75.0,12.0
986.0,65.0,20.4,-116.1,28.54,15.399999999999999,75.0,12.0
992.0,60.0,21.7,-117.5,28.67,16.7,75.0,12.0
994.0,55.0,22.0,-117.7,28.7,17.0,75.0,12.0
996.0,50.0,22.4,-118.1,28.74,17.4,75.0,12.0
998.0,45.0,22.7,-118.4,28.77,17.7,75.0,12.0
1003.0,33.0,24.1,-120.3,28.91,19.1,75.0,12.0
1003.0,30.0,24.3,-120.7,28.93,19.3,75.0,12.0
1004.0,28.0,24.5,-121.2,28.95,19.5,75.0,12.0
1004.0,25.0,24.7,-121.6,28.97,19.7,75.0,12.0
1007.0,25.0,25.5,-124.1,28.55,20.5,75.0,12.0
1007.0,25.0,25.6,-124.6,28.56,20.6,75.0,12.0
1008.0,25.0,25.6,-125.1,28.56,20.6,75.0,12.0
1008.0,25.0,25.7,-125.5,28.57,20.7,75.0,12.0
1009.0,25.0,25.6,-128.0,28.56,20.6,75.0,12.0
1009.0,25.0,25.5,-128.5,28.55,20.5,75.0,12.0
1010.0,25.0,25.5,-128.9,28.55,20.5,75.0,12.0
1010.0,25.0,25.5,-129.4,28.55,20.5,75.0,12.0
1006.0,28.0,16.9,-105.3,28.69,11.899999999999999,75.0,12.0
1005.0,30.0,17.0,-105.8,28.7,12.0,75.0,12.0
1005.0,33.0,17.1,-106.3,28.71,12.100000000000001,75.0,12.0
1004.0,35.0,17.2,-106.8,28.72,12.2,75.0,12.0
1000.0,45.0,17.6,-109.2,28.76,12.600000000000001,75.0,12.0
1000.0,45.0,17.5,-109.6,28.75,12.5,75.0,12.0
1001.0,43.0,17.4,-110.1,28.74,12.399999999999999,75.0,12.0
1001.0,40.0,17.4,-110.5,28.74,12.399999999999999,75.0,12.0
1004.0,35.0,17.4,-112.7,28.74,12.399999999999999,75.0,12.0
1004.0,35.0,17.3,-113.1,28.73,12.3,75.0,12.0
1005.0,33.0,17.2,-113.6,28.72,12.2,75.0,12.0
1005.0,30.0,17.1,-114.0,28.71,12.100000000000001,75.0,12.0
1006.0,25.0,16.9,-115.6,28.69,11.899999999999999,75.0,12.0
1006.0,25.0,16.9,-115.9,28.69,11.899999999999999,75.0,12.0
1006.0,25.0,16.9,-116.2,28.69,11.899999999999999,75.0,12.0
1006.0,25.0,17.0,-116.5,28.7,12.0,75.0,12.0
1009.0,23.0,17.0,-117.6,28.7,12.0,75.0,12.0
1009.0,20.0,17.0,-117.7,28.7,12.0,75.0,12.0
1009.0,20.0,17.0,-117.9,28.7,12.0,75.0,12.0
1009.0,20.0,17.0,-118.1,28.7,12.0,75.0,12.0
1009.0,20.0,17.1,-119.5,28.71,12.100000000000001,75.0,12.0
1009.0,20.0,17.1,-119.7,28.71,12.100000000000001,75.0,12.0
1009.0,20.0,17.1,-119.9,28.71,12.100000000000001,75.0,12.0
1009.0,20.0,17.1,-120.1,28.71,12.100000000000001,75.0,12.0
1010.0,20.0,16.9,-121.3,28.69,11.899999999999999,75.0,12.0
1010.0,20.0,16.9,-121.6,28.69,11.899999999999999,75.0,12.0
1010.0,20.0,16.9,-121.8,28.69,11.899999999999999,75.0,12.0
1010.0,20.0,16.8,-122.1,28.68,11.8,75.0,12.0
1010.0,20.0,15.6,-123.3,28.56,10.6,75.0,12.0
1010.0,20.0,15.4,-123.6,28.54,10.4,75.0,12.0
1010.0,20.0,15.1,-123.8,28.51,10.1,75.0,12.0
1010.0,20.0,14.8,-123.9,28.98,24.8,75.0,12.0
1011.0,15.0,13.7,-125.8,28.87,23.7,75.0,12.0
1011.0,15.0,13.4,-126.2,28.84,23.4,75.0,12.0
1008.0,30.0,14.8,-114.5,28.98,24.8,75.0,12.0
1008.0,30.0,14.8,-117.2,28.98,24.8,75.0,12.0
1008.0,30.0,14.8,-117.8,28.98,24.8,75.0,12.0
1008.0,30.0,14.8,-118.3,28.98,24.8,75.0,12.0
1008.0,30.0,14.8,-118.8,28.98,24.8,75.0,12.0
1008.0,30.0,14.3,-121.3,28.93,24.3,75.0,12.0
1007.0,30.0,14.3,-122.0,28.93,24.3,75.0,12.0
1007.0,30.0,14.3,-122.7,28.93,24.3,75.0,12.0
1007.0,30.0,14.2,-123.4,28.92,24.2,75.0,12.0
1007.0,30.0,13.9,-126.1,28.89,23.9,75.0,12.0
1007.0,30.0,13.8,-126.5,28.88,23.8,75.0,12.0
1007.0,33.0,13.8,-127.1,28.88,23.8,75.0,12.0
1006.0,35.0,13.8,-127.6,28.88,23.8,75.0,12.0
997.0,50.0,13.3,-130.8,28.83,23.3,75.0,12.0
994.0,55.0,13.1,-131.5,28.81,23.1,75.0,12.0
992.0,58.0,13.1,-132.1,28.81,23.1,75.0,12.0
990.0,60.0,13.0,-132.7,28.8,23.0,75.0,12.0
981.0,73.0,12.5,-135.1,28.75,22.5,75.0,12.0
979.0,75.0,12.4,-135.7,28.74,22.4,75.0,12.0
978.0,78.0,12.4,-136.1,28.74,22.4,75.0,12.0
977.0,80.0,12.3,-136.4,28.73,22.3,75.0,12.0
973.0,85.0,12.4,-138.3,28.74,22.4,75.0,12.0
973.0,85.0,12.5,-138.6,28.75,22.5,75.0,12.0
973.0,85.0,12.7,-138.9,28.77,22.7,75.0,12.0
973.0,85.0,12.9,-139.3,28.79,22.9,75.0,12.0
973.0,85.0,13.1,-139.6,28.81,23.1,75.0,12.0
970.0,90.0,13.7,-140.4,28.87,23.7,75.0,12.0
970.0,90.0,13.8,-140.6,28.88,23.8,75.0,12.0
970.0,90.0,14.0,-140.8,28.9,24.0,75.0,12.0
969.0,90.0,14.2,-141.1,28.92,24.2,75.0,12.0
967.0,93.0,14.4,-141.4,28.94,24.4,75.0,12.0
958.0,103.0,15.4,-142.4,28.54,10.4,75.0,12.0
955.0,105.0,15.6,-142.7,28.56,10.6,75.0,12.0
953.0,108.0,15.8,-143.0,28.58,10.8,75.0,12.0
951.0,110.0,16.0,-143.3,28.6,11.0,75.0,12.0
952.0,110.0,16.1,-143.6,28.61,11.100000000000001,75.0,12.0
956.0,105.0,16.5,-145.1,28.65,11.5,75.0,12.0
957.0,105.0,16.6,-145.4,28.66,11.600000000000001,75.0,12.0
957.0,105.0,16.7,-145.7,28.67,11.7,75.0,12.0
958.0,105.0,16.9,-145.9,28.69,11.899999999999999,75.0,12.0
958.0,105.0,17.0,-146.2,28.7,12.0,75.0,12.0
962.0,100.0,17.7,-147.0,28.77,12.7,75.0,12.0
964.0,98.0,17.9,-147.2,28.79,12.899999999999999,75.0,12.0
965.0,95.0,18.1,-147.3,28.81,13.100000000000001,75.0,12.0
968.0,93.0,18.4,-147.4,28.84,13.399999999999999,75.0,12.0
970.0,90.0,18.7,-147.6,28.87,13.7,75.0,12.0
982.0,70.0,20.1,-148.5,28.51,15.100000000000001,75.0,12.0
986.0,65.0,20.5,-148.8,28.55,15.5,75.0,12.0
989.0,60.0,20.8,-149.1,28.58,15.8,75.0,12.0
992.0,58.0,21.1,-149.3,28.61,16.1,75.0,12.0
1005.0,35.0,22.3,-150.4,28.73,17.3,75.0,12.0
1008.0,33.0,22.6,-150.8,28.76,17.6,75.0,12.0
1010.0,30.0,22.8,-151.1,28.78,17.8,75.0,12.0
1010.0,30.0,22.9,-151.6,28.79,17.9,75.0,12.0
1014.0,25.0,23.3,-153.8,28.83,18.3,75.0,12.0
1015.0,23.0,23.5,-154.2,28.85,18.5,75.0,12.0
1015.0,20.0,23.7,-154.6,28.87,18.7,75.0,12.0
1009.0,30.0,12.3,-118.0,28.73,22.3,75.0,12.0
1008.0,30.0,12.6,-118.3,28.76,22.6,75.0,12.0
1006.0,30.0,12.8,-118.7,28.78,22.8,75.0,12.0
996.0,53.0,12.9,-120.1,28.79,22.9,75.0,12.0
994.0,55.0,12.9,-120.4,28.79,22.9,75.0,12.0
991.0,60.0,12.9,-120.8,28.79,22.9,75.0,12.0
987.0,65.0,13.0,-121.3,28.8,23.0,75.0,12.0
979.0,75.0,13.0,-123.5,28.8,23.0,75.0,12.0
979.0,75.0,13.0,-124.0,28.8,23.0,75.0,12.0
977.0,80.0,13.1,-124.3,28.81,23.1,75.0,12.0
975.0,85.0,13.2,-124.7,28.82,23.2,75.0,12.0
952.0,110.0,13.8,-126.8,28.88,23.8,75.0,12.0
952.0,110.0,13.9,-127.2,28.89,23.9,75.0,12.0
952.0,110.0,14.0,-127.6,28.9,24.0,75.0,12.0
952.0,110.0,14.1,-127.9,28.91,24.1,75.0,12.0
948.0,115.0,14.2,-129.4,28.92,24.2,75.0,12.0
948.0,115.0,14.2,-129.6,28.92,24.2,75.0,12.0
949.0,115.0,14.1,-129.8,28.91,24.1,75.0,12.0
949.0,115.0,14.1,-130.1,28.91,24.1,75.0,12.0
963.0,98.0,13.4,-130.6,28.84,23.4,75.0,12.0
970.0,90.0,13.4,-130.6,28.84,23.4,75.0,12.0
975.0,85.0,13.4,-130.7,28.84,23.4,75.0,12.0
979.0,80.0,13.4,-130.8,28.84,23.4,75.0,12.0
991.0,60.0,13.3,-131.1,28.83,23.3,75.0,12.0
994.0,55.0,13.2,-131.2,28.82,23.2,75.0,12.0
994.0,55.0,13.3,-131.3,28.83,23.3,75.0,12.0
994.0,55.0,13.4,-131.4,28.84,23.4,75.0,12.0
999.0,48.0,14.4,-132.8,28.94,24.4,75.0,12.0
1000.0,45.0,14.6,-133.2,28.96,24.6,75.0,12.0
1000.0,45.0,14.8,-133.6,28.98,24.8,75.0,12.0
1000.0,45.0,14.9,-133.9,28.99,24.9,75.0,12.0
994.0,55.0,15.6,-135.6,28.56,10.6,75.0,12.0
994.0,55.0,15.7,-135.7,28.57,10.7,75.0,12.0
994.0,55.0,15.8,-135.8,28.58,10.8,75.0,12.0
994.0,55.0,15.9,-136.0,28.59,10.9,75.0,12.0
996.0,53.0,16.0,-137.0,28.6,11.0,75.0,12.0
997.0,50.0,16.0,-137.2,28.6,11.0,75.0,12.0
997.0,50.0,16.0,-137.4,28.6,11.0,75.0,12.0
997.0,50.0,16.0,-137.7,28.6,11.0,75.0,12.0
999.0,48.0,16.0,-137.9,28.6,11.0,75.0,12.0
995.0,53.0,16.1,-138.7,28.61,11.100000000000001,75.0,12.0
994.0,55.0,16.2,-138.9,28.62,11.2,75.0,12.0
992.0,60.0,16.3,-139.1,28.63,11.3,75.0,12.0
990.0,65.0,16.4,-139.3,28.64,11.399999999999999,75.0,12.0
989.0,65.0,16.4,-139.4,28.64,11.399999999999999,75.0,12.0
987.0,65.0,16.1,-139.6,28.61,11.100000000000001,75.0,12.0
987.0,65.0,15.9,-139.7,28.59,10.9,75.0,12.0
987.0,65.0,15.8,-139.8,28.58,10.8,75.0,12.0
987.0,65.0,15.7,-139.9,28.57,10.7,75.0,12.0
988.0,65.0,15.5,-140.0,28.55,10.5,75.0,12.0
998.0,58.0,14.6,-140.3,28.96,24.6,75.0,12.0
1000.0,55.0,14.4,-140.5,28.94,24.4,75.0,12.0
1000.0,55.0,14.3,-140.7,28.93,24.3,75.0,12.0
1000.0,55.0,14.2,-140.9,28.92,24.2,75.0,12.0
1000.0,55.0,14.3,-141.2,28.93,24.3,75.0,12.0
1004.0,48.0,14.9,-142.1,28.99,24.9,75.0,12.0
1005.0,45.0,15.2,-142.4,28.52,10.2,75.0,12.0
1005.0,45.0,15.6,-142.8,28.56,10.6,75.0,12.0
1005.0,45.0,16.0,-143.1,28.6,11.0,75.0,12.0
1005.0,45.0,16.4,-143.5,28.64,11.399999999999999,75.0,12.0
1008.0,40.0,18.0,-145.5,28.8,13.0,75.0,12.0
1009.0,38.0,18.2,-146.0,28.82,13.2,75.0,12.0
1010.0,35.0,18.4,-146.5,28.84,13.399999999999999,75.0,12.0
1010.0,35.0,18.5,-147.1,28.85,13.5,75.0,12.0
1010.0,35.0,18.7,-147.6,28.87,13.7,75.0,12.0
1012.0,30.0,19.0,-149.8,28.9,14.0,75.0,12.0
1012.0,30.0,19.1,-150.4,28.91,14.100000000000001,75.0,12.0
1012.0,30.0,19.1,-150.9,28.91,14.100000000000001,75.0,12.0
1013.0,28.0,19.1,-151.4,28.91,14.100000000000001,75.0,12.0
1013.0,25.0,19.4,-154.2,28.94,14.399999999999999,75.0,12.0
1007.0,30.0,12.4,-115.1,28.74,22.4,75.0,12.0
1005.0,35.0,12.4,-115.2,28.74,22.4,75.0,12.0
1005.0,35.0,12.4,-115.3,28.74,22.4,75.0,12.0
1005.0,35.0,12.3,-115.3,28.73,22.3,75.0,12.0
1005.0,33.0,12.9,-114.9,28.79,22.9,75.0,12.0
1005.0,30.0,13.3,-114.6,28.83,23.3,75.0,12.0
1006.0,28.0,13.8,-114.3,28.88,23.8,75.0,12.0
1007.0,25.0,14.2,-114.1,28.92,24.2,75.0,12.0
1009.0,20.0,13.7,-108.9,28.87,23.7,75.0,12.0
1009.0,20.0,13.9,-110.1,28.89,23.9,75.0,12.0
1009.0,20.0,14.1,-110.8,28.91,24.1,75.0,12.0
1009.0,20.0,14.3,-111.4,28.93,24.3,75.0,12.0
1006.0,33.0,15.1,-113.6,28.51,10.1,75.0,12.0
1005.0,35.0,15.2,-114.1,28.52,10.2,75.0,12.0
1005.0,35.0,15.3,-114.6,28.53,10.3,75.0,12.0
1005.0,35.0,15.4,-115.0,28.54,10.4,75.0,12.0
994.0,58.0,16.8,-116.7,28.68,11.8,75.0,12.0
990.0,60.0,17.2,-116.9,28.72,12.2,75.0,12.0
989.0,63.0,17.6,-117.2,28.76,12.600000000000001,75.0,12.0
987.0,65.0,18.0,-117.4,28.8,13.0,75.0,12.0
987.0,68.0,19.6,-119.1,28.96,14.600000000000001,75.0,12.0
987.0,65.0,19.9,-119.3,28.99,14.899999999999999,75.0,12.0
987.0,65.0,20.3,-119.5,28.53,15.3,75.0,12.0
987.0,65.0,20.7,-119.7,28.57,15.7,75.0,12.0
996.0,50.0,21.5,-120.7,28.65,16.5,75.0,12.0
997.0,45.0,21.7,-121.0,28.67,16.7,75.0,12.0
1000.0,43.0,21.8,-121.2,28.68,16.8,75.0,12.0
1002.0,40.0,21.8,-121.3,28.68,16.8,75.0,12.0
1008.0,30.0,14.8,-108.5,28.98,24.8,75.0,12.0
1004.0,38.0,15.1,-109.8,28.51,10.1,75.0,12.0
1003.0,40.0,15.2,-109.9,28.52,10.2,75.0,12.0
1003.0,40.0,15.3,-110.1,28.53,10.3,75.0,12.0
1002.0,40.0,15.4,-110.2,28.54,10.4,75.0,12.0
998.0,48.0,16.1,-110.7,28.61,11.100000000000001,75.0,12.0
997.0,50.0,16.3,-110.8,28.63,11.3,75.0,12.0
998.0,48.0,16.5,-110.9,28.65,11.5,75.0,12.0
998.0,45.0,16.7,-111.0,28.67,11.7,75.0,12.0
1000.0,45.0,17.8,-112.0,28.78,12.8,75.0,12.0
1000.0,45.0,18.0,-112.2,28.8,13.0,75.0,12.0
1001.0,43.0,18.3,-112.5,28.83,13.3,75.0,12.0
1001.0,40.0,18.5,-112.8,28.85,13.5,75.0,12.0
1004.0,33.0,20.0,-114.3,28.5,15.0,75.0,12.0
1004.0,30.0,20.3,-114.7,28.53,15.3,75.0,12.0
1005.0,30.0,20.6,-115.0,28.56,15.600000000000001,75.0,12.0
1005.0,30.0,21.0,-115.3,28.6,16.0,75.0,12.0
1006.0,25.0,22.1,-117.0,28.71,17.1,75.0,12.0
1006.0,25.0,22.3,-117.3,28.73,17.3,75.0,12.0
1006.0,23.0,22.3,-117.6,28.73,17.3,75.0,12.0
1006.0,20.0,22.3,-117.8,28.73,17.3,75.0,12.0
1006.0,20.0,21.7,-118.8,28.67,16.7,75.0,12.0
1006.0,20.0,21.5,-119.0,28.65,16.5,75.0,12.0
1006.0,20.0,21.3,-119.2,28.63,16.3,75.0,12.0
1006.0,20.0,21.1,-119.4,28.61,16.1,75.0,12.0
1008.0,20.0,19.8,-120.6,28.98,14.8,75.0,12.0
1008.0,20.0,19.5,-120.7,28.95,14.5,75.0,12.0
1008.0,20.0,19.4,-120.7,28.94,14.399999999999999,75.0,12.0
1008.0,20.0,19.2,-120.7,28.92,14.2,75.0,12.0
1010.0,15.0,18.8,-120.1,28.88,13.8,75.0,12.0
1010.0,15.0,18.7,-119.9,28.87,13.7,75.0,12.0
1010.0,15.0,18.6,-119.7,28.86,13.600000000000001,75.0,12.0
1010.0,15.0,18.6,-119.5,28.86,13.600000000000001,75.0,12.0
1007.0,25.0,17.2,-104.9,28.72,12.2,75.0,12.0
1005.0,30.0,16.8,-105.9,28.68,11.8,75.0,12.0
1005.0,30.0,16.8,-106.1,28.68,11.8,75.0,12.0
1005.0,30.0,16.9,-106.3,28.69,11.899999999999999,75.0,12.0
1004.0,30.0,16.9,-106.6,28.69,11.899999999999999,75.0,12.0
1001.0,43.0,18.4,-108.4,28.84,13.399999999999999,75.0,12.0
1000.0,45.0,18.8,-108.7,28.88,13.8,75.0,12.0
997.0,50.0,19.2,-109.0,28.92,14.2,75.0,12.0
994.0,55.0,19.6,-109.3,28.96,14.600000000000001,75.0,12.0
982.0,73.0,21.0,-110.7,28.6,16.0,75.0,12.0
980.0,75.0,21.2,-110.9,28.62,16.2,75.0,12.0
979.0,78.0,21.3,-111.1,28.63,16.3,75.0,12.0
977.0,80.0,21.4,-111.2,28.64,16.4,75.0,12.0
975.0,80.0,21.8,-111.8,28.68,16.8,75.0,12.0
976.0,75.0,21.8,-111.9,28.68,16.8,75.0,12.0
978.0,73.0,21.9,-111.9,28.69,16.9,75.0,12.0
979.0,70.0,22.0,-111.9,28.7,17.0,75.0,12.0
995.0,50.0,22.5,-112.2,28.75,17.5,75.0,12.0
998.0,45.0,22.6,-112.3,28.76,17.6,75.0,12.0
999.0,45.0,22.9,-112.3,28.79,17.9,75.0,12.0
1000.0,45.0,23.1,-112.3,28.81,18.1,75.0,12.0
1004.0,28.0,25.0,-113.0,28.5,20.0,75.0,12.0
1004.0,25.0,25.2,-113.1,28.52,20.2,75.0,12.0
1004.0,25.0,25.4,-113.2,28.54,20.4,75.0,12.0
1004.0,25.0,25.5,-113.3,28.55,20.5,75.0,12.0
1005.0,20.0,25.1,-112.8,28.51,20.1,75.0,12.0
1005.0,20.0,24.9,-112.6,28.99,19.9,75.0,12.0
1005.0,20.0,24.6,-112.3,28.96,19.6,75.0,12.0
1005.0,20.0,24.4,-112.1,28.94,19.4,75.0,12.0
1008.0,30.0,11.0,-101.2,28.6,21.0,75.0,12.0
1007.0,30.0,11.0,-101.7,28.6,21.0,75.0,12.0
1007.0,30.0,11.0,-101.8,28.6,21.0,75.0,12.0
1007.0,30.0,11.0,-101.9,28.6,21.0,75.0,12.0
1006.0,30.0,11.0,-102.1,28.6,21.0,75.0,12.0
1006.0,30.0,11.6,-103.5,28.66,21.6,75.0,12.0
1006.0,30.0,11.7,-103.8,28.67,21.7,75.0,12.0
1006.0,30.0,11.9,-104.1,28.69,21.9,75.0,12.0
1006.0,30.0,12.0,-104.4,28.7,22.0,75.0,12.0
1007.0,30.0,12.2,-106.2,28.72,22.2,75.0,12.0
1007.0,30.0,12.2,-106.6,28.72,22.2,75.0,12.0
1008.0,28.0,12.1,-107.1,28.71,22.1,75.0,12.0
1008.0,25.0,12.1,-107.5,28.71,22.1,75.0,12.0
1008.0,25.0,11.9,-109.8,28.69,21.9,75.0,12.0
1008.0,25.0,11.9,-110.3,28.69,21.9,75.0,12.0
1008.0,25.0,11.8,-111.3,28.68,21.8,75.0,12.0
1007.0,30.0,12.2,-114.1,28.72,22.2,75.0,12.0
1007.0,30.0,12.3,-114.7,28.73,22.3,75.0,12.0
1007.0,30.0,12.4,-115.2,28.74,22.4,75.0,12.0
1007.0,30.0,12.4,-115.6,28.74,22.4,75.0,12.0
1008.0,28.0,12.6,-118.3,28.76,22.6,75.0,12.0
1008.0,25.0,12.7,-118.9,28.77,22.7,75.0,12.0
1009.0,25.0,12.7,-119.3,28.77,22.7,75.0,12.0
1009.0,25.0,12.7,-119.6,28.77,22.7,75.0,12.0
1004.0,32.0,15.2,-100.8,28.52,10.2,75.0,12.0
1003.0,35.0,15.5,-100.7,28.55,10.5,75.0,12.0
1003.0,35.0,15.6,-100.9,28.56,10.6,75.0,12.0
1003.0,35.0,15.7,-101.1,28.57,10.7,75.0,12.0
1002.0,40.0,15.5,-101.1,28.55,10.5,75.0,12.0
1002.0,40.0,15.7,-101.0,28.57,10.7,75.0,12.0
1002.0,40.0,15.8,-101.0,28.58,10.8,75.0,12.0
1002.0,40.0,15.9,-101.1,28.59,10.9,75.0,12.0
1004.0,32.0,16.0,-101.6,28.6,11.0,75.0,12.0
1004.0,30.0,16.0,-101.7,28.6,11.0,75.0,12.0
1004.0,30.0,16.0,-101.9,28.6,11.0,75.0,12.0
1004.0,30.0,16.0,-102.1,28.6,11.0,75.0,12.0
1006.0,25.0,16.2,-103.3,28.62,11.2,75.0,12.0
1007.0,25.0,16.3,-103.5,28.63,11.3,75.0,12.0
1007.0,25.0,16.4,-103.6,28.64,11.399999999999999,75.0,12.0
1007.0,25.0,16.4,-103.7,28.64,11.399999999999999,75.0,12.0
1005.0,28.0,16.0,-102.8,28.6,11.0,75.0,12.0
1005.0,30.0,16.4,-102.5,28.64,11.399999999999999,75.0,12.0
1005.0,30.0,16.5,-102.4,28.65,11.5,75.0,12.0
1005.0,30.0,16.7,-102.3,28.67,11.7,75.0,12.0
1008.0,25.0,16.7,-100.6,28.67,11.7,75.0,12.0
1008.0,25.0,16.6,-100.1,28.66,11.600000000000001,75.0,12.0
1008.0,25.0,16.5,-99.7,28.65,11.5,75.0,12.0
1007.0,30.0,13.2,-110.3,28.82,23.2,75.0,12.0
994.0,55.0,13.9,-112.2,28.89,23.9,75.0,12.0
991.0,60.0,14.1,-112.6,28.91,24.1,75.0,12.0
987.0,68.0,14.2,-113.0,28.92,24.2,75.0,12.0
983.0,75.0,14.4,-113.5,28.94,24.4,75.0,12.0
972.0,88.0,15.7,-116.3,28.57,10.7,75.0,12.0
970.0,90.0,16.0,-116.9,28.6,11.0,75.0,12.0
966.0,95.0,16.3,-117.6,28.63,11.3,75.0,12.0
962.0,100.0,16.6,-118.2,28.66,11.600000000000001,75.0,12.0
962.0,95.0,17.9,-122.0,28.79,12.899999999999999,75.0,12.0
966.0,90.0,18.2,-122.7,28.82,13.2,75.0,12.0
975.0,75.0,18.6,-124.0,28.86,13.600000000000001,75.0,12.0
980.0,68.0,18.9,-124.7,28.89,13.899999999999999,75.0,12.0
998.0,45.0,19.5,-127.2,28.95,14.5,75.0,12.0
1001.0,40.0,19.7,-127.8,28.97,14.7,75.0,12.0
1002.0,38.0,19.8,-128.5,28.98,14.8,75.0,12.0
1003.0,35.0,19.9,-129.2,28.99,14.899999999999999,75.0,12.0
1004.0,32.0,20.0,-129.9,28.5,15.0,75.0,12.0
1006.0,25.0,20.8,-132.9,28.58,15.8,75.0,12.0
1007.0,25.0,21.0,-133.7,28.6,16.0,75.0,12.0
1008.0,25.0,21.2,-134.4,28.62,16.2,75.0,12.0
1008.0,25.0,21.5,-135.2,28.65,16.5,75.0,12.0
1008.0,25.0,21.8,-136.0,28.68,16.8,75.0,12.0
1011.0,20.0,22.8,-139.1,28.78,17.8,75.0,12.0
1012.0,20.0,23.0,-139.8,28.8,18.0,75.0,12.0
1012.0,20.0,23.2,-140.6,28.82,18.2,75.0,12.0
1013.0,20.0,23.5,-141.3,28.85,18.5,75.0,12.0
1013.0,20.0,23.8,-142.2,28.88,18.8,75.0,12.0
1006.0,30.0,13.5,-102.2,28.85,23.5,75.0,12.0
1000.0,45.0,15.2,-105.4,28.52,10.2,75.0,12.0
997.0,50.0,15.5,-106.1,28.55,10.5,75.0,12.0
994.0,55.0,15.8,-106.7,28.58,10.8,75.0,12.0
991.0,60.0,16.0,-107.3,28.6,11.0,75.0,12.0
982.0,72.0,17.5,-110.3,28.75,12.5,75.0,12.0
981.0,75.0,17.7,-110.8,28.77,12.7,75.0,12.0
983.0,70.0,17.9,-111.7,28.79,12.899999999999999,75.0,12.0
988.0,62.0,18.4,-113.6,28.84,13.399999999999999,75.0,12.0
989.0,60.0,18.5,-114.0,28.85,13.5,75.0,12.0
987.0,65.0,18.6,-114.5,28.86,13.600000000000001,75.0,12.0
985.0,70.0,18.8,-115.0,28.88,13.8,75.0,12.0
992.0,58.0,19.2,-117.5,28.92,14.2,75.0,12.0
993.0,55.0,19.3,-118.0,28.93,14.3,75.0,12.0
994.0,50.0,19.4,-118.5,28.94,14.399999999999999,75.0,12.0
996.0,45.0,19.5,-119.0,28.95,14.5,75.0,12.0
1006.0,30.0,20.2,-121.5,28.52,15.2,75.0,12.0
1008.0,30.0,20.4,-121.9,28.54,15.399999999999999,75.0,12.0
1008.0,28.0,20.5,-122.4,28.55,15.5,75.0,12.0
1009.0,25.0,20.7,-122.9,28.57,15.7,75.0,12.0
1010.0,25.0,21.2,-125.4,28.62,16.2,75.0,12.0
1010.0,25.0,21.3,-125.9,28.63,16.3,75.0,12.0
1010.0,25.0,21.3,-126.5,28.63,16.3,75.0,12.0
1010.0,25.0,21.3,-127.0,28.63,16.3,75.0,12.0
1010.0,25.0,21.1,-129.1,28.61,16.1,75.0,12.0
1010.0,25.0,21.1,-129.7,28.61,16.1,75.0,12.0
1010.0,25.0,21.0,-130.0,28.6,16.0,75.0,12.0
1010.0,25.0,20.9,-130.2,28.59,15.899999999999999,75.0,12.0
1010.0,25.0,20.8,-131.4,28.58,15.8,75.0,12.0
1010.0,25.0,20.7,-131.7,28.57,15.7,75.0,12.0
1010.0,25.0,20.6,-132.0,28.56,15.600000000000001,75.0,12.0
1010.0,25.0,20.6,-132.3,28.56,15.600000000000001,75.0,12.0
1008.0,25.0,12.3,-108.0,28.73,22.3,75.0,12.0
1008.0,28.0,12.4,-108.6,28.74,22.4,75.0,12.0
1007.0,30.0,12.4,-109.2,28.74,22.4,75.0,12.0
1004.0,38.0,12.3,-112.1,28.73,22.3,75.0,12.0
1002.0,40.0,12.3,-112.6,28.73,22.3,75.0,12.0
1001.0,43.0,12.3,-113.1,28.73,22.3,75.0,12.0
1000.0,45.0,12.2,-113.6,28.72,22.2,75.0,12.0
989.0,63.0,12.1,-116.6,28.71,22.1,75.0,12.0
986.0,68.0,12.0,-117.5,28.7,22.0,75.0,12.0
984.0,70.0,11.9,-117.9,28.69,21.9,75.0,12.0
975.0,83.0,11.8,-119.6,28.68,21.8,75.0,12.0
973.0,85.0,11.8,-119.9,28.68,21.8,75.0,12.0
970.0,90.0,11.9,-120.3,28.69,21.9,75.0,12.0
966.0,95.0,11.9,-120.7,28.69,21.9,75.0,12.0
954.0,108.0,12.5,-122.6,28.75,22.5,75.0,12.0
948.0,115.0,12.6,-123.0,28.76,22.6,75.0,12.0
945.0,118.0,12.8,-123.5,28.78,22.8,75.0,12.0
942.0,120.0,13.0,-123.9,28.8,23.0,75.0,12.0
940.0,123.0,13.3,-126.4,28.83,23.3,75.0,12.0
938.0,125.0,13.3,-126.9,28.83,23.3,75.0,12.0
936.0,128.0,13.4,-127.5,28.84,23.4,75.0,12.0
933.0,130.0,13.5,-128.0,28.85,23.5,75.0,12.0
934.0,128.0,13.9,-130.9,28.89,23.9,75.0,12.0
935.0,125.0,14.0,-131.4,28.9,24.0,75.0,12.0
941.0,120.0,14.2,-132.6,28.92,24.2,75.0,12.0
945.0,118.0,14.4,-133.3,28.94,24.4,75.0,12.0
950.0,110.0,14.9,-135.8,28.99,24.9,75.0,12.0
952.0,105.0,15.1,-136.5,28.51,10.1,75.0,12.0
965.0,95.0,15.5,-137.9,28.55,10.5,75.0,12.0
970.0,90.0,15.7,-138.5,28.57,10.7,75.0,12.0
983.0,78.0,16.2,-140.9,28.62,11.2,75.0,12.0
985.0,75.0,16.2,-141.3,28.62,11.2,75.0,12.0
990.0,70.0,16.2,-141.6,28.62,11.2,75.0,12.0
994.0,65.0,16.2,-141.8,28.62,11.2,75.0,12.0
997.0,60.0,16.2,-142.1,28.62,11.2,75.0,12.0
1006.0,30.0,16.2,-142.8,28.62,11.2,75.0,12.0
1007.0,30.0,16.2,-142.9,28.62,11.2,75.0,12.0
1009.0,25.0,16.1,-144.0,28.61,11.100000000000001,75.0,12.0
1009.0,25.0,16.2,-144.4,28.62,11.2,75.0,12.0
1009.0,25.0,16.3,-144.8,28.63,11.3,75.0,12.0
1010.0,25.0,17.3,-148.1,28.73,12.3,75.0,12.0
1010.0,25.0,17.4,-148.8,28.74,12.399999999999999,75.0,12.0
1010.0,25.0,17.5,-149.4,28.75,12.5,75.0,12.0
1007.0,25.0,12.2,-103.1,28.72,22.2,75.0,12.0
1006.0,25.0,12.5,-103.1,28.75,22.5,75.0,12.0
1006.0,28.0,12.8,-103.3,28.78,22.8,75.0,12.0
1005.0,30.0,13.1,-103.4,28.81,23.1,75.0,12.0
1004.0,35.0,15.4,-104.4,28.54,10.4,75.0,12.0
1003.0,35.0,15.9,-104.6,28.59,10.9,75.0,12.0
1002.0,38.0,16.4,-104.9,28.64,11.399999999999999,75.0,12.0
1001.0,40.0,16.8,-105.3,28.68,11.8,75.0,12.0
993.0,53.0,17.9,-107.3,28.79,12.899999999999999,75.0,12.0
991.0,55.0,18.0,-107.7,28.8,13.0,75.0,12.0
993.0,50.0,18.1,-108.4,28.81,13.100000000000001,75.0,12.0
995.0,45.0,18.8,-109.8,28.88,13.8,75.0,12.0
995.0,45.0,19.0,-110.1,28.9,14.0,75.0,12.0
995.0,45.0,19.3,-110.3,28.93,14.3,75.0,12.0
995.0,45.0,19.5,-110.4,28.95,14.5,75.0,12.0
993.0,50.0,20.9,-111.2,28.59,15.899999999999999,75.0,12.0
993.0,50.0,21.4,-111.3,28.64,16.4,75.0,12.0
992.0,53.0,21.9,-111.4,28.69,16.9,75.0,12.0
991.0,55.0,22.5,-111.5,28.75,17.5,75.0,12.0
992.0,53.0,24.8,-113.6,28.98,19.8,75.0,12.0
993.0,50.0,25.1,-114.1,28.51,20.1,75.0,12.0
998.0,45.0,25.6,-115.3,28.56,20.6,75.0,12.0
1009.0,25.0,27.0,-118.3,28.7,22.0,75.0,12.0
1009.0,25.0,27.2,-118.7,28.72,22.2,75.0,12.0
1009.0,25.0,27.5,-119.1,28.75,22.5,75.0,12.0
1009.0,25.0,27.9,-119.5,28.79,22.9,75.0,12.0
1010.0,20.0,27.9,-121.4,28.79,22.9,75.0,12.0
1010.0,20.0,27.9,-121.8,28.79,22.9,75.0,12.0
1011.0,20.0,27.8,-122.2,28.78,22.8,75.0,12.0
1011.0,20.0,27.6,-122.5,28.76,22.6,75.0,12.0
1011.0,20.0,27.7,-124.4,28.77,22.7,75.0,12.0
1011.0,20.0,27.9,-124.7,28.79,22.9,75.0,12.0
1011.0,20.0,28.1,-124.9,28.81,23.1,75.0,12.0
1011.0,20.0,28.4,-125.1,28.84,23.4,75.0,12.0
1012.0,18.0,30.0,-125.2,28.5,10.0,75.0,12.0
1012.0,15.0,30.3,-125.2,28.53,10.3,75.0,12.0
1012.0,15.0,30.5,-125.2,28.55,10.5,75.0,12.0
1012.0,15.0,30.6,-125.2,28.56,10.600000000000001,75.0,12.0
1009.0,30.0,14.1,-121.4,28.91,24.1,75.0,12.0
1007.0,33.0,14.2,-122.0,28.92,24.2,75.0,12.0
1005.0,35.0,14.3,-122.6,28.93,24.3,75.0,12.0
1000.0,43.0,14.8,-125.9,28.98,24.8,75.0,12.0
1000.0,45.0,14.8,-127.3,28.98,24.8,75.0,12.0
1000.0,45.0,14.8,-127.9,28.98,24.8,75.0,12.0
1003.0,38.0,14.9,-131.3,28.99,24.9,75.0,12.0
1004.0,35.0,15.0,-132.0,28.5,10.0,75.0,12.0
1005.0,33.0,15.1,-132.8,28.51,10.1,75.0,12.0
1006.0,30.0,15.2,-133.5,28.52,10.2,75.0,12.0
1007.0,30.0,15.2,-134.3,28.52,10.2,75.0,12.0
1009.0,25.0,15.1,-137.3,28.51,10.1,75.0,12.0
1009.0,25.0,15.0,-138.2,28.5,10.0,75.0,12.0
1010.0,25.0,15.0,-138.9,28.5,10.0,75.0,12.0
1010.0,25.0,15.0,-139.6,28.5,10.0,75.0,12.0
1013.0,25.0,14.7,-144.9,28.97,24.7,75.0,12.0
1013.0,25.0,14.6,-145.7,28.96,24.6,75.0,12.0
1009.0,30.0,12.8,-103.8,28.78,22.8,75.0,12.0
1005.0,35.0,13.9,-105.3,28.89,23.9,75.0,12.0
1004.0,35.0,14.1,-105.5,28.91,24.1,75.0,12.0
1004.0,35.0,14.3,-105.7,28.93,24.3,75.0,12.0
1004.0,35.0,14.4,-105.8,28.94,24.4,75.0,12.0
1005.0,30.0,14.9,-106.8,28.99,24.9,75.0,12.0
1005.0,30.0,15.0,-107.0,28.5,10.0,75.0,12.0
1006.0,28.0,15.1,-107.3,28.51,10.1,75.0,12.0
1006.0,25.0,15.2,-107.5,28.52,10.2,75.0,12.0
1007.0,25.0,15.6,-109.2,28.56,10.6,75.0,12.0
1007.0,25.0,15.7,-109.6,28.57,10.7,75.0,12.0
1008.0,20.0,16.2,-110.2,28.62,11.2,75.0,12.0
1008.0,20.0,17.5,-111.5,28.75,12.5,75.0,12.0
1008.0,20.0,17.7,-111.7,28.77,12.7,75.0,12.0
1009.0,20.0,17.8,-112.0,28.78,12.8,75.0,12.0
1009.0,20.0,17.8,-112.2,28.78,12.8,75.0,12.0
1006.0,30.0,12.9,-113.5,28.79,22.9,75.0,12.0
994.0,53.0,13.5,-116.8,28.85,23.5,75.0,12.0
992.0,55.0,13.7,-117.2,28.87,23.7,75.0,12.0
991.0,58.0,13.9,-117.7,28.89,23.9,75.0,12.0
990.0,60.0,14.1,-118.1,28.91,24.1,75.0,12.0
977.0,78.0,14.7,-121.1,28.97,24.7,75.0,12.0
975.0,80.0,14.8,-121.6,28.98,24.8,75.0,12.0
974.0,83.0,15.0,-122.2,28.5,10.0,75.0,12.0
973.0,85.0,15.2,-122.8,28.52,10.2,75.0,12.0
970.0,90.0,16.2,-125.8,28.62,11.2,75.0,12.0
970.0,90.0,16.4,-126.4,28.64,11.399999999999999,75.0,12.0
970.0,90.0,16.6,-127.0,28.66,11.600000000000001,75.0,12.0
970.0,90.0,16.8,-127.5,28.68,11.8,75.0,12.0
976.0,78.0,17.9,-130.1,28.79,12.899999999999999,75.0,12.0
978.0,75.0,18.1,-130.6,28.81,13.100000000000001,75.0,12.0
980.0,75.0,18.4,-131.1,28.84,13.399999999999999,75.0,12.0
981.0,75.0,18.6,-131.5,28.86,13.600000000000001,75.0,12.0
982.0,73.0,18.9,-131.9,28.89,13.899999999999999,75.0,12.0
992.0,55.0,19.9,-133.5,28.99,14.899999999999999,75.0,12.0
995.0,50.0,20.1,-133.9,28.51,15.100000000000001,75.0,12.0
998.0,48.0,20.4,-134.2,28.54,15.399999999999999,75.0,12.0
1000.0,45.0,20.7,-134.4,28.57,15.7,75.0,12.0
1000.0,45.0,20.9,-134.6,28.59,15.899999999999999,75.0,12.0
1002.0,45.0,21.8,-135.2,28.68,16.8,75.0,12.0
1002.0,45.0,22.0,-135.3,28.7,17.0,75.0,12.0
1003.0,45.0,22.3,-135.4,28.73,17.3,75.0,12.0
1003.0,45.0,22.5,-135.6,28.75,17.5,75.0,12.0
1004.0,43.0,22.6,-135.8,28.76,17.6,75.0,12.0
1007.0,35.0,22.8,-136.8,28.78,17.8,75.0,12.0
1009.0,30.0,22.8,-137.8,28.78,17.8,75.0,12.0
1009.0,30.0,22.8,-138.3,28.78,17.8,75.0,12.0
1009.0,25.0,22.8,-140.3,28.78,17.8,75.0,12.0
1009.0,25.0,23.1,-142.0,28.81,18.1,75.0,12.0
1009.0,25.0,23.2,-142.8,28.82,18.2,75.0,12.0
1005.0,33.0,12.3,-102.3,28.73,22.3,75.0,12.0
1004.0,35.0,12.5,-102.8,28.75,22.5,75.0,12.0
1003.0,38.0,12.8,-103.3,28.78,22.8,75.0,12.0
1002.0,40.0,13.1,-103.9,28.81,23.1,75.0,12.0
987.0,65.0,14.8,-106.7,28.98,24.8,75.0,12.0
955.0,105.0,18.1,-111.6,28.81,13.100000000000001,75.0,12.0
955.0,105.0,18.5,-112.1,28.85,13.5,75.0,12.0
955.0,105.0,18.9,-112.6,28.89,13.899999999999999,75.0,12.0
955.0,105.0,19.2,-113.1,28.92,14.2,75.0,12.0
971.0,88.0,20.4,-114.9,28.54,15.399999999999999,75.0,12.0
973.0,85.0,20.6,-115.2,28.56,15.600000000000001,75.0,12.0
974.0,83.0,20.8,-115.5,28.58,15.8,75.0,12.0
975.0,80.0,20.9,-115.7,28.59,15.899999999999999,75.0,12.0
982.0,68.0,21.6,-116.9,28.66,16.6,75.0,12.0
983.0,65.0,21.8,-117.1,28.68,16.8,75.0,12.0
985.0,60.0,22.0,-117.3,28.7,17.0,75.0,12.0
987.0,55.0,22.1,-117.6,28.71,17.1,75.0,12.0
994.0,48.0,22.7,-118.9,28.77,17.7,75.0,12.0
995.0,45.0,22.8,-119.1,28.78,17.8,75.0,12.0
997.0,43.0,23.0,-119.3,28.8,18.0,75.0,12.0
998.0,40.0,23.1,-119.5,28.81,18.1,75.0,12.0
1004.0,30.0,23.6,-120.8,28.86,18.6,75.0,12.0
1004.0,30.0,23.7,-121.1,28.87,18.7,75.0,12.0
1005.0,28.0,23.8,-121.3,28.88,18.8,75.0,12.0
1005.0,25.0,23.8,-121.6,28.88,18.8,75.0,12.0
1008.0,25.0,23.9,-122.4,28.89,18.9,75.0,12.0
1008.0,25.0,23.9,-122.6,28.89,18.9,75.0,12.0
1009.0,23.0,23.9,-122.7,28.89,18.9,75.0,12.0
1009.0,20.0,23.8,-122.8,28.88,18.8,75.0,12.0
1005.0,25.0,12.3,-94.6,28.73,22.3,75.0,12.0
1003.0,38.0,13.3,-95.9,28.83,23.3,75.0,12.0
1002.0,40.0,13.5,-96.3,28.85,23.5,75.0,12.0
1000.0,45.0,13.6,-96.6,28.86,23.6,75.0,12.0
997.0,50.0,13.7,-96.9,28.87,23.7,75.0,12.0
973.0,85.0,14.1,-98.8,28.91,24.1,75.0,12.0
965.0,95.0,14.2,-99.2,28.92,24.2,75.0,12.0
964.0,98.0,14.6,-99.6,28.96,24.6,75.0,12.0
962.0,100.0,14.9,-100.0,28.99,24.9,75.0,12.0
949.0,115.0,16.4,-102.2,28.64,11.399999999999999,75.0,12.0
948.0,115.0,16.9,-102.7,28.69,11.899999999999999,75.0,12.0
949.0,113.0,17.3,-103.3,28.73,12.3,75.0,12.0
950.0,110.0,17.6,-104.0,28.76,12.600000000000001,75.0,12.0
964.0,95.0,19.6,-106.3,28.96,14.600000000000001,75.0,12.0
968.0,90.0,20.2,-106.7,28.52,15.2,75.0,12.0
968.0,90.0,20.6,-107.2,28.56,15.600000000000001,75.0,12.0
968.0,90.0,21.0,-107.6,28.6,16.0,75.0,12.0
957.0,98.0,22.0,-108.8,28.7,17.0,75.0,12.0
958.0,95.0,22.4,-108.9,28.74,17.4,75.0,12.0
958.0,95.0,23.2,-109.2,28.82,18.2,75.0,12.0
980.0,65.0,24.5,-110.8,28.95,19.5,75.0,12.0
985.0,60.0,24.8,-111.0,28.98,19.8,75.0,12.0
987.0,55.0,25.1,-111.2,28.51,20.1,75.0,12.0
988.0,50.0,25.4,-111.4,28.54,20.4,75.0,12.0
994.0,38.0,27.0,-112.4,28.7,22.0,75.0,12.0
996.0,35.0,27.4,-112.5,28.74,22.4,75.0,12.0
999.0,33.0,27.6,-112.7,28.76,22.6,75.0,12.0
1002.0,30.0,27.9,-112.9,28.79,22.9,75.0,12.0
1007.0,30.0,16.0,-114.0,28.6,11.0,75.0,12.0
997.0,53.0,16.6,-115.1,28.66,11.600000000000001,75.0,12.0
994.0,55.0,16.7,-115.2,28.67,11.7,75.0,12.0
992.0,58.0,16.9,-115.3,28.69,11.899999999999999,75.0,12.0
990.0,60.0,17.0,-115.5,28.7,12.0,75.0,12.0
986.0,68.0,18.0,-116.7,28.8,13.0,75.0,12.0
987.0,65.0,18.2,-116.9,28.82,13.2,75.0,12.0
989.0,65.0,18.4,-117.2,28.84,13.399999999999999,75.0,12.0
990.0,65.0,18.7,-117.4,28.87,13.7,75.0,12.0
997.0,48.0,19.0,-118.4,28.9,14.0,75.0,12.0
998.0,45.0,19.0,-118.6,28.9,14.0,75.0,12.0
1001.0,43.0,19.0,-118.7,28.9,14.0,75.0,12.0
1003.0,40.0,19.0,-118.7,28.9,14.0,75.0,12.0
1006.0,33.0,18.5,-118.8,28.85,13.5,75.0,12.0
1007.0,30.0,18.4,-118.7,28.84,13.399999999999999,75.0,12.0
1008.0,30.0,18.4,-118.6,28.84,13.399999999999999,75.0,12.0
1009.0,30.0,18.3,-118.5,28.83,13.3,75.0,12.0
1007.0,33.0,18.0,-118.1,28.8,13.0,75.0,12.0
1005.0,35.0,17.8,-118.1,28.78,12.8,75.0,12.0
1006.0,35.0,17.8,-118.2,28.78,12.8,75.0,12.0
1006.0,35.0,17.7,-118.3,28.77,12.7,75.0,12.0
1007.0,30.0,16.6,-118.9,28.66,11.600000000000001,75.0,12.0
1007.0,30.0,16.4,-119.1,28.64,11.399999999999999,75.0,12.0
1007.0,30.0,16.3,-119.3,28.63,11.3,75.0,12.0
1007.0,30.0,16.2,-119.5,28.62,11.2,75.0,12.0
1004.0,35.0,16.4,-121.7,28.64,11.399999999999999,75.0,12.0
1003.0,35.0,16.5,-122.3,28.65,11.5,75.0,12.0
1004.0,35.0,16.5,-123.5,28.65,11.5,75.0,12.0
1007.0,30.0,16.5,-126.7,28.65,11.5,75.0,12.0
1007.0,30.0,16.5,-127.3,28.65,11.5,75.0,12.0
1007.0,30.0,16.4,-127.8,28.64,11.399999999999999,75.0,12.0
1007.0,30.0,16.4,-128.2,28.64,11.399999999999999,75.0,12.0
1009.0,25.0,16.1,-129.8,28.61,11.100000000000001,75.0,12.0
1009.0,25.0,16.0,-130.1,28.6,11.0,75.0,12.0
1009.0,25.0,15.8,-130.5,28.58,10.8,75.0,12.0
1009.0,25.0,15.5,-130.9,28.55,10.5,75.0,12.0
1009.0,20.0,15.0,-131.9,28.5,10.0,75.0,12.0
1009.0,20.0,15.0,-131.9,28.5,10.0,75.0,12.0
1009.0,20.0,15.0,-132.0,28.5,10.0,75.0,12.0
1006.0,30.0,15.9,-101.3,28.59,10.9,75.0,12.0
1005.0,30.0,16.2,-101.7,28.62,11.2,75.0,12.0
998.0,43.0,17.4,-104.0,28.74,12.399999999999999,75.0,12.0
997.0,45.0,17.6,-104.4,28.76,12.600000000000001,75.0,12.0
997.0,48.0,17.8,-104.7,28.78,12.8,75.0,12.0
997.0,50.0,18.0,-105.0,28.8,13.0,75.0,12.0
986.0,70.0,19.8,-106.2,28.98,14.8,75.0,12.0
985.0,75.0,20.3,-106.3,28.53,15.3,75.0,12.0
980.0,83.0,20.8,-106.4,28.58,15.8,75.0,12.0
975.0,90.0,21.3,-106.6,28.63,16.3,75.0,12.0
953.0,110.0,23.6,-107.2,28.86,18.6,75.0,12.0
954.0,110.0,24.0,-107.2,28.9,19.0,75.0,12.0
966.0,88.0,24.4,-107.3,28.94,19.4,75.0,12.0
978.0,65.0,24.7,-107.3,28.97,19.7,75.0,12.0
1006.0,25.0,17.3,-115.0,28.73,12.3,75.0,12.0
1002.0,35.0,17.9,-114.3,28.79,12.899999999999999,75.0,12.0
1001.0,35.0,18.1,-114.2,28.81,13.100000000000001,75.0,12.0
1000.0,38.0,18.3,-114.2,28.83,13.3,75.0,12.0
999.0,40.0,18.5,-114.1,28.85,13.5,75.0,12.0
1001.0,38.0,18.9,-113.8,28.89,13.899999999999999,75.0,12.0
1001.0,35.0,19.0,-113.8,28.9,14.0,75.0,12.0
1001.0,35.0,19.1,-113.8,28.91,14.100000000000001,75.0,12.0
1001.0,35.0,19.1,-113.7,28.91,14.100000000000001,75.0,12.0
1004.0,25.0,20.1,-113.7,28.51,15.100000000000001,75.0,12.0
1004.0,25.0,20.3,-113.7,28.53,15.3,75.0,12.0
1005.0,25.0,20.5,-113.8,28.55,15.5,75.0,12.0
1005.0,25.0,20.7,-113.9,28.57,15.7,75.0,12.0
1007.0,25.0,22.1,-114.7,28.71,17.1,75.0,12.0
1007.0,25.0,22.5,-114.8,28.75,17.5,75.0,12.0
1007.0,25.0,23.2,-114.9,28.82,18.2,75.0,12.0
1007.0,23.0,24.1,-114.1,28.91,19.1,75.0,12.0
1007.0,20.0,24.3,-113.8,28.93,19.3,75.0,12.0
1008.0,20.0,24.4,-113.2,28.94,19.4,75.0,12.0
1006.0,30.0,14.2,-117.2,28.92,24.2,75.0,12.0
1003.0,38.0,15.7,-117.8,28.57,10.7,75.0,12.0
1002.0,40.0,15.9,-117.8,28.59,10.9,75.0,12.0
1001.0,43.0,16.1,-117.8,28.61,11.100000000000001,75.0,12.0
1000.0,45.0,16.2,-117.9,28.62,11.2,75.0,12.0
1004.0,33.0,16.6,-118.0,28.66,11.600000000000001,75.0,12.0
1004.0,30.0,16.6,-117.9,28.66,11.600000000000001,75.0,12.0
1005.0,30.0,16.6,-117.6,28.66,11.600000000000001,75.0,12.0
1005.0,30.0,16.7,-117.3,28.67,11.7,75.0,12.0
1006.0,25.0,16.9,-115.5,28.69,11.899999999999999,75.0,12.0
1006.0,25.0,17.0,-115.2,28.7,12.0,75.0,12.0
1006.0,25.0,16.9,-114.9,28.69,11.899999999999999,75.0,12.0
1006.0,25.0,16.9,-114.6,28.69,11.899999999999999,75.0,12.0
1006.0,25.0,16.1,-112.9,28.61,11.100000000000001,75.0,12.0
1006.0,25.0,15.9,-112.6,28.59,10.9,75.0,12.0
1006.0,25.0,15.8,-112.4,28.58,10.8,75.0,12.0
1006.0,25.0,15.7,-112.2,28.57,10.7,75.0,12.0
1005.0,30.0,14.9,-111.0,28.99,24.9,75.0,12.0
1005.0,30.0,14.8,-110.6,28.98,24.8,75.0,12.0
1005.0,30.0,14.7,-109.7,28.97,24.7,75.0,12.0
1005.0,30.0,14.9,-105.1,28.99,24.9,75.0,12.0
1004.0,30.0,15.3,-104.3,28.53,10.3,75.0,12.0
1002.0,30.0,16.4,-103.6,28.64,11.399999999999999,75.0,12.0
1001.0,30.0,18.5,-104.3,28.85,13.5,75.0,12.0
1000.0,30.0,18.8,-104.6,28.88,13.8,75.0,12.0
1005.0,30.0,12.8,-127.7,28.78,22.8,75.0,12.0
1005.0,30.0,13.1,-127.7,28.81,23.1,75.0,12.0
1005.0,30.0,13.3,-127.7,28.83,23.3,75.0,12.0
1001.0,40.0,14.9,-126.9,28.99,24.9,75.0,12.0
1000.0,40.0,15.4,-126.5,28.54,10.4,75.0,12.0
1001.0,40.0,15.8,-126.1,28.58,10.8,75.0,12.0
1001.0,40.0,16.2,-125.7,28.62,11.2,75.0,12.0
1005.0,30.0,17.0,-124.3,28.7,12.0,75.0,12.0
1005.0,30.0,17.1,-123.9,28.71,12.100000000000001,75.0,12.0
1006.0,30.0,17.2,-123.5,28.72,12.2,75.0,12.0
1006.0,30.0,17.3,-123.1,28.73,12.3,75.0,12.0
1008.0,25.0,17.6,-121.1,28.76,12.600000000000001,75.0,12.0
1008.0,25.0,17.6,-120.6,28.76,12.600000000000001,75.0,12.0
1008.0,25.0,17.5,-120.3,28.75,12.5,75.0,12.0
1008.0,25.0,17.3,-119.9,28.73,12.3,75.0,12.0
1008.0,25.0,16.6,-118.2,28.66,11.600000000000001,75.0,12.0
1008.0,25.0,16.5,-117.8,28.65,11.5,75.0,12.0
1008.0,25.0,16.4,-117.3,28.64,11.399999999999999,75.0,12.0
1008.0,25.0,16.2,-116.8,28.62,11.2,75.0,12.0
1009.0,20.0,15.1,-113.7,28.51,10.1,75.0,12.0
1009.0,20.0,14.8,-113.0,28.98,24.8,75.0,12.0
1001.0,40.0,15.8,-107.0,28.58,10.8,75.0,12.0
1000.0,45.0,15.8,-107.4,28.58,10.8,75.0,12.0
1000.0,45.0,15.8,-107.8,28.58,10.8,75.0,12.0
1000.0,45.0,15.8,-108.1,28.58,10.8,75.0,12.0
997.0,50.0,15.8,-109.8,28.58,10.8,75.0,12.0
994.0,55.0,15.8,-110.2,28.58,10.8,75.0,12.0
987.0,65.0,15.9,-110.5,28.59,10.9,75.0,12.0
980.0,75.0,15.9,-110.8,28.59,10.9,75.0,12.0
974.0,85.0,16.5,-111.5,28.65,11.5,75.0,12.0
978.0,80.0,16.7,-111.6,28.67,11.7,75.0,12.0
979.0,78.0,17.0,-111.7,28.7,12.0,75.0,12.0
979.0,75.0,17.3,-111.8,28.73,12.3,75.0,12.0
995.0,50.0,19.3,-111.7,28.93,14.3,75.0,12.0
998.0,45.0,19.8,-111.5,28.98,14.8,75.0,12.0
999.0,43.0,20.3,-111.3,28.53,15.3,75.0,12.0
1000.0,40.0,20.8,-111.0,28.58,15.8,75.0,12.0
1002.0,38.0,23.1,-108.7,28.81,18.1,75.0,12.0
1003.0,35.0,23.7,-108.1,28.87,18.7,75.0,12.0
1004.0,30.0,24.1,-108.1,28.91,19.1,75.0,12.0
1005.0,25.0,24.5,-108.1,28.95,19.5,75.0,12.0
1008.0,30.0,16.8,-104.1,28.68,11.8,75.0,12.0
1007.0,30.0,16.8,-104.3,28.68,11.8,75.0,12.0
1007.0,30.0,16.8,-104.5,28.68,11.8,75.0,12.0
1007.0,30.0,16.7,-104.7,28.67,11.7,75.0,12.0
1009.0,25.0,15.9,-105.3,28.59,10.9,75.0,12.0
1009.0,25.0,15.7,-105.5,28.57,10.7,75.0,12.0
1010.0,23.0,15.8,-105.7,28.58,10.8,75.0,12.0
1010.0,20.0,15.8,-105.8,28.58,10.8,75.0,12.0
1010.0,20.0,16.0,-107.3,28.6,11.0,75.0,12.0
1010.0,20.0,16.0,-107.7,28.6,11.0,75.0,12.0
1010.0,20.0,16.0,-108.2,28.6,11.0,75.0,12.0
1010.0,20.0,16.0,-108.7,28.6,11.0,75.0,12.0
1004.0,30.0,13.6,-104.3,28.86,23.6,75.0,12.0
1004.0,30.0,13.8,-104.5,28.88,23.8,75.0,12.0
1004.0,30.0,14.1,-104.7,28.91,24.1,75.0,12.0
1004.0,30.0,14.3,-104.9,28.93,24.3,75.0,12.0
1002.0,35.0,15.2,-105.5,28.52,10.2,75.0,12.0
1002.0,35.0,15.3,-105.5,28.53,10.3,75.0,12.0
1003.0,33.0,15.4,-105.6,28.54,10.4,75.0,12.0
1004.0,30.0,15.5,-105.6,28.55,10.5,75.0,12.0
1007.0,25.0,15.9,-106.1,28.59,10.9,75.0,12.0
1007.0,25.0,16.0,-106.3,28.6,11.0,75.0,12.0
1007.0,30.0,13.1,-112.3,28.81,23.1,75.0,12.0
1009.0,25.0,12.3,-103.6,28.73,22.3,75.0,12.0
1008.0,25.0,12.7,-104.0,28.77,22.7,75.0,12.0
1003.0,43.0,13.0,-104.4,28.8,23.0,75.0,12.0
1000.0,50.0,13.0,-104.5,28.8,23.0,75.0,12.0
975.0,88.0,12.2,-103.8,28.72,22.2,75.0,12.0
965.0,95.0,12.0,-103.7,28.7,22.0,75.0,12.0
968.0,93.0,12.1,-103.5,28.71,22.1,75.0,12.0
970.0,90.0,12.1,-103.3,28.71,22.1,75.0,12.0
978.0,78.0,13.0,-102.8,28.8,23.0,75.0,12.0
980.0,70.0,13.2,-102.8,28.82,23.2,75.0,12.0
981.0,70.0,13.4,-102.8,28.84,23.4,75.0,12.0
982.0,70.0,13.5,-102.8,28.85,23.5,75.0,12.0
1000.0,45.0,13.9,-102.6,28.89,23.9,75.0,12.0
1002.0,40.0,14.0,-102.6,28.9,24.0,75.0,12.0
1002.0,40.0,14.2,-102.8,28.92,24.2,75.0,12.0
1002.0,40.0,14.3,-102.9,28.93,24.3,75.0,12.0
1000.0,45.0,15.2,-104.1,28.52,10.2,75.0,12.0
1000.0,45.0,15.3,-104.4,28.53,10.3,75.0,12.0
1001.0,43.0,15.4,-104.7,28.54,10.4,75.0,12.0
1002.0,40.0,15.5,-104.9,28.55,10.5,75.0,12.0
1005.0,35.0,15.3,-105.6,28.53,10.3,75.0,12.0
1005.0,35.0,15.2,-105.8,28.52,10.2,75.0,12.0
1005.0,33.0,15.1,-106.0,28.51,10.1,75.0,12.0
1005.0,30.0,15.0,-106.2,28.5,10.0,75.0,12.0
1006.0,28.0,14.8,-107.3,28.98,24.8,75.0,12.0
1006.0,25.0,14.8,-107.6,28.98,24.8,75.0,12.0
1006.0,30.0,12.8,-110.6,28.78,22.8,75.0,12.0
1007.0,25.0,13.1,-111.1,28.81,23.1,75.0,12.0
1007.0,25.0,13.1,-111.1,28.81,23.1,75.0,12.0
1007.0,25.0,13.1,-111.3,28.81,23.1,75.0,12.0
1007.0,25.0,13.1,-111.6,28.81,23.1,75.0,12.0
1005.0,30.0,12.9,-112.7,28.79,22.9,75.0,12.0
1005.0,30.0,12.9,-112.8,28.79,22.9,75.0,12.0
1005.0,33.0,12.9,-112.9,28.79,22.9,75.0,12.0
1004.0,35.0,12.8,-113.1,28.78,22.8,75.0,12.0
1004.0,35.0,12.8,-113.7,28.78,22.8,75.0,12.0
1004.0,35.0,12.8,-113.8,28.78,22.8,75.0,12.0
1004.0,35.0,12.9,-113.9,28.79,22.9,75.0,12.0
1004.0,35.0,12.9,-114.1,28.79,22.9,75.0,12.0
1005.0,30.0,13.3,-114.7,28.83,23.3,75.0,12.0
1005.0,30.0,13.3,-114.8,28.83,23.3,75.0,12.0
1005.0,30.0,13.3,-114.9,28.83,23.3,75.0,12.0
1005.0,30.0,13.2,-115.0,28.82,23.2,75.0,12.0
1008.0,25.0,12.9,-115.8,28.79,22.9,75.0,12.0
1008.0,25.0,12.8,-116.0,28.78,22.8,75.0,12.0
1008.0,25.0,12.8,-116.2,28.78,22.8,75.0,12.0
1008.0,25.0,12.8,-116.4,28.78,22.8,75.0,12.0
1008.0,25.0,12.4,-117.7,28.74,22.4,75.0,12.0
1008.0,25.0,12.3,-117.9,28.73,22.3,75.0,12.0
1008.0,25.0,12.2,-118.1,28.72,22.2,75.0,12.0
1008.0,25.0,12.1,-118.3,28.71,22.1,75.0,12.0
1008.0,25.0,11.4,-119.6,28.64,21.4,75.0,12.0
1008.0,25.0,11.3,-119.8,28.63,21.3,75.0,12.0
1008.0,25.0,11.2,-120.0,28.62,21.2,75.0,12.0
1008.0,25.0,11.1,-120.2,28.61,21.1,75.0,12.0
1008.0,25.0,10.8,-121.2,28.58,20.8,75.0,12.0
1008.0,25.0,10.7,-121.3,28.57,20.7,75.0,12.0
1008.0,25.0,10.7,-121.6,28.57,20.7,75.0,12.0
1008.0,25.0,10.7,-121.8,28.57,20.7,75.0,12.0
1008.0,25.0,10.6,-123.6,28.56,20.6,75.0,12.0
1008.0,25.0,10.6,-124.0,28.56,20.6,75.0,12.0
1008.0,25.0,10.6,-124.3,28.56,20.6,75.0,12.0
1008.0,25.0,10.5,-124.7,28.55,20.5,75.0,12.0
1008.0,25.0,10.9,-125.9,28.59,20.9,75.0,12.0
1008.0,25.0,10.9,-126.1,28.59,20.9,75.0,12.0
1008.0,25.0,10.9,-126.3,28.59,20.9,75.0,12.0
1008.0,25.0,10.9,-126.5,28.59,20.9,75.0,12.0
1007.0,30.0,14.2,-97.5,28.92,24.2,75.0,12.0
1007.0,30.0,14.2,-97.5,28.92,24.2,75.0,12.0
1007.0,30.0,14.2,-97.5,28.92,24.2,75.0,12.0
1004.0,38.0,13.8,-97.3,28.88,23.8,75.0,12.0
1003.0,40.0,13.6,-97.2,28.86,23.6,75.0,12.0
1003.0,40.0,13.4,-97.1,28.84,23.4,75.0,12.0
1002.0,40.0,13.2,-96.9,28.82,23.2,75.0,12.0
1004.0,35.0,13.0,-96.1,28.8,23.0,75.0,12.0
1004.0,35.0,12.9,-95.9,28.79,22.9,75.0,12.0
1004.0,35.0,12.9,-95.7,28.79,22.9,75.0,12.0
1005.0,33.0,12.9,-95.5,28.79,22.9,75.0,12.0
1005.0,30.0,12.9,-95.3,28.79,22.9,75.0,12.0
1001.0,45.0,13.2,-94.4,28.82,23.2,75.0,12.0
1001.0,45.0,13.3,-94.1,28.83,23.3,75.0,12.0
1000.0,45.0,13.4,-93.8,28.84,23.4,75.0,12.0
1000.0,45.0,13.6,-93.5,28.86,23.6,75.0,12.0
1000.0,45.0,13.7,-93.3,28.87,23.7,75.0,12.0
1000.0,45.0,14.6,-92.5,28.96,24.6,75.0,12.0
1003.0,35.0,14.9,-92.4,28.99,24.9,75.0,12.0
1006.0,25.0,15.2,-92.3,28.52,10.2,75.0,12.0
1005.0,30.0,15.9,-110.7,28.59,10.9,75.0,12.0
1005.0,30.0,16.2,-111.0,28.62,11.2,75.0,12.0
1004.0,30.0,17.0,-111.6,28.7,12.0,75.0,12.0
1006.0,25.0,18.2,-113.4,28.82,13.2,75.0,12.0
1006.0,25.0,18.4,-113.8,28.84,13.399999999999999,75.0,12.0
1007.0,25.0,18.6,-114.2,28.86,13.600000000000001,75.0,12.0
1007.0,25.0,18.8,-114.5,28.88,13.8,75.0,12.0
1009.0,20.0,19.5,-115.7,28.95,14.5,75.0,12.0
1009.0,20.0,19.6,-115.8,28.96,14.600000000000001,75.0,12.0
1009.0,18.0,19.8,-115.9,28.98,14.8,75.0,12.0
1009.0,15.0,20.0,-116.0,28.5,15.0,75.0,12.0
1009.0,15.0,20.1,-116.4,28.51,15.100000000000001,75.0,12.0
1009.0,15.0,20.1,-116.6,28.51,15.100000000000001,75.0,12.0
1009.0,15.0,20.1,-116.8,28.51,15.100000000000001,75.0,12.0
1006.0,30.0,17.0,-118.6,28.7,12.0,75.0,12.0
1006.0,30.0,17.3,-118.9,28.73,12.3,75.0,12.0
1006.0,30.0,17.5,-119.3,28.75,12.5,75.0,12.0
1006.0,28.0,18.9,-121.3,28.89,13.899999999999999,75.0,12.0
1006.0,25.0,19.0,-121.6,28.9,14.0,75.0,12.0
1007.0,25.0,19.0,-122.1,28.9,14.0,75.0,12.0
1007.0,25.0,19.0,-122.5,28.9,14.0,75.0,12.0
1009.0,23.0,19.5,-124.7,28.95,14.5,75.0,12.0
1009.0,20.0,19.6,-125.1,28.96,14.600000000000001,75.0,12.0
1006.0,30.0,15.6,-114.8,28.56,10.6,75.0,12.0
1006.0,30.0,15.7,-115.4,28.57,10.7,75.0,12.0
1007.0,28.0,15.8,-116.1,28.58,10.8,75.0,12.0
1008.0,25.0,15.8,-116.7,28.58,10.8,75.0,12.0
1008.0,25.0,16.9,-119.8,28.69,11.899999999999999,75.0,12.0
1008.0,25.0,17.0,-120.5,28.7,12.0,75.0,12.0
1009.0,25.0,17.2,-121.1,28.72,12.2,75.0,12.0
1009.0,25.0,17.4,-121.7,28.74,12.399999999999999,75.0,12.0
1007.0,25.0,11.3,-126.1,28.63,21.3,75.0,12.0
1007.0,25.0,11.3,-126.3,28.63,21.3,75.0,12.0
1007.0,25.0,11.4,-126.4,28.64,21.4,75.0,12.0
1006.0,25.0,11.6,-126.6,28.66,21.6,75.0,12.0
1006.0,33.0,12.3,-127.5,28.73,22.3,75.0,12.0
1005.0,35.0,12.5,-127.7,28.75,22.5,75.0,12.0
1003.0,40.0,12.8,-128.1,28.78,22.8,75.0,12.0
1000.0,45.0,13.0,-128.4,28.8,23.0,75.0,12.0
990.0,63.0,14.2,-130.4,28.92,24.2,75.0,12.0
987.0,65.0,14.4,-130.9,28.94,24.4,75.0,12.0
990.0,63.0,14.6,-131.4,28.96,24.6,75.0,12.0
992.0,60.0,14.8,-131.8,28.98,24.8,75.0,12.0
995.0,58.0,14.9,-132.3,28.99,24.9,75.0,12.0
1003.0,40.0,14.9,-134.3,28.99,24.9,75.0,12.0
1005.0,35.0,14.9,-134.8,28.99,24.9,75.0,12.0
1005.0,35.0,14.9,-135.4,28.99,24.9,75.0,12.0
1005.0,35.0,15.0,-136.0,28.5,10.0,75.0,12.0
1005.0,35.0,15.1,-136.6,28.51,10.1,75.0,12.0
1006.0,30.0,15.0,-139.5,28.5,10.0,75.0,12.0
1007.0,30.0,15.1,-140.1,28.51,10.1,75.0,12.0
1008.0,30.0,15.2,-140.7,28.52,10.2,75.0,12.0
1009.0,30.0,15.3,-141.3,28.53,10.3,75.0,12.0
1010.0,30.0,15.6,-144.3,28.56,10.6,75.0,12.0
1010.0,30.0,15.9,-145.8,28.59,10.9,75.0,12.0
1010.0,30.0,16.0,-146.6,28.6,11.0,75.0,12.0
1010.0,30.0,16.5,-152.8,28.65,11.5,75.0,12.0
1010.0,30.0,16.5,-153.8,28.65,11.5,75.0,12.0
1010.0,30.0,16.4,-154.8,28.64,11.399999999999999,75.0,12.0
1010.0,30.0,16.3,-160.1,28.63,11.3,75.0,12.0
1010.0,30.0,16.4,-161.0,28.64,11.399999999999999,75.0,12.0
1010.0,30.0,16.4,-161.8,28.64,11.399999999999999,75.0,12.0
1011.0,25.0,16.1,-167.4,28.61,11.100000000000001,75.0,12.0
1011.0,25.0,16.1,-168.3,28.61,11.100000000000001,75.0,12.0
1011.0,25.0,16.0,-169.2,28.6,11.0,75.0,12.0
1011.0,25.0,15.7,-174.2,28.57,10.7,75.0,12.0
1011.0,25.0,15.7,-175.0,28.57,10.7,75.0,12.0
1011.0,25.0,15.7,-175.9,28.57,10.7,75.0,12.0
1008.0,25.0,12.5,-104.6,28.75,22.5,75.0,12.0
1007.0,30.0,12.8,-106.3,28.78,22.8,75.0,12.0
1007.0,30.0,12.9,-106.6,28.79,22.9,75.0,12.0
1007.0,30.0,13.1,-106.9,28.81,23.1,75.0,12.0
1007.0,30.0,13.2,-107.3,28.82,23.2,75.0,12.0
1006.0,30.0,14.8,-108.7,28.98,24.8,75.0,12.0
1006.0,30.0,15.1,-108.9,28.51,10.1,75.0,12.0
1006.0,33.0,15.4,-109.1,28.54,10.4,75.0,12.0
1005.0,35.0,15.8,-109.3,28.58,10.8,75.0,12.0
1001.0,43.0,17.2,-110.2,28.72,12.2,75.0,12.0
999.0,45.0,17.5,-110.3,28.75,12.5,75.0,12.0
997.0,48.0,17.8,-110.4,28.78,12.8,75.0,12.0
995.0,50.0,18.1,-110.6,28.81,13.100000000000001,75.0,12.0
999.0,45.0,19.6,-111.6,28.96,14.600000000000001,75.0,12.0
1000.0,45.0,19.8,-111.8,28.98,14.8,75.0,12.0
1000.0,45.0,20.1,-112.1,28.51,15.100000000000001,75.0,12.0
1000.0,45.0,20.3,-112.3,28.53,15.3,75.0,12.0
1001.0,43.0,21.8,-114.3,28.68,16.8,75.0,12.0
1002.0,40.0,22.0,-114.8,28.7,17.0,75.0,12.0
1003.0,38.0,22.2,-115.3,28.72,17.2,75.0,12.0
1003.0,35.0,22.4,-115.7,28.74,17.4,75.0,12.0
1007.0,25.0,23.1,-117.8,28.81,18.1,75.0,12.0
1008.0,25.0,23.3,-118.2,28.83,18.3,75.0,12.0
1009.0,25.0,23.5,-118.6,28.85,18.5,75.0,12.0
1009.0,25.0,23.6,-118.9,28.86,18.6,75.0,12.0
1009.0,25.0,24.4,-120.7,28.94,19.4,75.0,12.0
1009.0,25.0,24.5,-121.0,28.95,19.5,75.0,12.0
1009.0,25.0,24.6,-121.3,28.96,19.6,75.0,12.0
1009.0,25.0,24.6,-121.5,28.96,19.6,75.0,12.0
1009.0,25.0,24.5,-122.3,28.95,19.5,75.0,12.0
1009.0,25.0,24.4,-122.5,28.94,19.4,75.0,12.0
1009.0,23.0,24.3,-122.5,28.93,19.3,75.0,12.0
1009.0,20.0,24.1,-122.5,28.91,19.1,75.0,12.0
1008.0,28.0,12.9,-123.0,28.79,22.9,75.0,12.0
1007.0,30.0,12.9,-123.4,28.79,22.9,75.0,12.0
1006.0,33.0,12.9,-123.8,28.79,22.9,75.0,12.0
1005.0,35.0,13.1,-126.2,28.81,23.1,75.0,12.0
1005.0,35.0,13.2,-126.7,28.82,23.2,75.0,12.0
1006.0,33.0,13.3,-127.2,28.83,23.3,75.0,12.0
1006.0,30.0,13.3,-127.7,28.83,23.3,75.0,12.0
1007.0,30.0,13.4,-126.4,28.84,23.4,75.0,12.0
1004.0,33.0,13.3,-127.1,28.83,23.3,75.0,12.0
1000.0,35.0,13.2,-127.8,28.82,23.2,75.0,12.0
996.0,50.0,12.8,-131.1,28.78,22.8,75.0,12.0
995.0,55.0,12.7,-131.8,28.77,22.7,75.0,12.0
995.0,55.0,12.6,-132.4,28.76,22.6,75.0,12.0
994.0,55.0,12.6,-133.1,28.76,22.6,75.0,12.0
981.0,75.0,12.6,-136.0,28.76,22.6,75.0,12.0
977.0,80.0,12.6,-136.6,28.76,22.6,75.0,12.0
970.0,90.0,12.6,-137.7,28.76,22.6,75.0,12.0
950.0,115.0,12.8,-140.1,28.78,22.8,75.0,12.0
950.0,115.0,12.9,-140.6,28.79,22.9,75.0,12.0
950.0,118.0,13.1,-141.1,28.81,23.1,75.0,12.0
949.0,120.0,13.2,-141.7,28.82,23.2,75.0,12.0
950.0,120.0,13.3,-142.3,28.83,23.3,75.0,12.0
958.0,115.0,13.9,-146.4,28.89,23.9,75.0,12.0
958.0,115.0,14.1,-147.0,28.91,24.1,75.0,12.0
959.0,113.0,15.4,-150.8,28.54,10.4,75.0,12.0
960.0,110.0,15.7,-151.4,28.57,10.7,75.0,12.0
965.0,105.0,15.9,-152.0,28.59,10.9,75.0,12.0
979.0,88.0,17.1,-154.8,28.71,12.100000000000001,75.0,12.0
1007.0,38.0,17.4,-158.5,28.74,12.399999999999999,75.0,12.0
1007.0,35.0,17.4,-159.0,28.74,12.399999999999999,75.0,12.0
1008.0,33.0,17.3,-159.6,28.73,12.3,75.0,12.0
1004.0,33.0,19.4,-109.5,28.94,14.399999999999999,75.0,12.0
1003.0,35.0,19.5,-110.0,28.95,14.5,75.0,12.0
1003.0,35.0,19.4,-110.6,28.94,14.399999999999999,75.0,12.0
1003.0,35.0,19.4,-111.2,28.94,14.399999999999999,75.0,12.0
1002.0,40.0,19.2,-113.6,28.92,14.2,75.0,12.0
1002.0,40.0,19.1,-114.5,28.91,14.100000000000001,75.0,12.0
1002.0,40.0,19.1,-114.9,28.91,14.100000000000001,75.0,12.0
1005.0,35.0,18.8,-117.3,28.88,13.8,75.0,12.0
1005.0,33.0,18.6,-118.2,28.86,13.600000000000001,75.0,12.0
1005.0,30.0,18.6,-118.6,28.86,13.600000000000001,75.0,12.0
1005.0,25.0,18.9,-120.8,28.89,13.899999999999999,75.0,12.0
1005.0,25.0,19.0,-121.2,28.9,14.0,75.0,12.0
1005.0,25.0,19.1,-121.7,28.91,14.100000000000001,75.0,12.0
1005.0,25.0,19.2,-122.1,28.92,14.2,75.0,12.0
1007.0,23.0,19.8,-123.8,28.98,14.8,75.0,12.0
1007.0,20.0,20.0,-123.9,28.5,15.0,75.0,12.0
1008.0,20.0,20.1,-124.1,28.51,15.100000000000001,75.0,12.0
1007.0,30.0,13.9,-96.8,28.89,23.9,75.0,12.0
1006.0,30.0,14.4,-97.6,28.94,24.4,75.0,12.0
1006.0,30.0,14.6,-98.0,28.96,24.6,75.0,12.0
1001.0,38.0,16.0,-100.1,28.6,11.0,75.0,12.0
1000.0,40.0,16.3,-100.6,28.63,11.3,75.0,12.0
999.0,43.0,16.6,-101.1,28.66,11.600000000000001,75.0,12.0
997.0,45.0,16.8,-101.6,28.68,11.8,75.0,12.0
997.0,48.0,17.8,-104.3,28.78,12.8,75.0,12.0
996.0,50.0,17.9,-104.7,28.79,12.899999999999999,75.0,12.0
996.0,50.0,17.9,-105.0,28.79,12.899999999999999,75.0,12.0
995.0,50.0,18.0,-105.3,28.8,13.0,75.0,12.0
994.0,55.0,18.4,-106.3,28.84,13.399999999999999,75.0,12.0
994.0,55.0,18.5,-106.5,28.85,13.5,75.0,12.0
994.0,55.0,18.6,-106.7,28.86,13.600000000000001,75.0,12.0
993.0,55.0,18.7,-106.8,28.87,13.7,75.0,12.0
986.0,60.0,19.6,-108.2,28.96,14.600000000000001,75.0,12.0
983.0,60.0,19.8,-108.4,28.98,14.8,75.0,12.0
981.0,60.0,20.1,-108.6,28.51,15.100000000000001,75.0,12.0
978.0,60.0,20.3,-108.7,28.53,15.3,75.0,12.0
972.0,73.0,22.1,-109.4,28.71,17.1,75.0,12.0
972.0,70.0,22.6,-109.6,28.76,17.6,75.0,12.0
974.0,68.0,23.1,-109.7,28.81,18.1,75.0,12.0
975.0,65.0,23.6,-109.8,28.86,18.6,75.0,12.0
985.0,65.0,26.1,-110.6,28.61,21.1,75.0,12.0
986.0,65.0,26.6,-110.7,28.66,21.6,75.0,12.0
988.0,63.0,27.3,-110.8,28.73,22.3,75.0,12.0
990.0,60.0,27.9,-110.9,28.79,22.9,75.0,12.0
1006.0,28.0,13.4,-107.5,28.84,23.4,75.0,12.0
1005.0,30.0,13.7,-107.9,28.87,23.7,75.0,12.0
1004.0,35.0,13.9,-108.3,28.89,23.9,75.0,12.0
1002.0,40.0,14.2,-108.8,28.92,24.2,75.0,12.0
993.0,58.0,15.2,-111.2,28.52,10.2,75.0,12.0
991.0,60.0,15.3,-111.6,28.53,10.3,75.0,12.0
989.0,63.0,15.5,-111.8,28.55,10.5,75.0,12.0
987.0,65.0,15.7,-112.1,28.57,10.7,75.0,12.0
986.0,68.0,17.1,-112.9,28.71,12.100000000000001,75.0,12.0
985.0,70.0,17.5,-113.1,28.75,12.5,75.0,12.0
985.0,70.0,17.9,-113.3,28.79,12.899999999999999,75.0,12.0
984.0,70.0,18.2,-113.4,28.82,13.2,75.0,12.0
989.0,63.0,19.6,-113.6,28.96,14.600000000000001,75.0,12.0
990.0,60.0,19.8,-113.5,28.98,14.8,75.0,12.0
992.0,58.0,20.1,-113.4,28.51,15.100000000000001,75.0,12.0
994.0,55.0,20.3,-113.3,28.53,15.3,75.0,12.0
1001.0,40.0,21.4,-112.7,28.64,16.4,75.0,12.0
1002.0,35.0,21.6,-112.5,28.66,16.6,75.0,12.0
1003.0,33.0,21.8,-112.3,28.68,16.8,75.0,12.0
1004.0,30.0,21.9,-112.1,28.69,16.9,75.0,12.0
1007.0,25.0,22.0,-111.3,28.7,17.0,75.0,12.0
1007.0,25.0,22.0,-110.9,28.7,17.0,75.0,12.0
1007.0,25.0,22.0,-110.7,28.7,17.0,75.0,12.0
1009.0,15.0,21.9,-110.0,28.69,16.9,75.0,12.0
1009.0,15.0,21.9,-109.9,28.69,16.9,75.0,12.0
1010.0,15.0,21.9,-109.8,28.69,16.9,75.0,12.0
1010.0,15.0,21.8,-109.6,28.68,16.8,75.0,12.0
1007.0,30.0,17.2,-128.0,28.72,12.2,75.0,12.0
1007.0,30.0,17.5,-128.8,28.75,12.5,75.0,12.0
1007.0,30.0,17.6,-129.1,28.76,12.600000000000001,75.0,12.0
1008.0,25.0,17.8,-130.1,28.78,12.8,75.0,12.0
1008.0,25.0,17.8,-130.2,28.78,12.8,75.0,12.0
1008.0,23.0,17.8,-130.3,28.78,12.8,75.0,12.0
1008.0,20.0,17.7,-130.3,28.77,12.7,75.0,12.0
1008.0,20.0,17.0,-130.7,28.7,12.0,75.0,12.0
1008.0,20.0,16.8,-130.7,28.68,11.8,75.0,12.0
1008.0,20.0,16.7,-130.4,28.67,11.7,75.0,12.0
1008.0,20.0,16.6,-130.1,28.66,11.600000000000001,75.0,12.0
1009.0,20.0,16.9,-128.4,28.69,11.899999999999999,75.0,12.0
1009.0,20.0,16.9,-128.2,28.69,11.899999999999999,75.0,12.0
1009.0,20.0,16.9,-128.1,28.69,11.899999999999999,75.0,12.0
1009.0,20.0,16.9,-127.9,28.69,11.899999999999999,75.0,12.0
1009.0,20.0,16.9,-127.3,28.69,11.899999999999999,75.0,12.0
1009.0,20.0,17.0,-127.3,28.7,12.0,75.0,12.0
1010.0,20.0,17.1,-127.4,28.71,12.100000000000001,75.0,12.0
1010.0,20.0,17.2,-127.6,28.72,12.2,75.0,12.0
1011.0,20.0,17.7,-128.9,28.77,12.7,75.0,12.0
1011.0,20.0,17.9,-129.3,28.79,12.899999999999999,75.0,12.0
1011.0,20.0,17.9,-129.8,28.79,12.899999999999999,75.0,12.0
1011.0,20.0,18.0,-130.3,28.8,13.0,75.0,12.0
1006.0,30.0,14.7,-108.9,28.97,24.7,75.0,12.0
1004.0,35.0,15.7,-111.3,28.57,10.7,75.0,12.0
1003.0,35.0,16.0,-111.7,28.6,11.0,75.0,12.0
1003.0,35.0,16.4,-112.0,28.64,11.399999999999999,75.0,12.0
1003.0,35.0,16.7,-112.2,28.67,11.7,75.0,12.0
997.0,50.0,18.5,-113.3,28.85,13.5,75.0,12.0
1000.0,45.0,19.7,-114.0,28.97,14.7,75.0,12.0
1003.0,38.0,21.9,-115.3,28.69,16.9,75.0,12.0
1003.0,35.0,22.3,-115.4,28.73,17.3,75.0,12.0
1004.0,33.0,22.7,-115.6,28.77,17.7,75.0,12.0
1004.0,30.0,23.1,-115.8,28.81,18.1,75.0,12.0
1006.0,25.0,23.9,-116.2,28.89,18.9,75.0,12.0
1006.0,25.0,24.0,-116.2,28.9,19.0,75.0,12.0
1006.0,25.0,24.0,-116.2,28.9,19.0,75.0,12.0
1006.0,25.0,24.0,-116.1,28.9,19.0,75.0,12.0
1007.0,25.0,23.7,-115.8,28.87,18.7,75.0,12.0
1007.0,25.0,23.6,-115.6,28.86,18.6,75.0,12.0
1007.0,25.0,23.5,-115.3,28.85,18.5,75.0,12.0
1007.0,25.0,23.4,-115.1,28.84,18.4,75.0,12.0
1008.0,25.0,22.6,-113.4,28.76,17.6,75.0,12.0
1008.0,25.0,22.4,-113.0,28.74,17.4,75.0,12.0
1008.0,25.0,22.1,-112.5,28.71,17.1,75.0,12.0
1008.0,25.0,21.9,-112.0,28.69,16.9,75.0,12.0
1005.0,25.0,15.0,-108.7,28.5,10.0,75.0,12.0
1003.0,30.0,14.8,-108.9,28.98,24.8,75.0,12.0
1003.0,30.0,14.7,-108.9,28.97,24.7,75.0,12.0
1003.0,30.0,14.6,-108.9,28.96,24.6,75.0,12.0
1002.0,30.0,14.5,-108.9,28.95,24.5,75.0,12.0
1001.0,33.0,14.1,-108.2,28.91,24.1,75.0,12.0
1001.0,30.0,14.0,-108.0,28.9,24.0,75.0,12.0
1001.0,30.0,14.0,-107.8,28.9,24.0,75.0,12.0
1000.0,35.0,14.4,-106.0,28.94,24.4,75.0,12.0
1000.0,35.0,14.5,-105.6,28.95,24.5,75.0,12.0
1000.0,35.0,14.6,-105.3,28.96,24.6,75.0,12.0
1000.0,35.0,14.7,-104.9,28.97,24.7,75.0,12.0
1000.0,35.0,16.3,-103.8,28.63,11.3,75.0,12.0
1000.0,35.0,16.6,-104.1,28.66,11.600000000000001,75.0,12.0
1000.0,35.0,16.6,-104.3,28.66,11.600000000000001,75.0,12.0
999.0,43.0,17.1,-105.2,28.71,12.100000000000001,75.0,12.0
998.0,45.0,17.2,-105.3,28.72,12.2,75.0,12.0
998.0,45.0,17.3,-105.5,28.73,12.3,75.0,12.0
997.0,45.0,17.4,-105.7,28.74,12.399999999999999,75.0,12.0
992.0,58.0,18.0,-106.6,28.8,13.0,75.0,12.0
991.0,60.0,18.2,-106.8,28.82,13.2,75.0,12.0
991.0,60.0,18.4,-106.9,28.84,13.399999999999999,75.0,12.0
991.0,60.0,18.6,-107.1,28.86,13.600000000000001,75.0,12.0
997.0,48.0,19.3,-107.4,28.93,14.3,75.0,12.0
998.0,45.0,19.4,-107.5,28.94,14.399999999999999,75.0,12.0
999.0,45.0,19.4,-107.7,28.94,14.399999999999999,75.0,12.0
1000.0,45.0,19.5,-107.8,28.95,14.5,75.0,12.0
1003.0,38.0,19.6,-109.1,28.96,14.600000000000001,75.0,12.0
1003.0,35.0,19.6,-109.5,28.96,14.600000000000001,75.0,12.0
1004.0,30.0,19.4,-110.4,28.94,14.399999999999999,75.0,12.0
1007.0,30.0,18.5,-113.1,28.85,13.5,75.0,12.0
1007.0,30.0,18.4,-113.6,28.84,13.399999999999999,75.0,12.0
1008.0,25.0,18.4,-114.8,28.84,13.399999999999999,75.0,12.0
1009.0,25.0,18.4,-117.5,28.84,13.399999999999999,75.0,12.0
1009.0,25.0,18.4,-118.0,28.84,13.399999999999999,75.0,12.0
1009.0,23.0,18.4,-118.5,28.84,13.399999999999999,75.0,12.0
1009.0,20.0,18.5,-118.9,28.85,13.5,75.0,12.0
1010.0,20.0,18.8,-120.9,28.88,13.8,75.0,12.0
1010.0,20.0,18.8,-121.3,28.88,13.8,75.0,12.0
1010.0,20.0,18.9,-121.6,28.89,13.899999999999999,75.0,12.0
1010.0,20.0,19.0,-121.9,28.9,14.0,75.0,12.0
1011.0,20.0,20.0,-122.5,28.5,15.0,75.0,12.0
1011.0,20.0,20.2,-122.5,28.52,15.2,75.0,12.0
1011.0,20.0,20.7,-122.5,28.57,15.7,75.0,12.0
1003.0,30.0,10.1,-86.5,28.51,20.1,75.0,12.0
1000.0,45.0,11.3,-86.8,28.63,21.3,75.0,12.0
997.0,50.0,11.7,-86.8,28.67,21.7,75.0,12.0
994.0,55.0,12.0,-86.9,28.7,22.0,75.0,12.0
998.0,45.0,12.9,-87.1,28.79,22.9,75.0,12.0
1006.0,25.0,15.0,-88.0,28.5,10.0,75.0,12.0
1003.0,40.0,12.8,-109.1,28.78,22.8,75.0,12.0
997.0,50.0,13.5,-110.5,28.85,23.5,75.0,12.0
996.0,53.0,14.9,-116.3,28.99,24.9,75.0,12.0
992.0,60.0,14.8,-117.9,28.98,24.8,75.0,12.0
992.0,60.0,14.9,-120.8,28.99,24.9,75.0,12.0
992.0,60.0,14.8,-121.4,28.98,24.8,75.0,12.0
991.0,63.0,14.8,-122.0,28.98,24.8,75.0,12.0
989.0,65.0,14.7,-122.5,28.97,24.7,75.0,12.0
990.0,63.0,14.8,-124.7,28.98,24.8,75.0,12.0
991.0,60.0,14.9,-125.0,28.99,24.9,75.0,12.0
990.0,63.0,15.1,-125.3,28.51,10.1,75.0,12.0
988.0,65.0,15.3,-125.6,28.53,10.3,75.0,12.0
990.0,60.0,16.4,-127.2,28.64,11.399999999999999,75.0,12.0
992.0,55.0,16.6,-127.4,28.66,11.600000000000001,75.0,12.0
994.0,53.0,16.8,-127.7,28.68,11.8,75.0,12.0
995.0,50.0,16.9,-127.9,28.69,11.899999999999999,75.0,12.0
995.0,50.0,17.0,-128.2,28.7,12.0,75.0,12.0
1001.0,38.0,17.3,-129.3,28.73,12.3,75.0,12.0
1002.0,35.0,17.3,-129.6,28.73,12.3,75.0,12.0
1003.0,33.0,17.3,-129.9,28.73,12.3,75.0,12.0
1003.0,30.0,17.2,-130.2,28.72,12.2,75.0,12.0
1004.0,28.0,17.1,-130.5,28.71,12.100000000000001,75.0,12.0
1007.0,20.0,16.9,-131.9,28.69,11.899999999999999,75.0,12.0
1007.0,20.0,16.8,-132.4,28.68,11.8,75.0,12.0
1007.0,20.0,16.6,-132.8,28.66,11.600000000000001,75.0,12.0
1007.0,20.0,16.5,-133.2,28.65,11.5,75.0,12.0
1007.0,20.0,16.0,-135.6,28.6,11.0,75.0,12.0
1007.0,20.0,16.0,-136.2,28.6,11.0,75.0,12.0
1007.0,20.0,15.9,-136.7,28.59,10.9,75.0,12.0
1007.0,20.0,15.9,-137.2,28.59,10.9,75.0,12.0
1008.0,20.0,15.9,-137.6,28.59,10.9,75.0,12.0
1006.0,30.0,13.9,-122.7,28.89,23.9,75.0,12.0
1002.0,40.0,14.4,-127.5,28.94,24.4,75.0,12.0
1002.0,40.0,14.3,-128.8,28.93,24.3,75.0,12.0
1007.0,30.0,14.1,-131.7,28.91,24.1,75.0,12.0
1008.0,25.0,14.1,-132.7,28.91,24.1,75.0,12.0
1009.0,23.0,14.1,-133.2,28.91,24.1,75.0,12.0
1009.0,20.0,14.1,-134.9,28.91,24.1,75.0,12.0
1009.0,20.0,14.0,-135.3,28.9,24.0,75.0,12.0
1009.0,20.0,13.9,-135.7,28.89,23.9,75.0,12.0
1009.0,20.0,13.8,-136.0,28.88,23.8,75.0,12.0
1009.0,20.0,12.9,-137.0,28.79,22.9,75.0,12.0
1009.0,20.0,12.8,-137.1,28.78,22.8,75.0,12.0
1009.0,20.0,12.7,-137.1,28.77,22.7,75.0,12.0
1009.0,20.0,12.5,-137.2,28.75,22.5,75.0,12.0
1007.0,25.0,15.4,-106.2,28.54,10.4,75.0,12.0
1007.0,28.0,15.7,-106.4,28.57,10.7,75.0,12.0
1006.0,30.0,16.0,-106.6,28.6,11.0,75.0,12.0
1004.0,35.0,17.7,-107.9,28.77,12.7,75.0,12.0
1004.0,35.0,18.0,-108.2,28.8,13.0,75.0,12.0
1004.0,35.0,18.4,-108.4,28.84,13.399999999999999,75.0,12.0
1004.0,35.0,18.7,-108.6,28.87,13.7,75.0,12.0
1005.0,33.0,20.2,-109.8,28.52,15.2,75.0,12.0
1005.0,30.0,20.5,-110.3,28.55,15.5,75.0,12.0
1005.0,30.0,20.7,-110.6,28.57,15.7,75.0,12.0
1005.0,30.0,20.9,-110.9,28.59,15.899999999999999,75.0,12.0
1007.0,20.0,20.2,-112.4,28.52,15.2,75.0,12.0
1007.0,20.0,20.1,-112.8,28.51,15.100000000000001,75.0,12.0
1007.0,20.0,20.1,-113.0,28.51,15.100000000000001,75.0,12.0
1007.0,20.0,20.1,-113.2,28.51,15.100000000000001,75.0,12.0
1007.0,20.0,20.2,-113.7,28.52,15.2,75.0,12.0
1007.0,20.0,20.2,-113.8,28.52,15.2,75.0,12.0
1007.0,20.0,20.2,-114.1,28.52,15.2,75.0,12.0
1007.0,20.0,20.2,-114.3,28.52,15.2,75.0,12.0
1006.0,25.0,14.1,-99.8,28.91,24.1,75.0,12.0
1006.0,25.0,14.4,-100.3,28.94,24.4,75.0,12.0
1006.0,25.0,14.8,-100.8,28.98,24.8,75.0,12.0
1005.0,30.0,16.5,-102.1,28.65,11.5,75.0,12.0
1005.0,30.0,16.8,-102.1,28.68,11.8,75.0,12.0
1005.0,30.0,17.1,-102.2,28.71,12.100000000000001,75.0,12.0
1005.0,30.0,17.5,-102.3,28.75,12.5,75.0,12.0
1007.0,30.0,11.1,-93.9,28.61,21.1,75.0,12.0
1007.0,30.0,11.4,-94.6,28.64,21.4,75.0,12.0
1006.0,30.0,11.7,-95.2,28.67,21.7,75.0,12.0
1001.0,45.0,13.2,-98.8,28.82,23.2,75.0,12.0
1000.0,45.0,13.5,-99.6,28.85,23.5,75.0,12.0
999.0,48.0,13.8,-100.3,28.88,23.8,75.0,12.0
997.0,50.0,14.1,-101.0,28.91,24.1,75.0,12.0
994.0,55.0,15.2,-104.3,28.52,10.2,75.0,12.0
994.0,55.0,15.3,-104.9,28.53,10.3,75.0,12.0
994.0,55.0,15.4,-105.6,28.54,10.4,75.0,12.0
994.0,55.0,15.5,-106.2,28.55,10.5,75.0,12.0
984.0,70.0,15.8,-108.8,28.58,10.8,75.0,12.0
981.0,75.0,15.8,-109.2,28.58,10.8,75.0,12.0
981.0,75.0,15.9,-109.5,28.59,10.9,75.0,12.0
981.0,75.0,16.0,-109.8,28.6,11.0,75.0,12.0
985.0,68.0,16.3,-112.2,28.63,11.3,75.0,12.0
985.0,65.0,16.3,-112.7,28.63,11.3,75.0,12.0
986.0,65.0,16.3,-113.2,28.63,11.3,75.0,12.0
986.0,65.0,16.3,-113.7,28.63,11.3,75.0,12.0
976.0,83.0,16.8,-116.6,28.68,11.8,75.0,12.0
970.0,90.0,16.9,-117.2,28.69,11.899999999999999,75.0,12.0
970.0,90.0,17.0,-117.8,28.7,12.0,75.0,12.0
970.0,90.0,17.2,-118.4,28.72,12.2,75.0,12.0
980.0,75.0,17.1,-122.0,28.71,12.100000000000001,75.0,12.0
982.0,70.0,17.2,-122.7,28.72,12.2,75.0,12.0
985.0,68.0,17.3,-123.3,28.73,12.3,75.0,12.0
987.0,65.0,17.4,-124.0,28.74,12.399999999999999,75.0,12.0
998.0,45.0,17.9,-127.4,28.79,12.899999999999999,75.0,12.0
1000.0,40.0,18.0,-128.1,28.8,13.0,75.0,12.0
1002.0,38.0,18.1,-128.7,28.81,13.100000000000001,75.0,12.0
1003.0,35.0,18.2,-129.3,28.82,13.2,75.0,12.0
1004.0,33.0,18.1,-129.9,28.81,13.100000000000001,75.0,12.0
1006.0,30.0,17.6,-132.2,28.76,12.600000000000001,75.0,12.0
1006.0,30.0,17.5,-132.8,28.75,12.5,75.0,12.0
1007.0,30.0,17.4,-133.4,28.74,12.399999999999999,75.0,12.0
1007.0,30.0,17.3,-134.1,28.73,12.3,75.0,12.0
1008.0,28.0,17.3,-134.8,28.73,12.3,75.0,12.0
1009.0,25.0,17.1,-137.8,28.71,12.100000000000001,75.0,12.0
1009.0,25.0,17.0,-138.6,28.7,12.0,75.0,12.0
1009.0,25.0,16.9,-139.3,28.69,11.899999999999999,75.0,12.0
1009.0,25.0,16.9,-140.0,28.69,11.899999999999999,75.0,12.0
1009.0,25.0,16.8,-140.8,28.68,11.8,75.0,12.0
1010.0,25.0,16.4,-144.1,28.64,11.399999999999999,75.0,12.0
1005.0,35.0,11.2,-97.9,28.62,21.2,75.0,12.0
1004.0,38.0,11.4,-100.0,28.64,21.4,75.0,12.0
1002.0,40.0,11.5,-101.0,28.65,21.5,75.0,12.0
998.0,53.0,12.3,-103.8,28.73,22.3,75.0,12.0
998.0,55.0,12.5,-104.4,28.75,22.5,75.0,12.0
996.0,58.0,12.7,-104.9,28.77,22.7,75.0,12.0
994.0,60.0,12.9,-105.4,28.79,22.9,75.0,12.0
987.0,65.0,13.7,-107.6,28.87,23.7,75.0,12.0
987.0,65.0,13.9,-108.0,28.89,23.9,75.0,12.0
986.0,68.0,14.1,-108.3,28.91,24.1,75.0,12.0
985.0,70.0,14.2,-108.6,28.92,24.2,75.0,12.0
980.0,75.0,15.2,-109.8,28.52,10.2,75.0,12.0
980.0,75.0,15.7,-110.3,28.57,10.7,75.0,12.0
980.0,75.0,16.0,-110.6,28.6,11.0,75.0,12.0
977.0,80.0,17.9,-112.6,28.79,12.899999999999999,75.0,12.0
977.0,80.0,18.3,-113.0,28.83,13.3,75.0,12.0
977.0,80.0,18.6,-113.5,28.86,13.600000000000001,75.0,12.0
977.0,80.0,18.9,-114.0,28.89,13.899999999999999,75.0,12.0
987.0,65.0,20.1,-116.7,28.51,15.100000000000001,75.0,12.0
990.0,60.0,20.3,-117.2,28.53,15.3,75.0,12.0
992.0,58.0,20.4,-117.7,28.54,15.399999999999999,75.0,12.0
994.0,55.0,20.5,-118.1,28.55,15.5,75.0,12.0
1005.0,35.0,21.5,-120.5,28.65,16.5,75.0,12.0
1008.0,30.0,21.9,-121.5,28.69,16.9,75.0,12.0
1008.0,30.0,22.1,-121.9,28.71,17.1,75.0,12.0
1009.0,25.0,23.4,-124.2,28.84,18.4,75.0,12.0
1009.0,25.0,23.8,-124.6,28.88,18.8,75.0,12.0
1010.0,25.0,24.0,-125.7,28.9,19.0,75.0,12.0
1005.0,33.0,13.6,-101.1,28.86,23.6,75.0,12.0
1004.0,35.0,13.8,-101.9,28.88,23.8,75.0,12.0
1004.0,35.0,14.0,-102.7,28.9,24.0,75.0,12.0
1004.0,35.0,14.2,-103.4,28.92,24.2,75.0,12.0
997.0,50.0,14.4,-106.2,28.94,24.4,75.0,12.0
996.0,50.0,14.4,-106.7,28.94,24.4,75.0,12.0
995.0,53.0,14.6,-107.1,28.96,24.6,75.0,12.0
994.0,55.0,14.7,-107.5,28.97,24.7,75.0,12.0
995.0,53.0,15.0,-109.3,28.5,10.0,75.0,12.0
996.0,50.0,15.0,-109.8,28.5,10.0,75.0,12.0
998.0,50.0,15.1,-110.6,28.51,10.1,75.0,12.0
1000.0,45.0,15.4,-112.5,28.54,10.4,75.0,12.0
997.0,50.0,15.8,-113.4,28.58,10.8,75.0,12.0
987.0,65.0,16.4,-115.8,28.64,11.399999999999999,75.0,12.0
987.0,65.0,16.6,-117.0,28.66,11.600000000000001,75.0,12.0
987.0,65.0,16.8,-117.6,28.68,11.8,75.0,12.0
999.0,48.0,17.0,-120.3,28.7,12.0,75.0,12.0
1000.0,45.0,17.0,-120.9,28.7,12.0,75.0,12.0
1000.0,40.0,16.9,-121.5,28.69,11.899999999999999,75.0,12.0
1000.0,35.0,16.9,-122.0,28.69,11.899999999999999,75.0,12.0
1007.0,25.0,16.9,-124.8,28.69,11.899999999999999,75.0,12.0
1008.0,25.0,16.9,-125.3,28.69,11.899999999999999,75.0,12.0
1009.0,25.0,16.9,-125.7,28.69,11.899999999999999,75.0,12.0
1009.0,25.0,17.0,-126.0,28.7,12.0,75.0,12.0
1010.0,25.0,17.0,-128.5,28.7,12.0,75.0,12.0
1010.0,25.0,17.0,-129.0,28.7,12.0,75.0,12.0
1011.0,25.0,17.1,-129.5,28.71,12.100000000000001,75.0,12.0
1011.0,25.0,17.3,-130.0,28.73,12.3,75.0,12.0
1012.0,23.0,17.6,-130.5,28.76,12.600000000000001,75.0,12.0
1013.0,20.0,18.0,-132.5,28.8,13.0,75.0,12.0
1013.0,20.0,18.0,-133.0,28.8,13.0,75.0,12.0
1014.0,20.0,17.9,-133.6,28.79,12.899999999999999,75.0,12.0
1014.0,20.0,17.8,-134.1,28.78,12.8,75.0,12.0
1014.0,20.0,17.6,-134.6,28.76,12.600000000000001,75.0,12.0
1014.0,20.0,16.9,-137.1,28.69,11.899999999999999,75.0,12.0
1014.0,20.0,16.7,-137.7,28.67,11.7,75.0,12.0
1014.0,20.0,16.5,-138.3,28.65,11.5,75.0,12.0
1014.0,20.0,16.4,-138.9,28.64,11.399999999999999,75.0,12.0
1006.0,28.0,12.6,-110.5,28.76,22.6,75.0,12.0
1006.0,30.0,12.9,-111.0,28.79,22.9,75.0,12.0
1006.0,33.0,13.3,-111.6,28.83,23.3,75.0,12.0
1005.0,35.0,13.6,-112.1,28.86,23.6,75.0,12.0
994.0,55.0,14.5,-116.0,28.95,24.5,75.0,12.0
994.0,55.0,14.5,-116.6,28.95,24.5,75.0,12.0
994.0,55.0,14.5,-117.2,28.95,24.5,75.0,12.0
985.0,70.0,14.6,-119.9,28.96,24.6,75.0,12.0
983.0,75.0,14.7,-120.4,28.97,24.7,75.0,12.0
980.0,78.0,14.8,-120.8,28.98,24.8,75.0,12.0
977.0,80.0,14.9,-121.3,28.99,24.9,75.0,12.0
956.0,105.0,15.8,-123.2,28.58,10.8,75.0,12.0
956.0,105.0,16.0,-123.6,28.6,11.0,75.0,12.0
959.0,103.0,16.3,-124.0,28.63,11.3,75.0,12.0
961.0,100.0,16.5,-124.4,28.65,11.5,75.0,12.0
977.0,78.0,17.8,-126.7,28.78,12.8,75.0,12.0
979.0,75.0,18.0,-127.1,28.8,13.0,75.0,12.0
980.0,75.0,18.2,-127.6,28.82,13.2,75.0,12.0
986.0,68.0,18.8,-130.1,28.88,13.8,75.0,12.0
987.0,65.0,18.8,-130.5,28.88,13.8,75.0,12.0
990.0,60.0,18.8,-130.9,28.88,13.8,75.0,12.0
992.0,55.0,18.8,-131.3,28.88,13.8,75.0,12.0
995.0,53.0,18.8,-131.7,28.88,13.8,75.0,12.0
1001.0,43.0,18.6,-133.3,28.86,13.600000000000001,75.0,12.0
1002.0,40.0,18.5,-133.7,28.85,13.5,75.0,12.0
1003.0,38.0,18.4,-134.1,28.84,13.399999999999999,75.0,12.0
1004.0,35.0,18.3,-134.5,28.83,13.3,75.0,12.0
1008.0,28.0,17.8,-136.5,28.78,12.8,75.0,12.0
1008.0,25.0,17.6,-136.9,28.76,12.600000000000001,75.0,12.0
1008.0,25.0,17.5,-137.3,28.75,12.5,75.0,12.0
1008.0,25.0,17.3,-137.7,28.73,12.3,75.0,12.0
1008.0,25.0,17.1,-138.1,28.71,12.100000000000001,75.0,12.0
1008.0,25.0,16.5,-140.1,28.65,11.5,75.0,12.0
1008.0,25.0,16.3,-140.6,28.63,11.3,75.0,12.0
1008.0,25.0,16.1,-141.1,28.61,11.100000000000001,75.0,12.0
1008.0,25.0,15.9,-141.7,28.59,10.9,75.0,12.0
1004.0,33.0,16.5,-105.9,28.65,11.5,75.0,12.0
1003.0,35.0,16.7,-106.4,28.67,11.7,75.0,12.0
1003.0,38.0,16.9,-106.8,28.69,11.899999999999999,75.0,12.0
1002.0,40.0,17.1,-107.3,28.71,12.100000000000001,75.0,12.0
1001.0,43.0,17.6,-109.5,28.76,12.600000000000001,75.0,12.0
1002.0,40.0,17.6,-109.9,28.76,12.600000000000001,75.0,12.0
1002.0,40.0,17.6,-110.6,28.76,12.600000000000001,75.0,12.0
1003.0,38.0,17.9,-111.2,28.79,12.899999999999999,75.0,12.0
1004.0,35.0,17.9,-111.3,28.79,12.899999999999999,75.0,12.0
1005.0,33.0,18.0,-111.3,28.8,13.0,75.0,12.0
1006.0,30.0,18.1,-111.4,28.81,13.100000000000001,75.0,12.0
1006.0,30.0,18.4,-112.2,28.84,13.399999999999999,75.0,12.0
1006.0,30.0,18.4,-112.4,28.84,13.399999999999999,75.0,12.0
1007.0,28.0,18.4,-112.5,28.84,13.399999999999999,75.0,12.0
1007.0,25.0,18.5,-112.6,28.85,13.5,75.0,12.0
1008.0,25.0,18.8,-113.9,28.88,13.8,75.0,12.0
1008.0,25.0,18.8,-114.3,28.88,13.8,75.0,12.0
1008.0,25.0,18.8,-114.6,28.88,13.8,75.0,12.0
1008.0,25.0,18.8,-114.9,28.88,13.8,75.0,12.0
1009.0,25.0,19.0,-116.8,28.9,14.0,75.0,12.0
1009.0,25.0,19.0,-117.1,28.9,14.0,75.0,12.0
1009.0,25.0,18.9,-117.4,28.89,13.899999999999999,75.0,12.0
1009.0,25.0,18.8,-117.8,28.88,13.8,75.0,12.0
1009.0,25.0,18.0,-119.5,28.8,13.0,75.0,12.0
1009.0,25.0,17.8,-119.7,28.78,12.8,75.0,12.0
1009.0,25.0,17.6,-119.9,28.76,12.600000000000001,75.0,12.0
1009.0,25.0,17.3,-120.1,28.73,12.3,75.0,12.0
1009.0,25.0,14.9,-121.9,28.99,24.9,75.0,12.0
1010.0,23.0,13.9,-123.3,28.89,23.9,75.0,12.0
1010.0,20.0,13.8,-123.7,28.88,23.8,75.0,12.0
1010.0,20.0,13.7,-124.0,28.87,23.7,75.0,12.0
1010.0,20.0,13.6,-124.2,28.86,23.6,75.0,12.0
1009.0,25.0,13.3,-125.4,28.83,23.3,75.0,12.0
1009.0,25.0,13.3,-125.6,28.83,23.3,75.0,12.0
1009.0,25.0,13.4,-125.7,28.84,23.4,75.0,12.0
1009.0,25.0,13.5,-125.8,28.85,23.5,75.0,12.0
1006.0,33.0,18.6,-107.8,28.86,13.600000000000001,75.0,12.0
1005.0,35.0,19.1,-108.1,28.91,14.100000000000001,75.0,12.0
1004.0,38.0,19.6,-108.3,28.96,14.600000000000001,75.0,12.0
1002.0,40.0,20.0,-108.6,28.5,15.0,75.0,12.0
999.0,45.0,22.4,-110.0,28.74,17.4,75.0,12.0
998.0,45.0,22.9,-110.2,28.79,17.9,75.0,12.0
999.0,43.0,23.4,-110.6,28.84,18.4,75.0,12.0
999.0,40.0,23.9,-110.9,28.89,18.9,75.0,12.0
1001.0,35.0,26.7,-112.2,28.67,21.7,75.0,12.0
1001.0,35.0,27.1,-112.3,28.71,22.1,75.0,12.0
1001.0,33.0,27.4,-112.3,28.74,22.4,75.0,12.0
1001.0,30.0,27.6,-112.4,28.76,22.6,75.0,12.0
1005.0,25.0,28.3,-112.2,28.83,23.3,75.0,12.0
1005.0,25.0,28.3,-111.9,28.83,23.3,75.0,12.0
1000.0,35.0,19.4,-111.4,28.94,14.399999999999999,75.0,12.0
1000.0,35.0,19.5,-111.8,28.95,14.5,75.0,12.0
1000.0,33.0,19.7,-112.2,28.97,14.7,75.0,12.0
1000.0,30.0,19.9,-112.6,28.99,14.899999999999999,75.0,12.0
1006.0,25.0,20.3,-113.9,28.53,15.3,75.0,12.0
1006.0,25.0,20.3,-114.0,28.53,15.3,75.0,12.0
1004.0,28.0,15.1,-104.8,28.51,10.1,75.0,12.0
1003.0,33.0,15.4,-105.6,28.54,10.4,75.0,12.0
1002.0,35.0,15.7,-106.0,28.57,10.7,75.0,12.0
998.0,45.0,17.1,-108.0,28.71,12.100000000000001,75.0,12.0
998.0,45.0,17.4,-108.4,28.74,12.399999999999999,75.0,12.0
998.0,45.0,17.6,-108.8,28.76,12.600000000000001,75.0,12.0
998.0,45.0,17.8,-109.2,28.78,12.8,75.0,12.0
1000.0,40.0,19.1,-110.9,28.91,14.100000000000001,75.0,12.0
1000.0,40.0,19.3,-111.3,28.93,14.3,75.0,12.0
1000.0,40.0,20.5,-113.1,28.55,15.5,75.0,12.0
1000.0,40.0,20.7,-113.1,28.57,15.7,75.0,12.0
1001.0,38.0,20.9,-113.1,28.59,15.899999999999999,75.0,12.0
1002.0,35.0,21.1,-113.1,28.61,16.1,75.0,12.0
1002.0,30.0,22.2,-112.3,28.72,17.2,75.0,12.0
1002.0,30.0,22.7,-111.4,28.77,17.7,75.0,12.0
1000.0,45.0,17.3,-116.8,28.73,12.3,75.0,12.0
1000.0,45.0,17.6,-117.5,28.76,12.600000000000001,75.0,12.0
1000.0,45.0,17.7,-118.1,28.77,12.7,75.0,12.0
1000.0,45.0,17.8,-118.6,28.78,12.8,75.0,12.0
1000.0,45.0,17.9,-120.3,28.79,12.899999999999999,75.0,12.0
1000.0,45.0,17.8,-120.6,28.78,12.8,75.0,12.0
1000.0,45.0,17.8,-120.8,28.78,12.8,75.0,12.0
1000.0,45.0,17.7,-121.1,28.77,12.7,75.0,12.0
989.0,63.0,17.6,-122.0,28.76,12.600000000000001,75.0,12.0
987.0,65.0,17.6,-122.1,28.76,12.600000000000001,75.0,12.0
986.0,68.0,17.6,-122.2,28.76,12.600000000000001,75.0,12.0
984.0,70.0,17.7,-122.2,28.77,12.7,75.0,12.0
990.0,60.0,18.2,-122.1,28.82,13.2,75.0,12.0
996.0,50.0,18.4,-122.1,28.84,13.399999999999999,75.0,12.0
1000.0,45.0,18.5,-122.1,28.85,13.5,75.0,12.0
1003.0,38.0,18.8,-122.3,28.88,13.8,75.0,12.0
1004.0,35.0,18.7,-122.7,28.87,13.7,75.0,12.0
1004.0,35.0,18.7,-122.8,28.87,13.7,75.0,12.0
1007.0,28.0,18.8,-123.4,28.88,13.8,75.0,12.0
1007.0,25.0,18.9,-123.6,28.89,13.899999999999999,75.0,12.0
1007.0,25.0,18.9,-123.8,28.89,13.899999999999999,75.0,12.0
1007.0,25.0,18.8,-124.1,28.88,13.8,75.0,12.0
1008.0,25.0,17.9,-125.3,28.79,12.899999999999999,75.0,12.0
1009.0,25.0,17.6,-125.7,28.76,12.600000000000001,75.0,12.0
1009.0,25.0,17.5,-125.8,28.75,12.5,75.0,12.0
1009.0,25.0,17.0,-126.9,28.7,12.0,75.0,12.0
1009.0,25.0,16.6,-127.3,28.66,11.600000000000001,75.0,12.0
1009.0,25.0,15.8,-127.4,28.58,10.8,75.0,12.0
1009.0,25.0,15.4,-127.2,28.54,10.4,75.0,12.0
1009.0,25.0,15.2,-127.0,28.52,10.2,75.0,12.0
1009.0,25.0,13.9,-125.7,28.89,23.9,75.0,12.0
1009.0,25.0,13.7,-125.4,28.87,23.7,75.0,12.0
1009.0,25.0,13.4,-125.2,28.84,23.4,75.0,12.0
1009.0,25.0,13.1,-124.9,28.81,23.1,75.0,12.0
1010.0,23.0,12.1,-123.8,28.71,22.1,75.0,12.0
1010.0,20.0,12.0,-123.5,28.7,22.0,75.0,12.0
1010.0,20.0,12.0,-123.3,28.7,22.0,75.0,12.0
1010.0,20.0,12.0,-123.0,28.7,22.0,75.0,12.0
1010.0,20.0,11.6,-122.6,28.66,21.6,75.0,12.0
1010.0,20.0,11.6,-122.7,28.66,21.6,75.0,12.0
1010.0,20.0,11.6,-122.8,28.66,21.6,75.0,12.0
1010.0,20.0,11.7,-123.0,28.67,21.7,75.0,12.0
1011.0,15.0,11.8,-123.6,28.68,21.8,75.0,12.0
1010.0,20.0,11.7,-124.0,28.67,21.7,75.0,12.0
1010.0,20.0,11.5,-124.3,28.65,21.5,75.0,12.0
1010.0,20.0,11.5,-124.5,28.65,21.5,75.0,12.0
1010.0,20.0,11.5,-124.8,28.65,21.5,75.0,12.0
1010.0,20.0,11.1,-125.7,28.61,21.1,75.0,12.0
1010.0,23.0,11.0,-126.3,28.6,21.0,75.0,12.0
1009.0,25.0,11.0,-126.6,28.6,21.0,75.0,12.0
1009.0,25.0,10.9,-128.1,28.59,20.9,75.0,12.0
1009.0,25.0,10.9,-128.8,28.59,20.9,75.0,12.0
1009.0,25.0,10.9,-129.2,28.59,20.9,75.0,12.0
1009.0,25.0,11.2,-131.4,28.62,21.2,75.0,12.0
1009.0,25.0,11.2,-131.9,28.62,21.2,75.0,12.0
1009.0,25.0,11.1,-132.4,28.61,21.1,75.0,12.0
1009.0,25.0,11.0,-132.9,28.6,21.0,75.0,12.0
1009.0,25.0,10.8,-135.4,28.58,20.8,75.0,12.0
1009.0,25.0,10.6,-137.0,28.56,20.6,75.0,12.0
1006.0,30.0,13.5,-99.1,28.85,23.5,75.0,12.0
1005.0,35.0,14.1,-100.6,28.91,24.1,75.0,12.0
1000.0,50.0,13.9,-102.1,28.89,23.9,75.0,12.0
1000.0,50.0,13.9,-102.7,28.89,23.9,75.0,12.0
1000.0,50.0,13.9,-103.0,28.89,23.9,75.0,12.0
992.0,58.0,14.3,-104.6,28.93,24.3,75.0,12.0
990.0,60.0,14.4,-104.9,28.94,24.4,75.0,12.0
989.0,60.0,14.5,-105.2,28.95,24.5,75.0,12.0
988.0,60.0,14.6,-105.4,28.96,24.6,75.0,12.0
975.0,83.0,15.4,-108.2,28.54,10.4,75.0,12.0
970.0,90.0,15.5,-108.6,28.55,10.5,75.0,12.0
949.0,113.0,16.3,-110.6,28.63,11.3,75.0,12.0
948.0,110.0,16.8,-111.6,28.68,11.8,75.0,12.0
967.0,78.0,17.8,-112.7,28.78,12.8,75.0,12.0
973.0,70.0,18.3,-112.9,28.83,13.3,75.0,12.0
973.0,70.0,18.6,-113.1,28.86,13.600000000000001,75.0,12.0
969.0,78.0,20.4,-113.5,28.54,15.399999999999999,75.0,12.0
968.0,80.0,20.9,-113.5,28.59,15.899999999999999,75.0,12.0
964.0,85.0,21.4,-113.3,28.64,16.4,75.0,12.0
960.0,90.0,21.8,-113.2,28.68,16.8,75.0,12.0
956.0,93.0,24.1,-111.8,28.91,19.1,75.0,12.0
957.0,90.0,24.6,-111.4,28.96,19.6,75.0,12.0
959.0,85.0,25.2,-110.8,28.52,20.2,75.0,12.0
961.0,80.0,25.8,-110.2,28.58,20.8,75.0,12.0
1006.0,25.0,11.7,-89.4,28.67,21.7,75.0,12.0
1006.0,28.0,11.8,-90.0,28.68,21.8,75.0,12.0
1000.0,45.0,12.9,-94.3,28.79,22.9,75.0,12.0
1000.0,45.0,13.3,-95.1,28.83,23.3,75.0,12.0
1000.0,45.0,13.5,-95.4,28.85,23.5,75.0,12.0
997.0,50.0,14.6,-97.4,28.96,24.6,75.0,12.0
997.0,50.0,15.0,-97.9,28.5,10.0,75.0,12.0
997.0,50.0,15.4,-98.4,28.54,10.4,75.0,12.0
997.0,50.0,15.7,-98.9,28.57,10.7,75.0,12.0
1001.0,48.0,17.1,-101.8,28.71,12.100000000000001,75.0,12.0
1004.0,45.0,17.4,-102.3,28.74,12.399999999999999,75.0,12.0
1005.0,40.0,17.6,-102.9,28.76,12.600000000000001,75.0,12.0
1005.0,35.0,17.8,-103.5,28.78,12.8,75.0,12.0
1007.0,25.0,18.5,-104.4,28.85,13.5,75.0,12.0
1007.0,25.0,18.6,-104.5,28.86,13.600000000000001,75.0,12.0
1007.0,25.0,18.5,-104.6,28.85,13.5,75.0,12.0
1007.0,25.0,18.4,-104.6,28.84,13.399999999999999,75.0,12.0
1008.0,30.0,13.4,-105.0,28.84,23.4,75.0,12.0
1008.0,30.0,14.1,-105.2,28.91,24.1,75.0,12.0
1008.0,30.0,14.4,-105.4,28.94,24.4,75.0,12.0
1008.0,28.0,15.5,-106.7,28.55,10.5,75.0,12.0
1008.0,25.0,15.7,-106.9,28.57,10.7,75.0,12.0
1009.0,25.0,16.1,-107.5,28.61,11.100000000000001,75.0,12.0
1009.0,25.0,16.7,-109.3,28.67,11.7,75.0,12.0
1009.0,25.0,16.7,-109.7,28.67,11.7,75.0,12.0
1009.0,25.0,16.6,-110.1,28.66,11.600000000000001,75.0,12.0
1009.0,25.0,16.6,-110.4,28.66,11.600000000000001,75.0,12.0
1010.0,23.0,16.3,-112.2,28.63,11.3,75.0,12.0
1010.0,20.0,16.1,-113.2,28.61,11.100000000000001,75.0,12.0
1010.0,20.0,16.1,-113.8,28.61,11.100000000000001,75.0,12.0
1010.0,20.0,16.0,-116.8,28.6,11.0,75.0,12.0
1007.0,28.0,8.4,-108.7,28.84,18.4,75.0,12.0
1006.0,30.0,8.6,-109.3,28.86,18.6,75.0,12.0
1006.0,33.0,8.6,-109.9,28.86,18.6,75.0,12.0
1005.0,35.0,8.7,-110.5,28.87,18.7,75.0,12.0
1004.0,38.0,8.8,-113.3,28.88,18.8,75.0,12.0
1004.0,35.0,9.2,-114.4,28.92,19.2,75.0,12.0
1004.0,35.0,9.4,-114.9,28.94,19.4,75.0,12.0
1004.0,38.0,9.7,-117.7,28.97,19.7,75.0,12.0
1005.0,33.0,9.7,-118.8,28.97,19.7,75.0,12.0
1005.0,30.0,9.7,-119.4,28.97,19.7,75.0,12.0
926.0,130.0,14.5,-179.8,28.95,24.5,75.0,12.0
1006.0,15.0,1.9,179.0,28.69,11.9,75.0,12.0
1006.0,15.0,1.9,178.8,28.69,11.9,75.0,12.0
1006.0,15.0,1.8,178.5,28.68,11.8,75.0,12.0
1006.0,15.0,1.7,178.2,28.67,11.7,75.0,12.0
1006.0,15.0,1.6,178.0,28.66,11.6,75.0,12.0
1006.0,15.0,1.6,177.2,28.66,11.6,75.0,12.0
1006.0,15.0,1.8,177.0,28.68,11.8,75.0,12.0
1006.0,15.0,1.9,176.8,28.69,11.9,75.0,12.0
1006.0,15.0,2.1,176.5,28.71,12.1,75.0,12.0
1006.0,15.0,2.4,176.2,28.74,12.4,75.0,12.0
1003.0,23.0,4.6,172.4,28.96,14.6,75.0,12.0
1002.0,25.0,5.1,171.5,28.51,15.1,75.0,12.0
1002.0,25.0,5.4,170.6,28.54,15.4,75.0,12.0
1002.0,25.0,5.7,169.7,28.57,15.7,75.0,12.0
1002.0,25.0,5.5,166.2,28.55,15.5,75.0,12.0
1002.0,25.0,5.4,165.6,28.54,15.4,75.0,12.0
1003.0,25.0,5.7,164.8,28.57,15.7,75.0,12.0
1004.0,25.0,6.0,164.1,28.6,16.0,75.0,12.0
1000.0,30.0,7.6,160.0,28.76,17.6,75.0,12.0
1000.0,30.0,7.9,159.2,28.79,17.9,75.0,12.0
1000.0,30.0,8.2,158.5,28.82,18.2,75.0,12.0
1000.0,30.0,8.5,157.8,28.85,18.5,75.0,12.0
999.0,33.0,9.7,153.8,28.97,19.7,75.0,12.0
997.0,35.0,10.0,153.0,28.5,20.0,75.0,12.0
997.0,35.0,10.4,152.2,28.54,20.4,75.0,12.0
997.0,35.0,10.9,151.4,28.59,20.9,75.0,12.0
996.0,38.0,12.8,147.9,28.78,22.8,75.0,12.0
994.0,40.0,13.2,147.4,28.82,23.2,75.0,12.0
993.0,43.0,13.4,147.1,28.84,23.4,75.0,12.0
991.0,45.0,13.7,146.7,28.87,23.7,75.0,12.0
987.0,50.0,14.4,147.8,28.94,24.4,75.0,12.0
987.0,50.0,14.5,148.2,28.95,24.5,75.0,12.0
989.0,48.0,14.7,148.6,28.97,24.7,75.0,12.0
991.0,45.0,14.8,149.0,28.98,24.8,75.0,12.0
994.0,40.0,16.4,151.4,28.64,11.399999999999999,75.0,12.0
994.0,40.0,16.7,152.0,28.67,11.7,75.0,12.0
996.0,38.0,16.9,152.7,28.69,11.899999999999999,75.0,12.0
997.0,35.0,17.2,153.4,28.72,12.2,75.0,12.0
1001.0,28.0,18.1,156.1,28.81,13.100000000000001,75.0,12.0
1002.0,25.0,18.2,156.3,28.82,13.2,75.0,12.0
1003.0,23.0,18.3,156.4,28.83,13.3,75.0,12.0
1004.0,20.0,18.4,156.6,28.84,13.399999999999999,75.0,12.0
1001.0,28.0,3.5,160.1,28.85,13.5,75.0,12.0
1000.0,30.0,3.7,160.2,28.87,13.7,75.0,12.0
999.0,33.0,3.9,160.3,28.89,13.9,75.0,12.0
997.0,35.0,4.1,160.4,28.91,14.1,75.0,12.0
996.0,38.0,6.0,160.5,28.6,16.0,75.0,12.0
994.0,40.0,6.5,160.4,28.65,16.5,75.0,12.0
994.0,40.0,7.0,160.1,28.7,17.0,75.0,12.0
994.0,40.0,7.5,159.7,28.75,17.5,75.0,12.0
994.0,40.0,8.8,157.9,28.88,18.8,75.0,12.0
994.0,40.0,9.1,157.6,28.91,19.1,75.0,12.0
994.0,40.0,9.3,157.2,28.93,19.3,75.0,12.0
994.0,40.0,9.6,156.8,28.96,19.6,75.0,12.0
986.0,53.0,10.2,154.8,28.52,20.2,75.0,12.0
984.0,55.0,10.2,154.3,28.52,20.2,75.0,12.0
984.0,55.0,10.2,153.9,28.52,20.2,75.0,12.0
984.0,55.0,10.2,153.4,28.52,20.2,75.0,12.0
976.0,65.0,10.1,151.1,28.51,20.1,75.0,12.0
976.0,65.0,10.1,150.7,28.51,20.1,75.0,12.0
976.0,65.0,10.1,150.2,28.51,20.1,75.0,12.0
976.0,65.0,10.2,149.8,28.52,20.2,75.0,12.0
961.0,83.0,10.4,147.8,28.54,20.4,75.0,12.0
954.0,90.0,10.4,147.3,28.54,20.4,75.0,12.0
949.0,95.0,10.5,146.8,28.55,20.5,75.0,12.0
944.0,100.0,10.6,146.3,28.56,20.6,75.0,12.0
939.0,105.0,10.6,145.8,28.56,20.6,75.0,12.0
919.0,123.0,11.2,143.2,28.62,21.2,75.0,12.0
916.0,125.0,11.4,142.5,28.64,21.4,75.0,12.0
916.0,125.0,11.7,141.8,28.67,21.7,75.0,12.0
916.0,125.0,11.9,141.1,28.69,21.9,75.0,12.0
916.0,125.0,12.1,140.3,28.71,22.1,75.0,12.0
907.0,133.0,12.8,137.7,28.78,22.8,75.0,12.0
904.0,135.0,13.0,137.0,28.8,23.0,75.0,12.0
904.0,135.0,13.2,136.6,28.82,23.2,75.0,12.0
904.0,135.0,13.4,136.1,28.84,23.4,75.0,12.0
907.0,133.0,13.6,135.6,28.86,23.6,75.0,12.0
933.0,115.0,14.0,134.0,28.9,24.0,75.0,12.0
938.0,115.0,14.0,133.6,28.9,24.0,75.0,12.0
938.0,113.0,13.8,133.2,28.88,23.8,75.0,12.0
938.0,110.0,13.7,132.8,28.87,23.7,75.0,12.0
938.0,108.0,13.6,132.4,28.86,23.6,75.0,12.0
933.0,110.0,13.5,130.9,28.85,23.5,75.0,12.0
927.0,115.0,13.5,130.6,28.85,23.5,75.0,12.0
922.0,120.0,13.5,130.3,28.85,23.5,75.0,12.0
916.0,125.0,13.5,130.0,28.85,23.5,75.0,12.0
916.0,125.0,13.6,129.8,28.86,23.6,75.0,12.0
927.0,115.0,14.2,128.7,28.92,24.2,75.0,12.0
933.0,110.0,14.4,128.5,28.94,24.4,75.0,12.0
938.0,105.0,14.7,128.3,28.97,24.7,75.0,12.0
944.0,100.0,14.9,128.1,28.99,24.9,75.0,12.0
958.0,85.0,16.2,126.6,28.62,11.2,75.0,12.0
954.0,90.0,16.4,126.3,28.64,11.399999999999999,75.0,12.0
949.0,95.0,16.7,126.1,28.67,11.7,75.0,12.0
947.0,98.0,16.9,125.8,28.69,11.899999999999999,75.0,12.0
944.0,100.0,18.4,124.6,28.84,13.399999999999999,75.0,12.0
947.0,98.0,18.5,124.4,28.85,13.5,75.0,12.0
949.0,95.0,18.7,124.3,28.87,13.7,75.0,12.0
954.0,90.0,18.9,124.3,28.89,13.899999999999999,75.0,12.0
984.0,55.0,19.9,123.5,28.99,14.899999999999999,75.0,12.0
986.0,53.0,20.1,123.3,28.51,15.100000000000001,75.0,12.0
987.0,50.0,20.3,123.2,28.53,15.3,75.0,12.0
989.0,48.0,20.5,123.2,28.55,15.5,75.0,12.0
997.0,35.0,20.8,122.5,28.58,15.8,75.0,12.0
997.0,35.0,20.9,122.5,28.59,15.899999999999999,75.0,12.0
997.0,35.0,20.9,122.4,28.59,15.899999999999999,75.0,12.0
997.0,35.0,21.0,122.4,28.6,16.0,75.0,12.0
997.0,35.0,22.1,122.8,28.71,17.1,75.0,12.0
997.0,35.0,22.6,123.0,28.76,17.6,75.0,12.0
997.0,35.0,23.0,123.2,28.8,18.0,75.0,12.0
997.0,35.0,23.9,123.6,28.89,18.9,75.0,12.0
997.0,35.0,27.9,126.3,28.79,22.9,75.0,12.0
997.0,35.0,29.0,127.3,28.9,24.0,75.0,12.0
999.0,33.0,30.6,128.7,28.56,10.600000000000001,75.0,12.0
1000.0,30.0,32.1,130.1,28.71,12.100000000000001,75.0,12.0
1002.0,25.0,7.5,130.7,28.75,17.5,75.0,12.0
1002.0,25.0,7.6,130.6,28.76,17.6,75.0,12.0
1002.0,25.0,7.8,130.3,28.78,17.8,75.0,12.0
1002.0,25.0,7.8,130.2,28.78,17.8,75.0,12.0
1001.0,28.0,7.8,130.1,28.78,17.8,75.0,12.0
1000.0,30.0,7.9,130.0,28.79,17.9,75.0,12.0
1000.0,30.0,8.0,130.0,28.8,18.0,75.0,12.0
1000.0,30.0,8.8,130.7,28.88,18.8,75.0,12.0
1000.0,30.0,9.1,130.9,28.91,19.1,75.0,12.0
1000.0,30.0,9.3,131.1,28.93,19.3,75.0,12.0
1000.0,30.0,9.6,131.2,28.96,19.6,75.0,12.0
1000.0,30.0,9.9,131.2,28.99,19.9,75.0,12.0
1000.0,30.0,11.2,131.1,28.62,21.2,75.0,12.0
1000.0,30.0,11.6,131.0,28.66,21.6,75.0,12.0
1001.0,28.0,12.1,130.9,28.71,22.1,75.0,12.0
1002.0,25.0,12.6,130.8,28.76,22.6,75.0,12.0
1002.0,25.0,13.1,130.6,28.81,23.1,75.0,12.0
1006.0,15.0,4.6,148.2,28.96,14.6,75.0,12.0
1003.0,23.0,6.0,149.2,28.6,16.0,75.0,12.0
1002.0,25.0,6.3,149.3,28.63,16.3,75.0,12.0
1000.0,30.0,6.5,149.6,28.65,16.5,75.0,12.0
997.0,35.0,6.7,149.8,28.67,16.7,75.0,12.0
997.0,35.0,7.1,150.9,28.71,17.1,75.0,12.0
997.0,35.0,7.3,151.0,28.73,17.3,75.0,12.0
997.0,35.0,7.5,150.9,28.75,17.5,75.0,12.0
997.0,35.0,7.7,150.8,28.77,17.7,75.0,12.0
984.0,55.0,8.6,150.4,28.86,18.6,75.0,12.0
984.0,55.0,8.8,150.3,28.88,18.8,75.0,12.0
984.0,55.0,9.1,150.4,28.91,19.1,75.0,12.0
984.0,55.0,9.4,150.6,28.94,19.4,75.0,12.0
978.0,63.0,11.4,151.1,28.64,21.4,75.0,12.0
976.0,65.0,11.8,151.1,28.68,21.8,75.0,12.0
967.0,75.0,14.6,151.2,28.96,24.6,75.0,12.0
949.0,95.0,15.6,151.2,28.56,10.6,75.0,12.0
944.0,100.0,16.0,151.3,28.6,11.0,75.0,12.0
927.0,115.0,21.7,154.2,28.67,16.7,75.0,12.0
927.0,115.0,22.4,154.7,28.74,17.4,75.0,12.0
941.0,103.0,23.1,155.1,28.81,18.1,75.0,12.0
954.0,90.0,23.8,155.6,28.88,18.8,75.0,12.0
976.0,65.0,27.6,158.1,28.76,22.6,75.0,12.0
976.0,65.0,28.3,158.6,28.83,23.3,75.0,12.0
980.0,60.0,29.0,159.5,28.9,24.0,75.0,12.0
984.0,55.0,29.7,160.4,28.97,24.7,75.0,12.0
984.0,55.0,30.4,161.4,28.54,10.399999999999999,75.0,12.0
991.0,45.0,32.4,164.5,28.74,12.399999999999999,75.0,12.0
991.0,45.0,33.1,165.7,28.81,13.100000000000001,75.0,12.0
991.0,45.0,33.9,166.9,28.89,13.899999999999999,75.0,12.0
991.0,45.0,35.0,168.9,28.5,15.0,75.0,12.0
991.0,45.0,36.1,170.9,28.61,16.1,75.0,12.0
1002.0,23.0,16.4,118.7,28.64,11.399999999999999,75.0,12.0
1000.0,25.0,16.5,118.6,28.65,11.5,75.0,12.0
1000.0,28.0,16.5,118.4,28.65,11.5,75.0,12.0
1000.0,30.0,16.5,118.3,28.65,11.5,75.0,12.0
1000.0,30.0,16.4,118.2,28.64,11.399999999999999,75.0,12.0
991.0,45.0,16.0,118.4,28.6,11.0,75.0,12.0
991.0,45.0,16.1,118.6,28.61,11.100000000000001,75.0,12.0
991.0,45.0,16.1,118.7,28.61,11.100000000000001,75.0,12.0
991.0,45.0,16.1,118.8,28.61,11.100000000000001,75.0,12.0
984.0,55.0,16.1,119.8,28.61,11.100000000000001,75.0,12.0
988.0,50.0,16.1,120.3,28.61,11.100000000000001,75.0,12.0
991.0,45.0,16.1,120.8,28.61,11.100000000000001,75.0,12.0
994.0,40.0,16.2,121.3,28.62,11.2,75.0,12.0
1000.0,30.0,17.4,123.7,28.74,12.399999999999999,75.0,12.0
1000.0,30.0,18.1,123.8,28.81,13.100000000000001,75.0,12.0
1000.0,30.0,18.8,124.0,28.88,13.8,75.0,12.0
1000.0,30.0,19.2,124.5,28.92,14.2,75.0,12.0
999.0,33.0,21.3,125.9,28.63,16.3,75.0,12.0
997.0,35.0,21.8,126.3,28.68,16.8,75.0,12.0
997.0,35.0,22.2,126.8,28.72,17.2,75.0,12.0
997.0,35.0,22.6,127.2,28.76,17.6,75.0,12.0
994.0,40.0,23.0,127.7,28.8,18.0,75.0,12.0
984.0,55.0,25.1,129.7,28.51,20.1,75.0,12.0
984.0,55.0,25.8,130.1,28.58,20.8,75.0,12.0
984.0,55.0,26.8,130.6,28.68,21.8,75.0,12.0
984.0,55.0,27.8,131.0,28.78,22.8,75.0,12.0
1002.0,25.0,17.1,117.1,28.71,12.100000000000001,75.0,12.0
1002.0,25.0,17.1,117.0,28.71,12.100000000000001,75.0,12.0
1000.0,30.0,17.6,117.2,28.76,12.600000000000001,75.0,12.0
999.0,33.0,17.8,117.3,28.78,12.8,75.0,12.0
997.0,35.0,17.9,117.5,28.79,12.899999999999999,75.0,12.0
996.0,38.0,18.2,117.8,28.82,13.2,75.0,12.0
991.0,45.0,20.0,119.6,28.5,15.0,75.0,12.0
991.0,45.0,20.4,120.2,28.54,15.399999999999999,75.0,12.0
991.0,45.0,20.8,120.8,28.58,15.8,75.0,12.0
991.0,45.0,21.1,121.4,28.61,16.1,75.0,12.0
994.0,40.0,23.0,125.3,28.8,18.0,75.0,12.0
996.0,38.0,23.6,126.6,28.86,18.6,75.0,12.0
997.0,35.0,24.1,127.9,28.91,19.1,75.0,12.0
999.0,33.0,24.9,129.4,28.99,19.9,75.0,12.0
1002.0,25.0,28.4,135.3,28.84,23.4,75.0,12.0
1002.0,25.0,29.4,136.8,28.94,24.4,75.0,12.0
1006.0,15.0,8.2,153.8,28.82,18.2,75.0,12.0
1006.0,15.0,8.2,151.1,28.82,18.2,75.0,12.0
1006.0,15.0,8.2,150.8,28.82,18.2,75.0,12.0
1006.0,15.0,8.2,150.5,28.82,18.2,75.0,12.0
1006.0,15.0,8.3,150.2,28.83,18.3,75.0,12.0
1006.0,15.0,8.7,148.4,28.87,18.7,75.0,12.0
1006.0,15.0,8.8,147.9,28.88,18.8,75.0,12.0
1004.0,20.0,9.2,145.0,28.92,19.2,75.0,12.0
1004.0,20.0,9.4,144.6,28.94,19.4,75.0,12.0
1004.0,20.0,9.4,144.2,28.94,19.4,75.0,12.0
1004.0,20.0,9.5,143.8,28.95,19.5,75.0,12.0
1004.0,20.0,9.6,143.4,28.96,19.6,75.0,12.0
1004.0,20.0,9.6,141.2,28.96,19.6,75.0,12.0
1004.0,20.0,9.6,140.1,28.96,19.6,75.0,12.0
1004.0,20.0,9.6,139.5,28.96,19.6,75.0,12.0
1004.0,20.0,9.5,138.9,28.95,19.5,75.0,12.0
1002.0,25.0,9.4,136.6,28.94,19.4,75.0,12.0
1002.0,25.0,9.5,135.9,28.95,19.5,75.0,12.0
1001.0,28.0,9.7,135.3,28.97,19.7,75.0,12.0
999.0,33.0,10.6,132.3,28.56,20.6,75.0,12.0
994.0,40.0,11.1,131.1,28.61,21.1,75.0,12.0
991.0,45.0,11.3,130.4,28.63,21.3,75.0,12.0
991.0,45.0,11.4,129.8,28.64,21.4,75.0,12.0
987.0,50.0,11.4,127.4,28.64,21.4,75.0,12.0
989.0,48.0,11.7,127.2,28.67,21.7,75.0,12.0
991.0,45.0,12.0,127.0,28.7,22.0,75.0,12.0
991.0,45.0,12.2,126.8,28.72,22.2,75.0,12.0
991.0,45.0,13.8,126.2,28.88,23.8,75.0,12.0
989.0,48.0,14.1,126.1,28.91,24.1,75.0,12.0
987.0,50.0,14.4,125.9,28.94,24.4,75.0,12.0
986.0,53.0,14.7,125.7,28.97,24.7,75.0,12.0
980.0,60.0,16.5,124.5,28.65,11.5,75.0,12.0
980.0,60.0,16.9,124.2,28.69,11.899999999999999,75.0,12.0
980.0,60.0,17.3,124.0,28.73,12.3,75.0,12.0
980.0,60.0,17.7,123.7,28.77,12.7,75.0,12.0
967.0,75.0,20.0,123.1,28.5,15.0,75.0,12.0
967.0,75.0,20.4,123.2,28.54,15.399999999999999,75.0,12.0
967.0,75.0,20.8,123.2,28.58,15.8,75.0,12.0
967.0,75.0,21.5,123.4,28.65,16.5,75.0,12.0
944.0,100.0,25.2,123.9,28.52,20.2,75.0,12.0
936.0,108.0,25.7,124.2,28.57,20.7,75.0,12.0
965.0,78.0,31.4,127.8,28.64,11.399999999999999,75.0,12.0
972.0,70.0,32.5,128.5,28.75,12.5,75.0,12.0
974.0,68.0,34.0,129.3,28.9,14.0,75.0,12.0
976.0,65.0,35.4,130.1,28.54,15.399999999999999,75.0,12.0
980.0,60.0,36.4,131.3,28.64,16.4,75.0,12.0
991.0,45.0,39.9,136.1,28.99,19.9,75.0,12.0
991.0,45.0,40.5,137.2,28.55,20.5,75.0,12.0
1007.0,15.0,10.4,135.1,28.54,20.4,75.0,12.0
1007.0,15.0,10.4,134.5,28.54,20.4,75.0,12.0
1004.0,20.0,10.2,133.3,28.52,20.2,75.0,12.0
1003.0,23.0,10.1,132.7,28.51,20.1,75.0,12.0
1001.0,28.0,10.1,130.4,28.51,20.1,75.0,12.0
1000.0,30.0,10.1,129.8,28.51,20.1,75.0,12.0
1000.0,30.0,10.2,129.3,28.52,20.2,75.0,12.0
1000.0,30.0,10.3,128.8,28.53,20.3,75.0,12.0
1000.0,30.0,10.4,128.3,28.54,20.4,75.0,12.0
991.0,45.0,11.0,125.7,28.6,21.0,75.0,12.0
993.0,43.0,11.0,125.1,28.6,21.0,75.0,12.0
994.0,40.0,11.0,124.5,28.6,21.0,75.0,12.0
994.0,40.0,11.2,123.8,28.62,21.2,75.0,12.0
991.0,45.0,11.8,120.5,28.68,21.8,75.0,12.0
991.0,45.0,12.1,120.0,28.71,22.1,75.0,12.0
991.0,45.0,12.4,119.4,28.74,22.4,75.0,12.0
991.0,45.0,12.7,119.0,28.77,22.7,75.0,12.0
991.0,45.0,13.7,117.6,28.87,23.7,75.0,12.0
991.0,45.0,13.9,117.3,28.89,23.9,75.0,12.0
989.0,45.0,14.2,117.0,28.92,24.2,75.0,12.0
987.0,45.0,14.5,116.7,28.95,24.5,75.0,12.0
987.0,45.0,14.8,116.5,28.98,24.8,75.0,12.0
984.0,55.0,16.0,115.3,28.6,11.0,75.0,12.0
980.0,60.0,16.3,115.0,28.63,11.3,75.0,12.0
978.0,63.0,16.6,114.7,28.66,11.600000000000001,75.0,12.0
976.0,65.0,17.0,114.3,28.7,12.0,75.0,12.0
976.0,65.0,17.3,113.9,28.73,12.3,75.0,12.0
976.0,65.0,18.1,112.4,28.81,13.100000000000001,75.0,12.0
976.0,65.0,18.3,112.0,28.83,13.3,75.0,12.0
980.0,60.0,18.7,111.1,28.87,13.7,75.0,12.0
982.0,58.0,18.8,110.5,28.88,13.8,75.0,12.0
980.0,60.0,18.9,107.3,28.89,13.899999999999999,75.0,12.0
982.0,58.0,19.4,106.8,28.94,14.399999999999999,75.0,12.0
984.0,55.0,19.8,106.4,28.98,14.8,75.0,12.0
989.0,48.0,20.0,105.7,28.5,15.0,75.0,12.0
1006.0,15.0,3.6,148.9,28.86,13.6,75.0,12.0
1006.0,18.0,4.0,146.1,28.9,14.0,75.0,12.0
1006.0,20.0,4.3,145.6,28.93,14.3,75.0,12.0
1005.0,20.0,4.7,145.2,28.97,14.7,75.0,12.0
1004.0,20.0,5.1,144.9,28.51,15.1,75.0,12.0
1004.0,20.0,5.4,144.5,28.54,15.4,75.0,12.0
1001.0,28.0,7.0,142.7,28.7,17.0,75.0,12.0
1000.0,30.0,7.4,142.2,28.74,17.4,75.0,12.0
1000.0,30.0,7.8,141.6,28.78,17.8,75.0,12.0
1000.0,30.0,8.2,141.1,28.82,18.2,75.0,12.0
997.0,35.0,8.5,140.6,28.85,18.5,75.0,12.0
989.0,48.0,9.5,139.0,28.95,19.5,75.0,12.0
987.0,50.0,9.7,138.6,28.97,19.7,75.0,12.0
986.0,53.0,9.8,138.1,28.98,19.8,75.0,12.0
984.0,55.0,9.9,137.7,28.99,19.9,75.0,12.0
976.0,65.0,10.4,135.7,28.54,20.4,75.0,12.0
976.0,65.0,10.4,135.3,28.54,20.4,75.0,12.0
976.0,70.0,10.4,134.9,28.54,20.4,75.0,12.0
967.0,80.0,10.6,134.2,28.56,20.6,75.0,12.0
949.0,95.0,11.3,132.8,28.63,21.3,75.0,12.0
944.0,100.0,11.6,132.4,28.66,21.6,75.0,12.0
939.0,105.0,11.8,131.9,28.68,21.8,75.0,12.0
933.0,110.0,12.1,131.5,28.71,22.1,75.0,12.0
922.0,120.0,12.3,131.0,28.73,22.3,75.0,12.0
910.0,130.0,13.4,128.8,28.84,23.4,75.0,12.0
910.0,130.0,13.7,128.2,28.87,23.7,75.0,12.0
916.0,125.0,14.3,127.0,28.93,24.3,75.0,12.0
916.0,125.0,14.7,126.4,28.97,24.7,75.0,12.0
927.0,115.0,16.4,123.0,28.64,11.399999999999999,75.0,12.0
941.0,103.0,16.7,122.2,28.67,11.7,75.0,12.0
954.0,90.0,17.0,121.3,28.7,12.0,75.0,12.0
959.0,85.0,17.3,120.5,28.73,12.3,75.0,12.0
954.0,90.0,18.5,116.8,28.85,13.5,75.0,12.0
954.0,90.0,18.7,116.1,28.87,13.7,75.0,12.0
954.0,90.0,18.9,115.4,28.89,13.899999999999999,75.0,12.0
958.0,85.0,21.2,111.9,28.62,16.2,75.0,12.0
963.0,80.0,21.6,111.1,28.66,16.6,75.0,12.0
967.0,75.0,22.0,110.2,28.7,17.0,75.0,12.0
976.0,65.0,22.4,109.6,28.74,17.4,75.0,12.0
994.0,40.0,23.5,106.1,28.85,18.5,75.0,12.0
996.0,38.0,23.6,105.4,28.86,18.6,75.0,12.0
1004.0,20.0,12.8,129.3,28.78,22.8,75.0,12.0
1004.0,20.0,13.4,128.7,28.84,23.4,75.0,12.0
1004.0,20.0,13.9,128.1,28.89,23.9,75.0,12.0
1004.0,20.0,14.4,127.5,28.94,24.4,75.0,12.0
1003.0,23.0,15.9,126.3,28.59,10.9,75.0,12.0
1002.0,25.0,16.1,126.2,28.61,11.100000000000001,75.0,12.0
1002.0,25.0,16.3,126.1,28.63,11.3,75.0,12.0
1002.0,25.0,16.5,126.0,28.65,11.5,75.0,12.0
1001.0,28.0,16.7,126.0,28.67,11.7,75.0,12.0
997.0,35.0,18.3,125.6,28.83,13.3,75.0,12.0
994.0,40.0,18.6,125.2,28.86,13.600000000000001,75.0,12.0
991.0,45.0,18.9,124.9,28.89,13.899999999999999,75.0,12.0
991.0,45.0,19.2,124.5,28.92,14.2,75.0,12.0
987.0,50.0,20.7,122.1,28.57,15.7,75.0,12.0
982.0,58.0,21.0,121.8,28.6,16.0,75.0,12.0
976.0,65.0,21.4,121.4,28.64,16.4,75.0,12.0
976.0,65.0,21.9,121.2,28.69,16.9,75.0,12.0
980.0,60.0,23.3,119.7,28.83,18.3,75.0,12.0
980.0,60.0,23.7,119.4,28.87,18.7,75.0,12.0
980.0,60.0,24.1,119.1,28.91,19.1,75.0,12.0
982.0,58.0,24.5,118.8,28.95,19.5,75.0,12.0
1000.0,30.0,25.5,117.4,28.55,20.5,75.0,12.0
1006.0,15.0,8.6,147.1,28.86,18.6,75.0,12.0
1006.0,15.0,8.6,146.7,28.86,18.6,75.0,12.0
1006.0,15.0,8.6,146.3,28.86,18.6,75.0,12.0
1005.0,18.0,8.6,145.8,28.86,18.6,75.0,12.0
1003.0,23.0,9.4,143.9,28.94,19.4,75.0,12.0
1002.0,25.0,9.7,143.5,28.97,19.7,75.0,12.0
1002.0,25.0,9.9,142.9,28.99,19.9,75.0,12.0
1002.0,25.0,10.2,142.4,28.52,20.2,75.0,12.0
1002.0,25.0,10.6,141.9,28.56,20.6,75.0,12.0
1001.0,28.0,12.0,140.3,28.7,22.0,75.0,12.0
999.0,33.0,12.8,139.5,28.78,22.8,75.0,12.0
997.0,35.0,13.2,139.1,28.82,23.2,75.0,12.0
994.0,40.0,13.6,138.8,28.86,23.6,75.0,12.0
988.0,50.0,15.3,137.2,28.53,10.3,75.0,12.0
984.0,55.0,15.7,136.6,28.57,10.7,75.0,12.0
984.0,55.0,16.0,135.9,28.6,11.0,75.0,12.0
984.0,55.0,16.4,135.3,28.64,11.399999999999999,75.0,12.0
984.0,55.0,16.8,134.7,28.68,11.8,75.0,12.0
970.0,73.0,18.0,132.8,28.8,13.0,75.0,12.0
963.0,80.0,18.3,132.3,28.83,13.3,75.0,12.0
963.0,80.0,18.6,131.9,28.86,13.600000000000001,75.0,12.0
963.0,80.0,18.8,131.5,28.88,13.8,75.0,12.0
961.0,83.0,19.1,131.2,28.91,14.100000000000001,75.0,12.0
949.0,95.0,21.7,129.3,28.67,16.7,75.0,12.0
949.0,95.0,22.3,129.1,28.73,17.3,75.0,12.0
949.0,95.0,22.9,128.8,28.79,17.9,75.0,12.0
949.0,95.0,23.5,128.7,28.85,18.5,75.0,12.0
933.0,110.0,26.5,128.2,28.65,21.5,75.0,12.0
933.0,110.0,26.9,128.3,28.69,21.9,75.0,12.0
933.0,110.0,27.4,128.5,28.74,22.4,75.0,12.0
933.0,110.0,27.9,129.0,28.79,22.9,75.0,12.0
941.0,103.0,30.0,131.4,28.5,10.0,75.0,12.0
944.0,100.0,30.7,132.0,28.57,10.7,75.0,12.0
949.0,95.0,31.4,132.5,28.64,11.399999999999999,75.0,12.0
954.0,90.0,32.0,133.0,28.7,12.0,75.0,12.0
954.0,90.0,32.6,133.5,28.76,12.600000000000001,75.0,12.0
970.0,73.0,35.0,135.6,28.5,15.0,75.0,12.0
1004.0,20.0,8.9,151.9,28.89,18.9,75.0,12.0
1002.0,25.0,10.6,149.2,28.56,20.6,75.0,12.0
1002.0,25.0,13.5,145.4,28.85,23.5,75.0,12.0
1002.0,25.0,13.7,144.8,28.87,23.7,75.0,12.0
1002.0,25.0,13.9,144.2,28.89,23.9,75.0,12.0
1002.0,25.0,14.2,143.7,28.92,24.2,75.0,12.0
1002.0,25.0,14.7,143.2,28.97,24.7,75.0,12.0
1002.0,25.0,16.6,141.4,28.66,11.600000000000001,75.0,12.0
1002.0,25.0,17.6,139.1,28.76,12.600000000000001,75.0,12.0
1002.0,25.0,18.9,136.9,28.89,13.899999999999999,75.0,12.0
1000.0,30.0,20.1,133.1,28.51,15.100000000000001,75.0,12.0
967.0,75.0,18.8,114.7,28.88,13.8,75.0,12.0
963.0,80.0,20.4,110.0,28.54,15.399999999999999,75.0,12.0
954.0,90.0,20.8,108.9,28.58,15.8,75.0,12.0
954.0,90.0,21.0,108.3,28.6,16.0,75.0,12.0
1002.0,25.0,20.8,125.4,28.58,15.8,75.0,12.0
1001.0,28.0,21.8,125.1,28.68,16.8,75.0,12.0
1000.0,30.0,22.8,124.8,28.78,17.8,75.0,12.0
1000.0,30.0,23.6,124.1,28.86,18.6,75.0,12.0
1002.0,25.0,18.6,138.2,28.86,13.600000000000001,75.0,12.0
1002.0,25.0,18.3,138.1,28.83,13.3,75.0,12.0
1001.0,28.0,17.9,137.8,28.79,12.899999999999999,75.0,12.0
1000.0,30.0,17.5,137.6,28.75,12.5,75.0,12.0
999.0,33.0,17.1,137.1,28.71,12.100000000000001,75.0,12.0
997.0,35.0,16.3,135.3,28.63,11.3,75.0,12.0
997.0,35.0,16.1,135.1,28.61,11.100000000000001,75.0,12.0
994.0,40.0,15.9,134.7,28.59,10.9,75.0,12.0
972.0,70.0,16.3,134.3,28.63,11.3,75.0,12.0
970.0,73.0,16.5,134.0,28.65,11.5,75.0,12.0
967.0,75.0,16.7,133.7,28.67,11.7,75.0,12.0
967.0,75.0,17.1,133.4,28.71,12.100000000000001,75.0,12.0
963.0,80.0,19.2,131.1,28.92,14.2,75.0,12.0
959.0,85.0,19.5,130.3,28.95,14.5,75.0,12.0
952.0,93.0,20.0,128.8,28.5,15.0,75.0,12.0
922.0,120.0,20.6,125.4,28.56,15.600000000000001,75.0,12.0
922.0,120.0,20.8,124.5,28.58,15.8,75.0,12.0
922.0,120.0,20.9,123.6,28.59,15.899999999999999,75.0,12.0
919.0,123.0,21.0,122.7,28.6,16.0,75.0,12.0
922.0,120.0,22.0,118.2,28.7,17.0,75.0,12.0
930.0,113.0,22.1,117.4,28.71,17.1,75.0,12.0
938.0,105.0,22.2,116.6,28.72,17.2,75.0,12.0
948.0,95.0,22.4,115.7,28.74,17.4,75.0,12.0
985.0,53.0,22.6,111.5,28.76,17.6,75.0,12.0
994.0,40.0,22.6,110.5,28.76,17.6,75.0,12.0
997.0,35.0,22.8,109.8,28.78,17.8,75.0,12.0
1000.0,30.0,23.0,109.2,28.8,18.0,75.0,12.0
1002.0,25.0,11.9,148.0,28.69,21.9,75.0,12.0
1002.0,25.0,12.6,147.6,28.76,22.6,75.0,12.0
1002.0,25.0,12.8,146.8,28.78,22.8,75.0,12.0
1002.0,25.0,13.0,146.1,28.8,23.0,75.0,12.0
996.0,38.0,14.3,142.7,28.93,24.3,75.0,12.0
994.0,40.0,14.9,141.6,28.99,24.9,75.0,12.0
994.0,40.0,15.2,141.0,28.52,10.2,75.0,12.0
993.0,43.0,15.6,140.5,28.56,10.6,75.0,12.0
984.0,55.0,17.0,138.3,28.7,12.0,75.0,12.0
980.0,60.0,18.3,136.7,28.83,13.3,75.0,12.0
980.0,60.0,18.6,136.2,28.86,13.600000000000001,75.0,12.0
974.0,68.0,19.6,134.4,28.96,14.600000000000001,75.0,12.0
972.0,70.0,20.0,133.5,28.5,15.0,75.0,12.0
970.0,73.0,20.4,132.5,28.54,15.399999999999999,75.0,12.0
941.0,103.0,22.1,129.9,28.71,17.1,75.0,12.0
927.0,115.0,22.4,129.5,28.74,17.4,75.0,12.0
919.0,123.0,22.6,129.1,28.76,17.6,75.0,12.0
898.0,140.0,23.5,127.5,28.85,18.5,75.0,12.0
885.0,150.0,23.6,127.2,28.86,18.6,75.0,12.0
885.0,150.0,23.8,127.0,28.88,18.8,75.0,12.0
885.0,150.0,24.0,126.7,28.9,19.0,75.0,12.0
885.0,150.0,24.1,126.4,28.91,19.1,75.0,12.0
916.0,125.0,25.2,125.3,28.52,20.2,75.0,12.0
910.0,130.0,25.5,125.3,28.55,20.5,75.0,12.0
904.0,135.0,25.9,125.3,28.59,20.9,75.0,12.0
904.0,135.0,26.4,125.4,28.64,21.4,75.0,12.0
922.0,120.0,30.6,126.5,28.56,10.600000000000001,75.0,12.0
930.0,113.0,31.7,126.8,28.67,11.7,75.0,12.0
938.0,105.0,32.7,127.1,28.77,12.700000000000003,75.0,12.0
944.0,100.0,33.8,127.7,28.88,13.799999999999997,75.0,12.0
967.0,75.0,38.9,131.5,28.89,18.9,75.0,12.0
974.0,68.0,39.8,133.1,28.98,19.799999999999997,75.0,12.0
980.0,60.0,40.6,134.7,28.56,20.6,75.0,12.0
982.0,58.0,41.4,136.3,28.64,21.4,75.0,12.0
1000.0,30.0,21.5,128.0,28.65,16.5,75.0,12.0
1000.0,30.0,21.7,127.4,28.67,16.7,75.0,12.0
1000.0,30.0,22.2,127.3,28.72,17.2,75.0,12.0
984.0,55.0,24.9,127.7,28.99,19.9,75.0,12.0
984.0,55.0,25.4,127.8,28.54,20.4,75.0,12.0
984.0,55.0,26.0,128.0,28.6,21.0,75.0,12.0
982.0,58.0,26.5,128.1,28.65,21.5,75.0,12.0
976.0,65.0,28.4,129.7,28.84,23.4,75.0,12.0
976.0,65.0,28.6,130.2,28.86,23.6,75.0,12.0
976.0,65.0,28.8,130.7,28.88,23.8,75.0,12.0
974.0,68.0,28.9,131.4,28.89,23.9,75.0,12.0
949.0,95.0,30.6,136.4,28.56,10.600000000000001,75.0,12.0
944.0,100.0,31.1,137.2,28.61,11.100000000000001,75.0,12.0
944.0,100.0,31.6,138.1,28.66,11.600000000000001,75.0,12.0
947.0,98.0,33.8,141.8,28.88,13.799999999999997,75.0,12.0
949.0,95.0,34.4,142.8,28.94,14.399999999999999,75.0,12.0
952.0,93.0,35.1,143.9,28.51,15.100000000000001,75.0,12.0
954.0,90.0,35.9,145.0,28.59,15.899999999999999,75.0,12.0
980.0,60.0,40.8,153.8,28.58,20.799999999999997,75.0,12.0
984.0,55.0,42.1,156.5,28.71,22.1,75.0,12.0
1002.0,25.0,15.1,138.9,28.51,10.1,75.0,12.0
1002.0,25.0,15.3,138.5,28.53,10.3,75.0,12.0
1002.0,25.0,15.8,137.6,28.58,10.8,75.0,12.0
1000.0,30.0,16.6,135.8,28.66,11.600000000000001,75.0,12.0
1000.0,30.0,16.2,135.5,28.62,11.2,75.0,12.0
1000.0,30.0,15.8,135.6,28.58,10.8,75.0,12.0
1000.0,30.0,16.1,135.8,28.61,11.100000000000001,75.0,12.0
1001.0,28.0,17.5,136.3,28.75,12.5,75.0,12.0
1002.0,25.0,17.9,136.4,28.79,12.899999999999999,75.0,12.0
1000.0,25.0,18.2,136.6,28.82,13.2,75.0,12.0
998.0,25.0,18.5,136.7,28.85,13.5,75.0,12.0
998.0,28.0,18.9,137.1,28.89,13.899999999999999,75.0,12.0
984.0,55.0,21.8,139.0,28.68,16.8,75.0,12.0
980.0,60.0,22.3,139.3,28.73,17.3,75.0,12.0
980.0,60.0,22.8,139.5,28.78,17.8,75.0,12.0
980.0,60.0,24.6,140.2,28.96,19.6,75.0,12.0
980.0,60.0,25.0,140.3,28.5,20.0,75.0,12.0
980.0,60.0,25.7,140.6,28.57,20.7,75.0,12.0
976.0,65.0,26.0,140.8,28.6,21.0,75.0,12.0
958.0,85.0,27.7,141.5,28.77,22.7,75.0,12.0
956.0,88.0,28.1,141.7,28.81,23.1,75.0,12.0
954.0,90.0,28.5,141.9,28.85,23.5,75.0,12.0
956.0,88.0,28.9,142.2,28.89,23.9,75.0,12.0
969.0,68.0,31.7,145.6,28.67,11.7,75.0,12.0
980.0,60.0,32.7,147.1,28.77,12.700000000000003,75.0,12.0
986.0,53.0,33.9,148.6,28.89,13.899999999999999,75.0,12.0
991.0,45.0,35.0,150.1,28.5,15.0,75.0,12.0
1006.0,15.0,18.4,117.1,28.84,13.399999999999999,75.0,12.0
1006.0,15.0,18.3,116.9,28.83,13.3,75.0,12.0
1004.0,25.0,17.9,116.0,28.79,12.899999999999999,75.0,12.0
1002.0,25.0,17.7,115.7,28.77,12.7,75.0,12.0
1002.0,25.0,17.5,115.5,28.75,12.5,75.0,12.0
1002.0,25.0,17.3,115.2,28.73,12.3,75.0,12.0
1002.0,25.0,17.1,115.1,28.71,12.100000000000001,75.0,12.0
1002.0,25.0,17.4,115.4,28.74,12.399999999999999,75.0,12.0
1002.0,25.0,17.5,115.4,28.75,12.5,75.0,12.0
1002.0,25.0,17.7,115.4,28.77,12.7,75.0,12.0
1002.0,25.0,17.9,115.4,28.79,12.899999999999999,75.0,12.0
1002.0,25.0,18.7,115.2,28.87,13.7,75.0,12.0
1002.0,25.0,18.9,115.2,28.89,13.899999999999999,75.0,12.0
1002.0,25.0,19.1,115.3,28.91,14.100000000000001,75.0,12.0
1002.0,25.0,19.3,115.3,28.93,14.3,75.0,12.0
1002.0,25.0,19.9,115.0,28.99,14.899999999999999,75.0,12.0
1002.0,25.0,20.0,114.8,28.5,15.0,75.0,12.0
1002.0,25.0,20.2,114.6,28.52,15.2,75.0,12.0
1002.0,25.0,20.5,114.2,28.55,15.5,75.0,12.0
1002.0,25.0,21.7,112.0,28.67,16.7,75.0,12.0
1002.0,25.0,25.9,131.0,28.59,20.9,75.0,12.0
1002.0,25.0,26.0,131.2,28.6,21.0,75.0,12.0
1000.0,30.0,27.7,131.1,28.77,22.7,75.0,12.0
1001.0,28.0,28.0,130.8,28.8,23.0,75.0,12.0
1002.0,25.0,28.4,130.5,28.84,23.4,75.0,12.0
1001.0,28.0,28.8,130.2,28.88,23.8,75.0,12.0
1000.0,30.0,30.3,129.8,28.53,10.3,75.0,12.0
1000.0,30.0,30.7,129.9,28.57,10.7,75.0,12.0
1000.0,30.0,31.1,130.1,28.61,11.100000000000001,75.0,12.0
1000.0,30.0,31.6,130.8,28.66,11.600000000000001,75.0,12.0
1000.0,30.0,34.0,135.8,28.9,14.0,75.0,12.0
999.0,33.0,15.1,130.2,28.51,10.1,75.0,12.0
997.0,35.0,15.2,130.2,28.52,10.2,75.0,12.0
996.0,38.0,15.2,130.2,28.52,10.2,75.0,12.0
994.0,40.0,15.3,130.3,28.53,10.3,75.0,12.0
994.0,40.0,15.4,130.4,28.54,10.4,75.0,12.0
987.0,50.0,15.6,130.8,28.56,10.6,75.0,12.0
986.0,53.0,15.6,130.9,28.56,10.6,75.0,12.0
984.0,55.0,15.7,131.0,28.57,10.7,75.0,12.0
980.0,60.0,15.8,131.0,28.58,10.8,75.0,12.0
956.0,88.0,16.3,131.1,28.63,11.3,75.0,12.0
949.0,95.0,16.4,131.1,28.64,11.399999999999999,75.0,12.0
938.0,105.0,16.5,131.1,28.65,11.5,75.0,12.0
927.0,115.0,16.6,131.2,28.66,11.600000000000001,75.0,12.0
922.0,120.0,16.7,131.1,28.67,11.7,75.0,12.0
916.0,125.0,17.6,131.1,28.76,12.600000000000001,75.0,12.0
916.0,125.0,17.8,131.1,28.78,12.8,75.0,12.0
916.0,125.0,18.0,131.2,28.8,13.0,75.0,12.0
933.0,110.0,18.7,132.1,28.87,13.7,75.0,12.0
936.0,108.0,18.9,132.2,28.89,13.899999999999999,75.0,12.0
938.0,105.0,19.0,132.4,28.9,14.0,75.0,12.0
938.0,105.0,19.2,132.6,28.92,14.2,75.0,12.0
944.0,100.0,20.4,133.5,28.54,15.399999999999999,75.0,12.0
949.0,95.0,20.7,133.6,28.57,15.7,75.0,12.0
954.0,90.0,21.0,133.7,28.6,16.0,75.0,12.0
956.0,88.0,21.4,133.8,28.64,16.4,75.0,12.0
958.0,85.0,24.5,135.7,28.95,19.5,75.0,12.0
961.0,83.0,25.2,136.4,28.52,20.2,75.0,12.0
963.0,80.0,25.9,137.1,28.59,20.9,75.0,12.0
972.0,70.0,30.9,142.9,28.59,10.899999999999999,75.0,12.0
972.0,70.0,31.9,144.2,28.69,11.899999999999999,75.0,12.0
972.0,70.0,33.0,145.6,28.8,13.0,75.0,12.0
972.0,70.0,34.1,147.0,28.91,14.100000000000001,75.0,12.0
974.0,68.0,35.1,148.7,28.51,15.100000000000001,75.0,12.0
1006.0,15.0,17.8,145.9,28.78,12.8,75.0,12.0
1006.0,15.0,18.0,145.8,28.8,13.0,75.0,12.0
1006.0,15.0,18.2,145.6,28.82,13.2,75.0,12.0
1006.0,15.0,18.5,145.3,28.85,13.5,75.0,12.0
1004.0,20.0,19.5,143.7,28.95,14.5,75.0,12.0
1004.0,20.0,19.7,143.5,28.97,14.7,75.0,12.0
1002.0,20.0,19.9,143.3,28.99,14.899999999999999,75.0,12.0
1000.0,20.0,20.1,143.1,28.51,15.100000000000001,75.0,12.0
1001.0,23.0,20.3,142.9,28.53,15.3,75.0,12.0
999.0,33.0,21.1,143.5,28.61,16.1,75.0,12.0
997.0,35.0,21.3,143.8,28.63,16.3,75.0,12.0
997.0,35.0,21.5,144.2,28.65,16.5,75.0,12.0
997.0,35.0,21.7,144.5,28.67,16.7,75.0,12.0
989.0,48.0,22.5,146.1,28.75,17.5,75.0,12.0
984.0,55.0,22.9,146.6,28.79,17.9,75.0,12.0
980.0,60.0,23.2,146.8,28.82,18.2,75.0,12.0
978.0,63.0,23.4,147.1,28.84,18.4,75.0,12.0
972.0,70.0,24.8,148.6,28.98,19.8,75.0,12.0
967.0,75.0,25.2,149.0,28.52,20.2,75.0,12.0
961.0,83.0,25.7,149.4,28.57,20.7,75.0,12.0
954.0,90.0,26.2,149.8,28.62,21.2,75.0,12.0
927.0,115.0,29.2,154.2,28.92,24.2,75.0,12.0
922.0,120.0,29.6,155.2,28.96,24.6,75.0,12.0
916.0,125.0,30.1,156.3,28.51,10.100000000000001,75.0,12.0
913.0,128.0,30.5,162.6,28.55,10.5,75.0,12.0
916.0,125.0,30.1,163.6,28.51,10.100000000000001,75.0,12.0
919.0,123.0,29.5,164.6,28.95,24.5,75.0,12.0
922.0,120.0,28.8,165.5,28.88,23.8,75.0,12.0
925.0,118.0,28.2,166.3,28.82,23.2,75.0,12.0
944.0,100.0,25.8,168.9,28.58,20.8,75.0,12.0
949.0,95.0,25.1,169.3,28.51,20.1,75.0,12.0
949.0,93.0,24.6,169.4,28.96,19.6,75.0,12.0
949.0,90.0,24.0,169.4,28.9,19.0,75.0,12.0
956.0,85.0,23.5,169.1,28.85,18.5,75.0,12.0
976.0,65.0,22.3,166.6,28.73,17.3,75.0,12.0
976.0,65.0,22.2,165.8,28.72,17.2,75.0,12.0
976.0,65.0,22.2,165.2,28.72,17.2,75.0,12.0
976.0,65.0,22.2,164.5,28.72,17.2,75.0,12.0
967.0,75.0,21.9,159.3,28.69,16.9,75.0,12.0
967.0,75.0,21.9,158.2,28.69,16.9,75.0,12.0
967.0,75.0,21.9,157.2,28.69,16.9,75.0,12.0
967.0,75.0,21.9,156.2,28.69,16.9,75.0,12.0
933.0,110.0,23.8,149.4,28.88,18.8,75.0,12.0
927.0,115.0,26.1,149.6,28.61,21.1,75.0,12.0
927.0,115.0,26.6,150.1,28.66,21.6,75.0,12.0
936.0,108.0,27.2,150.8,28.72,22.2,75.0,12.0
944.0,100.0,27.8,151.5,28.78,22.8,75.0,12.0
949.0,95.0,28.4,152.7,28.84,23.4,75.0,12.0
968.0,75.0,30.1,158.1,28.51,10.100000000000001,75.0,12.0
972.0,70.0,30.5,159.5,28.55,10.5,75.0,12.0
978.0,63.0,30.9,161.3,28.59,10.899999999999999,75.0,12.0
984.0,55.0,31.4,163.1,28.64,11.399999999999999,75.0,12.0
988.0,50.0,31.8,165.1,28.68,11.8,75.0,12.0
1002.0,25.0,11.7,112.2,28.67,21.7,75.0,12.0
1002.0,25.0,11.8,112.3,28.68,21.8,75.0,12.0
1002.0,25.0,11.9,114.1,28.69,21.9,75.0,12.0
1002.0,25.0,11.9,114.5,28.69,21.9,75.0,12.0
1002.0,25.0,11.8,114.9,28.68,21.8,75.0,12.0
1002.0,25.0,11.7,115.3,28.67,21.7,75.0,12.0
1002.0,25.0,11.1,117.9,28.61,21.1,75.0,12.0
1002.0,25.0,11.0,118.6,28.6,21.0,75.0,12.0
1002.0,25.0,10.9,119.2,28.59,20.9,75.0,12.0
1002.0,25.0,10.9,119.9,28.59,20.9,75.0,12.0
1004.0,20.0,10.9,122.1,28.59,20.9,75.0,12.0
1002.0,25.0,9.5,101.4,28.95,19.5,75.0,12.0
1002.0,25.0,9.6,101.4,28.96,19.6,75.0,12.0
1002.0,25.0,9.6,101.4,28.96,19.6,75.0,12.0
1001.0,28.0,9.6,101.3,28.96,19.6,75.0,12.0
1002.0,25.0,10.1,101.1,28.51,20.1,75.0,12.0
1002.0,25.0,10.2,101.0,28.52,20.2,75.0,12.0
1002.0,25.0,10.4,101.0,28.54,20.4,75.0,12.0
1002.0,25.0,10.6,101.0,28.56,20.6,75.0,12.0
1002.0,25.0,11.4,101.0,28.64,21.4,75.0,12.0
1002.0,25.0,11.6,100.9,28.66,21.6,75.0,12.0
1002.0,25.0,11.7,100.8,28.67,21.7,75.0,12.0
1002.0,25.0,11.9,100.5,28.69,21.9,75.0,12.0
1002.0,25.0,12.4,98.6,28.74,22.4,75.0,12.0
1002.0,25.0,12.4,98.0,28.74,22.4,75.0,12.0
1002.0,25.0,12.5,97.4,28.75,22.5,75.0,12.0
1002.0,25.0,12.8,96.8,28.78,22.8,75.0,12.0
1002.0,25.0,13.2,94.1,28.82,23.2,75.0,12.0
1002.0,25.0,13.2,93.7,28.82,23.2,75.0,12.0
1002.0,25.0,13.3,93.3,28.83,23.3,75.0,12.0
1002.0,25.0,13.4,92.8,28.84,23.4,75.0,12.0
997.0,35.0,14.0,90.2,28.9,24.0,75.0,12.0
997.0,35.0,14.3,89.6,28.93,24.3,75.0,12.0
997.0,35.0,14.6,88.9,28.96,24.6,75.0,12.0
997.0,35.0,14.9,88.2,28.99,24.9,75.0,12.0
999.0,33.0,17.9,84.5,28.79,12.899999999999999,75.0,12.0
1000.0,30.0,18.2,84.0,28.82,13.2,75.0,12.0
1000.0,30.0,18.4,83.7,28.84,13.399999999999999,75.0,12.0
1000.0,30.0,18.7,83.4,28.87,13.7,75.0,12.0
1006.0,15.0,11.7,132.1,28.67,21.7,75.0,12.0
1006.0,15.0,11.9,131.3,28.69,21.9,75.0,12.0
1002.0,25.0,12.6,129.4,28.76,22.6,75.0,12.0
1002.0,25.0,12.8,129.1,28.78,22.8,75.0,12.0
1002.0,25.0,13.0,128.7,28.8,23.0,75.0,12.0
1000.0,30.0,13.2,128.2,28.82,23.2,75.0,12.0
991.0,45.0,14.7,125.9,28.97,24.7,75.0,12.0
988.0,48.0,15.0,125.3,28.5,10.0,75.0,12.0
984.0,50.0,15.3,124.7,28.53,10.3,75.0,12.0
980.0,58.0,15.6,124.2,28.56,10.6,75.0,12.0
967.0,75.0,16.8,122.4,28.68,11.8,75.0,12.0
970.0,73.0,17.2,122.1,28.72,12.2,75.0,12.0
972.0,70.0,17.6,121.8,28.76,12.600000000000001,75.0,12.0
974.0,68.0,18.1,121.4,28.81,13.100000000000001,75.0,12.0
978.0,63.0,19.8,120.8,28.98,14.8,75.0,12.0
980.0,60.0,20.1,120.7,28.51,15.100000000000001,75.0,12.0
980.0,60.0,20.4,120.7,28.54,15.399999999999999,75.0,12.0
980.0,60.0,20.7,120.6,28.57,15.7,75.0,12.0
980.0,60.0,21.0,120.7,28.6,16.0,75.0,12.0
988.0,50.0,22.4,121.6,28.74,17.4,75.0,12.0
991.0,45.0,22.7,121.9,28.77,17.7,75.0,12.0
991.0,45.0,22.9,122.2,28.79,17.9,75.0,12.0
991.0,45.0,23.1,122.6,28.81,18.1,75.0,12.0
991.0,45.0,23.2,122.8,28.82,18.2,75.0,12.0
997.0,35.0,23.6,123.5,28.86,18.6,75.0,12.0
1005.0,18.0,11.3,138.7,28.63,21.3,75.0,12.0
1004.0,20.0,11.5,137.8,28.65,21.5,75.0,12.0
1003.0,23.0,11.7,136.9,28.67,21.7,75.0,12.0
1002.0,25.0,11.8,135.9,28.68,21.8,75.0,12.0
1000.0,30.0,11.9,134.9,28.69,21.9,75.0,12.0
991.0,45.0,12.3,130.2,28.73,22.3,75.0,12.0
991.0,45.0,12.3,129.2,28.73,22.3,75.0,12.0
991.0,45.0,12.3,128.3,28.73,22.3,75.0,12.0
989.0,48.0,12.3,127.4,28.73,22.3,75.0,12.0
987.0,50.0,12.1,122.7,28.71,22.1,75.0,12.0
986.0,53.0,12.1,121.9,28.71,22.1,75.0,12.0
984.0,55.0,12.1,121.1,28.71,22.1,75.0,12.0
982.0,58.0,12.1,120.5,28.71,22.1,75.0,12.0
976.0,65.0,12.9,117.8,28.79,22.9,75.0,12.0
976.0,65.0,13.2,117.3,28.82,23.2,75.0,12.0
976.0,65.0,13.5,116.8,28.85,23.5,75.0,12.0
976.0,65.0,13.7,116.3,28.87,23.7,75.0,12.0
967.0,75.0,14.3,113.9,28.93,24.3,75.0,12.0
967.0,75.0,14.5,113.4,28.95,24.5,75.0,12.0
967.0,75.0,14.7,112.9,28.97,24.7,75.0,12.0
967.0,75.0,14.9,112.5,28.99,24.9,75.0,12.0
972.0,70.0,16.1,110.3,28.61,11.100000000000001,75.0,12.0
974.0,68.0,16.2,110.0,28.62,11.2,75.0,12.0
976.0,65.0,16.4,109.7,28.64,11.399999999999999,75.0,12.0
976.0,65.0,16.6,109.5,28.66,11.600000000000001,75.0,12.0
976.0,75.0,18.1,108.8,28.81,13.100000000000001,75.0,12.0
974.0,73.0,18.4,108.7,28.84,13.399999999999999,75.0,12.0
972.0,70.0,18.7,108.6,28.87,13.7,75.0,12.0
978.0,63.0,18.9,108.5,28.89,13.899999999999999,75.0,12.0
991.0,45.0,20.4,108.9,28.54,15.399999999999999,75.0,12.0
996.0,38.0,20.7,109.1,28.57,15.7,75.0,12.0
1000.0,30.0,21.0,109.3,28.6,16.0,75.0,12.0
1002.0,25.0,21.4,109.5,28.64,16.4,75.0,12.0
1004.0,20.0,13.5,171.7,28.85,23.5,75.0,12.0
1004.0,20.0,13.7,171.5,28.87,23.7,75.0,12.0
1004.0,20.0,13.8,171.3,28.88,23.8,75.0,12.0
1004.0,20.0,14.0,171.1,28.9,24.0,75.0,12.0
1004.0,20.0,14.1,170.8,28.91,24.1,75.0,12.0
1006.0,15.0,14.2,169.6,28.92,24.2,75.0,12.0
1006.0,15.0,14.2,169.2,28.92,24.2,75.0,12.0
1006.0,15.0,14.2,168.8,28.92,24.2,75.0,12.0
1006.0,15.0,14.2,168.4,28.92,24.2,75.0,12.0
1006.0,15.0,14.1,168.0,28.91,24.1,75.0,12.0
1006.0,15.0,13.0,167.1,28.8,23.0,75.0,12.0
1006.0,15.0,12.7,167.0,28.77,22.7,75.0,12.0
1006.0,15.0,12.4,166.9,28.74,22.4,75.0,12.0
1006.0,15.0,12.1,166.9,28.71,22.1,75.0,12.0
1006.0,15.0,11.8,166.9,28.68,21.8,75.0,12.0
1005.0,18.0,10.9,166.1,28.59,20.9,75.0,12.0
1004.0,20.0,10.9,165.7,28.59,20.9,75.0,12.0
1004.0,20.0,10.9,165.4,28.59,20.9,75.0,12.0
1004.0,20.0,10.9,165.1,28.59,20.9,75.0,12.0
1003.0,23.0,10.9,164.8,28.59,20.9,75.0,12.0
1002.0,25.0,10.8,163.4,28.58,20.8,75.0,12.0
1002.0,25.0,10.6,163.1,28.56,20.6,75.0,12.0
1002.0,25.0,10.3,162.9,28.53,20.3,75.0,12.0
1002.0,25.0,10.0,162.7,28.5,20.0,75.0,12.0
1003.0,25.0,9.8,162.5,28.98,19.8,75.0,12.0
1002.0,25.0,9.1,161.8,28.91,19.1,75.0,12.0
1002.0,25.0,9.0,161.6,28.9,19.0,75.0,12.0
1001.0,28.0,8.9,161.4,28.89,18.9,75.0,12.0
1000.0,30.0,8.9,161.2,28.89,18.9,75.0,12.0
1000.0,30.0,8.9,161.0,28.89,18.9,75.0,12.0
997.0,35.0,8.9,159.8,28.89,18.9,75.0,12.0
997.0,35.0,9.0,159.4,28.9,19.0,75.0,12.0
997.0,35.0,9.1,158.8,28.91,19.1,75.0,12.0
997.0,35.0,9.1,158.2,28.91,19.1,75.0,12.0
996.0,38.0,9.1,157.5,28.91,19.1,75.0,12.0
986.0,53.0,8.8,154.7,28.88,18.8,75.0,12.0
980.0,60.0,8.8,153.9,28.88,18.8,75.0,12.0
978.0,63.0,8.8,153.1,28.88,18.8,75.0,12.0
976.0,65.0,8.8,152.3,28.88,18.8,75.0,12.0
974.0,68.0,8.8,151.5,28.88,18.8,75.0,12.0
965.0,78.0,8.5,148.4,28.85,18.5,75.0,12.0
963.0,80.0,8.2,147.8,28.82,18.2,75.0,12.0
961.0,83.0,8.1,147.2,28.81,18.1,75.0,12.0
958.0,85.0,7.9,146.6,28.79,17.9,75.0,12.0
956.0,88.0,7.8,146.1,28.78,17.8,75.0,12.0
949.0,95.0,7.9,144.2,28.79,17.9,75.0,12.0
949.0,95.0,8.1,143.8,28.81,18.1,75.0,12.0
949.0,95.0,8.3,143.4,28.83,18.3,75.0,12.0
949.0,95.0,8.5,143.1,28.85,18.5,75.0,12.0
947.0,98.0,8.8,142.6,28.88,18.8,75.0,12.0
938.0,105.0,10.3,140.5,28.53,20.3,75.0,12.0
933.0,110.0,11.1,139.3,28.61,21.1,75.0,12.0
927.0,115.0,11.4,138.7,28.64,21.4,75.0,12.0
916.0,125.0,12.4,136.9,28.74,22.4,75.0,12.0
910.0,130.0,12.6,136.7,28.76,22.6,75.0,12.0
904.0,135.0,12.8,136.5,28.78,22.8,75.0,12.0
898.0,140.0,13.1,136.3,28.81,23.1,75.0,12.0
898.0,140.0,13.3,136.2,28.83,23.3,75.0,12.0
898.0,140.0,14.1,134.9,28.91,24.1,75.0,12.0
898.0,140.0,14.3,134.6,28.93,24.3,75.0,12.0
898.0,140.0,14.5,134.3,28.95,24.5,75.0,12.0
895.0,143.0,14.8,134.1,28.98,24.8,75.0,12.0
904.0,135.0,15.6,132.8,28.56,10.6,75.0,12.0
904.0,135.0,16.0,132.6,28.6,11.0,75.0,12.0
904.0,135.0,16.4,132.3,28.64,11.399999999999999,75.0,12.0
904.0,135.0,16.8,132.1,28.68,11.8,75.0,12.0
927.0,115.0,18.4,130.8,28.84,13.399999999999999,75.0,12.0
933.0,110.0,18.8,130.7,28.88,13.8,75.0,12.0
938.0,105.0,19.2,130.5,28.92,14.2,75.0,12.0
938.0,105.0,19.6,130.7,28.96,14.600000000000001,75.0,12.0
944.0,100.0,22.1,132.6,28.71,17.1,75.0,12.0
944.0,100.0,22.7,133.3,28.77,17.7,75.0,12.0
944.0,100.0,23.3,134.0,28.83,18.3,75.0,12.0
947.0,98.0,24.0,134.7,28.9,19.0,75.0,12.0
972.0,70.0,27.7,138.8,28.77,22.7,75.0,12.0
974.0,68.0,28.6,139.4,28.86,23.6,75.0,12.0
976.0,65.0,29.6,140.0,28.96,24.6,75.0,12.0
987.0,50.0,35.7,148.6,28.57,15.700000000000003,75.0,12.0
1004.0,20.0,11.6,140.6,28.66,21.6,75.0,12.0
1004.0,20.0,13.1,137.0,28.81,23.1,75.0,12.0
1004.0,23.0,13.2,136.4,28.82,23.2,75.0,12.0
1003.0,25.0,13.3,135.8,28.83,23.3,75.0,12.0
1002.0,28.0,13.4,135.2,28.84,23.4,75.0,12.0
1000.0,30.0,13.7,132.2,28.87,23.7,75.0,12.0
1000.0,30.0,13.7,131.6,28.87,23.7,75.0,12.0
1000.0,30.0,13.7,131.0,28.87,23.7,75.0,12.0
999.0,33.0,13.8,130.5,28.88,23.8,75.0,12.0
997.0,35.0,13.7,128.6,28.87,23.7,75.0,12.0
997.0,35.0,13.6,128.3,28.86,23.6,75.0,12.0
997.0,35.0,13.4,128.0,28.84,23.4,75.0,12.0
997.0,35.0,13.2,127.7,28.82,23.2,75.0,12.0
997.0,35.0,11.5,126.9,28.65,21.5,75.0,12.0
997.0,35.0,11.1,126.8,28.61,21.1,75.0,12.0
997.0,35.0,10.6,126.8,28.56,20.6,75.0,12.0
999.0,33.0,10.2,126.6,28.52,20.2,75.0,12.0
1005.0,18.0,8.5,146.7,28.85,18.5,75.0,12.0
1004.0,20.0,8.8,146.2,28.88,18.8,75.0,12.0
1002.0,25.0,11.1,142.7,28.61,21.1,75.0,12.0
1001.0,28.0,11.3,142.0,28.63,21.3,75.0,12.0
1000.0,30.0,11.6,141.3,28.66,21.6,75.0,12.0
1000.0,30.0,12.1,140.8,28.71,22.1,75.0,12.0
1000.0,30.0,12.4,137.6,28.74,22.4,75.0,12.0
1000.0,30.0,12.6,137.1,28.76,22.6,75.0,12.0
1000.0,30.0,12.8,136.7,28.78,22.8,75.0,12.0
999.0,33.0,13.1,136.3,28.81,23.1,75.0,12.0
997.0,35.0,14.8,135.2,28.98,24.8,75.0,12.0
997.0,35.0,15.1,135.4,28.51,10.1,75.0,12.0
997.0,35.0,15.3,135.6,28.53,10.3,75.0,12.0
999.0,33.0,15.1,135.8,28.51,10.1,75.0,12.0
1000.0,30.0,14.9,136.6,28.99,24.9,75.0,12.0
1000.0,30.0,14.9,136.8,28.99,24.9,75.0,12.0
1000.0,30.0,14.8,137.0,28.98,24.8,75.0,12.0
1001.0,28.0,14.7,136.9,28.97,24.7,75.0,12.0
1002.0,25.0,13.3,135.8,28.83,23.3,75.0,12.0
1002.0,25.0,12.6,135.8,28.76,22.6,75.0,12.0
1002.0,25.0,11.9,135.7,28.69,21.9,75.0,12.0
1002.0,25.0,11.4,135.4,28.64,21.4,75.0,12.0
1002.0,25.0,9.6,134.1,28.96,19.6,75.0,12.0
1002.0,25.0,9.4,134.0,28.94,19.4,75.0,12.0
1002.0,25.0,9.3,133.9,28.93,19.3,75.0,12.0
1002.0,25.0,9.2,133.8,28.92,19.2,75.0,12.0
1002.0,25.0,8.9,133.3,28.89,18.9,75.0,12.0
1002.0,25.0,8.8,133.1,28.88,18.8,75.0,12.0
1002.0,25.0,8.8,133.0,28.88,18.8,75.0,12.0
1004.0,20.0,8.5,132.5,28.85,18.5,75.0,12.0
1004.0,20.0,8.5,132.4,28.85,18.5,75.0,12.0
1004.0,20.0,8.5,132.3,28.85,18.5,75.0,12.0
1004.0,20.0,4.0,142.3,28.9,14.0,75.0,12.0
1004.0,20.0,4.6,141.9,28.96,14.6,75.0,12.0
1004.0,20.0,6.5,140.2,28.65,16.5,75.0,12.0
1004.0,20.0,6.7,139.8,28.67,16.7,75.0,12.0
1004.0,20.0,6.9,139.5,28.69,16.9,75.0,12.0
1003.0,23.0,7.0,139.1,28.7,17.0,75.0,12.0
1002.0,25.0,6.4,137.8,28.64,16.4,75.0,12.0
1001.0,28.0,6.1,137.3,28.61,16.1,75.0,12.0
1000.0,30.0,5.6,135.4,28.56,15.6,75.0,12.0
1000.0,30.0,5.7,134.9,28.57,15.7,75.0,12.0
1000.0,30.0,6.0,134.4,28.6,16.0,75.0,12.0
1002.0,25.0,7.8,131.7,28.78,17.8,75.0,12.0
1002.0,25.0,8.2,131.1,28.82,18.2,75.0,12.0
1002.0,25.0,8.7,130.6,28.87,18.7,75.0,12.0
1001.0,28.0,9.1,130.1,28.91,19.1,75.0,12.0
997.0,35.0,11.0,128.0,28.6,21.0,75.0,12.0
997.0,35.0,11.3,127.7,28.63,21.3,75.0,12.0
997.0,35.0,11.6,127.4,28.66,21.6,75.0,12.0
997.0,35.0,11.9,127.1,28.69,21.9,75.0,12.0
997.0,35.0,13.2,125.7,28.82,23.2,75.0,12.0
997.0,35.0,13.4,125.4,28.84,23.4,75.0,12.0
997.0,35.0,13.7,125.1,28.87,23.7,75.0,12.0
997.0,35.0,14.0,125.0,28.9,24.0,75.0,12.0
997.0,35.0,15.0,124.1,28.5,10.0,75.0,12.0
997.0,35.0,15.2,124.0,28.52,10.2,75.0,12.0
997.0,35.0,15.5,124.0,28.55,10.5,75.0,12.0
997.0,35.0,15.8,124.1,28.58,10.8,75.0,12.0
1002.0,25.0,16.9,124.2,28.69,11.899999999999999,75.0,12.0
1003.0,25.0,16.9,124.3,28.69,11.899999999999999,75.0,12.0
1004.0,25.0,16.8,124.5,28.68,11.8,75.0,12.0
1003.0,25.0,16.8,124.7,28.68,11.8,75.0,12.0
1004.0,20.0,17.0,125.6,28.7,12.0,75.0,12.0
1004.0,20.0,17.1,125.8,28.71,12.100000000000001,75.0,12.0
1004.0,20.0,17.3,126.0,28.73,12.3,75.0,12.0
1004.0,20.0,17.6,126.0,28.76,12.600000000000001,75.0,12.0
1002.0,25.0,6.7,153.2,28.67,16.7,75.0,12.0
1002.0,25.0,6.2,152.4,28.62,16.2,75.0,12.0
1002.0,25.0,6.1,152.2,28.61,16.1,75.0,12.0
1002.0,25.0,6.1,151.9,28.61,16.1,75.0,12.0
1002.0,25.0,6.1,151.7,28.61,16.1,75.0,12.0
1000.0,30.0,6.4,150.3,28.64,16.4,75.0,12.0
1000.0,30.0,6.5,149.8,28.65,16.5,75.0,12.0
997.0,38.0,7.8,149.1,28.78,17.8,75.0,12.0
992.0,45.0,8.5,149.0,28.85,18.5,75.0,12.0
987.0,50.0,8.9,148.9,28.89,18.9,75.0,12.0
986.0,53.0,9.2,148.6,28.92,19.2,75.0,12.0
980.0,60.0,9.3,147.2,28.93,19.3,75.0,12.0
976.0,65.0,9.1,146.5,28.91,19.1,75.0,12.0
976.0,65.0,9.1,146.1,28.91,19.1,75.0,12.0
972.0,70.0,9.2,145.8,28.92,19.2,75.0,12.0
965.0,78.0,10.1,144.5,28.51,20.1,75.0,12.0
963.0,80.0,10.1,144.1,28.51,20.1,75.0,12.0
954.0,90.0,9.9,142.6,28.99,19.9,75.0,12.0
944.0,100.0,9.2,140.6,28.92,19.2,75.0,12.0
936.0,108.0,9.1,140.2,28.91,19.1,75.0,12.0
927.0,115.0,8.9,139.9,28.89,18.9,75.0,12.0
927.0,115.0,8.9,139.5,28.89,18.9,75.0,12.0
933.0,110.0,9.1,138.2,28.91,19.1,75.0,12.0
933.0,110.0,9.2,138.0,28.92,19.2,75.0,12.0
933.0,110.0,9.4,137.6,28.94,19.4,75.0,12.0
933.0,110.0,9.6,137.2,28.96,19.6,75.0,12.0
930.0,113.0,9.8,136.8,28.98,19.8,75.0,12.0
913.0,128.0,10.7,135.4,28.57,20.7,75.0,12.0
910.0,130.0,10.9,135.1,28.59,20.9,75.0,12.0
910.0,130.0,11.2,134.7,28.62,21.2,75.0,12.0
916.0,125.0,11.6,133.9,28.66,21.6,75.0,12.0
927.0,115.0,13.2,132.2,28.82,23.2,75.0,12.0
927.0,115.0,13.4,131.9,28.84,23.4,75.0,12.0
927.0,115.0,13.7,131.7,28.87,23.7,75.0,12.0
930.0,113.0,14.0,131.6,28.9,24.0,75.0,12.0
927.0,115.0,15.3,131.0,28.53,10.3,75.0,12.0
927.0,115.0,15.6,130.9,28.56,10.6,75.0,12.0
927.0,115.0,15.8,130.9,28.58,10.8,75.0,12.0
925.0,118.0,16.1,131.0,28.61,11.100000000000001,75.0,12.0
922.0,120.0,17.2,131.6,28.72,12.2,75.0,12.0
919.0,123.0,17.5,131.8,28.75,12.5,75.0,12.0
916.0,125.0,17.8,132.0,28.78,12.8,75.0,12.0
922.0,120.0,18.2,132.2,28.82,13.2,75.0,12.0
938.0,105.0,20.9,134.5,28.59,15.899999999999999,75.0,12.0
938.0,105.0,21.4,135.1,28.64,16.4,75.0,12.0
941.0,103.0,21.9,135.8,28.69,16.9,75.0,12.0
956.0,88.0,23.5,138.6,28.85,18.5,75.0,12.0
958.0,85.0,23.8,139.4,28.88,18.8,75.0,12.0
965.0,78.0,24.1,140.2,28.91,19.1,75.0,12.0
972.0,70.0,24.4,141.0,28.94,19.4,75.0,12.0
978.0,63.0,24.8,142.1,28.98,19.8,75.0,12.0
1004.0,20.0,7.5,132.0,28.75,17.5,75.0,12.0
1003.0,23.0,7.7,132.1,28.77,17.7,75.0,12.0
991.0,45.0,8.4,131.7,28.84,18.4,75.0,12.0
988.0,50.0,8.5,131.5,28.85,18.5,75.0,12.0
984.0,55.0,8.6,131.3,28.86,18.6,75.0,12.0
980.0,60.0,8.8,131.2,28.88,18.8,75.0,12.0
963.0,80.0,9.5,129.9,28.95,19.5,75.0,12.0
959.0,85.0,9.7,129.5,28.97,19.7,75.0,12.0
954.0,90.0,9.8,129.1,28.98,19.8,75.0,12.0
954.0,90.0,10.0,128.8,28.5,20.0,75.0,12.0
927.0,115.0,11.2,127.0,28.62,21.2,75.0,12.0
922.0,120.0,11.6,126.7,28.66,21.6,75.0,12.0
916.0,125.0,11.9,126.4,28.69,21.9,75.0,12.0
907.0,133.0,12.2,126.1,28.72,22.2,75.0,12.0
910.0,130.0,13.9,124.3,28.89,23.9,75.0,12.0
910.0,130.0,14.2,124.1,28.92,24.2,75.0,12.0
910.0,130.0,14.6,123.9,28.96,24.6,75.0,12.0
913.0,128.0,15.0,123.8,28.5,10.0,75.0,12.0
916.0,125.0,16.9,123.6,28.69,11.899999999999999,75.0,12.0
916.0,125.0,17.2,123.7,28.72,12.2,75.0,12.0
916.0,125.0,17.6,123.7,28.76,12.600000000000001,75.0,12.0
919.0,123.0,18.0,123.8,28.8,13.0,75.0,12.0
938.0,105.0,20.2,125.2,28.52,15.2,75.0,12.0
941.0,103.0,20.8,125.9,28.58,15.8,75.0,12.0
944.0,100.0,21.3,126.6,28.63,16.3,75.0,12.0
947.0,98.0,21.9,127.3,28.69,16.9,75.0,12.0
963.0,80.0,25.3,131.8,28.53,20.3,75.0,12.0
965.0,78.0,26.1,133.1,28.61,21.1,75.0,12.0
967.0,75.0,26.9,134.4,28.69,21.9,75.0,12.0
970.0,73.0,27.9,135.7,28.79,22.9,75.0,12.0
984.0,55.0,32.1,141.8,28.71,12.100000000000001,75.0,12.0
984.0,55.0,33.8,143.3,28.88,13.799999999999997,75.0,12.0
988.0,50.0,35.8,144.7,28.58,15.799999999999997,75.0,12.0
991.0,45.0,37.7,146.0,28.77,17.700000000000003,75.0,12.0
1002.0,25.0,9.4,113.2,28.94,19.4,75.0,12.0
1002.0,25.0,9.5,112.9,28.95,19.5,75.0,12.0
1002.0,25.0,9.7,111.4,28.97,19.7,75.0,12.0
1002.0,25.0,9.6,111.2,28.96,19.6,75.0,12.0
1002.0,25.0,9.5,110.9,28.95,19.5,75.0,12.0
1002.0,25.0,9.5,110.7,28.95,19.5,75.0,12.0
1000.0,30.0,9.9,109.5,28.99,19.9,75.0,12.0
999.0,33.0,9.8,109.2,28.98,19.8,75.0,12.0
997.0,35.0,9.7,108.9,28.97,19.7,75.0,12.0
999.0,33.0,9.7,108.6,28.97,19.7,75.0,12.0
1000.0,30.0,10.3,109.1,28.53,20.3,75.0,12.0
1001.0,28.0,10.2,109.2,28.52,20.2,75.0,12.0
1002.0,25.0,10.0,109.4,28.5,20.0,75.0,12.0
1002.0,25.0,10.1,109.6,28.51,20.1,75.0,12.0
1002.0,25.0,10.5,110.4,28.55,20.5,75.0,12.0
1002.0,25.0,10.6,110.6,28.56,20.6,75.0,12.0
1002.0,25.0,10.7,110.7,28.57,20.7,75.0,12.0
1002.0,25.0,10.8,110.8,28.58,20.8,75.0,12.0
1004.0,20.0,5.6,146.8,28.56,15.6,75.0,12.0
1002.0,25.0,6.0,144.1,28.6,16.0,75.0,12.0
1002.0,25.0,6.1,143.6,28.61,16.1,75.0,12.0
1001.0,28.0,6.2,143.1,28.62,16.2,75.0,12.0
1000.0,30.0,6.3,142.6,28.63,16.3,75.0,12.0
999.0,33.0,6.4,142.1,28.64,16.4,75.0,12.0
996.0,38.0,6.9,140.6,28.69,16.9,75.0,12.0
994.0,40.0,7.1,140.3,28.71,17.1,75.0,12.0
991.0,45.0,7.4,139.7,28.74,17.4,75.0,12.0
989.0,48.0,7.6,139.4,28.76,17.6,75.0,12.0
984.0,55.0,8.6,138.3,28.86,18.6,75.0,12.0
984.0,55.0,8.8,138.0,28.88,18.8,75.0,12.0
984.0,55.0,8.9,137.6,28.89,18.9,75.0,12.0
984.0,55.0,9.1,137.1,28.91,19.1,75.0,12.0
984.0,55.0,9.3,136.7,28.93,19.3,75.0,12.0
982.0,58.0,10.2,135.1,28.52,20.2,75.0,12.0
980.0,60.0,10.4,134.7,28.54,20.4,75.0,12.0
980.0,60.0,10.7,134.3,28.57,20.7,75.0,12.0
980.0,60.0,10.9,134.0,28.59,20.9,75.0,12.0
980.0,60.0,11.2,133.6,28.62,21.2,75.0,12.0
980.0,60.0,12.4,133.0,28.74,22.4,75.0,12.0
980.0,58.0,12.9,133.3,28.79,22.9,75.0,12.0
980.0,55.0,13.4,133.6,28.84,23.4,75.0,12.0
996.0,38.0,16.0,134.3,28.6,11.0,75.0,12.0
997.0,35.0,16.4,134.5,28.64,11.399999999999999,75.0,12.0
997.0,35.0,16.8,134.7,28.68,11.8,75.0,12.0
999.0,33.0,19.3,135.6,28.93,14.3,75.0,12.0
1000.0,30.0,19.9,135.8,28.99,14.899999999999999,75.0,12.0
1000.0,30.0,15.1,116.3,28.51,10.1,75.0,12.0
1000.0,30.0,15.0,116.3,28.5,10.0,75.0,12.0
1000.0,30.0,14.9,116.4,28.99,24.9,75.0,12.0
999.0,33.0,14.9,116.6,28.99,24.9,75.0,12.0
997.0,45.0,15.3,117.9,28.53,10.3,75.0,12.0
994.0,45.0,15.4,118.1,28.54,10.4,75.0,12.0
991.0,45.0,15.6,118.3,28.56,10.6,75.0,12.0
991.0,45.0,15.8,118.4,28.58,10.8,75.0,12.0
987.0,50.0,16.6,118.9,28.66,11.600000000000001,75.0,12.0
986.0,53.0,16.8,119.0,28.68,11.8,75.0,12.0
984.0,55.0,16.9,119.0,28.69,11.899999999999999,75.0,12.0
982.0,58.0,17.1,119.1,28.71,12.100000000000001,75.0,12.0
976.0,65.0,18.7,119.4,28.87,13.7,75.0,12.0
972.0,70.0,19.0,119.6,28.9,14.0,75.0,12.0
967.0,75.0,19.3,119.7,28.93,14.3,75.0,12.0
963.0,80.0,19.6,119.9,28.96,14.600000000000001,75.0,12.0
954.0,90.0,21.1,121.4,28.61,16.1,75.0,12.0
954.0,90.0,21.7,122.0,28.67,16.7,75.0,12.0
954.0,90.0,22.3,122.5,28.73,17.3,75.0,12.0
949.0,95.0,22.9,123.1,28.79,17.9,75.0,12.0
944.0,100.0,25.9,126.2,28.59,20.9,75.0,12.0
951.0,93.0,26.5,126.8,28.65,21.5,75.0,12.0
958.0,85.0,27.1,127.5,28.71,22.1,75.0,12.0
961.0,83.0,27.7,128.3,28.77,22.7,75.0,12.0
980.0,60.0,30.4,131.4,28.54,10.399999999999999,75.0,12.0
984.0,55.0,31.1,132.2,28.61,11.100000000000001,75.0,12.0
988.0,50.0,32.0,133.1,28.7,12.0,75.0,12.0
1004.0,20.0,6.5,140.9,28.65,16.5,75.0,12.0
1004.0,20.0,6.4,140.7,28.64,16.4,75.0,12.0
1004.0,20.0,6.5,140.4,28.65,16.5,75.0,12.0
1004.0,20.0,6.5,140.2,28.65,16.5,75.0,12.0
1004.0,20.0,6.5,139.9,28.65,16.5,75.0,12.0
1004.0,20.0,7.1,138.1,28.71,17.1,75.0,12.0
1004.0,20.0,7.3,137.6,28.73,17.3,75.0,12.0
1004.0,20.0,7.4,136.8,28.74,17.4,75.0,12.0
1004.0,20.0,7.6,136.0,28.76,17.6,75.0,12.0
1004.0,20.0,7.8,135.2,28.78,17.8,75.0,12.0
1004.0,20.0,9.0,130.6,28.9,19.0,75.0,12.0
1004.0,20.0,9.1,129.7,28.91,19.1,75.0,12.0
1004.0,20.0,9.1,128.8,28.91,19.1,75.0,12.0
1002.0,25.0,9.1,128.1,28.91,19.1,75.0,12.0
997.0,35.0,10.6,125.4,28.56,20.6,75.0,12.0
997.0,35.0,10.8,124.8,28.58,20.8,75.0,12.0
997.0,35.0,10.9,124.1,28.59,20.9,75.0,12.0
996.0,38.0,10.9,123.4,28.59,20.9,75.0,12.0
991.0,45.0,11.4,120.2,28.64,21.4,75.0,12.0
991.0,45.0,11.5,119.7,28.65,21.5,75.0,12.0
991.0,45.0,11.6,119.1,28.66,21.6,75.0,12.0
991.0,45.0,11.8,118.7,28.68,21.8,75.0,12.0
991.0,45.0,12.7,116.2,28.77,22.7,75.0,12.0
989.0,48.0,12.9,115.7,28.79,22.9,75.0,12.0
987.0,50.0,13.1,115.2,28.81,23.1,75.0,12.0
986.0,53.0,13.2,114.7,28.82,23.2,75.0,12.0
976.0,65.0,13.9,111.6,28.89,23.9,75.0,12.0
972.0,70.0,13.9,110.9,28.89,23.9,75.0,12.0
967.0,75.0,14.0,110.2,28.9,24.0,75.0,12.0
972.0,70.0,13.9,109.5,28.89,23.9,75.0,12.0
997.0,35.0,14.0,106.1,28.9,24.0,75.0,12.0
1006.0,15.0,6.9,139.3,28.69,16.9,75.0,12.0
1006.0,15.0,7.1,138.9,28.71,17.1,75.0,12.0
1006.0,15.0,7.3,138.5,28.73,17.3,75.0,12.0
1001.0,28.0,7.9,137.2,28.79,17.9,75.0,12.0
1000.0,30.0,8.1,136.9,28.81,18.1,75.0,12.0
1000.0,30.0,8.3,136.7,28.83,18.3,75.0,12.0
1000.0,30.0,8.5,136.4,28.85,18.5,75.0,12.0
1000.0,30.0,8.7,136.2,28.87,18.7,75.0,12.0
994.0,40.0,9.3,136.4,28.93,19.3,75.0,12.0
991.0,45.0,9.4,136.6,28.94,19.4,75.0,12.0
988.0,50.0,9.5,136.8,28.95,19.5,75.0,12.0
974.0,68.0,11.1,137.4,28.61,21.1,75.0,12.0
972.0,70.0,11.4,137.4,28.64,21.4,75.0,12.0
963.0,80.0,11.7,137.2,28.67,21.7,75.0,12.0
938.0,105.0,12.3,137.0,28.73,22.3,75.0,12.0
889.0,148.0,13.9,136.7,28.89,23.9,75.0,12.0
885.0,150.0,14.4,136.5,28.94,24.4,75.0,12.0
879.0,155.0,15.2,136.0,28.52,10.2,75.0,12.0
879.0,155.0,15.6,135.8,28.56,10.6,75.0,12.0
882.0,153.0,16.9,134.8,28.69,11.899999999999999,75.0,12.0
885.0,150.0,17.2,134.6,28.72,12.2,75.0,12.0
892.0,145.0,17.3,134.1,28.73,12.3,75.0,12.0
898.0,140.0,17.4,133.7,28.74,12.399999999999999,75.0,12.0
904.0,135.0,17.5,133.2,28.75,12.5,75.0,12.0
922.0,120.0,18.4,131.8,28.84,13.399999999999999,75.0,12.0
922.0,120.0,18.7,131.5,28.87,13.7,75.0,12.0
919.0,123.0,19.0,131.2,28.9,14.0,75.0,12.0
913.0,128.0,19.8,130.7,28.98,14.8,75.0,12.0
922.0,120.0,22.3,129.4,28.73,17.3,75.0,12.0
922.0,120.0,22.9,129.2,28.79,17.9,75.0,12.0
922.0,120.0,23.4,129.1,28.84,18.4,75.0,12.0
925.0,118.0,23.9,129.1,28.89,18.9,75.0,12.0
949.0,95.0,26.3,129.6,28.63,21.3,75.0,12.0
959.0,85.0,27.5,130.1,28.75,22.5,75.0,12.0
963.0,80.0,28.2,130.4,28.82,23.2,75.0,12.0
978.0,63.0,31.8,132.9,28.68,11.8,75.0,12.0
980.0,60.0,32.8,133.7,28.78,12.799999999999997,75.0,12.0
984.0,55.0,34.1,134.6,28.91,14.100000000000001,75.0,12.0
987.0,50.0,35.4,135.6,28.54,15.399999999999999,75.0,12.0
991.0,45.0,37.0,137.0,28.7,17.0,75.0,12.0
1006.0,15.0,13.7,147.2,28.87,23.7,75.0,12.0
1006.0,15.0,14.0,147.0,28.9,24.0,75.0,12.0
1006.0,15.0,14.3,146.8,28.93,24.3,75.0,12.0
1006.0,15.0,14.5,146.5,28.95,24.5,75.0,12.0
1005.0,18.0,15.3,145.0,28.53,10.3,75.0,12.0
1004.0,20.0,15.6,144.5,28.56,10.6,75.0,12.0
1003.0,23.0,15.9,144.0,28.59,10.9,75.0,12.0
1002.0,25.0,16.2,143.5,28.62,11.2,75.0,12.0
1000.0,30.0,16.5,143.0,28.65,11.5,75.0,12.0
989.0,48.0,16.8,139.2,28.68,11.8,75.0,12.0
987.0,50.0,16.4,138.5,28.64,11.399999999999999,75.0,12.0
987.0,50.0,16.1,137.8,28.61,11.100000000000001,75.0,12.0
986.0,53.0,15.2,135.4,28.52,10.2,75.0,12.0
984.0,55.0,15.1,134.9,28.51,10.1,75.0,12.0
984.0,55.0,15.1,134.4,28.51,10.1,75.0,12.0
984.0,55.0,15.1,133.9,28.51,10.1,75.0,12.0
984.0,55.0,15.1,133.5,28.51,10.1,75.0,12.0
989.0,48.0,15.0,131.8,28.5,10.0,75.0,12.0
991.0,45.0,15.0,131.3,28.5,10.0,75.0,12.0
991.0,45.0,15.1,130.9,28.51,10.1,75.0,12.0
991.0,45.0,15.1,130.4,28.51,10.1,75.0,12.0
989.0,48.0,15.2,130.1,28.52,10.2,75.0,12.0
980.0,60.0,16.3,128.5,28.63,11.3,75.0,12.0
978.0,63.0,16.6,128.2,28.66,11.600000000000001,75.0,12.0
976.0,65.0,16.8,127.8,28.68,11.8,75.0,12.0
972.0,70.0,17.1,127.4,28.71,12.100000000000001,75.0,12.0
944.0,100.0,18.1,126.0,28.81,13.100000000000001,75.0,12.0
936.0,108.0,18.2,125.8,28.82,13.2,75.0,12.0
927.0,115.0,18.3,125.5,28.83,13.3,75.0,12.0
927.0,115.0,18.4,125.2,28.84,13.399999999999999,75.0,12.0
916.0,125.0,18.7,124.0,28.87,13.7,75.0,12.0
916.0,125.0,18.8,123.8,28.88,13.8,75.0,12.0
916.0,125.0,18.8,123.5,28.88,13.8,75.0,12.0
916.0,125.0,18.9,123.3,28.89,13.899999999999999,75.0,12.0
933.0,110.0,19.1,122.3,28.91,14.100000000000001,75.0,12.0
936.0,108.0,19.2,122.1,28.92,14.2,75.0,12.0
938.0,105.0,19.3,121.9,28.93,14.3,75.0,12.0
946.0,98.0,19.6,122.0,28.96,14.600000000000001,75.0,12.0
967.0,75.0,21.6,121.8,28.66,16.6,75.0,12.0
972.0,70.0,22.0,121.8,28.7,17.0,75.0,12.0
976.0,65.0,22.4,121.7,28.74,17.4,75.0,12.0
976.0,65.0,22.9,121.8,28.79,17.9,75.0,12.0
991.0,45.0,24.8,121.5,28.98,19.8,75.0,12.0
991.0,45.0,25.0,121.2,28.5,20.0,75.0,12.0
991.0,45.0,25.2,121.0,28.52,20.2,75.0,12.0
993.0,43.0,25.6,121.0,28.56,20.6,75.0,12.0
997.0,35.0,27.9,121.3,28.79,22.9,75.0,12.0
997.0,35.0,28.3,121.6,28.83,23.3,75.0,12.0
997.0,35.0,28.7,121.9,28.87,23.7,75.0,12.0
997.0,35.0,29.5,122.1,28.95,24.5,75.0,12.0
1000.0,30.0,33.5,124.5,28.85,13.5,75.0,12.0
1001.0,28.0,34.2,124.8,28.92,14.200000000000003,75.0,12.0
1002.0,25.0,34.9,125.2,28.99,14.899999999999999,75.0,12.0
1001.0,25.0,11.6,153.3,28.66,21.6,75.0,12.0
1002.0,25.0,11.6,153.1,28.66,21.6,75.0,12.0
1002.0,25.0,11.6,152.8,28.66,21.6,75.0,12.0
1000.0,30.0,11.8,151.5,28.68,21.8,75.0,12.0
999.0,33.0,12.0,150.9,28.7,22.0,75.0,12.0
997.0,35.0,12.1,150.7,28.71,22.1,75.0,12.0
989.0,48.0,13.6,149.6,28.86,23.6,75.0,12.0
987.0,50.0,13.9,149.2,28.89,23.9,75.0,12.0
986.0,53.0,14.1,148.8,28.91,24.1,75.0,12.0
984.0,55.0,14.3,148.4,28.93,24.3,75.0,12.0
984.0,55.0,14.6,148.1,28.96,24.6,75.0,12.0
978.0,63.0,15.9,146.8,28.59,10.9,75.0,12.0
976.0,65.0,16.2,146.4,28.62,11.2,75.0,12.0
972.0,70.0,16.5,146.1,28.65,11.5,75.0,12.0
967.0,75.0,16.8,145.7,28.68,11.8,75.0,12.0
965.0,78.0,17.2,145.3,28.72,12.2,75.0,12.0
963.0,80.0,19.0,143.9,28.9,14.0,75.0,12.0
963.0,80.0,19.8,143.3,28.98,14.8,75.0,12.0
963.0,80.0,20.2,143.1,28.52,15.2,75.0,12.0
965.0,78.0,20.7,142.9,28.57,15.7,75.0,12.0
972.0,70.0,23.7,142.4,28.87,18.7,75.0,12.0
974.0,68.0,24.4,142.4,28.94,19.4,75.0,12.0
976.0,65.0,25.0,142.4,28.5,20.0,75.0,12.0
976.0,65.0,25.6,142.4,28.56,20.6,75.0,12.0
978.0,63.0,27.9,142.9,28.79,22.9,75.0,12.0
980.0,60.0,28.4,143.2,28.84,23.4,75.0,12.0
987.0,50.0,29.3,143.7,28.93,24.3,75.0,12.0
989.0,48.0,29.6,144.1,28.96,24.6,75.0,12.0
991.0,45.0,30.9,145.6,28.59,10.899999999999999,75.0,12.0
991.0,45.0,31.2,145.9,28.62,11.2,75.0,12.0
991.0,45.0,31.5,146.2,28.65,11.5,75.0,12.0
991.0,45.0,31.9,146.5,28.69,11.899999999999999,75.0,12.0
991.0,45.0,32.1,147.0,28.71,12.100000000000001,75.0,12.0
991.0,45.0,33.0,149.6,28.8,13.0,75.0,12.0
991.0,45.0,33.3,150.3,28.83,13.299999999999997,75.0,12.0
993.0,43.0,33.8,151.1,28.88,13.799999999999997,75.0,12.0
994.0,40.0,34.3,151.8,28.93,14.299999999999997,75.0,12.0
994.0,40.0,34.7,152.7,28.97,14.700000000000003,75.0,12.0
997.0,35.0,37.8,157.8,28.78,17.799999999999997,75.0,12.0
1008.0,25.0,20.9,130.3,28.59,15.899999999999999,75.0,12.0
1005.0,25.0,20.9,129.8,28.59,15.899999999999999,75.0,12.0
1002.0,25.0,20.9,129.2,28.59,15.899999999999999,75.0,12.0
1003.0,28.0,20.9,128.6,28.59,15.899999999999999,75.0,12.0
1000.0,30.0,21.4,124.7,28.64,16.4,75.0,12.0
999.0,33.0,21.4,123.9,28.64,16.4,75.0,12.0
997.0,35.0,21.4,123.1,28.64,16.4,75.0,12.0
996.0,38.0,20.9,122.3,28.59,15.899999999999999,75.0,12.0
991.0,45.0,20.2,118.8,28.52,15.2,75.0,12.0
991.0,45.0,20.3,118.3,28.53,15.3,75.0,12.0
991.0,45.0,20.4,117.8,28.54,15.399999999999999,75.0,12.0
991.0,45.0,20.5,117.3,28.55,15.5,75.0,12.0
994.0,40.0,21.2,114.8,28.62,16.2,75.0,12.0
996.0,38.0,21.6,114.5,28.66,16.6,75.0,12.0
997.0,35.0,22.1,114.3,28.71,17.1,75.0,12.0
997.0,35.0,22.6,114.3,28.76,17.6,75.0,12.0
1003.0,23.0,21.8,150.4,28.68,16.8,75.0,12.0
1002.0,25.0,22.1,150.3,28.71,17.1,75.0,12.0
1001.0,28.0,22.5,150.2,28.75,17.5,75.0,12.0
1000.0,30.0,22.8,150.0,28.78,17.8,75.0,12.0
999.0,33.0,23.2,149.8,28.82,18.2,75.0,12.0
982.0,58.0,24.5,148.7,28.95,19.5,75.0,12.0
976.0,65.0,24.8,148.4,28.98,19.8,75.0,12.0
965.0,78.0,25.1,148.1,28.51,20.1,75.0,12.0
954.0,90.0,25.4,147.8,28.54,20.4,75.0,12.0
946.0,98.0,25.8,147.5,28.58,20.8,75.0,12.0
927.0,115.0,27.8,146.0,28.78,22.8,75.0,12.0
930.0,113.0,28.2,145.6,28.82,23.2,75.0,12.0
936.0,108.0,29.2,144.9,28.92,24.2,75.0,12.0
954.0,90.0,30.8,142.5,28.58,10.8,75.0,12.0
954.0,90.0,31.2,141.6,28.62,11.2,75.0,12.0
959.0,85.0,31.3,141.2,28.63,11.3,75.0,12.0
963.0,80.0,31.5,140.1,28.65,11.5,75.0,12.0
963.0,80.0,31.5,139.8,28.65,11.5,75.0,12.0
965.0,78.0,31.5,139.6,28.65,11.5,75.0,12.0
967.0,75.0,31.5,139.3,28.65,11.5,75.0,12.0
976.0,65.0,31.8,137.5,28.68,11.8,75.0,12.0
978.0,63.0,31.9,137.2,28.69,11.899999999999999,75.0,12.0
980.0,60.0,31.9,136.8,28.69,11.899999999999999,75.0,12.0
982.0,58.0,31.9,136.4,28.69,11.899999999999999,75.0,12.0
984.0,55.0,32.6,134.4,28.76,12.600000000000001,75.0,12.0
986.0,53.0,32.9,133.9,28.79,12.899999999999999,75.0,12.0
989.0,48.0,33.5,133.0,28.85,13.5,75.0,12.0
997.0,35.0,34.6,131.7,28.96,14.600000000000001,75.0,12.0
997.0,35.0,34.9,131.5,28.99,14.899999999999999,75.0,12.0
997.0,35.0,35.2,131.3,28.52,15.200000000000003,75.0,12.0
997.0,35.0,35.6,131.2,28.56,15.600000000000001,75.0,12.0
1002.0,25.0,16.7,166.1,28.67,11.7,75.0,12.0
1002.0,25.0,17.1,166.2,28.71,12.100000000000001,75.0,12.0
1002.0,25.0,17.6,166.4,28.76,12.600000000000001,75.0,12.0
999.0,33.0,20.0,166.1,28.5,15.0,75.0,12.0
997.0,35.0,20.6,166.0,28.56,15.600000000000001,75.0,12.0
997.0,35.0,21.2,165.9,28.62,16.2,75.0,12.0
997.0,35.0,21.9,165.8,28.69,16.9,75.0,12.0
994.0,40.0,24.9,165.7,28.99,19.9,75.0,12.0
991.0,45.0,25.5,165.8,28.55,20.5,75.0,12.0
988.0,50.0,25.9,166.1,28.59,20.9,75.0,12.0
984.0,55.0,26.3,166.3,28.63,21.3,75.0,12.0
954.0,90.0,27.9,167.5,28.79,22.9,75.0,12.0
954.0,90.0,28.3,167.8,28.83,23.3,75.0,12.0
954.0,90.0,28.7,168.1,28.87,23.7,75.0,12.0
954.0,90.0,29.1,168.4,28.91,24.1,75.0,12.0
954.0,90.0,29.5,168.8,28.95,24.5,75.0,12.0
976.0,65.0,31.2,170.2,28.62,11.2,75.0,12.0
978.0,63.0,31.6,170.6,28.66,11.600000000000001,75.0,12.0
980.0,60.0,32.1,171.0,28.71,12.100000000000001,75.0,12.0
982.0,58.0,32.5,171.3,28.75,12.5,75.0,12.0
984.0,55.0,32.9,171.7,28.79,12.899999999999999,75.0,12.0
991.0,45.0,34.9,171.4,28.99,14.899999999999999,75.0,12.0
991.0,45.0,35.4,171.5,28.54,15.399999999999999,75.0,12.0
991.0,45.0,35.9,171.6,28.59,15.899999999999999,75.0,12.0
994.0,40.0,36.5,171.6,28.65,16.5,75.0,12.0
1002.0,25.0,38.4,172.7,28.84,18.4,75.0,12.0
1002.0,25.0,38.8,172.6,28.88,18.799999999999997,75.0,12.0
1002.0,25.0,39.2,172.6,28.92,19.200000000000003,75.0,12.0
1003.0,23.0,39.6,172.6,28.96,19.6,75.0,12.0
1004.0,20.0,40.0,172.6,28.5,20.0,75.0,12.0
1004.0,20.0,22.9,147.6,28.79,17.9,75.0,12.0
1004.0,20.0,23.2,147.4,28.82,18.2,75.0,12.0
1004.0,20.0,24.7,144.8,28.97,19.7,75.0,12.0
1004.0,20.0,25.2,144.0,28.52,20.2,75.0,12.0
1003.0,23.0,26.4,142.3,28.64,21.4,75.0,12.0
997.0,35.0,30.1,137.9,28.51,10.100000000000001,75.0,12.0
997.0,35.0,32.0,136.0,28.7,12.0,75.0,12.0
998.0,33.0,32.8,135.4,28.78,12.799999999999997,75.0,12.0
1000.0,30.0,37.6,135.0,28.76,17.6,75.0,12.0
1000.0,30.0,38.3,135.6,28.83,18.299999999999997,75.0,12.0
1000.0,30.0,39.0,136.2,28.9,19.0,75.0,12.0
1002.0,25.0,15.4,130.1,28.54,10.4,75.0,12.0
1002.0,25.0,15.8,130.1,28.58,10.8,75.0,12.0
997.0,35.0,17.6,130.3,28.76,12.600000000000001,75.0,12.0
997.0,35.0,17.9,130.4,28.79,12.899999999999999,75.0,12.0
997.0,35.0,18.1,130.4,28.81,13.100000000000001,75.0,12.0
991.0,45.0,19.5,130.4,28.95,14.5,75.0,12.0
989.0,48.0,19.8,130.2,28.98,14.8,75.0,12.0
987.0,50.0,20.0,130.0,28.5,15.0,75.0,12.0
987.0,50.0,20.2,129.8,28.52,15.2,75.0,12.0
984.0,55.0,21.4,128.1,28.64,16.4,75.0,12.0
982.0,58.0,21.8,128.1,28.68,16.8,75.0,12.0
980.0,60.0,22.1,128.0,28.71,17.1,75.0,12.0
978.0,63.0,22.2,127.7,28.72,17.2,75.0,12.0
963.0,80.0,23.3,126.2,28.83,18.3,75.0,12.0
961.0,83.0,23.6,125.8,28.86,18.6,75.0,12.0
958.0,85.0,23.8,125.5,28.88,18.8,75.0,12.0
956.0,88.0,24.1,125.2,28.91,19.1,75.0,12.0
954.0,90.0,26.4,123.8,28.64,21.4,75.0,12.0
954.0,90.0,26.9,123.2,28.69,21.9,75.0,12.0
954.0,90.0,27.3,122.6,28.73,22.3,75.0,12.0
956.0,88.0,27.6,121.9,28.76,22.6,75.0,12.0
980.0,60.0,28.5,118.9,28.85,23.5,75.0,12.0
997.0,35.0,26.8,158.1,28.68,21.8,75.0,12.0
997.0,35.0,27.4,158.8,28.74,22.4,75.0,12.0
997.0,35.0,28.0,159.6,28.8,23.0,75.0,12.0
999.0,33.0,31.1,162.8,28.61,11.100000000000001,75.0,12.0
1000.0,30.0,31.7,163.3,28.67,11.7,75.0,12.0
1000.0,30.0,32.0,164.0,28.7,12.0,75.0,12.0
1000.0,30.0,32.4,164.7,28.74,12.399999999999999,75.0,12.0
1002.0,25.0,33.3,169.7,28.83,13.299999999999997,75.0,12.0
1002.0,25.0,33.5,170.9,28.85,13.5,75.0,12.0
1002.0,25.0,34.1,172.0,28.91,14.100000000000001,75.0,12.0
1002.0,25.0,34.8,173.1,28.98,14.799999999999997,75.0,12.0
1002.0,25.0,15.3,142.9,28.53,10.3,75.0,12.0
1002.0,25.0,15.8,142.4,28.58,10.8,75.0,12.0
1002.0,25.0,16.3,141.9,28.63,11.3,75.0,12.0
1002.0,25.0,17.4,137.4,28.74,12.399999999999999,75.0,12.0
1002.0,25.0,17.9,135.8,28.79,12.899999999999999,75.0,12.0
1002.0,25.0,18.1,135.0,28.81,13.100000000000001,75.0,12.0
1002.0,25.0,18.1,134.2,28.81,13.100000000000001,75.0,12.0
998.0,30.0,18.3,131.3,28.83,13.3,75.0,12.0
998.0,33.0,18.5,130.8,28.85,13.5,75.0,12.0
997.0,35.0,18.7,130.3,28.87,13.7,75.0,12.0
997.0,35.0,19.4,129.9,28.94,14.399999999999999,75.0,12.0
991.0,45.0,23.2,127.9,28.82,18.2,75.0,12.0
991.0,45.0,24.0,127.5,28.9,19.0,75.0,12.0
991.0,45.0,24.8,127.0,28.98,19.8,75.0,12.0
988.0,50.0,25.6,126.6,28.56,20.6,75.0,12.0
976.0,65.0,28.7,125.0,28.87,23.7,75.0,12.0
976.0,65.0,29.4,125.2,28.94,24.4,75.0,12.0
976.0,65.0,30.1,125.4,28.51,10.100000000000001,75.0,12.0
976.0,65.0,30.7,125.9,28.57,10.7,75.0,12.0
984.0,55.0,35.5,129.6,28.55,15.5,75.0,12.0
984.0,55.0,36.5,130.9,28.65,16.5,75.0,12.0
984.0,55.0,37.6,132.3,28.76,17.6,75.0,12.0
988.0,50.0,38.6,133.3,28.86,18.6,75.0,12.0
1006.0,15.0,9.7,170.8,28.97,19.7,75.0,12.0
1004.0,20.0,10.7,167.2,28.57,20.7,75.0,12.0
1004.0,20.0,10.9,166.4,28.59,20.9,75.0,12.0
1003.0,23.0,11.0,165.7,28.6,21.0,75.0,12.0
1000.0,30.0,12.2,162.5,28.72,22.2,75.0,12.0
1000.0,30.0,12.4,162.0,28.74,22.4,75.0,12.0
997.0,35.0,12.7,161.5,28.77,22.7,75.0,12.0
982.0,58.0,13.9,158.4,28.89,23.9,75.0,12.0
980.0,60.0,14.1,157.8,28.91,24.1,75.0,12.0
980.0,60.0,14.2,157.2,28.92,24.2,75.0,12.0
980.0,60.0,14.4,156.7,28.94,24.4,75.0,12.0
976.0,65.0,14.4,153.6,28.94,24.4,75.0,12.0
976.0,65.0,14.3,153.0,28.93,24.3,75.0,12.0
974.0,68.0,14.2,152.3,28.92,24.2,75.0,12.0
972.0,70.0,14.2,151.7,28.92,24.2,75.0,12.0
952.0,93.0,14.2,148.2,28.92,24.2,75.0,12.0
949.0,95.0,14.2,147.5,28.92,24.2,75.0,12.0
938.0,105.0,14.2,146.9,28.92,24.2,75.0,12.0
927.0,115.0,14.3,146.4,28.93,24.3,75.0,12.0
886.0,150.0,15.1,144.1,28.51,10.1,75.0,12.0
879.0,155.0,15.2,143.7,28.52,10.2,75.0,12.0
879.0,155.0,15.4,143.2,28.54,10.4,75.0,12.0
879.0,155.0,15.7,142.8,28.57,10.7,75.0,12.0
879.0,155.0,16.0,142.4,28.6,11.0,75.0,12.0
879.0,155.0,17.4,140.3,28.74,12.399999999999999,75.0,12.0
882.0,153.0,17.8,139.9,28.78,12.8,75.0,12.0
889.0,148.0,18.5,139.3,28.85,13.5,75.0,12.0
882.0,153.0,20.0,138.3,28.5,15.0,75.0,12.0
885.0,150.0,20.4,138.1,28.54,15.399999999999999,75.0,12.0
892.0,145.0,20.8,137.8,28.58,15.8,75.0,12.0
910.0,130.0,23.5,136.1,28.85,18.5,75.0,12.0
913.0,128.0,23.9,135.9,28.89,18.9,75.0,12.0
922.0,120.0,24.5,135.5,28.95,19.5,75.0,12.0
933.0,110.0,25.9,134.9,28.59,20.9,75.0,12.0
938.0,105.0,26.2,134.8,28.62,21.2,75.0,12.0
941.0,103.0,26.4,134.7,28.64,21.4,75.0,12.0
944.0,100.0,26.6,134.6,28.66,21.6,75.0,12.0
941.0,103.0,26.8,134.4,28.68,21.8,75.0,12.0
927.0,115.0,27.3,133.8,28.73,22.3,75.0,12.0
927.0,115.0,27.4,133.6,28.74,22.4,75.0,12.0
927.0,115.0,27.4,133.4,28.74,22.4,75.0,12.0
930.0,113.0,27.5,133.1,28.75,22.5,75.0,12.0
938.0,105.0,28.2,131.2,28.82,23.2,75.0,12.0
938.0,105.0,28.4,130.8,28.84,23.4,75.0,12.0
938.0,105.0,28.7,130.5,28.87,23.7,75.0,12.0
944.0,100.0,29.0,130.2,28.9,24.0,75.0,12.0
954.0,90.0,31.6,130.2,28.66,11.600000000000001,75.0,12.0
956.0,88.0,32.5,130.8,28.75,12.5,75.0,12.0
958.0,85.0,33.4,131.3,28.84,13.399999999999999,75.0,12.0
978.0,63.0,38.6,137.4,28.86,18.6,75.0,12.0
984.0,55.0,40.1,139.2,28.51,20.1,75.0,12.0
986.0,53.0,41.6,141.1,28.66,21.6,75.0,12.0
987.0,50.0,43.1,143.1,28.81,23.1,75.0,12.0
1004.0,20.0,9.2,144.7,28.92,19.2,75.0,12.0
1004.0,20.0,9.6,143.8,28.96,19.6,75.0,12.0
1004.0,20.0,10.2,142.2,28.52,20.2,75.0,12.0
1003.0,23.0,10.8,139.1,28.58,20.8,75.0,12.0
1002.0,25.0,10.9,138.3,28.59,20.9,75.0,12.0
1002.0,25.0,11.1,137.6,28.61,21.1,75.0,12.0
999.0,33.0,13.7,135.9,28.87,23.7,75.0,12.0
997.0,35.0,14.2,135.8,28.92,24.2,75.0,12.0
996.0,38.0,14.7,135.9,28.97,24.7,75.0,12.0
994.0,40.0,15.2,135.9,28.52,10.2,75.0,12.0
993.0,43.0,15.6,135.6,28.56,10.6,75.0,12.0
986.0,53.0,17.1,134.2,28.71,12.100000000000001,75.0,12.0
984.0,55.0,17.5,133.8,28.75,12.5,75.0,12.0
984.0,55.0,17.9,133.3,28.79,12.899999999999999,75.0,12.0
984.0,55.0,18.2,132.8,28.82,13.2,75.0,12.0
980.0,60.0,18.5,132.3,28.85,13.5,75.0,12.0
976.0,65.0,20.3,129.7,28.53,15.3,75.0,12.0
976.0,65.0,20.6,129.2,28.56,15.600000000000001,75.0,12.0
976.0,65.0,21.0,128.7,28.6,16.0,75.0,12.0
976.0,65.0,21.3,128.2,28.63,16.3,75.0,12.0
980.0,60.0,22.8,126.2,28.78,17.8,75.0,12.0
978.0,63.0,23.1,125.8,28.81,18.1,75.0,12.0
976.0,65.0,23.3,125.5,28.83,18.3,75.0,12.0
974.0,68.0,23.6,125.2,28.86,18.6,75.0,12.0
963.0,80.0,24.9,124.0,28.99,19.9,75.0,12.0
963.0,80.0,25.1,123.8,28.51,20.1,75.0,12.0
963.0,80.0,25.3,123.5,28.53,20.3,75.0,12.0
961.0,83.0,25.4,123.2,28.54,20.4,75.0,12.0
954.0,90.0,25.6,121.4,28.56,20.6,75.0,12.0
956.0,88.0,25.6,120.9,28.56,20.6,75.0,12.0
958.0,85.0,25.6,120.4,28.56,20.6,75.0,12.0
963.0,80.0,25.5,119.8,28.55,20.5,75.0,12.0
980.0,60.0,24.2,117.2,28.92,19.2,75.0,12.0
987.0,50.0,24.0,116.8,28.9,19.0,75.0,12.0
994.0,40.0,23.9,116.4,28.89,18.9,75.0,12.0
997.0,35.0,23.9,116.0,28.89,18.9,75.0,12.0
1004.0,20.0,13.3,152.5,28.83,23.3,75.0,12.0
1003.0,23.0,13.4,152.2,28.84,23.4,75.0,12.0
1000.0,30.0,14.1,150.3,28.91,24.1,75.0,12.0
1000.0,30.0,14.2,150.0,28.92,24.2,75.0,12.0
1000.0,30.0,14.4,149.7,28.94,24.4,75.0,12.0
1000.0,30.0,14.6,149.3,28.96,24.6,75.0,12.0
1002.0,25.0,16.0,146.3,28.6,11.0,75.0,12.0
1003.0,23.0,15.9,145.9,28.59,10.9,75.0,12.0
1004.0,20.0,15.9,145.4,28.59,10.9,75.0,12.0
1004.0,20.0,10.8,170.2,28.58,20.8,75.0,12.0
1003.0,23.0,10.5,168.4,28.55,20.5,75.0,12.0
1002.0,25.0,10.4,168.1,28.54,20.4,75.0,12.0
1001.0,28.0,10.6,167.8,28.56,20.6,75.0,12.0
997.0,40.0,11.2,165.4,28.62,21.2,75.0,12.0
991.0,45.0,11.4,164.9,28.64,21.4,75.0,12.0
988.0,50.0,11.7,164.4,28.67,21.7,75.0,12.0
984.0,55.0,12.0,163.9,28.7,22.0,75.0,12.0
982.0,58.0,13.0,160.9,28.8,23.0,75.0,12.0
980.0,60.0,13.2,160.2,28.82,23.2,75.0,12.0
978.0,63.0,13.4,159.4,28.84,23.4,75.0,12.0
970.0,73.0,14.8,155.0,28.98,24.8,75.0,12.0
967.0,75.0,15.0,154.3,28.5,10.0,75.0,12.0
965.0,78.0,15.2,153.6,28.52,10.2,75.0,12.0
963.0,80.0,15.4,152.9,28.54,10.4,75.0,12.0
946.0,98.0,16.1,150.0,28.61,11.100000000000001,75.0,12.0
938.0,105.0,16.3,149.5,28.63,11.3,75.0,12.0
930.0,113.0,16.5,149.0,28.65,11.5,75.0,12.0
922.0,120.0,16.7,148.5,28.67,11.7,75.0,12.0
916.0,125.0,18.2,146.4,28.82,13.2,75.0,12.0
916.0,125.0,18.6,146.1,28.86,13.600000000000001,75.0,12.0
916.0,125.0,19.1,145.6,28.91,14.100000000000001,75.0,12.0
916.0,125.0,19.7,145.2,28.97,14.7,75.0,12.0
916.0,125.0,19.9,144.4,28.99,14.899999999999999,75.0,12.0
919.0,123.0,21.0,141.7,28.6,16.0,75.0,12.0
925.0,118.0,21.4,140.4,28.64,16.4,75.0,12.0
927.0,115.0,21.5,139.8,28.65,16.5,75.0,12.0
927.0,115.0,21.6,139.2,28.66,16.6,75.0,12.0
927.0,115.0,21.9,136.9,28.69,16.9,75.0,12.0
927.0,115.0,22.0,136.3,28.7,17.0,75.0,12.0
927.0,115.0,22.2,135.2,28.72,17.2,75.0,12.0
930.0,113.0,22.2,134.6,28.72,17.2,75.0,12.0
927.0,115.0,23.3,132.1,28.83,18.3,75.0,12.0
922.0,120.0,23.6,131.6,28.86,18.6,75.0,12.0
916.0,125.0,24.0,131.2,28.9,19.0,75.0,12.0
916.0,125.0,24.2,130.8,28.92,19.2,75.0,12.0
927.0,115.0,25.6,129.0,28.56,20.6,75.0,12.0
927.0,115.0,25.9,128.7,28.59,20.9,75.0,12.0
927.0,115.0,26.2,128.3,28.62,21.2,75.0,12.0
930.0,113.0,26.6,128.1,28.66,21.6,75.0,12.0
944.0,100.0,28.4,127.1,28.84,23.4,75.0,12.0
947.0,98.0,28.8,127.0,28.88,23.8,75.0,12.0
949.0,95.0,29.2,126.9,28.92,24.2,75.0,12.0
952.0,93.0,29.6,127.2,28.96,24.6,75.0,12.0
954.0,90.0,32.6,129.4,28.76,12.600000000000001,75.0,12.0
956.0,88.0,34.0,130.8,28.9,14.0,75.0,12.0
958.0,85.0,35.3,132.2,28.53,15.299999999999997,75.0,12.0
965.0,78.0,37.0,134.1,28.7,17.0,75.0,12.0
991.0,45.0,44.7,140.2,28.97,24.700000000000003,75.0,12.0
1002.0,25.0,15.8,152.7,28.58,10.8,75.0,12.0
994.0,40.0,17.1,149.3,28.71,12.100000000000001,75.0,12.0
991.0,45.0,17.4,148.5,28.74,12.399999999999999,75.0,12.0
988.0,50.0,17.8,147.8,28.78,12.8,75.0,12.0
980.0,60.0,19.4,142.7,28.94,14.399999999999999,75.0,12.0
980.0,60.0,19.6,142.1,28.96,14.600000000000001,75.0,12.0
980.0,60.0,19.8,141.5,28.98,14.8,75.0,12.0
980.0,60.0,20.1,140.9,28.51,15.100000000000001,75.0,12.0
986.0,53.0,21.6,139.0,28.66,16.6,75.0,12.0
987.0,50.0,22.0,138.7,28.7,17.0,75.0,12.0
989.0,48.0,22.5,138.4,28.75,17.5,75.0,12.0
991.0,45.0,23.0,138.1,28.8,18.0,75.0,12.0
994.0,40.0,23.5,138.0,28.85,18.5,75.0,12.0
1002.0,25.0,25.5,137.5,28.55,20.5,75.0,12.0
1004.0,20.0,26.0,137.4,28.6,21.0,75.0,12.0
1004.0,20.0,26.5,137.4,28.65,21.5,75.0,12.0
1004.0,20.0,27.0,137.3,28.7,22.0,75.0,12.0
1002.0,25.0,23.0,120.1,28.8,18.0,75.0,12.0
1002.0,25.0,23.0,120.4,28.8,18.0,75.0,12.0
1002.0,25.0,23.0,120.8,28.8,18.0,75.0,12.0
1002.0,25.0,23.2,121.3,28.82,18.2,75.0,12.0
997.0,35.0,24.8,122.2,28.98,19.8,75.0,12.0
999.0,33.0,25.1,122.2,28.51,20.1,75.0,12.0
1000.0,30.0,25.5,122.2,28.55,20.5,75.0,12.0
1000.0,30.0,25.8,122.2,28.58,20.8,75.0,12.0
1000.0,30.0,27.3,121.6,28.73,22.3,75.0,12.0
1000.0,30.0,27.6,121.2,28.76,22.6,75.0,12.0
1000.0,30.0,28.0,120.9,28.8,23.0,75.0,12.0
1000.0,30.0,28.2,120.5,28.82,23.2,75.0,12.0
1006.0,15.0,13.1,151.0,28.81,23.1,75.0,12.0
1006.0,15.0,13.1,150.2,28.81,23.1,75.0,12.0
1005.0,18.0,13.1,149.4,28.81,23.1,75.0,12.0
1004.0,20.0,13.0,148.6,28.8,23.0,75.0,12.0
1002.0,25.0,12.8,145.5,28.78,22.8,75.0,12.0
1002.0,25.0,12.6,145.1,28.76,22.6,75.0,12.0
1001.0,28.0,12.6,144.7,28.76,22.6,75.0,12.0
1000.0,30.0,12.6,144.3,28.76,22.6,75.0,12.0
996.0,38.0,13.0,142.2,28.8,23.0,75.0,12.0
994.0,40.0,13.2,141.9,28.82,23.2,75.0,12.0
993.0,43.0,13.4,141.6,28.84,23.4,75.0,12.0
991.0,45.0,13.7,141.3,28.87,23.7,75.0,12.0
989.0,48.0,13.9,141.0,28.89,23.9,75.0,12.0
982.0,58.0,15.3,139.2,28.53,10.3,75.0,12.0
980.0,60.0,15.6,139.0,28.56,10.6,75.0,12.0
978.0,63.0,15.9,138.8,28.59,10.9,75.0,12.0
972.0,70.0,16.9,137.8,28.69,11.899999999999999,75.0,12.0
961.0,83.0,17.5,137.2,28.75,12.5,75.0,12.0
954.0,90.0,17.8,136.8,28.78,12.8,75.0,12.0
949.0,95.0,18.1,136.4,28.81,13.100000000000001,75.0,12.0
930.0,113.0,19.1,134.6,28.91,14.100000000000001,75.0,12.0
922.0,120.0,19.4,134.2,28.94,14.399999999999999,75.0,12.0
919.0,123.0,19.8,133.8,28.98,14.8,75.0,12.0
916.0,125.0,20.1,133.3,28.51,15.100000000000001,75.0,12.0
925.0,118.0,23.0,130.6,28.8,18.0,75.0,12.0
927.0,115.0,23.6,130.2,28.86,18.6,75.0,12.0
930.0,113.0,24.1,129.6,28.91,19.1,75.0,12.0
938.0,105.0,25.6,126.6,28.56,20.6,75.0,12.0
941.0,103.0,25.7,126.1,28.57,20.7,75.0,12.0
944.0,100.0,25.8,125.6,28.58,20.8,75.0,12.0
944.0,100.0,25.8,125.3,28.58,20.8,75.0,12.0
938.0,105.0,26.1,124.9,28.61,21.1,75.0,12.0
938.0,105.0,26.2,125.0,28.62,21.2,75.0,12.0
938.0,105.0,26.4,125.0,28.64,21.4,75.0,12.0
946.0,98.0,26.6,125.2,28.66,21.6,75.0,12.0
963.0,80.0,28.0,126.5,28.8,23.0,75.0,12.0
965.0,78.0,28.5,126.8,28.85,23.5,75.0,12.0
967.0,75.0,29.0,127.1,28.9,24.0,75.0,12.0
967.0,75.0,29.6,127.5,28.96,24.6,75.0,12.0
978.0,63.0,32.4,131.7,28.74,12.399999999999999,75.0,12.0
980.0,60.0,32.9,132.9,28.79,12.899999999999999,75.0,12.0
982.0,58.0,33.7,133.9,28.87,13.700000000000003,75.0,12.0
997.0,35.0,38.5,142.5,28.85,18.5,75.0,12.0
1006.0,15.0,14.9,137.3,28.99,24.9,75.0,12.0
1006.0,15.0,15.1,137.1,28.51,10.1,75.0,12.0
1006.0,15.0,15.4,137.0,28.54,10.4,75.0,12.0
1006.0,15.0,15.7,136.9,28.57,10.7,75.0,12.0
1006.0,15.0,15.9,136.7,28.59,10.9,75.0,12.0
1006.0,15.0,16.1,135.5,28.61,11.100000000000001,75.0,12.0
1006.0,15.0,16.1,134.9,28.61,11.100000000000001,75.0,12.0
1005.0,18.0,16.4,134.4,28.64,11.399999999999999,75.0,12.0
999.0,33.0,16.8,134.4,28.68,11.8,75.0,12.0
997.0,35.0,17.0,134.3,28.7,12.0,75.0,12.0
997.0,35.0,17.2,134.3,28.72,12.2,75.0,12.0
997.0,35.0,18.1,134.4,28.81,13.100000000000001,75.0,12.0
997.0,35.0,18.4,134.4,28.84,13.399999999999999,75.0,12.0
994.0,40.0,18.7,134.6,28.87,13.7,75.0,12.0
991.0,45.0,19.0,134.8,28.9,14.0,75.0,12.0
991.0,45.0,19.3,134.7,28.93,14.3,75.0,12.0
984.0,55.0,20.5,133.4,28.55,15.5,75.0,12.0
980.0,60.0,20.6,133.1,28.56,15.600000000000001,75.0,12.0
976.0,65.0,20.7,132.7,28.57,15.7,75.0,12.0
972.0,70.0,20.9,132.4,28.59,15.899999999999999,75.0,12.0
963.0,80.0,21.8,130.9,28.68,16.8,75.0,12.0
959.0,85.0,22.0,130.8,28.7,17.0,75.0,12.0
954.0,90.0,22.2,130.6,28.72,17.2,75.0,12.0
941.0,103.0,22.4,130.6,28.74,17.4,75.0,12.0
898.0,140.0,23.8,131.4,28.88,18.8,75.0,12.0
898.0,140.0,24.5,131.9,28.95,19.5,75.0,12.0
898.0,140.0,25.1,132.3,28.51,20.1,75.0,12.0
898.0,140.0,26.1,132.8,28.61,21.1,75.0,12.0
910.0,130.0,31.6,136.0,28.66,11.600000000000001,75.0,12.0
938.0,105.0,34.3,138.2,28.93,14.299999999999997,75.0,12.0
1006.0,15.0,10.4,154.8,28.54,20.4,75.0,12.0
1006.0,15.0,10.9,154.2,28.59,20.9,75.0,12.0
1006.0,15.0,11.4,153.7,28.64,21.4,75.0,12.0
1002.0,25.0,12.2,151.0,28.72,22.2,75.0,12.0
1002.0,25.0,12.3,150.5,28.73,22.3,75.0,12.0
1002.0,25.0,12.7,149.9,28.77,22.7,75.0,12.0
1002.0,25.0,13.0,149.4,28.8,23.0,75.0,12.0
994.0,40.0,14.2,144.7,28.92,24.2,75.0,12.0
991.0,45.0,14.3,143.8,28.93,24.3,75.0,12.0
988.0,50.0,14.2,142.9,28.92,24.2,75.0,12.0
984.0,55.0,14.2,142.0,28.92,24.2,75.0,12.0
967.0,75.0,13.6,138.1,28.86,23.6,75.0,12.0
965.0,78.0,13.7,137.8,28.87,23.7,75.0,12.0
963.0,80.0,13.8,137.4,28.88,23.8,75.0,12.0
961.0,83.0,13.9,137.0,28.89,23.9,75.0,12.0
949.0,95.0,14.5,135.8,28.95,24.5,75.0,12.0
944.0,100.0,14.7,135.5,28.97,24.7,75.0,12.0
944.0,100.0,14.9,135.2,28.99,24.9,75.0,12.0
944.0,100.0,15.1,135.0,28.51,10.1,75.0,12.0
944.0,100.0,15.3,134.7,28.53,10.3,75.0,12.0
941.0,103.0,16.5,134.1,28.65,11.5,75.0,12.0
938.0,105.0,16.8,134.1,28.68,11.8,75.0,12.0
936.0,108.0,17.2,134.1,28.72,12.2,75.0,12.0
933.0,110.0,17.7,134.0,28.77,12.7,75.0,12.0
916.0,125.0,19.4,131.8,28.94,14.399999999999999,75.0,12.0
922.0,120.0,19.7,130.9,28.97,14.7,75.0,12.0
925.0,118.0,19.9,130.4,28.99,14.899999999999999,75.0,12.0
938.0,105.0,21.7,128.2,28.67,16.7,75.0,12.0
944.0,100.0,21.9,127.8,28.69,16.9,75.0,12.0
949.0,95.0,22.2,127.4,28.72,17.2,75.0,12.0
949.0,95.0,22.6,127.2,28.76,17.6,75.0,12.0
963.0,80.0,24.8,127.2,28.98,19.8,75.0,12.0
963.0,80.0,25.4,127.6,28.54,20.4,75.0,12.0
963.0,80.0,26.0,128.0,28.6,21.0,75.0,12.0
968.0,75.0,26.7,128.4,28.67,21.7,75.0,12.0
976.0,65.0,31.1,131.8,28.61,11.100000000000001,75.0,12.0
980.0,60.0,32.2,132.7,28.72,12.200000000000003,75.0,12.0
984.0,55.0,33.2,133.5,28.82,13.200000000000003,75.0,12.0
1002.0,25.0,9.2,162.4,28.92,19.2,75.0,12.0
1001.0,28.0,9.6,161.9,28.96,19.6,75.0,12.0
1000.0,30.0,10.1,161.4,28.51,20.1,75.0,12.0
1000.0,30.0,11.3,160.1,28.63,21.3,75.0,12.0
1000.0,30.0,11.6,159.8,28.66,21.6,75.0,12.0
1000.0,30.0,11.5,159.5,28.65,21.5,75.0,12.0
1000.0,30.0,11.1,157.8,28.61,21.1,75.0,12.0
1000.0,30.0,11.1,157.4,28.61,21.1,75.0,12.0
999.0,33.0,11.1,156.9,28.61,21.1,75.0,12.0
997.0,35.0,11.0,156.5,28.6,21.0,75.0,12.0
989.0,48.0,10.8,154.7,28.58,20.8,75.0,12.0
987.0,50.0,10.8,154.4,28.58,20.8,75.0,12.0
986.0,53.0,10.8,154.2,28.58,20.8,75.0,12.0
984.0,55.0,10.8,153.9,28.58,20.8,75.0,12.0
976.0,65.0,10.4,152.6,28.54,20.4,75.0,12.0
976.0,65.0,10.4,152.3,28.54,20.4,75.0,12.0
972.0,70.0,10.2,151.7,28.52,20.2,75.0,12.0
961.0,83.0,9.8,149.2,28.98,19.8,75.0,12.0
958.0,85.0,9.7,148.6,28.97,19.7,75.0,12.0
956.0,88.0,9.7,148.2,28.97,19.7,75.0,12.0
954.0,90.0,9.7,147.8,28.97,19.7,75.0,12.0
952.0,93.0,10.4,145.6,28.54,20.4,75.0,12.0
949.0,95.0,10.7,145.1,28.57,20.7,75.0,12.0
949.0,95.0,11.1,144.6,28.61,21.1,75.0,12.0
949.0,95.0,11.6,144.1,28.66,21.6,75.0,12.0
949.0,95.0,13.1,141.1,28.81,23.1,75.0,12.0
949.0,95.0,13.4,140.6,28.84,23.4,75.0,12.0
949.0,95.0,13.6,140.0,28.86,23.6,75.0,12.0
949.0,95.0,13.7,139.4,28.87,23.7,75.0,12.0
949.0,95.0,15.0,136.9,28.5,10.0,75.0,12.0
949.0,95.0,15.3,136.5,28.53,10.3,75.0,12.0
947.0,98.0,15.6,136.1,28.56,10.6,75.0,12.0
944.0,100.0,15.9,135.6,28.59,10.9,75.0,12.0
944.0,100.0,16.1,135.1,28.61,11.100000000000001,75.0,12.0
939.0,105.0,17.1,133.1,28.71,12.100000000000001,75.0,12.0
933.0,110.0,18.0,130.9,28.8,13.0,75.0,12.0
933.0,110.0,18.3,130.1,28.83,13.3,75.0,12.0
933.0,110.0,20.0,126.0,28.5,15.0,75.0,12.0
933.0,110.0,20.4,125.2,28.54,15.399999999999999,75.0,12.0
933.0,110.0,20.7,124.5,28.57,15.7,75.0,12.0
933.0,110.0,21.2,123.8,28.62,16.2,75.0,12.0
944.0,100.0,24.2,122.3,28.92,19.2,75.0,12.0
949.0,95.0,24.8,122.1,28.98,19.8,75.0,12.0
954.0,90.0,25.4,121.9,28.54,20.4,75.0,12.0
961.0,83.0,26.0,122.2,28.6,21.0,75.0,12.0
980.0,60.0,28.4,126.1,28.84,23.4,75.0,12.0
986.0,53.0,28.8,127.8,28.88,23.8,75.0,12.0
991.0,45.0,29.1,129.5,28.91,24.1,75.0,12.0
991.0,45.0,29.4,131.2,28.94,24.4,75.0,12.0
1000.0,30.0,11.1,131.8,28.61,21.1,75.0,12.0
1000.0,30.0,11.1,130.9,28.61,21.1,75.0,12.0
1000.0,30.0,11.2,130.1,28.62,21.2,75.0,12.0
999.0,33.0,11.3,129.3,28.63,21.3,75.0,12.0
997.0,35.0,12.2,127.0,28.72,22.2,75.0,12.0
997.0,35.0,12.6,127.0,28.76,22.6,75.0,12.0
997.0,35.0,13.0,127.1,28.8,23.0,75.0,12.0
997.0,35.0,13.2,126.8,28.82,23.2,75.0,12.0
994.0,40.0,14.5,125.7,28.95,24.5,75.0,12.0
993.0,43.0,14.5,125.3,28.95,24.5,75.0,12.0
991.0,45.0,14.5,124.9,28.95,24.5,75.0,12.0
988.0,50.0,14.5,124.6,28.95,24.5,75.0,12.0
980.0,60.0,14.6,123.6,28.96,24.6,75.0,12.0
978.0,63.0,14.7,123.6,28.97,24.7,75.0,12.0
976.0,65.0,14.8,123.6,28.98,24.8,75.0,12.0
972.0,70.0,15.0,123.7,28.5,10.0,75.0,12.0
938.0,105.0,15.7,123.8,28.57,10.7,75.0,12.0
933.0,110.0,15.8,123.8,28.58,10.8,75.0,12.0
927.0,115.0,15.9,123.9,28.59,10.9,75.0,12.0
927.0,115.0,15.9,124.1,28.59,10.9,75.0,12.0
938.0,105.0,15.2,124.2,28.52,10.2,75.0,12.0
946.0,98.0,14.9,124.2,28.99,24.9,75.0,12.0
954.0,90.0,14.7,124.1,28.97,24.7,75.0,12.0
956.0,88.0,14.4,123.9,28.94,24.4,75.0,12.0
967.0,75.0,12.8,121.6,28.78,22.8,75.0,12.0
972.0,70.0,12.7,120.9,28.77,22.7,75.0,12.0
976.0,65.0,12.5,120.3,28.75,22.5,75.0,12.0
978.0,63.0,12.4,119.8,28.74,22.4,75.0,12.0
976.0,65.0,11.9,117.2,28.69,21.9,75.0,12.0
974.0,68.0,11.9,116.7,28.69,21.9,75.0,12.0
972.0,70.0,11.9,116.1,28.69,21.9,75.0,12.0
968.0,75.0,11.9,115.7,28.69,21.9,75.0,12.0
958.0,85.0,11.4,113.6,28.64,21.4,75.0,12.0
958.0,85.0,11.2,113.3,28.62,21.2,75.0,12.0
958.0,85.0,11.1,113.1,28.61,21.1,75.0,12.0
963.0,80.0,10.9,112.8,28.59,20.9,75.0,12.0
976.0,65.0,10.1,111.7,28.51,20.1,75.0,12.0
976.0,65.0,10.0,111.4,28.5,20.0,75.0,12.0
976.0,65.0,9.9,111.1,28.99,19.9,75.0,12.0
978.0,63.0,9.8,110.8,28.98,19.8,75.0,12.0
984.0,55.0,9.1,109.7,28.91,19.1,75.0,12.0
986.0,53.0,8.9,109.2,28.89,18.9,75.0,12.0
987.0,50.0,8.8,108.8,28.88,18.8,75.0,12.0
991.0,45.0,8.7,108.1,28.87,18.7,75.0,12.0
994.0,40.0,8.7,103.6,28.87,18.7,75.0,12.0
996.0,38.0,8.7,102.7,28.87,18.7,75.0,12.0
997.0,35.0,8.7,101.7,28.87,18.7,75.0,12.0
999.0,33.0,8.8,101.1,28.88,18.8,75.0,12.0
1002.0,25.0,11.3,99.9,28.63,21.3,75.0,12.0
1002.0,25.0,5.6,151.8,28.56,15.6,75.0,12.0
999.0,33.0,6.2,148.5,28.62,16.2,75.0,12.0
997.0,35.0,6.3,147.8,28.63,16.3,75.0,12.0
991.0,45.0,6.6,146.9,28.66,16.6,75.0,12.0
984.0,55.0,6.9,146.0,28.69,16.9,75.0,12.0
967.0,75.0,8.1,141.8,28.81,18.1,75.0,12.0
967.0,75.0,8.5,141.0,28.85,18.5,75.0,12.0
963.0,80.0,9.3,139.1,28.93,19.3,75.0,12.0
938.0,105.0,11.6,132.8,28.66,21.6,75.0,12.0
933.0,110.0,11.9,131.8,28.69,21.9,75.0,12.0
927.0,115.0,12.3,130.7,28.73,22.3,75.0,12.0
922.0,120.0,12.7,129.6,28.77,22.7,75.0,12.0
910.0,130.0,14.3,125.0,28.93,24.3,75.0,12.0
916.0,125.0,14.6,124.2,28.96,24.6,75.0,12.0
922.0,120.0,14.9,123.4,28.99,24.9,75.0,12.0
925.0,118.0,15.4,122.7,28.54,10.4,75.0,12.0
949.0,95.0,17.9,119.0,28.79,12.899999999999999,75.0,12.0
958.0,85.0,18.6,118.8,28.86,13.600000000000001,75.0,12.0
967.0,75.0,19.3,118.5,28.93,14.3,75.0,12.0
972.0,70.0,19.8,118.4,28.98,14.8,75.0,12.0
991.0,45.0,22.4,120.2,28.74,17.4,75.0,12.0
1005.0,20.0,5.9,175.7,28.59,15.9,75.0,12.0
1001.0,28.0,7.2,172.2,28.72,17.2,75.0,12.0
1000.0,30.0,7.7,171.5,28.77,17.7,75.0,12.0
1000.0,30.0,8.1,170.6,28.81,18.1,75.0,12.0
1000.0,30.0,8.4,169.7,28.84,18.4,75.0,12.0
994.0,40.0,8.5,164.9,28.85,18.5,75.0,12.0
991.0,45.0,8.6,163.9,28.86,18.6,75.0,12.0
991.0,45.0,8.8,162.9,28.88,18.8,75.0,12.0
991.0,45.0,9.1,161.9,28.91,19.1,75.0,12.0
987.0,50.0,10.0,155.3,28.5,20.0,75.0,12.0
987.0,50.0,9.9,154.2,28.99,19.9,75.0,12.0
987.0,50.0,9.9,153.2,28.99,19.9,75.0,12.0
991.0,45.0,10.1,147.2,28.51,20.1,75.0,12.0
991.0,45.0,10.2,146.3,28.52,20.2,75.0,12.0
991.0,45.0,10.3,145.5,28.53,20.3,75.0,12.0
993.0,43.0,11.2,141.6,28.62,21.2,75.0,12.0
994.0,40.0,11.3,140.8,28.63,21.3,75.0,12.0
994.0,40.0,11.4,140.1,28.64,21.4,75.0,12.0
994.0,40.0,11.6,139.3,28.66,21.6,75.0,12.0
997.0,35.0,11.4,136.2,28.64,21.4,75.0,12.0
997.0,35.0,11.6,135.8,28.66,21.6,75.0,12.0
997.0,35.0,11.7,135.4,28.67,21.7,75.0,12.0
999.0,33.0,11.8,135.0,28.68,21.8,75.0,12.0
1000.0,30.0,12.1,132.8,28.71,22.1,75.0,12.0
1000.0,30.0,12.1,132.5,28.71,22.1,75.0,12.0
997.0,35.0,13.2,131.4,28.82,23.2,75.0,12.0
994.0,40.0,13.4,131.4,28.84,23.4,75.0,12.0
991.0,45.0,13.9,131.4,28.89,23.9,75.0,12.0
996.0,38.0,14.9,131.4,28.99,24.9,75.0,12.0
997.0,35.0,15.2,130.9,28.52,10.2,75.0,12.0
997.0,35.0,17.8,131.3,28.78,12.8,75.0,12.0
999.0,33.0,18.1,131.0,28.81,13.100000000000001,75.0,12.0
1000.0,30.0,18.4,130.7,28.84,13.399999999999999,75.0,12.0
1001.0,28.0,18.8,130.6,28.88,13.8,75.0,12.0
1004.0,20.0,19.9,131.5,28.99,14.899999999999999,75.0,12.0
1004.0,20.0,11.1,154.0,28.61,21.1,75.0,12.0
1004.0,20.0,11.6,153.8,28.66,21.6,75.0,12.0
1000.0,30.0,13.3,151.5,28.83,23.3,75.0,12.0
999.0,33.0,13.4,150.6,28.84,23.4,75.0,12.0
997.0,35.0,13.4,150.1,28.84,23.4,75.0,12.0
997.0,35.0,13.3,147.7,28.83,23.3,75.0,12.0
997.0,35.0,13.7,147.4,28.87,23.7,75.0,12.0
997.0,35.0,14.0,147.2,28.9,24.0,75.0,12.0
986.0,53.0,17.1,146.4,28.71,12.100000000000001,75.0,12.0
984.0,55.0,17.6,146.4,28.76,12.600000000000001,75.0,12.0
984.0,55.0,18.1,146.4,28.81,13.100000000000001,75.0,12.0
984.0,55.0,18.7,146.5,28.87,13.7,75.0,12.0
986.0,53.0,22.2,149.1,28.72,17.2,75.0,12.0
987.0,50.0,23.8,151.4,28.88,18.8,75.0,12.0
987.0,50.0,24.5,152.7,28.95,19.5,75.0,12.0
1000.0,30.0,26.6,159.4,28.66,21.6,75.0,12.0
1000.0,30.0,26.8,160.9,28.68,21.8,75.0,12.0
1006.0,15.0,5.2,152.1,28.52,15.2,75.0,12.0
1002.0,25.0,5.1,148.8,28.51,15.1,75.0,12.0
1001.0,28.0,5.2,148.4,28.52,15.2,75.0,12.0
1000.0,30.0,5.4,147.9,28.54,15.4,75.0,12.0
997.0,35.0,6.9,147.4,28.69,16.9,75.0,12.0
997.0,35.0,7.3,147.5,28.73,17.3,75.0,12.0
996.0,38.0,7.8,147.5,28.78,17.8,75.0,12.0
991.0,45.0,10.9,147.0,28.59,20.9,75.0,12.0
991.0,45.0,11.4,146.9,28.64,21.4,75.0,12.0
991.0,45.0,11.8,146.9,28.68,21.8,75.0,12.0
991.0,45.0,12.2,146.9,28.72,22.2,75.0,12.0
991.0,45.0,13.9,147.7,28.89,23.9,75.0,12.0
991.0,45.0,14.3,147.9,28.93,24.3,75.0,12.0
988.0,50.0,14.6,148.4,28.96,24.6,75.0,12.0
984.0,55.0,14.9,148.8,28.99,24.9,75.0,12.0
976.0,65.0,16.6,151.2,28.66,11.600000000000001,75.0,12.0
976.0,65.0,16.9,151.7,28.69,11.899999999999999,75.0,12.0
980.0,60.0,17.4,152.7,28.74,12.399999999999999,75.0,12.0
1006.0,15.0,6.0,151.8,28.6,16.0,75.0,12.0
1004.0,20.0,7.1,148.8,28.71,17.1,75.0,12.0
1004.0,20.0,7.4,148.2,28.74,17.4,75.0,12.0
1003.0,23.0,7.7,147.6,28.77,17.7,75.0,12.0
1002.0,25.0,8.0,146.9,28.8,18.0,75.0,12.0
1000.0,30.0,9.6,143.3,28.96,19.6,75.0,12.0
1000.0,30.0,10.1,142.6,28.51,20.1,75.0,12.0
999.0,33.0,10.1,141.9,28.51,20.1,75.0,12.0
997.0,35.0,10.2,141.2,28.52,20.2,75.0,12.0
994.0,40.0,10.3,140.6,28.53,20.3,75.0,12.0
984.0,55.0,11.6,137.5,28.66,21.6,75.0,12.0
984.0,55.0,11.8,136.8,28.68,21.8,75.0,12.0
984.0,55.0,11.9,136.0,28.69,21.9,75.0,12.0
982.0,58.0,12.0,135.2,28.7,22.0,75.0,12.0
963.0,80.0,11.9,131.1,28.69,21.9,75.0,12.0
963.0,80.0,11.8,130.1,28.68,21.8,75.0,12.0
963.0,80.0,11.7,129.0,28.67,21.7,75.0,12.0
963.0,80.0,11.6,127.9,28.66,21.6,75.0,12.0
984.0,55.0,11.0,123.1,28.6,21.0,75.0,12.0
988.0,50.0,11.3,122.2,28.63,21.3,75.0,12.0
991.0,45.0,11.6,121.3,28.66,21.6,75.0,12.0
993.0,43.0,11.9,120.7,28.69,21.9,75.0,12.0
1006.0,15.0,7.2,150.2,28.72,17.2,75.0,12.0
1006.0,15.0,7.3,150.0,28.73,17.3,75.0,12.0
1002.0,25.0,9.2,148.7,28.92,19.2,75.0,12.0
1002.0,25.0,9.5,148.3,28.95,19.5,75.0,12.0
1002.0,25.0,9.8,145.1,28.98,19.8,75.0,12.0
1002.0,25.0,9.7,144.8,28.97,19.7,75.0,12.0
1002.0,25.0,9.5,144.5,28.95,19.5,75.0,12.0
1002.0,25.0,8.3,143.3,28.83,18.3,75.0,12.0
1002.0,25.0,8.2,143.1,28.82,18.2,75.0,12.0
1002.0,25.0,8.0,142.9,28.8,18.0,75.0,12.0
1002.0,25.0,8.0,142.6,28.8,18.0,75.0,12.0
1002.0,25.0,8.1,141.0,28.81,18.1,75.0,12.0
1002.0,25.0,8.3,140.6,28.83,18.3,75.0,12.0
1002.0,25.0,8.8,139.8,28.88,18.8,75.0,12.0
1004.0,25.0,10.7,137.2,28.57,20.7,75.0,12.0
1002.0,28.0,10.9,136.5,28.59,20.9,75.0,12.0
1000.0,30.0,11.2,135.8,28.62,21.2,75.0,12.0
1000.0,30.0,11.3,135.2,28.63,21.3,75.0,12.0
997.0,35.0,11.8,132.7,28.68,21.8,75.0,12.0
991.0,45.0,11.9,132.3,28.69,21.9,75.0,12.0
984.0,55.0,12.1,132.0,28.71,22.1,75.0,12.0
980.0,60.0,12.3,131.8,28.73,22.3,75.0,12.0
954.0,90.0,13.5,130.9,28.85,23.5,75.0,12.0
944.0,100.0,13.8,130.9,28.88,23.8,75.0,12.0
933.0,110.0,14.0,130.8,28.9,24.0,75.0,12.0
930.0,113.0,14.3,130.8,28.93,24.3,75.0,12.0
927.0,115.0,16.0,131.3,28.6,11.0,75.0,12.0
927.0,115.0,16.4,131.5,28.64,11.399999999999999,75.0,12.0
927.0,115.0,16.7,131.7,28.67,11.7,75.0,12.0
930.0,113.0,17.1,131.9,28.71,12.100000000000001,75.0,12.0
944.0,100.0,20.2,134.2,28.52,15.2,75.0,12.0
947.0,98.0,21.0,135.1,28.6,16.0,75.0,12.0
949.0,95.0,21.8,135.9,28.68,16.8,75.0,12.0
952.0,93.0,22.6,137.0,28.76,17.6,75.0,12.0
984.0,55.0,25.4,141.8,28.54,20.4,75.0,12.0
984.0,55.0,26.0,143.1,28.6,21.0,75.0,12.0
1006.0,15.0,5.6,155.3,28.56,15.6,75.0,12.0
1006.0,15.0,5.6,155.0,28.56,15.6,75.0,12.0
1006.0,15.0,5.7,154.5,28.57,15.7,75.0,12.0
1006.0,15.0,5.8,154.0,28.58,15.8,75.0,12.0
1005.0,18.0,7.2,151.6,28.72,17.2,75.0,12.0
1004.0,20.0,7.8,150.8,28.78,17.8,75.0,12.0
1004.0,20.0,8.0,150.4,28.8,18.0,75.0,12.0
1003.0,23.0,8.9,148.4,28.89,18.9,75.0,12.0
1002.0,25.0,9.1,148.1,28.91,19.1,75.0,12.0
1001.0,28.0,9.2,147.8,28.92,19.2,75.0,12.0
1000.0,30.0,9.3,147.6,28.93,19.3,75.0,12.0
997.0,35.0,9.8,146.2,28.98,19.8,75.0,12.0
997.0,35.0,9.9,146.0,28.99,19.9,75.0,12.0
997.0,35.0,10.2,145.6,28.52,20.2,75.0,12.0
997.0,35.0,10.3,145.2,28.53,20.3,75.0,12.0
987.0,50.0,10.6,142.9,28.56,20.6,75.0,12.0
982.0,58.0,10.6,142.2,28.56,20.6,75.0,12.0
972.0,70.0,10.8,141.0,28.58,20.8,75.0,12.0
933.0,110.0,11.1,138.4,28.61,21.1,75.0,12.0
930.0,113.0,11.2,137.9,28.62,21.2,75.0,12.0
927.0,115.0,11.4,137.4,28.64,21.4,75.0,12.0
938.0,105.0,12.4,134.4,28.74,22.4,75.0,12.0
938.0,105.0,13.4,133.2,28.84,23.4,75.0,12.0
916.0,125.0,14.5,131.3,28.95,24.5,75.0,12.0
916.0,125.0,14.8,131.1,28.98,24.8,75.0,12.0
916.0,125.0,15.1,130.8,28.51,10.1,75.0,12.0
938.0,105.0,17.6,130.6,28.76,12.600000000000001,75.0,12.0
941.0,103.0,18.0,130.8,28.8,13.0,75.0,12.0
944.0,100.0,18.3,130.9,28.83,13.3,75.0,12.0
949.0,95.0,18.6,131.1,28.86,13.600000000000001,75.0,12.0
944.0,100.0,20.2,132.3,28.52,15.2,75.0,12.0
938.0,105.0,20.6,132.6,28.56,15.600000000000001,75.0,12.0
933.0,110.0,20.9,133.0,28.59,15.899999999999999,75.0,12.0
927.0,115.0,21.2,133.4,28.62,16.2,75.0,12.0
927.0,115.0,21.5,133.7,28.65,16.5,75.0,12.0
938.0,105.0,22.9,134.2,28.79,17.9,75.0,12.0
941.0,103.0,23.1,134.1,28.81,18.1,75.0,12.0
944.0,100.0,23.4,134.0,28.84,18.4,75.0,12.0
949.0,95.0,23.6,133.9,28.86,18.6,75.0,12.0
956.0,88.0,24.7,133.8,28.97,19.7,75.0,12.0
958.0,85.0,25.0,133.9,28.5,20.0,75.0,12.0
961.0,83.0,25.3,134.1,28.53,20.3,75.0,12.0
968.0,75.0,25.9,134.7,28.59,20.9,75.0,12.0
976.0,65.0,27.4,136.5,28.74,22.4,75.0,12.0
978.0,63.0,27.8,136.8,28.78,22.8,75.0,12.0
982.0,58.0,28.6,137.4,28.86,23.6,75.0,12.0
997.0,35.0,30.6,139.0,28.56,10.600000000000001,75.0,12.0
997.0,35.0,31.0,139.5,28.6,11.0,75.0,12.0
997.0,35.0,31.4,140.0,28.64,11.399999999999999,75.0,12.0
999.0,33.0,31.9,140.7,28.69,11.899999999999999,75.0,12.0
1002.0,25.0,34.3,145.3,28.93,14.299999999999997,75.0,12.0
1004.0,20.0,22.1,153.6,28.71,17.1,75.0,12.0
1003.0,23.0,22.2,153.3,28.72,17.2,75.0,12.0
1002.0,25.0,22.3,153.0,28.73,17.3,75.0,12.0
1001.0,28.0,22.5,152.8,28.75,17.5,75.0,12.0
997.0,35.0,23.1,151.7,28.81,18.1,75.0,12.0
997.0,35.0,23.3,151.5,28.83,18.3,75.0,12.0
997.0,35.0,23.4,151.2,28.84,18.4,75.0,12.0
997.0,35.0,23.4,151.0,28.84,18.4,75.0,12.0
997.0,35.0,23.4,150.7,28.84,18.4,75.0,12.0
997.0,35.0,22.9,149.2,28.79,17.9,75.0,12.0
992.0,43.0,22.6,148.8,28.76,17.6,75.0,12.0
987.0,50.0,22.4,148.3,28.74,17.4,75.0,12.0
982.0,58.0,22.1,147.7,28.71,17.1,75.0,12.0
967.0,75.0,20.6,144.2,28.56,15.600000000000001,75.0,12.0
967.0,75.0,20.3,143.3,28.53,15.3,75.0,12.0
967.0,75.0,20.0,142.5,28.5,15.0,75.0,12.0
963.0,80.0,19.9,141.6,28.99,14.899999999999999,75.0,12.0
954.0,90.0,19.4,136.7,28.94,14.399999999999999,75.0,12.0
949.0,95.0,19.3,135.8,28.93,14.3,75.0,12.0
944.0,100.0,19.2,135.0,28.92,14.2,75.0,12.0
936.0,108.0,19.2,134.2,28.92,14.2,75.0,12.0
907.0,133.0,20.1,129.7,28.51,15.100000000000001,75.0,12.0
904.0,135.0,20.3,129.0,28.53,15.3,75.0,12.0
901.0,138.0,20.5,128.3,28.55,15.5,75.0,12.0
898.0,140.0,21.2,126.1,28.62,16.2,75.0,12.0
898.0,140.0,21.5,125.7,28.65,16.5,75.0,12.0
907.0,133.0,21.9,125.3,28.69,16.9,75.0,12.0
916.0,125.0,22.2,124.9,28.72,17.2,75.0,12.0
922.0,120.0,22.6,124.5,28.76,17.6,75.0,12.0
922.0,105.0,23.4,121.7,28.84,18.4,75.0,12.0
936.0,100.0,23.6,121.7,28.86,18.6,75.0,12.0
949.0,95.0,23.9,121.7,28.89,18.9,75.0,12.0
952.0,93.0,24.1,121.4,28.91,19.1,75.0,12.0
967.0,75.0,25.0,120.4,28.5,20.0,75.0,12.0
974.0,68.0,25.4,120.2,28.54,20.4,75.0,12.0
980.0,60.0,25.7,120.1,28.57,20.7,75.0,12.0
980.0,60.0,26.1,119.8,28.61,21.1,75.0,12.0
1006.0,15.0,21.9,167.7,28.69,16.9,75.0,12.0
1006.0,15.0,22.8,167.1,28.78,17.8,75.0,12.0
1006.0,15.0,22.7,166.8,28.77,17.7,75.0,12.0
1006.0,15.0,22.6,166.6,28.76,17.6,75.0,12.0
1006.0,15.0,22.6,166.2,28.76,17.6,75.0,12.0
1006.0,15.0,22.6,165.8,28.76,17.6,75.0,12.0
1000.0,30.0,23.9,164.0,28.89,18.9,75.0,12.0
997.0,35.0,24.2,163.7,28.92,19.2,75.0,12.0
996.0,38.0,24.5,163.4,28.95,19.5,75.0,12.0
994.0,40.0,24.9,163.1,28.99,19.9,75.0,12.0
989.0,48.0,26.6,161.4,28.66,21.6,75.0,12.0
987.0,50.0,27.0,161.0,28.7,22.0,75.0,12.0
986.0,53.0,27.4,160.7,28.74,22.4,75.0,12.0
997.0,35.0,29.9,158.6,28.99,24.9,75.0,12.0
997.0,35.0,30.2,158.6,28.52,10.2,75.0,12.0
997.0,35.0,30.6,158.7,28.56,10.600000000000001,75.0,12.0
997.0,35.0,31.9,159.6,28.69,11.899999999999999,75.0,12.0
997.0,35.0,32.2,159.5,28.72,12.200000000000003,75.0,12.0
997.0,35.0,32.4,159.7,28.74,12.399999999999999,75.0,12.0
997.0,35.0,32.5,159.9,28.75,12.5,75.0,12.0
997.0,35.0,15.8,137.6,28.58,10.8,75.0,12.0
997.0,35.0,16.2,137.7,28.62,11.2,75.0,12.0
997.0,35.0,16.6,137.8,28.66,11.600000000000001,75.0,12.0
997.0,35.0,17.0,137.9,28.7,12.0,75.0,12.0
991.0,45.0,19.0,137.6,28.9,14.0,75.0,12.0
991.0,45.0,19.4,137.4,28.94,14.399999999999999,75.0,12.0
991.0,45.0,19.7,137.3,28.97,14.7,75.0,12.0
984.0,55.0,22.4,137.2,28.74,17.4,75.0,12.0
982.0,58.0,22.9,137.2,28.79,17.9,75.0,12.0
980.0,60.0,23.5,137.2,28.85,18.5,75.0,12.0
980.0,60.0,24.1,137.2,28.91,19.1,75.0,12.0
980.0,60.0,27.0,136.9,28.7,22.0,75.0,12.0
982.0,58.0,27.7,136.9,28.77,22.7,75.0,12.0
984.0,55.0,28.4,136.9,28.84,23.4,75.0,12.0
986.0,53.0,29.2,136.8,28.92,24.2,75.0,12.0
994.0,40.0,32.3,137.5,28.73,12.299999999999997,75.0,12.0
996.0,38.0,32.9,138.2,28.79,12.899999999999999,75.0,12.0
997.0,35.0,33.5,138.8,28.85,13.5,75.0,12.0
997.0,35.0,34.3,139.7,28.93,14.299999999999997,75.0,12.0
997.0,35.0,37.9,143.7,28.79,17.9,75.0,12.0
997.0,35.0,39.0,144.9,28.9,19.0,75.0,12.0
997.0,35.0,40.2,145.6,28.52,20.200000000000003,75.0,12.0
997.0,35.0,41.4,146.2,28.64,21.4,75.0,12.0
999.0,33.0,42.2,147.1,28.72,22.200000000000003,75.0,12.0
1000.0,30.0,46.1,149.4,28.61,11.100000000000001,75.0,12.0
997.0,35.0,18.1,112.3,28.81,13.100000000000001,75.0,12.0
997.0,35.0,18.2,112.2,28.82,13.2,75.0,12.0
997.0,35.0,18.4,111.8,28.84,13.399999999999999,75.0,12.0
991.0,45.0,18.8,110.2,28.88,13.8,75.0,12.0
994.0,40.0,19.0,109.8,28.9,14.0,75.0,12.0
997.0,35.0,19.1,109.5,28.91,14.100000000000001,75.0,12.0
994.0,40.0,19.2,109.0,28.92,14.2,75.0,12.0
991.0,45.0,19.8,106.7,28.98,14.8,75.0,12.0
994.0,40.0,20.0,106.2,28.5,15.0,75.0,12.0
997.0,35.0,20.1,105.7,28.51,15.100000000000001,75.0,12.0
1006.0,15.0,9.5,139.9,28.95,19.5,75.0,12.0
1006.0,15.0,9.7,139.4,28.97,19.7,75.0,12.0
1006.0,15.0,9.9,139.0,28.99,19.9,75.0,12.0
1005.0,18.0,10.1,138.4,28.51,20.1,75.0,12.0
1000.0,30.0,10.4,135.7,28.54,20.4,75.0,12.0
997.0,35.0,11.2,134.7,28.62,21.2,75.0,12.0
997.0,35.0,11.6,134.2,28.66,21.6,75.0,12.0
991.0,45.0,13.9,132.4,28.89,23.9,75.0,12.0
991.0,45.0,14.4,132.1,28.94,24.4,75.0,12.0
991.0,45.0,14.9,131.7,28.99,24.9,75.0,12.0
991.0,45.0,15.2,131.2,28.52,10.2,75.0,12.0
976.0,65.0,17.1,129.0,28.71,12.100000000000001,75.0,12.0
976.0,65.0,17.6,128.7,28.76,12.600000000000001,75.0,12.0
976.0,65.0,18.0,128.4,28.8,13.0,75.0,12.0
976.0,65.0,18.4,128.1,28.84,13.399999999999999,75.0,12.0
967.0,75.0,20.7,126.5,28.57,15.7,75.0,12.0
965.0,78.0,20.9,126.2,28.59,15.899999999999999,75.0,12.0
963.0,80.0,21.2,126.0,28.62,16.2,75.0,12.0
965.0,78.0,21.5,125.8,28.65,16.5,75.0,12.0
963.0,80.0,23.1,124.9,28.81,18.1,75.0,12.0
963.0,80.0,23.5,124.8,28.85,18.5,75.0,12.0
963.0,80.0,23.9,124.7,28.89,18.9,75.0,12.0
959.0,85.0,24.2,124.5,28.92,19.2,75.0,12.0
958.0,85.0,25.9,123.4,28.59,20.9,75.0,12.0
961.0,83.0,26.4,123.2,28.64,21.4,75.0,12.0
963.0,80.0,26.8,123.1,28.68,21.8,75.0,12.0
965.0,78.0,27.1,122.7,28.71,22.1,75.0,12.0
984.0,55.0,28.6,120.9,28.86,23.6,75.0,12.0
984.0,55.0,28.9,120.7,28.89,23.9,75.0,12.0
984.0,55.0,29.2,120.5,28.92,24.2,75.0,12.0
1004.0,20.0,14.0,130.6,28.9,24.0,75.0,12.0
1004.0,20.0,14.3,130.1,28.93,24.3,75.0,12.0
1004.0,20.0,14.6,129.7,28.96,24.6,75.0,12.0
1003.0,23.0,14.8,129.2,28.98,24.8,75.0,12.0
997.0,35.0,16.1,126.4,28.61,11.100000000000001,75.0,12.0
996.0,38.0,16.5,125.7,28.65,11.5,75.0,12.0
994.0,40.0,16.8,125.0,28.68,11.8,75.0,12.0
993.0,43.0,17.1,124.3,28.71,12.100000000000001,75.0,12.0
987.0,50.0,18.9,121.2,28.89,13.899999999999999,75.0,12.0
986.0,53.0,19.2,120.7,28.92,14.2,75.0,12.0
984.0,55.0,19.6,120.1,28.96,14.600000000000001,75.0,12.0
982.0,58.0,20.1,119.7,28.51,15.100000000000001,75.0,12.0
976.0,65.0,23.1,117.2,28.81,18.1,75.0,12.0
984.0,55.0,23.5,116.9,28.85,18.5,75.0,12.0
991.0,45.0,23.9,116.6,28.89,18.9,75.0,12.0
994.0,40.0,24.5,116.2,28.95,19.5,75.0,12.0
1002.0,25.0,27.0,114.8,28.7,22.0,75.0,12.0
1004.0,20.0,20.3,143.6,28.53,15.3,75.0,12.0
1004.0,20.0,20.3,143.4,28.53,15.3,75.0,12.0
1003.0,23.0,20.6,143.0,28.56,15.600000000000001,75.0,12.0
1002.0,25.0,20.6,142.9,28.56,15.600000000000001,75.0,12.0
1000.0,30.0,20.7,142.9,28.57,15.7,75.0,12.0
997.0,35.0,20.8,142.8,28.58,15.8,75.0,12.0
996.0,38.0,20.8,142.7,28.58,15.8,75.0,12.0
991.0,45.0,20.8,142.2,28.58,15.8,75.0,12.0
991.0,45.0,20.9,142.1,28.59,15.899999999999999,75.0,12.0
989.0,48.0,21.0,141.9,28.6,16.0,75.0,12.0
987.0,50.0,21.1,141.8,28.61,16.1,75.0,12.0
986.0,53.0,21.2,141.7,28.62,16.2,75.0,12.0
963.0,80.0,22.0,140.8,28.7,17.0,75.0,12.0
954.0,90.0,22.1,140.6,28.71,17.1,75.0,12.0
944.0,100.0,22.3,140.4,28.73,17.3,75.0,12.0
933.0,110.0,22.5,140.2,28.75,17.5,75.0,12.0
916.0,125.0,23.4,139.4,28.84,18.4,75.0,12.0
916.0,125.0,23.6,139.2,28.86,18.6,75.0,12.0
916.0,125.0,23.8,139.1,28.88,18.8,75.0,12.0
922.0,120.0,24.0,138.9,28.9,19.0,75.0,12.0
944.0,100.0,25.0,138.0,28.5,20.0,75.0,12.0
944.0,100.0,25.4,137.8,28.54,20.4,75.0,12.0
944.0,100.0,25.9,137.7,28.59,20.9,75.0,12.0
944.0,100.0,26.3,137.6,28.63,21.3,75.0,12.0
944.0,100.0,26.7,137.4,28.67,21.7,75.0,12.0
944.0,100.0,28.4,136.8,28.84,23.4,75.0,12.0
944.0,100.0,28.8,136.8,28.88,23.8,75.0,12.0
944.0,100.0,29.2,136.9,28.92,24.2,75.0,12.0
944.0,100.0,29.7,136.9,28.97,24.7,75.0,12.0
944.0,100.0,30.2,136.9,28.52,10.2,75.0,12.0
949.0,95.0,32.0,136.9,28.7,12.0,75.0,12.0
949.0,95.0,32.5,137.0,28.75,12.5,75.0,12.0
952.0,93.0,33.0,137.4,28.8,13.0,75.0,12.0
954.0,90.0,33.4,137.8,28.84,13.399999999999999,75.0,12.0
954.0,90.0,33.9,138.2,28.89,13.899999999999999,75.0,12.0
967.0,75.0,35.9,141.0,28.59,15.899999999999999,75.0,12.0
974.0,68.0,36.2,141.9,28.62,16.200000000000003,75.0,12.0
980.0,60.0,36.6,142.8,28.66,16.6,75.0,12.0
980.0,60.0,36.9,143.8,28.69,16.9,75.0,12.0
987.0,50.0,37.5,148.2,28.75,17.5,75.0,12.0
1006.0,15.0,21.6,155.1,28.66,16.6,75.0,12.0
1006.0,15.0,21.6,154.9,28.66,16.6,75.0,12.0
1006.0,15.0,21.7,154.8,28.67,16.7,75.0,12.0
1004.0,20.0,21.9,153.4,28.69,16.9,75.0,12.0
1004.0,20.0,22.0,153.1,28.7,17.0,75.0,12.0
1004.0,20.0,22.1,152.8,28.71,17.1,75.0,12.0
1004.0,20.0,22.1,152.5,28.71,17.1,75.0,12.0
1002.0,25.0,22.6,151.0,28.76,17.6,75.0,12.0
1002.0,25.0,22.6,150.7,28.76,17.6,75.0,12.0
1001.0,28.0,22.6,150.4,28.76,17.6,75.0,12.0
1000.0,30.0,22.7,150.1,28.77,17.7,75.0,12.0
994.0,40.0,24.2,148.8,28.92,19.2,75.0,12.0
994.0,40.0,24.5,148.6,28.95,19.5,75.0,12.0
994.0,40.0,24.9,148.3,28.99,19.9,75.0,12.0
993.0,43.0,25.2,148.1,28.52,20.2,75.0,12.0
986.0,53.0,26.6,147.2,28.66,21.6,75.0,12.0
984.0,55.0,27.0,147.0,28.7,22.0,75.0,12.0
984.0,55.0,27.6,146.8,28.76,22.6,75.0,12.0
984.0,55.0,28.1,146.7,28.81,23.1,75.0,12.0
984.0,55.0,28.6,146.6,28.86,23.6,75.0,12.0
984.0,55.0,30.7,146.1,28.57,10.7,75.0,12.0
984.0,55.0,31.3,146.1,28.63,11.3,75.0,12.0
982.0,58.0,31.8,146.6,28.68,11.8,75.0,12.0
978.0,63.0,32.9,147.6,28.79,12.899999999999999,75.0,12.0
978.0,63.0,35.2,150.3,28.52,15.200000000000003,75.0,12.0
980.0,60.0,35.7,151.2,28.57,15.700000000000003,75.0,12.0
982.0,58.0,36.2,152.1,28.62,16.200000000000003,75.0,12.0
984.0,55.0,36.8,153.1,28.68,16.799999999999997,75.0,12.0
984.0,55.0,37.4,154.1,28.74,17.4,75.0,12.0
987.0,50.0,41.0,160.2,28.6,21.0,75.0,12.0
1006.0,15.0,13.7,147.0,28.87,23.7,75.0,12.0
1006.0,15.0,13.2,146.3,28.82,23.2,75.0,12.0
1005.0,18.0,13.1,145.9,28.81,23.1,75.0,12.0
1002.0,25.0,12.6,144.2,28.76,22.6,75.0,12.0
1001.0,28.0,12.8,143.9,28.78,22.8,75.0,12.0
1000.0,30.0,13.1,143.6,28.81,23.1,75.0,12.0
1000.0,30.0,13.4,143.5,28.84,23.4,75.0,12.0
997.0,35.0,14.9,142.1,28.99,24.9,75.0,12.0
997.0,35.0,15.4,141.8,28.54,10.4,75.0,12.0
997.0,35.0,15.8,141.6,28.58,10.8,75.0,12.0
996.0,38.0,16.4,141.3,28.64,11.399999999999999,75.0,12.0
984.0,55.0,17.9,139.2,28.79,12.899999999999999,75.0,12.0
980.0,60.0,18.3,138.7,28.83,13.3,75.0,12.0
978.0,63.0,18.8,138.2,28.88,13.8,75.0,12.0
976.0,65.0,19.2,137.7,28.92,14.2,75.0,12.0
974.0,68.0,19.6,137.2,28.96,14.600000000000001,75.0,12.0
958.0,85.0,20.8,134.3,28.58,15.8,75.0,12.0
954.0,90.0,20.9,133.6,28.59,15.899999999999999,75.0,12.0
949.0,95.0,21.0,132.9,28.6,16.0,75.0,12.0
938.0,105.0,21.0,132.3,28.6,16.0,75.0,12.0
916.0,125.0,21.5,129.4,28.65,16.5,75.0,12.0
913.0,128.0,21.6,128.9,28.66,16.6,75.0,12.0
910.0,130.0,21.8,128.3,28.68,16.8,75.0,12.0
910.0,130.0,21.9,127.8,28.69,16.9,75.0,12.0
922.0,120.0,22.8,125.1,28.78,17.8,75.0,12.0
925.0,118.0,23.1,124.5,28.81,18.1,75.0,12.0
927.0,115.0,23.3,124.0,28.83,18.3,75.0,12.0
930.0,113.0,23.6,123.5,28.86,18.6,75.0,12.0
972.0,70.0,24.6,120.7,28.96,19.6,75.0,12.0
976.0,65.0,24.9,120.1,28.99,19.9,75.0,12.0
980.0,60.0,25.2,119.5,28.52,20.2,75.0,12.0
987.0,50.0,25.5,118.8,28.55,20.5,75.0,12.0
1002.0,25.0,15.0,154.0,28.5,10.0,75.0,12.0
1002.0,25.0,15.1,153.6,28.51,10.1,75.0,12.0
1002.0,25.0,15.1,153.2,28.51,10.1,75.0,12.0
994.0,40.0,15.1,150.6,28.51,10.1,75.0,12.0
991.0,45.0,15.0,150.1,28.5,10.0,75.0,12.0
988.0,50.0,14.9,149.6,28.99,24.9,75.0,12.0
984.0,55.0,14.9,149.0,28.99,24.9,75.0,12.0
954.0,90.0,15.5,146.2,28.55,10.5,75.0,12.0
954.0,90.0,15.8,145.6,28.58,10.8,75.0,12.0
954.0,90.0,16.1,145.0,28.61,11.100000000000001,75.0,12.0
946.0,98.0,16.4,144.3,28.64,11.399999999999999,75.0,12.0
933.0,110.0,17.4,141.5,28.74,12.399999999999999,75.0,12.0
928.0,115.0,17.6,140.9,28.76,12.600000000000001,75.0,12.0
922.0,120.0,17.8,140.4,28.78,12.8,75.0,12.0
916.0,125.0,18.1,139.9,28.81,13.100000000000001,75.0,12.0
898.0,140.0,19.0,138.0,28.9,14.0,75.0,12.0
898.0,140.0,19.2,137.5,28.92,14.2,75.0,12.0
898.0,140.0,19.4,137.1,28.94,14.399999999999999,75.0,12.0
898.0,140.0,19.7,136.6,28.97,14.7,75.0,12.0
910.0,130.0,21.5,134.5,28.65,16.5,75.0,12.0
916.0,125.0,22.0,134.2,28.7,17.0,75.0,12.0
922.0,120.0,22.5,133.9,28.75,17.5,75.0,12.0
925.0,118.0,22.9,133.6,28.79,17.9,75.0,12.0
938.0,105.0,25.0,132.1,28.5,20.0,75.0,12.0
938.0,105.0,25.5,131.8,28.55,20.5,75.0,12.0
938.0,105.0,26.4,131.3,28.64,21.4,75.0,12.0
938.0,105.0,27.9,130.8,28.79,22.9,75.0,12.0
933.0,110.0,28.3,130.7,28.83,23.3,75.0,12.0
927.0,115.0,28.7,130.5,28.87,23.7,75.0,12.0
927.0,115.0,29.1,130.4,28.91,24.1,75.0,12.0
949.0,95.0,31.5,130.1,28.65,11.5,75.0,12.0
956.0,88.0,32.3,130.1,28.73,12.299999999999997,75.0,12.0
963.0,80.0,33.1,130.2,28.81,13.100000000000001,75.0,12.0
965.0,78.0,33.9,130.6,28.89,13.899999999999999,75.0,12.0
987.0,50.0,37.5,133.9,28.75,17.5,75.0,12.0
997.0,35.0,10.3,138.4,28.53,20.3,75.0,12.0
997.0,35.0,10.6,137.8,28.56,20.6,75.0,12.0
997.0,35.0,10.8,137.1,28.58,20.8,75.0,12.0
997.0,35.0,10.9,136.4,28.59,20.9,75.0,12.0
996.0,38.0,11.6,136.4,28.66,21.6,75.0,12.0
991.0,45.0,13.3,134.3,28.83,23.3,75.0,12.0
988.0,50.0,13.2,133.9,28.82,23.2,75.0,12.0
984.0,55.0,13.0,133.5,28.8,23.0,75.0,12.0
984.0,55.0,13.5,133.5,28.85,23.5,75.0,12.0
976.0,65.0,15.5,132.4,28.55,10.5,75.0,12.0
976.0,65.0,16.0,132.2,28.6,11.0,75.0,12.0
976.0,65.0,16.5,132.1,28.65,11.5,75.0,12.0
976.0,65.0,16.9,131.8,28.69,11.899999999999999,75.0,12.0
967.0,75.0,19.2,130.4,28.92,14.2,75.0,12.0
965.0,78.0,19.8,130.0,28.98,14.8,75.0,12.0
963.0,80.0,20.4,129.6,28.54,15.399999999999999,75.0,12.0
959.0,85.0,20.9,129.1,28.59,15.899999999999999,75.0,12.0
949.0,95.0,23.2,126.2,28.82,18.2,75.0,12.0
944.0,100.0,23.7,125.7,28.87,18.7,75.0,12.0
938.0,105.0,24.2,125.2,28.92,19.2,75.0,12.0
936.0,108.0,24.7,124.8,28.97,19.7,75.0,12.0
933.0,110.0,27.2,122.7,28.72,22.2,75.0,12.0
936.0,108.0,27.8,122.3,28.78,22.8,75.0,12.0
938.0,105.0,28.3,121.9,28.83,23.3,75.0,12.0
951.0,93.0,28.8,121.5,28.88,23.8,75.0,12.0
1006.0,15.0,14.7,116.1,28.97,24.7,75.0,12.0
1004.0,20.0,13.8,114.7,28.88,23.8,75.0,12.0
1000.0,30.0,11.9,112.8,28.69,21.9,75.0,12.0
999.0,33.0,11.4,113.1,28.64,21.4,75.0,12.0
997.0,35.0,10.9,113.4,28.59,20.9,75.0,12.0
999.0,33.0,11.2,113.8,28.62,21.2,75.0,12.0
997.0,35.0,13.8,114.5,28.88,23.8,75.0,12.0
997.0,35.0,14.6,114.0,28.96,24.6,75.0,12.0
997.0,35.0,15.3,113.6,28.53,10.3,75.0,12.0
987.0,50.0,17.0,108.1,28.7,12.0,75.0,12.0
987.0,50.0,17.4,107.4,28.74,12.399999999999999,75.0,12.0
987.0,50.0,17.9,106.7,28.79,12.899999999999999,75.0,12.0
989.0,48.0,18.3,105.9,28.83,13.3,75.0,12.0
997.0,35.0,18.3,123.1,28.83,13.3,75.0,12.0
996.0,38.0,18.5,122.7,28.85,13.5,75.0,12.0
994.0,40.0,18.7,122.3,28.87,13.7,75.0,12.0
991.0,45.0,18.9,121.9,28.89,13.899999999999999,75.0,12.0
984.0,55.0,19.7,120.8,28.97,14.7,75.0,12.0
984.0,55.0,19.9,120.6,28.99,14.899999999999999,75.0,12.0
984.0,55.0,20.1,120.4,28.51,15.100000000000001,75.0,12.0
984.0,55.0,20.1,120.1,28.51,15.100000000000001,75.0,12.0
987.0,50.0,20.1,118.0,28.51,15.100000000000001,75.0,12.0
987.0,50.0,20.1,117.5,28.51,15.100000000000001,75.0,12.0
987.0,50.0,20.1,116.8,28.51,15.100000000000001,75.0,12.0
987.0,50.0,19.7,115.5,28.97,14.7,75.0,12.0
982.0,58.0,19.4,114.3,28.94,14.399999999999999,75.0,12.0
963.0,80.0,18.9,112.8,28.89,13.899999999999999,75.0,12.0
959.0,85.0,18.9,112.5,28.89,13.899999999999999,75.0,12.0
954.0,90.0,19.0,112.3,28.9,14.0,75.0,12.0
972.0,70.0,18.6,110.0,28.86,13.600000000000001,75.0,12.0
974.0,68.0,18.7,109.5,28.87,13.7,75.0,12.0
976.0,65.0,18.8,109.1,28.88,13.8,75.0,12.0
978.0,63.0,19.0,108.7,28.9,14.0,75.0,12.0
987.0,50.0,19.5,106.2,28.95,14.5,75.0,12.0
991.0,45.0,19.7,104.9,28.97,14.7,75.0,12.0
994.0,40.0,19.7,104.3,28.97,14.7,75.0,12.0
1006.0,15.0,20.2,155.0,28.52,15.2,75.0,12.0
1006.0,15.0,20.4,154.6,28.54,15.399999999999999,75.0,12.0
1005.0,18.0,20.8,153.1,28.58,15.8,75.0,12.0
1004.0,20.0,20.9,152.8,28.59,15.899999999999999,75.0,12.0
1004.0,20.0,21.1,152.5,28.61,16.1,75.0,12.0
1004.0,20.0,21.3,152.2,28.63,16.3,75.0,12.0
1003.0,23.0,21.5,151.9,28.65,16.5,75.0,12.0
999.0,33.0,22.1,150.8,28.71,17.1,75.0,12.0
997.0,35.0,22.4,150.5,28.74,17.4,75.0,12.0
996.0,38.0,22.6,150.1,28.76,17.6,75.0,12.0
994.0,40.0,22.9,149.7,28.79,17.9,75.0,12.0
989.0,48.0,23.2,149.1,28.82,18.2,75.0,12.0
978.0,63.0,24.4,146.7,28.94,19.4,75.0,12.0
976.0,65.0,24.6,145.9,28.96,19.6,75.0,12.0
974.0,68.0,24.9,145.2,28.99,19.9,75.0,12.0
972.0,70.0,25.2,144.4,28.52,20.2,75.0,12.0
952.0,93.0,26.8,140.7,28.68,21.8,75.0,12.0
949.0,95.0,27.1,140.1,28.71,22.1,75.0,12.0
949.0,95.0,27.4,139.6,28.74,22.4,75.0,12.0
949.0,95.0,27.7,139.1,28.77,22.7,75.0,12.0
947.0,98.0,28.0,138.8,28.8,23.0,75.0,12.0
944.0,100.0,29.3,138.1,28.93,24.3,75.0,12.0
944.0,100.0,29.6,137.9,28.96,24.6,75.0,12.0
944.0,100.0,30.1,137.9,28.51,10.100000000000001,75.0,12.0
944.0,100.0,30.5,137.9,28.55,10.5,75.0,12.0
944.0,100.0,31.0,138.1,28.6,11.0,75.0,12.0
954.0,90.0,32.7,140.1,28.77,12.700000000000003,75.0,12.0
954.0,90.0,33.2,140.9,28.82,13.200000000000003,75.0,12.0
961.0,83.0,33.9,141.8,28.89,13.899999999999999,75.0,12.0
967.0,75.0,34.5,142.7,28.95,14.5,75.0,12.0
972.0,70.0,35.0,143.6,28.5,15.0,75.0,12.0
989.0,48.0,36.6,146.9,28.66,16.6,75.0,12.0
991.0,45.0,37.0,147.7,28.7,17.0,75.0,12.0
1004.0,20.0,19.1,145.5,28.91,14.100000000000001,75.0,12.0
1004.0,20.0,19.1,145.2,28.91,14.100000000000001,75.0,12.0
1000.0,30.0,19.5,143.8,28.95,14.5,75.0,12.0
1000.0,30.0,19.6,143.4,28.96,14.600000000000001,75.0,12.0
999.0,33.0,19.9,143.1,28.99,14.899999999999999,75.0,12.0
997.0,35.0,20.1,142.8,28.51,15.100000000000001,75.0,12.0
994.0,40.0,20.3,142.5,28.53,15.3,75.0,12.0
976.0,65.0,21.1,141.3,28.61,16.1,75.0,12.0
972.0,70.0,21.4,141.0,28.64,16.4,75.0,12.0
965.0,78.0,21.5,140.6,28.65,16.5,75.0,12.0
958.0,85.0,21.7,140.1,28.67,16.7,75.0,12.0
956.0,88.0,21.8,139.6,28.68,16.8,75.0,12.0
939.0,105.0,22.2,137.9,28.72,17.2,75.0,12.0
933.0,110.0,22.3,137.5,28.73,17.3,75.0,12.0
928.0,115.0,22.4,137.1,28.74,17.4,75.0,12.0
922.0,120.0,22.5,136.7,28.75,17.5,75.0,12.0
919.0,123.0,22.5,136.4,28.75,17.5,75.0,12.0
916.0,125.0,22.4,135.1,28.74,17.4,75.0,12.0
916.0,125.0,22.4,134.8,28.74,17.4,75.0,12.0
916.0,125.0,22.4,134.6,28.74,17.4,75.0,12.0
916.0,125.0,22.4,134.2,28.74,17.4,75.0,12.0
916.0,125.0,22.0,132.1,28.7,17.0,75.0,12.0
919.0,123.0,22.1,131.6,28.71,17.1,75.0,12.0
922.0,120.0,22.1,131.0,28.71,17.1,75.0,12.0
922.0,120.0,22.1,130.4,28.71,17.1,75.0,12.0
922.0,120.0,22.4,127.0,28.74,17.4,75.0,12.0
919.0,123.0,22.6,126.2,28.76,17.6,75.0,12.0
916.0,125.0,22.8,125.4,28.78,17.8,75.0,12.0
919.0,123.0,23.0,124.6,28.8,18.0,75.0,12.0
949.0,95.0,23.8,121.0,28.88,18.8,75.0,12.0
952.0,93.0,24.0,120.3,28.9,19.0,75.0,12.0
954.0,90.0,24.1,119.7,28.91,19.1,75.0,12.0
959.0,85.0,24.2,119.2,28.92,19.2,75.0,12.0
991.0,45.0,25.5,116.6,28.55,20.5,75.0,12.0
994.0,40.0,25.8,116.2,28.58,20.8,75.0,12.0
997.0,35.0,26.0,115.7,28.6,21.0,75.0,12.0
999.0,33.0,26.2,115.5,28.62,21.2,75.0,12.0
1002.0,25.0,16.7,109.6,28.67,11.7,75.0,12.0
1001.0,28.0,16.8,109.2,28.68,11.8,75.0,12.0
1000.0,30.0,16.8,108.9,28.68,11.8,75.0,12.0
1000.0,30.0,16.8,108.5,28.68,11.8,75.0,12.0
1002.0,25.0,16.3,105.7,28.63,11.3,75.0,12.0
1003.0,23.0,16.1,105.0,28.61,11.100000000000001,75.0,12.0
1004.0,20.0,15.9,104.3,28.59,10.9,75.0,12.0
1002.0,25.0,22.6,133.9,28.76,17.6,75.0,12.0
1001.0,28.0,22.4,133.7,28.74,17.4,75.0,12.0
987.0,50.0,21.3,133.2,28.63,16.3,75.0,12.0
982.0,58.0,21.1,133.1,28.61,16.1,75.0,12.0
976.0,65.0,21.0,133.1,28.6,16.0,75.0,12.0
970.0,73.0,20.9,133.1,28.59,15.899999999999999,75.0,12.0
954.0,90.0,20.5,132.4,28.55,15.5,75.0,12.0
954.0,90.0,20.6,132.3,28.56,15.600000000000001,75.0,12.0
954.0,90.0,20.7,132.2,28.57,15.7,75.0,12.0
944.0,100.0,20.8,132.1,28.58,15.8,75.0,12.0
954.0,90.0,21.3,131.7,28.63,16.3,75.0,12.0
954.0,90.0,21.5,131.7,28.65,16.5,75.0,12.0
954.0,90.0,21.6,131.7,28.66,16.6,75.0,12.0
954.0,90.0,21.8,131.7,28.68,16.8,75.0,12.0
954.0,90.0,22.5,131.4,28.75,17.5,75.0,12.0
954.0,90.0,22.7,131.3,28.77,17.7,75.0,12.0
954.0,90.0,22.9,131.2,28.79,17.9,75.0,12.0
954.0,90.0,22.9,131.1,28.79,17.9,75.0,12.0
944.0,100.0,23.3,131.2,28.83,18.3,75.0,12.0
944.0,100.0,23.4,131.3,28.84,18.4,75.0,12.0
944.0,100.0,23.5,131.4,28.85,18.5,75.0,12.0
944.0,100.0,23.6,131.6,28.86,18.6,75.0,12.0
944.0,100.0,24.3,132.9,28.93,19.3,75.0,12.0
936.0,108.0,24.5,133.2,28.95,19.5,75.0,12.0
927.0,115.0,24.7,133.5,28.97,19.7,75.0,12.0
933.0,110.0,26.6,134.7,28.66,21.6,75.0,12.0
936.0,108.0,27.1,134.8,28.71,22.1,75.0,12.0
938.0,105.0,27.6,135.0,28.76,22.6,75.0,12.0
954.0,90.0,29.8,136.4,28.98,24.8,75.0,12.0
954.0,90.0,30.2,136.8,28.52,10.2,75.0,12.0
961.0,83.0,30.5,137.2,28.55,10.5,75.0,12.0
967.0,75.0,30.9,137.7,28.59,10.899999999999999,75.0,12.0
988.0,50.0,33.0,141.6,28.8,13.0,75.0,12.0
991.0,45.0,33.4,142.4,28.84,13.399999999999999,75.0,12.0
1004.0,20.0,12.9,116.2,28.79,22.9,75.0,12.0
1003.0,23.0,12.8,115.8,28.78,22.8,75.0,12.0
1002.0,25.0,12.7,115.3,28.77,22.7,75.0,12.0
1002.0,25.0,12.6,114.8,28.76,22.6,75.0,12.0
997.0,35.0,12.6,113.3,28.76,22.6,75.0,12.0
994.0,40.0,12.7,113.1,28.77,22.7,75.0,12.0
991.0,45.0,12.8,112.9,28.78,22.8,75.0,12.0
989.0,48.0,12.9,112.8,28.79,22.9,75.0,12.0
980.0,60.0,13.8,113.0,28.88,23.8,75.0,12.0
976.0,65.0,13.9,112.7,28.89,23.9,75.0,12.0
972.0,70.0,13.9,112.4,28.89,23.9,75.0,12.0
970.0,73.0,14.1,112.2,28.91,24.1,75.0,12.0
963.0,80.0,14.2,111.6,28.92,24.2,75.0,12.0
961.0,83.0,14.3,111.4,28.93,24.3,75.0,12.0
958.0,85.0,14.4,111.3,28.94,24.4,75.0,12.0
963.0,80.0,14.5,111.1,28.95,24.5,75.0,12.0
976.0,65.0,15.3,109.8,28.53,10.3,75.0,12.0
978.0,63.0,15.6,109.4,28.56,10.6,75.0,12.0
980.0,60.0,15.8,109.1,28.58,10.8,75.0,12.0
980.0,60.0,16.1,108.8,28.61,11.100000000000001,75.0,12.0
987.0,50.0,17.7,106.8,28.77,12.7,75.0,12.0
991.0,45.0,18.2,106.3,28.82,13.2,75.0,12.0
994.0,40.0,18.8,105.9,28.88,13.8,75.0,12.0
997.0,35.0,19.4,105.6,28.94,14.399999999999999,75.0,12.0
997.0,35.0,13.3,129.5,28.83,23.3,75.0,12.0
996.0,38.0,13.6,128.6,28.86,23.6,75.0,12.0
991.0,45.0,14.8,124.8,28.98,24.8,75.0,12.0
991.0,45.0,14.9,124.0,28.99,24.9,75.0,12.0
991.0,45.0,15.1,123.3,28.51,10.1,75.0,12.0
991.0,45.0,15.4,122.5,28.54,10.4,75.0,12.0
997.0,35.0,16.8,120.5,28.68,11.8,75.0,12.0
997.0,35.0,17.5,119.8,28.75,12.5,75.0,12.0
997.0,35.0,18.1,119.1,28.81,13.100000000000001,75.0,12.0
1000.0,30.0,18.6,118.4,28.86,13.600000000000001,75.0,12.0
1002.0,25.0,19.5,116.5,28.95,14.5,75.0,12.0
1003.0,23.0,19.2,116.0,28.92,14.2,75.0,12.0
1004.0,20.0,19.0,115.6,28.9,14.0,75.0,12.0
1004.0,20.0,18.6,115.3,28.86,13.600000000000001,75.0,12.0
997.0,35.0,8.4,129.3,28.84,18.4,75.0,12.0
980.0,60.0,13.7,130.2,28.87,23.7,75.0,12.0
980.0,60.0,13.3,129.9,28.83,23.3,75.0,12.0
976.0,65.0,13.2,129.6,28.82,23.2,75.0,12.0
972.0,70.0,14.1,128.9,28.91,24.1,75.0,12.0
974.0,68.0,14.3,128.6,28.93,24.3,75.0,12.0
976.0,65.0,14.5,128.3,28.95,24.5,75.0,12.0
976.0,65.0,14.7,127.8,28.97,24.7,75.0,12.0
984.0,55.0,15.4,125.1,28.54,10.4,75.0,12.0
982.0,58.0,15.6,124.8,28.56,10.6,75.0,12.0
980.0,60.0,15.8,124.4,28.58,10.8,75.0,12.0
986.0,53.0,16.0,124.1,28.6,11.0,75.0,12.0
997.0,35.0,17.0,122.6,28.7,12.0,75.0,12.0
999.0,33.0,17.4,122.2,28.74,12.399999999999999,75.0,12.0
1000.0,30.0,17.7,121.8,28.77,12.7,75.0,12.0
1001.0,28.0,18.1,121.5,28.81,13.100000000000001,75.0,12.0
1002.0,25.0,9.1,124.9,28.91,19.1,75.0,12.0
1002.0,25.0,9.2,124.2,28.92,19.2,75.0,12.0
1002.0,25.0,9.3,123.6,28.93,19.3,75.0,12.0
1002.0,25.0,9.8,123.1,28.98,19.8,75.0,12.0
1002.0,25.0,11.1,120.3,28.61,21.1,75.0,12.0
1002.0,25.0,10.9,119.7,28.59,20.9,75.0,12.0
1002.0,25.0,10.7,119.0,28.57,20.7,75.0,12.0
1002.0,25.0,10.4,118.4,28.54,20.4,75.0,12.0
1002.0,25.0,8.7,115.2,28.87,18.7,75.0,12.0
1001.0,28.0,8.5,114.6,28.85,18.5,75.0,12.0
1000.0,30.0,8.3,113.9,28.83,18.3,75.0,12.0
1000.0,30.0,8.2,113.3,28.82,18.2,75.0,12.0
994.0,40.0,8.8,111.7,28.88,18.8,75.0,12.0
993.0,43.0,8.9,111.6,28.89,18.9,75.0,12.0
991.0,45.0,9.1,111.5,28.91,19.1,75.0,12.0
993.0,43.0,9.0,111.2,28.9,19.0,75.0,12.0
997.0,35.0,8.7,109.8,28.87,18.7,75.0,12.0
999.0,33.0,8.6,109.5,28.86,18.6,75.0,12.0
1000.0,30.0,8.4,109.3,28.84,18.4,75.0,12.0
1001.0,28.0,8.4,108.9,28.84,18.4,75.0,12.0
1002.0,25.0,8.0,107.2,28.8,18.0,75.0,12.0
1002.0,25.0,8.0,106.8,28.8,18.0,75.0,12.0
1002.0,25.0,7.9,106.3,28.79,17.9,75.0,12.0
997.0,35.0,6.9,137.8,28.69,16.9,75.0,12.0
984.0,55.0,9.5,130.1,28.95,19.5,75.0,12.0
967.0,75.0,11.0,127.9,28.6,21.0,75.0,12.0
967.0,75.0,11.2,127.3,28.62,21.2,75.0,12.0
967.0,75.0,11.5,126.8,28.65,21.5,75.0,12.0
967.0,75.0,11.8,126.2,28.68,21.8,75.0,12.0
976.0,65.0,12.8,123.5,28.78,22.8,75.0,12.0
972.0,70.0,12.9,123.0,28.79,22.9,75.0,12.0
967.0,75.0,13.0,122.6,28.8,23.0,75.0,12.0
963.0,80.0,12.9,122.2,28.79,22.9,75.0,12.0
967.0,75.0,13.5,120.5,28.85,23.5,75.0,12.0
967.0,75.0,13.7,120.0,28.87,23.7,75.0,12.0
967.0,75.0,13.8,119.6,28.88,23.8,75.0,12.0
965.0,78.0,13.9,119.2,28.89,23.9,75.0,12.0
954.0,90.0,13.7,117.5,28.87,23.7,75.0,12.0
949.0,95.0,13.8,117.0,28.88,23.8,75.0,12.0
944.0,100.0,13.9,116.6,28.89,23.9,75.0,12.0
936.0,108.0,13.9,116.3,28.89,23.9,75.0,12.0
916.0,125.0,14.2,115.3,28.92,24.2,75.0,12.0
919.0,123.0,14.5,115.3,28.95,24.5,75.0,12.0
922.0,120.0,14.8,115.3,28.98,24.8,75.0,12.0
925.0,118.0,15.1,115.3,28.51,10.1,75.0,12.0
927.0,115.0,16.9,114.8,28.69,11.899999999999999,75.0,12.0
930.0,113.0,17.4,114.8,28.74,12.399999999999999,75.0,12.0
933.0,110.0,17.8,114.8,28.78,12.8,75.0,12.0
936.0,108.0,18.3,115.0,28.83,13.3,75.0,12.0
944.0,100.0,20.4,115.6,28.54,15.399999999999999,75.0,12.0
947.0,98.0,20.9,115.8,28.59,15.899999999999999,75.0,12.0
949.0,95.0,21.3,116.0,28.63,16.3,75.0,12.0
952.0,93.0,21.9,116.3,28.69,16.9,75.0,12.0
991.0,45.0,24.6,118.1,28.96,19.6,75.0,12.0
998.0,33.0,25.4,118.7,28.54,20.4,75.0,12.0
1004.0,20.0,26.1,119.3,28.61,21.1,75.0,12.0
1004.0,20.0,27.2,120.0,28.72,22.2,75.0,12.0
1004.0,20.0,9.9,128.4,28.99,19.9,75.0,12.0
1004.0,20.0,10.1,127.7,28.51,20.1,75.0,12.0
1004.0,20.0,10.3,127.0,28.53,20.3,75.0,12.0
1004.0,20.0,10.6,126.5,28.56,20.6,75.0,12.0
1005.0,20.0,11.9,124.0,28.69,21.9,75.0,12.0
1005.0,20.0,12.1,123.3,28.71,22.1,75.0,12.0
1004.0,20.0,12.2,122.7,28.72,22.2,75.0,12.0
1004.0,20.0,12.3,122.1,28.73,22.3,75.0,12.0
1003.0,20.0,13.4,119.4,28.84,23.4,75.0,12.0
1002.0,25.0,13.8,119.0,28.88,23.8,75.0,12.0
1000.0,30.0,14.2,118.5,28.92,24.2,75.0,12.0
1000.0,30.0,14.6,117.9,28.96,24.6,75.0,12.0
997.0,35.0,16.7,115.4,28.67,11.7,75.0,12.0
997.0,35.0,17.0,114.9,28.7,12.0,75.0,12.0
997.0,35.0,17.4,114.4,28.74,12.399999999999999,75.0,12.0
996.0,38.0,17.8,113.9,28.78,12.8,75.0,12.0
991.0,45.0,19.3,112.0,28.93,14.3,75.0,12.0
994.0,40.0,19.6,111.8,28.96,14.600000000000001,75.0,12.0
997.0,35.0,19.8,111.6,28.98,14.8,75.0,12.0
997.0,35.0,20.0,111.4,28.5,15.0,75.0,12.0
997.0,30.0,21.3,110.4,28.63,16.3,75.0,12.0
1000.0,28.0,21.8,110.0,28.68,16.8,75.0,12.0
1002.0,25.0,22.2,109.6,28.72,17.2,75.0,12.0
938.0,105.0,19.3,128.8,28.93,14.3,75.0,12.0
938.0,105.0,19.5,128.7,28.95,14.5,75.0,12.0
938.0,105.0,19.7,128.5,28.97,14.7,75.0,12.0
938.0,105.0,19.9,128.3,28.99,14.899999999999999,75.0,12.0
944.0,100.0,20.8,127.7,28.58,15.8,75.0,12.0
944.0,100.0,21.1,127.6,28.61,16.1,75.0,12.0
944.0,100.0,21.5,127.4,28.65,16.5,75.0,12.0
949.0,95.0,21.8,127.2,28.68,16.8,75.0,12.0
958.0,85.0,23.2,126.5,28.82,18.2,75.0,12.0
958.0,85.0,23.7,126.4,28.87,18.7,75.0,12.0
958.0,85.0,24.2,126.3,28.92,19.2,75.0,12.0
963.0,80.0,24.7,126.2,28.97,19.7,75.0,12.0
967.0,75.0,27.6,125.7,28.76,22.6,75.0,12.0
972.0,70.0,28.4,125.7,28.84,23.4,75.0,12.0
976.0,65.0,29.2,125.7,28.92,24.2,75.0,12.0
994.0,40.0,33.6,126.0,28.86,13.600000000000001,75.0,12.0
991.0,45.0,21.1,126.1,28.61,16.1,75.0,12.0
993.0,43.0,21.3,125.8,28.63,16.3,75.0,12.0
994.0,40.0,21.5,125.4,28.65,16.5,75.0,12.0
994.0,40.0,21.7,125.1,28.67,16.7,75.0,12.0
991.0,45.0,23.3,124.0,28.83,18.3,75.0,12.0
991.0,45.0,23.6,123.6,28.86,18.6,75.0,12.0
991.0,45.0,24.0,123.2,28.9,19.0,75.0,12.0
991.0,45.0,24.4,122.8,28.94,19.4,75.0,12.0
991.0,45.0,25.8,120.4,28.58,20.8,75.0,12.0
993.0,43.0,26.1,119.8,28.61,21.1,75.0,12.0
994.0,40.0,26.4,119.3,28.64,21.4,75.0,12.0
996.0,38.0,26.7,118.7,28.67,21.7,75.0,12.0
972.0,70.0,19.0,127.4,28.9,14.0,75.0,12.0
974.0,68.0,19.4,127.0,28.94,14.399999999999999,75.0,12.0
976.0,65.0,19.7,126.5,28.97,14.7,75.0,12.0
976.0,65.0,20.0,126.2,28.5,15.0,75.0,12.0
980.0,60.0,21.4,123.8,28.64,16.4,75.0,12.0
980.0,60.0,21.6,123.4,28.66,16.6,75.0,12.0
980.0,60.0,21.9,123.0,28.69,16.9,75.0,12.0
980.0,60.0,22.1,122.5,28.71,17.1,75.0,12.0
984.0,55.0,23.7,119.9,28.87,18.7,75.0,12.0
986.0,53.0,23.9,119.5,28.89,18.9,75.0,12.0
987.0,50.0,24.2,119.0,28.92,19.2,75.0,12.0
989.0,48.0,24.4,118.3,28.94,19.4,75.0,12.0
1000.0,30.0,24.9,115.6,28.99,19.9,75.0,12.0
1006.0,15.0,12.7,129.3,28.77,22.7,75.0,12.0
1006.0,15.0,12.8,129.0,28.78,22.8,75.0,12.0
1004.0,15.0,13.6,128.2,28.86,23.6,75.0,12.0
1004.0,15.0,13.8,128.1,28.88,23.8,75.0,12.0
1004.0,15.0,13.9,128.0,28.89,23.9,75.0,12.0
1004.0,15.0,14.1,127.8,28.91,24.1,75.0,12.0
1004.0,20.0,14.4,126.4,28.94,24.4,75.0,12.0
1004.0,20.0,14.4,126.1,28.94,24.4,75.0,12.0
1004.0,20.0,14.4,125.7,28.94,24.4,75.0,12.0
1004.0,20.0,14.4,125.3,28.94,24.4,75.0,12.0
1002.0,25.0,15.5,123.2,28.55,10.5,75.0,12.0
1001.0,28.0,15.9,122.8,28.59,10.9,75.0,12.0
1000.0,30.0,16.3,122.5,28.63,11.3,75.0,12.0
1000.0,30.0,16.5,122.0,28.65,11.5,75.0,12.0
994.0,40.0,17.1,118.9,28.71,12.100000000000001,75.0,12.0
993.0,43.0,17.2,118.2,28.72,12.2,75.0,12.0
991.0,45.0,17.4,117.6,28.74,12.399999999999999,75.0,12.0
991.0,45.0,17.5,117.0,28.75,12.5,75.0,12.0
984.0,55.0,18.3,115.2,28.83,13.3,75.0,12.0
980.0,60.0,18.6,114.9,28.86,13.600000000000001,75.0,12.0
976.0,65.0,18.8,114.6,28.88,13.8,75.0,12.0
976.0,65.0,19.0,114.2,28.9,14.0,75.0,12.0
972.0,70.0,20.2,112.8,28.52,15.2,75.0,12.0
972.0,70.0,20.5,112.5,28.55,15.5,75.0,12.0
972.0,70.0,20.8,112.3,28.58,15.8,75.0,12.0
974.0,68.0,21.1,111.9,28.61,16.1,75.0,12.0
991.0,45.0,22.5,109.3,28.75,17.5,75.0,12.0
994.0,40.0,22.8,109.0,28.78,17.8,75.0,12.0
997.0,35.0,23.1,108.7,28.81,18.1,75.0,12.0
999.0,33.0,23.4,108.3,28.84,18.4,75.0,12.0
1002.0,25.0,24.3,107.1,28.93,19.3,75.0,12.0
938.0,105.0,23.7,128.4,28.87,18.7,75.0,12.0
916.0,125.0,24.7,126.9,28.97,19.7,75.0,12.0
907.0,133.0,25.0,126.1,28.5,20.0,75.0,12.0
904.0,135.0,26.7,121.8,28.67,21.7,75.0,12.0
910.0,130.0,27.0,121.1,28.7,22.0,75.0,12.0
919.0,123.0,27.1,120.5,28.71,22.1,75.0,12.0
980.0,60.0,27.7,117.4,28.77,22.7,75.0,12.0
984.0,55.0,28.1,115.8,28.81,23.1,75.0,12.0
1001.0,28.0,29.9,113.6,28.99,24.9,75.0,12.0
1002.0,25.0,30.2,113.3,28.52,10.2,75.0,12.0
980.0,60.0,29.2,139.1,28.92,24.2,75.0,12.0
984.0,55.0,32.2,136.4,28.72,12.200000000000003,75.0,12.0
984.0,55.0,32.5,136.4,28.75,12.5,75.0,12.0
994.0,40.0,34.4,138.8,28.94,14.399999999999999,75.0,12.0
991.0,45.0,23.2,125.0,28.82,18.2,75.0,12.0
991.0,45.0,23.3,124.4,28.83,18.3,75.0,12.0
991.0,45.0,23.4,123.8,28.84,18.4,75.0,12.0
989.0,48.0,23.3,123.2,28.83,18.3,75.0,12.0
991.0,45.0,22.8,119.8,28.78,17.8,75.0,12.0
993.0,43.0,22.9,119.2,28.79,17.9,75.0,12.0
994.0,40.0,22.9,118.6,28.79,17.9,75.0,12.0
996.0,38.0,22.6,118.2,28.76,17.6,75.0,12.0
1001.0,25.0,21.5,116.5,28.65,16.5,75.0,12.0
1000.0,25.0,21.5,116.3,28.65,16.5,75.0,12.0
1001.0,25.0,21.6,115.9,28.66,16.6,75.0,12.0
998.0,33.0,24.1,139.6,28.91,19.1,75.0,12.0
993.0,43.0,26.3,137.9,28.63,21.3,75.0,12.0
987.0,50.0,27.9,138.2,28.79,22.9,75.0,12.0
987.0,50.0,28.3,138.4,28.83,23.3,75.0,12.0
991.0,45.0,29.8,136.1,28.98,24.8,75.0,12.0
988.0,50.0,32.2,130.9,28.72,12.200000000000003,75.0,12.0
998.0,28.0,34.2,130.4,28.92,14.200000000000003,75.0,12.0
1002.0,20.0,17.6,109.3,28.76,12.600000000000001,75.0,12.0
1002.0,20.0,17.5,109.7,28.75,12.5,75.0,12.0
1002.0,20.0,17.3,111.3,28.73,12.3,75.0,12.0
1002.0,20.0,17.6,111.6,28.76,12.600000000000001,75.0,12.0
1002.0,20.0,17.9,111.9,28.79,12.899999999999999,75.0,12.0
1002.0,20.0,18.2,112.1,28.82,13.2,75.0,12.0
1003.0,20.0,19.6,112.9,28.96,14.600000000000001,75.0,12.0
1004.0,20.0,20.0,113.0,28.5,15.0,75.0,12.0
1004.0,20.0,20.3,113.0,28.53,15.3,75.0,12.0
1004.0,20.0,20.6,113.0,28.56,15.600000000000001,75.0,12.0
1002.0,25.0,22.0,112.2,28.7,17.0,75.0,12.0
1002.0,25.0,22.2,111.9,28.72,17.2,75.0,12.0
1002.0,25.0,22.5,111.6,28.75,17.5,75.0,12.0
954.0,90.0,20.1,129.0,28.51,15.100000000000001,75.0,12.0
956.0,88.0,20.1,128.7,28.51,15.100000000000001,75.0,12.0
967.0,75.0,20.2,126.0,28.52,15.2,75.0,12.0
963.0,80.0,20.2,125.7,28.52,15.2,75.0,12.0
958.0,85.0,20.3,125.4,28.53,15.3,75.0,12.0
958.0,85.0,20.4,125.2,28.54,15.399999999999999,75.0,12.0
944.0,100.0,21.5,124.2,28.65,16.5,75.0,12.0
936.0,108.0,21.9,124.1,28.69,16.9,75.0,12.0
927.0,115.0,22.2,124.0,28.72,17.2,75.0,12.0
925.0,118.0,22.6,123.9,28.76,17.6,75.0,12.0
922.0,120.0,24.9,124.2,28.99,19.9,75.0,12.0
925.0,118.0,25.4,124.6,28.54,20.4,75.0,12.0
927.0,115.0,26.0,124.9,28.6,21.0,75.0,12.0
930.0,113.0,26.6,125.4,28.66,21.6,75.0,12.0
972.0,70.0,33.3,129.7,28.83,13.299999999999997,75.0,12.0
1000.0,30.0,19.4,115.4,28.94,14.399999999999999,75.0,12.0
1000.0,30.0,19.9,115.1,28.99,14.899999999999999,75.0,12.0
1000.0,30.0,20.9,112.7,28.59,15.899999999999999,75.0,12.0
1001.0,28.0,21.1,112.2,28.61,16.1,75.0,12.0
1002.0,25.0,21.3,111.8,28.63,16.3,75.0,12.0
1003.0,23.0,21.5,111.3,28.65,16.5,75.0,12.0
972.0,70.0,20.2,159.2,28.52,15.2,75.0,12.0
967.0,75.0,20.1,159.0,28.51,15.100000000000001,75.0,12.0
961.0,83.0,20.1,158.8,28.51,15.100000000000001,75.0,12.0
927.0,115.0,19.7,155.6,28.97,14.7,75.0,12.0
922.0,120.0,20.1,149.2,28.51,15.100000000000001,75.0,12.0
910.0,130.0,25.6,142.2,28.56,20.6,75.0,12.0
933.0,110.0,28.0,141.9,28.8,23.0,75.0,12.0
949.0,95.0,30.0,142.7,28.5,10.0,75.0,12.0
963.0,80.0,33.1,146.1,28.81,13.100000000000001,75.0,12.0
967.0,75.0,34.0,147.0,28.9,14.0,75.0,12.0
967.0,75.0,35.7,149.5,28.57,15.700000000000003,75.0,12.0
987.0,50.0,40.4,159.5,28.54,20.4,75.0,12.0
989.0,48.0,41.2,161.6,28.62,21.200000000000003,75.0,12.0
991.0,45.0,42.1,163.7,28.71,22.1,75.0,12.0
1006.0,15.0,13.5,114.7,28.85,23.5,75.0,12.0
1005.0,18.0,13.5,114.5,28.85,23.5,75.0,12.0
1004.0,20.0,13.4,114.0,28.84,23.4,75.0,12.0
1002.0,25.0,13.8,112.4,28.88,23.8,75.0,12.0
1001.0,28.0,14.1,112.1,28.91,24.1,75.0,12.0
1000.0,30.0,14.3,111.7,28.93,24.3,75.0,12.0
1000.0,30.0,14.6,111.4,28.96,24.6,75.0,12.0
1000.0,30.0,16.0,110.4,28.6,11.0,75.0,12.0
1000.0,30.0,16.1,110.0,28.61,11.100000000000001,75.0,12.0
1000.0,30.0,16.3,109.6,28.63,11.3,75.0,12.0
1000.0,30.0,16.5,109.2,28.65,11.5,75.0,12.0
1004.0,20.0,17.1,107.2,28.71,12.100000000000001,75.0,12.0
997.0,35.0,11.8,127.6,28.68,21.8,75.0,12.0
994.0,40.0,11.9,127.4,28.69,21.9,75.0,12.0
991.0,45.0,11.9,127.3,28.69,21.9,75.0,12.0
988.0,50.0,12.0,127.0,28.7,22.0,75.0,12.0
954.0,90.0,12.4,125.5,28.74,22.4,75.0,12.0
941.0,103.0,12.6,125.1,28.76,22.6,75.0,12.0
927.0,115.0,12.8,124.7,28.78,22.8,75.0,12.0
922.0,120.0,13.0,124.2,28.8,23.0,75.0,12.0
933.0,110.0,14.1,121.6,28.91,24.1,75.0,12.0
936.0,108.0,14.4,121.0,28.94,24.4,75.0,12.0
938.0,105.0,14.8,120.5,28.98,24.8,75.0,12.0
941.0,103.0,14.9,120.0,28.99,24.9,75.0,12.0
938.0,105.0,15.2,116.6,28.52,10.2,75.0,12.0
938.0,105.0,15.3,116.0,28.53,10.3,75.0,12.0
938.0,105.0,15.4,115.5,28.54,10.4,75.0,12.0
936.0,108.0,15.5,115.0,28.55,10.5,75.0,12.0
927.0,115.0,15.5,112.3,28.55,10.5,75.0,12.0
927.0,115.0,15.6,111.8,28.56,10.6,75.0,12.0
927.0,115.0,15.7,111.4,28.57,10.7,75.0,12.0
930.0,113.0,15.8,111.0,28.58,10.8,75.0,12.0
958.0,85.0,16.0,108.6,28.6,11.0,75.0,12.0
963.0,80.0,15.8,108.0,28.58,10.8,75.0,12.0
967.0,75.0,15.7,107.4,28.57,10.7,75.0,12.0
976.0,65.0,15.6,106.8,28.56,10.6,75.0,12.0
997.0,35.0,15.1,104.0,28.51,10.1,75.0,12.0
1002.0,25.0,29.2,138.7,28.92,24.2,75.0,12.0
1001.0,20.0,21.3,153.6,28.63,16.3,75.0,12.0
1002.0,25.0,22.8,152.2,28.78,17.8,75.0,12.0
1001.0,28.0,25.6,151.4,28.56,20.6,75.0,12.0
1002.0,25.0,26.7,151.4,28.67,21.7,75.0,12.0
984.0,55.0,19.9,146.5,28.99,14.899999999999999,75.0,12.0
980.0,60.0,21.8,141.9,28.68,16.8,75.0,12.0
970.0,73.0,23.5,140.8,28.85,18.5,75.0,12.0
954.0,90.0,24.4,141.1,28.94,19.4,75.0,12.0
954.0,90.0,24.9,140.9,28.99,19.9,75.0,12.0
967.0,75.0,26.9,141.2,28.69,21.9,75.0,12.0
989.0,48.0,32.8,147.1,28.78,12.799999999999997,75.0,12.0
991.0,45.0,33.4,148.6,28.84,13.399999999999999,75.0,12.0
991.0,45.0,35.9,153.2,28.59,15.899999999999999,75.0,12.0
980.0,60.0,14.3,128.1,28.93,24.3,75.0,12.0
976.0,65.0,14.5,127.7,28.95,24.5,75.0,12.0
972.0,70.0,14.7,127.2,28.97,24.7,75.0,12.0
963.0,80.0,15.0,126.8,28.5,10.0,75.0,12.0
910.0,130.0,16.1,124.0,28.61,11.100000000000001,75.0,12.0
898.0,140.0,16.2,123.5,28.62,11.2,75.0,12.0
898.0,140.0,16.3,123.0,28.63,11.3,75.0,12.0
949.0,95.0,16.9,120.1,28.69,11.899999999999999,75.0,12.0
952.0,93.0,16.9,119.6,28.69,11.899999999999999,75.0,12.0
954.0,90.0,16.9,119.1,28.69,11.899999999999999,75.0,12.0
954.0,90.0,16.8,118.9,28.68,11.8,75.0,12.0
954.0,90.0,17.6,117.4,28.76,12.600000000000001,75.0,12.0
954.0,90.0,17.7,117.1,28.77,12.7,75.0,12.0
954.0,90.0,17.8,116.8,28.78,12.8,75.0,12.0
952.0,93.0,18.0,116.7,28.8,13.0,75.0,12.0
944.0,100.0,18.7,116.2,28.87,13.7,75.0,12.0
939.0,105.0,18.8,116.2,28.88,13.8,75.0,12.0
933.0,110.0,18.8,116.3,28.88,13.8,75.0,12.0
936.0,108.0,18.9,116.4,28.89,13.899999999999999,75.0,12.0
967.0,75.0,18.7,116.7,28.87,13.7,75.0,12.0
972.0,70.0,18.6,116.8,28.86,13.600000000000001,75.0,12.0
976.0,65.0,18.5,116.8,28.85,13.5,75.0,12.0
978.0,63.0,18.4,116.7,28.84,13.399999999999999,75.0,12.0
987.0,50.0,17.6,116.2,28.76,12.600000000000001,75.0,12.0
989.0,48.0,17.5,116.3,28.75,12.5,75.0,12.0
991.0,45.0,17.3,116.4,28.73,12.3,75.0,12.0
994.0,40.0,17.1,116.2,28.71,12.100000000000001,75.0,12.0
1002.0,25.0,16.3,116.0,28.63,11.3,75.0,12.0
1002.0,25.0,16.2,116.0,28.62,11.2,75.0,12.0
1002.0,25.0,16.1,115.9,28.61,11.100000000000001,75.0,12.0
1002.0,25.0,16.1,115.8,28.61,11.100000000000001,75.0,12.0
1004.0,20.0,15.3,115.1,28.53,10.3,75.0,12.0
1004.0,20.0,15.2,114.9,28.52,10.2,75.0,12.0
1004.0,20.0,15.1,114.7,28.51,10.1,75.0,12.0
1004.0,20.0,14.9,114.6,28.99,24.9,75.0,12.0
1004.0,20.0,14.2,113.4,28.92,24.2,75.0,12.0
1005.0,18.0,14.2,113.2,28.92,24.2,75.0,12.0
1006.0,15.0,14.3,112.9,28.93,24.3,75.0,12.0
1006.0,15.0,14.1,112.6,28.91,24.1,75.0,12.0
1006.0,15.0,12.2,111.0,28.72,22.2,75.0,12.0
1006.0,15.0,12.0,110.5,28.7,22.0,75.0,12.0
1006.0,15.0,11.8,110.1,28.68,21.8,75.0,12.0
1006.0,15.0,11.8,109.7,28.68,21.8,75.0,12.0
976.0,65.0,16.0,127.1,28.6,11.0,75.0,12.0
952.0,90.0,16.1,126.4,28.61,11.100000000000001,75.0,12.0
927.0,115.0,16.2,125.7,28.62,11.2,75.0,12.0
922.0,120.0,16.2,125.0,28.62,11.2,75.0,12.0
938.0,105.0,16.0,121.6,28.6,11.0,75.0,12.0
951.0,93.0,16.1,121.0,28.61,11.100000000000001,75.0,12.0
963.0,80.0,16.1,120.4,28.61,11.100000000000001,75.0,12.0
956.0,88.0,15.9,120.0,28.59,10.9,75.0,12.0
967.0,75.0,15.0,117.5,28.5,10.0,75.0,12.0
970.0,73.0,14.9,117.0,28.99,24.9,75.0,12.0
972.0,70.0,14.9,116.4,28.99,24.9,75.0,12.0
976.0,65.0,14.9,115.8,28.99,24.9,75.0,12.0
980.0,60.0,15.7,113.6,28.57,10.7,75.0,12.0
984.0,55.0,15.8,113.3,28.58,10.8,75.0,12.0
987.0,50.0,16.0,113.0,28.6,11.0,75.0,12.0
987.0,50.0,16.2,112.7,28.62,11.2,75.0,12.0
997.0,35.0,17.6,111.5,28.76,12.600000000000001,75.0,12.0
1000.0,30.0,17.8,111.3,28.78,12.8,75.0,12.0
1002.0,25.0,18.0,111.1,28.8,13.0,75.0,12.0
1002.0,25.0,17.7,111.0,28.77,12.7,75.0,12.0
1004.0,20.0,16.5,109.7,28.65,11.5,75.0,12.0
954.0,90.0,12.8,128.6,28.78,22.8,75.0,12.0
935.0,108.0,12.9,127.9,28.79,22.9,75.0,12.0
916.0,125.0,13.1,127.3,28.81,23.1,75.0,12.0
910.0,130.0,13.2,126.8,28.82,23.2,75.0,12.0
904.0,135.0,13.4,124.5,28.84,23.4,75.0,12.0
916.0,125.0,13.5,123.5,28.85,23.5,75.0,12.0
949.0,95.0,13.5,120.0,28.85,23.5,75.0,12.0
952.0,93.0,13.6,119.6,28.86,23.6,75.0,12.0
954.0,90.0,13.6,119.2,28.86,23.6,75.0,12.0
959.0,85.0,13.6,118.9,28.86,23.6,75.0,12.0
967.0,75.0,13.7,117.0,28.87,23.7,75.0,12.0
967.0,75.0,13.8,116.7,28.88,23.8,75.0,12.0
967.0,75.0,13.8,116.3,28.88,23.8,75.0,12.0
967.0,75.0,13.9,115.9,28.89,23.9,75.0,12.0
954.0,90.0,13.8,113.9,28.88,23.8,75.0,12.0
954.0,90.0,13.8,113.6,28.88,23.8,75.0,12.0
954.0,90.0,13.7,113.2,28.87,23.7,75.0,12.0
954.0,90.0,13.6,112.9,28.86,23.6,75.0,12.0
976.0,65.0,12.3,111.1,28.73,22.3,75.0,12.0
982.0,58.0,12.0,110.8,28.7,22.0,75.0,12.0
987.0,50.0,11.7,110.4,28.67,21.7,75.0,12.0
986.0,53.0,11.3,110.0,28.63,21.3,75.0,12.0
984.0,55.0,10.0,106.9,28.5,20.0,75.0,12.0
988.0,50.0,9.7,106.2,28.97,19.7,75.0,12.0
991.0,45.0,9.3,105.5,28.93,19.3,75.0,12.0
994.0,40.0,8.9,104.8,28.89,18.9,75.0,12.0
1002.0,25.0,9.0,101.0,28.9,19.0,75.0,12.0
1003.0,23.0,9.2,100.2,28.92,19.2,75.0,12.0
1004.0,20.0,9.5,99.5,28.95,19.5,75.0,12.0
1004.0,20.0,9.7,98.8,28.97,19.7,75.0,12.0
1004.0,20.0,10.4,95.7,28.54,20.4,75.0,12.0
1004.0,20.0,10.6,95.1,28.56,20.6,75.0,12.0
1004.0,20.0,10.7,94.5,28.57,20.7,75.0,12.0
1004.0,20.0,10.7,94.0,28.57,20.7,75.0,12.0
1004.0,20.0,10.7,91.2,28.57,20.7,75.0,12.0
1004.0,20.0,10.8,90.5,28.58,20.8,75.0,12.0
1004.0,20.0,10.8,89.8,28.58,20.8,75.0,12.0
1004.0,20.0,10.9,89.2,28.59,20.9,75.0,12.0
1006.0,15.0,11.3,85.2,28.63,21.3,75.0,12.0
1006.0,15.0,11.4,84.5,28.64,21.4,75.0,12.0
1006.0,15.0,11.4,83.9,28.64,21.4,75.0,12.0
1006.0,15.0,11.5,83.3,28.65,21.5,75.0,12.0
944.0,100.0,12.1,121.6,28.71,22.1,75.0,12.0
949.0,95.0,12.2,121.1,28.72,22.2,75.0,12.0
954.0,90.0,12.4,120.6,28.74,22.4,75.0,12.0
965.0,78.0,12.6,120.2,28.76,22.6,75.0,12.0
972.0,70.0,13.2,118.6,28.82,23.2,75.0,12.0
972.0,70.0,13.3,118.2,28.83,23.3,75.0,12.0
972.0,70.0,13.5,117.8,28.85,23.5,75.0,12.0
972.0,70.0,13.7,117.5,28.87,23.7,75.0,12.0
967.0,75.0,14.4,115.7,28.94,24.4,75.0,12.0
965.0,78.0,14.6,115.2,28.96,24.6,75.0,12.0
963.0,80.0,14.8,114.7,28.98,24.8,75.0,12.0
959.0,85.0,15.1,114.3,28.51,10.1,75.0,12.0
949.0,95.0,16.4,112.7,28.64,11.399999999999999,75.0,12.0
952.0,93.0,16.5,112.5,28.65,11.5,75.0,12.0
954.0,90.0,16.7,112.3,28.67,11.7,75.0,12.0
963.0,80.0,16.9,112.3,28.69,11.899999999999999,75.0,12.0
997.0,35.0,17.7,112.6,28.77,12.7,75.0,12.0
997.0,35.0,17.9,112.8,28.79,12.899999999999999,75.0,12.0
997.0,35.0,18.0,113.0,28.8,13.0,75.0,12.0
1000.0,30.0,17.9,113.2,28.79,12.899999999999999,75.0,12.0
1002.0,25.0,17.3,113.0,28.73,12.3,75.0,12.0
1000.0,30.0,15.2,136.2,28.52,10.2,75.0,12.0
1002.0,25.0,15.9,135.2,28.59,10.9,75.0,12.0
978.0,60.0,12.2,149.8,28.72,22.2,75.0,12.0
971.0,70.0,15.6,146.1,28.56,10.6,75.0,12.0
959.0,85.0,19.2,144.2,28.92,14.2,75.0,12.0
963.0,80.0,19.8,144.4,28.98,14.8,75.0,12.0
996.0,38.0,23.7,149.1,28.87,18.7,75.0,12.0
1004.0,20.0,8.6,144.1,28.86,18.6,75.0,12.0
972.0,70.0,14.5,132.6,28.95,24.5,75.0,12.0
955.0,90.0,16.5,132.2,28.65,11.5,75.0,12.0
932.0,123.0,19.5,134.9,28.95,14.5,75.0,12.0
930.0,125.0,21.1,137.1,28.61,16.1,75.0,12.0
1004.0,15.0,16.8,111.9,28.68,11.8,75.0,12.0
1003.0,15.0,17.1,111.7,28.71,12.100000000000001,75.0,12.0
1001.0,28.0,18.3,110.2,28.83,13.3,75.0,12.0
998.0,30.0,18.5,110.0,28.85,13.5,75.0,12.0
999.0,30.0,18.7,109.8,28.87,13.7,75.0,12.0
996.0,35.0,20.6,108.5,28.56,15.600000000000001,75.0,12.0
996.0,35.0,21.0,108.2,28.6,16.0,75.0,12.0
997.0,33.0,21.3,107.8,28.63,16.3,75.0,12.0
963.0,80.0,16.2,134.2,28.62,11.2,75.0,12.0
945.0,105.0,27.9,127.7,28.79,22.9,75.0,12.0
956.0,90.0,30.5,129.4,28.55,10.5,75.0,12.0
980.0,58.0,33.5,136.1,28.85,13.5,75.0,12.0
998.0,33.0,35.5,145.8,28.55,15.5,75.0,12.0
998.0,33.0,18.3,147.6,28.83,13.3,75.0,12.0
958.0,88.0,22.4,139.8,28.74,17.4,75.0,12.0
1002.0,20.0,12.6,113.0,28.76,22.6,75.0,12.0
1001.0,20.0,12.5,112.9,28.75,22.5,75.0,12.0
1004.0,20.0,12.6,112.8,28.76,22.6,75.0,12.0
1000.0,30.0,13.4,112.8,28.84,23.4,75.0,12.0
1000.0,30.0,13.6,112.8,28.86,23.6,75.0,12.0
1000.0,30.0,13.7,112.8,28.87,23.7,75.0,12.0
1000.0,30.0,13.9,111.2,28.89,23.9,75.0,12.0
1000.0,30.0,14.0,110.8,28.9,24.0,75.0,12.0
1000.0,30.0,14.1,110.4,28.91,24.1,75.0,12.0
1000.0,30.0,14.3,109.7,28.93,24.3,75.0,12.0
1000.0,30.0,14.5,109.7,28.95,24.5,75.0,12.0
1002.0,28.0,14.8,109.8,28.98,24.8,75.0,12.0
1004.0,25.0,17.2,109.1,28.72,12.2,75.0,12.0
1004.0,25.0,17.5,108.8,28.75,12.5,75.0,12.0
1007.0,20.0,18.1,106.7,28.81,13.100000000000001,75.0,12.0
1007.0,20.0,18.2,106.1,28.82,13.2,75.0,12.0
1007.0,20.0,18.1,105.8,28.81,13.100000000000001,75.0,12.0
982.0,55.0,22.2,118.0,28.72,17.2,75.0,12.0
982.0,55.0,22.2,117.4,28.72,17.2,75.0,12.0
986.0,50.0,22.2,116.8,28.72,17.2,75.0,12.0
996.0,35.0,22.0,113.8,28.7,17.0,75.0,12.0
998.0,33.0,21.8,113.4,28.68,16.8,75.0,12.0
1000.0,30.0,21.6,113.0,28.66,16.6,75.0,12.0
1002.0,28.0,21.5,112.8,28.65,16.5,75.0,12.0
1000.0,30.0,23.2,121.7,28.82,18.2,75.0,12.0
1010.0,15.0,18.3,135.8,28.83,13.3,75.0,12.0
1004.0,23.0,17.7,135.5,28.77,12.7,75.0,12.0
922.0,135.0,20.2,124.2,28.52,15.2,75.0,12.0
935.0,118.0,21.4,123.2,28.64,16.4,75.0,12.0
954.0,93.0,23.7,120.6,28.87,18.7,75.0,12.0
959.0,85.0,24.0,119.9,28.9,19.0,75.0,12.0
963.0,80.0,24.2,119.7,28.92,19.2,75.0,12.0
986.0,50.0,25.4,118.4,28.54,20.4,75.0,12.0
989.0,45.0,25.6,118.3,28.56,20.6,75.0,12.0
993.0,40.0,25.8,118.2,28.58,20.8,75.0,12.0
967.0,75.0,27.6,150.1,28.76,22.6,75.0,12.0
963.0,80.0,26.9,147.4,28.69,21.9,75.0,12.0
967.0,75.0,29.0,140.2,28.9,24.0,75.0,12.0
965.0,78.0,30.1,139.2,28.51,10.100000000000001,75.0,12.0
963.0,80.0,31.5,138.4,28.65,11.5,75.0,12.0
963.0,80.0,32.0,138.4,28.7,12.0,75.0,12.0
980.0,58.0,36.0,148.6,28.6,16.0,75.0,12.0
976.0,63.0,40.9,156.4,28.59,20.9,75.0,12.0
933.0,120.0,28.5,126.0,28.85,23.5,75.0,12.0
945.0,105.0,29.6,126.0,28.96,24.6,75.0,12.0
963.0,80.0,33.0,126.8,28.8,13.0,75.0,12.0
926.0,130.0,25.6,122.5,28.56,20.6,75.0,12.0
930.0,125.0,25.9,122.0,28.59,20.9,75.0,12.0
976.0,63.0,28.4,119.3,28.84,23.4,75.0,12.0
985.0,50.0,29.0,118.9,28.9,24.0,75.0,12.0
991.0,43.0,29.8,119.0,28.98,24.8,75.0,12.0
996.0,35.0,35.1,120.4,28.51,15.100000000000001,75.0,12.0
996.0,25.0,19.7,115.8,28.97,14.7,75.0,12.0
997.0,28.0,19.4,115.3,28.94,14.399999999999999,75.0,12.0
998.0,30.0,19.2,114.9,28.92,14.2,75.0,12.0
997.0,33.0,19.3,114.5,28.93,14.3,75.0,12.0
991.0,43.0,19.9,110.9,28.99,14.899999999999999,75.0,12.0
993.0,40.0,19.9,110.3,28.99,14.899999999999999,75.0,12.0
995.0,38.0,19.9,109.8,28.99,14.899999999999999,75.0,12.0
999.0,25.0,19.4,108.4,28.94,14.399999999999999,75.0,12.0
1002.0,25.0,19.5,108.1,28.95,14.5,75.0,12.0
1004.0,25.0,19.7,107.7,28.97,14.7,75.0,12.0
1006.0,23.0,19.9,107.3,28.99,14.899999999999999,75.0,12.0
1000.0,28.0,14.8,115.2,28.98,24.8,75.0,12.0
1000.0,30.0,14.7,114.8,28.97,24.7,75.0,12.0
997.0,35.0,14.7,114.6,28.97,24.7,75.0,12.0
985.0,50.0,15.4,113.7,28.54,10.4,75.0,12.0
984.0,53.0,15.6,113.5,28.56,10.6,75.0,12.0
982.0,55.0,15.7,113.3,28.57,10.7,75.0,12.0
982.0,55.0,15.9,113.1,28.59,10.9,75.0,12.0
982.0,55.0,16.1,112.9,28.61,11.100000000000001,75.0,12.0
980.0,58.0,16.3,112.6,28.63,11.3,75.0,12.0
974.0,65.0,16.9,111.5,28.69,11.899999999999999,75.0,12.0
972.0,68.0,17.1,111.2,28.71,12.100000000000001,75.0,12.0
970.0,70.0,17.3,110.8,28.73,12.3,75.0,12.0
970.0,70.0,17.5,110.3,28.75,12.5,75.0,12.0
970.0,70.0,17.6,109.9,28.76,12.600000000000001,75.0,12.0
970.0,70.0,17.6,109.5,28.76,12.600000000000001,75.0,12.0
970.0,70.0,17.5,108.2,28.75,12.5,75.0,12.0
970.0,70.0,17.6,107.8,28.76,12.600000000000001,75.0,12.0
970.0,70.0,17.7,107.4,28.77,12.7,75.0,12.0
970.0,70.0,17.9,106.5,28.79,12.899999999999999,75.0,12.0
980.0,58.0,17.9,105.9,28.79,12.899999999999999,75.0,12.0
996.0,35.0,17.9,103.8,28.79,12.899999999999999,75.0,12.0
996.0,35.0,17.9,103.2,28.79,12.899999999999999,75.0,12.0
996.0,35.0,17.8,102.6,28.78,12.8,75.0,12.0
929.0,125.0,23.8,123.5,28.88,18.8,75.0,12.0
929.0,125.0,24.1,122.8,28.91,19.1,75.0,12.0
933.0,120.0,24.6,122.1,28.96,19.6,75.0,12.0
937.0,115.0,24.7,121.9,28.97,19.7,75.0,12.0
947.0,103.0,25.1,121.4,28.51,20.1,75.0,12.0
967.0,75.0,26.0,120.5,28.6,21.0,75.0,12.0
976.0,63.0,26.4,120.5,28.64,21.4,75.0,12.0
985.0,50.0,26.8,120.5,28.68,21.8,75.0,12.0
987.0,48.0,27.1,120.3,28.71,22.1,75.0,12.0
989.0,45.0,27.5,120.2,28.75,22.5,75.0,12.0
989.0,45.0,27.6,120.2,28.76,22.6,75.0,12.0
993.0,40.0,27.9,120.1,28.79,22.9,75.0,12.0
1010.0,15.0,19.9,176.3,28.99,14.899999999999999,75.0,12.0
1008.0,15.0,22.4,174.4,28.74,17.4,75.0,12.0
1009.0,15.0,22.8,174.3,28.78,17.8,75.0,12.0
1006.0,23.0,24.4,173.2,28.94,19.4,75.0,12.0
1004.0,25.0,24.7,173.0,28.97,19.7,75.0,12.0
1000.0,30.0,25.1,172.7,28.51,20.1,75.0,12.0
996.0,35.0,27.0,171.6,28.7,22.0,75.0,12.0
996.0,35.0,27.5,171.3,28.75,22.5,75.0,12.0
995.0,38.0,28.1,171.2,28.81,23.1,75.0,12.0
993.0,40.0,28.6,171.0,28.86,23.6,75.0,12.0
995.0,38.0,30.9,169.9,28.59,10.899999999999999,75.0,12.0
996.0,35.0,31.4,169.9,28.64,11.399999999999999,75.0,12.0
998.0,33.0,31.9,170.1,28.69,11.899999999999999,75.0,12.0
1000.0,30.0,32.4,170.3,28.74,12.399999999999999,75.0,12.0
1006.0,23.0,34.9,174.8,28.99,14.899999999999999,75.0,12.0
1007.0,20.0,35.4,176.4,28.54,15.399999999999999,75.0,12.0
1007.0,20.0,36.1,177.9,28.61,16.1,75.0,12.0
937.0,115.0,27.0,143.0,28.7,22.0,75.0,12.0
976.0,63.0,34.6,155.6,28.96,14.600000000000001,75.0,12.0
985.0,50.0,35.4,157.7,28.54,15.399999999999999,75.0,12.0
985.0,50.0,35.8,159.8,28.58,15.799999999999997,75.0,12.0
985.0,50.0,36.2,162.0,28.62,16.200000000000003,75.0,12.0
996.0,35.0,23.7,131.0,28.87,18.7,75.0,12.0
993.0,40.0,27.7,134.6,28.77,22.7,75.0,12.0
1002.0,30.0,18.1,127.8,28.81,13.100000000000001,75.0,12.0
974.0,65.0,18.0,116.2,28.8,13.0,75.0,12.0
993.0,40.0,16.8,114.1,28.68,11.8,75.0,12.0
995.0,38.0,16.6,113.8,28.66,11.600000000000001,75.0,12.0
996.0,35.0,16.3,113.4,28.63,11.3,75.0,12.0
996.0,35.0,16.1,113.1,28.61,11.100000000000001,75.0,12.0
1000.0,30.0,13.7,111.6,28.87,23.7,75.0,12.0
1002.0,28.0,13.1,111.5,28.81,23.1,75.0,12.0
1004.0,25.0,12.6,111.4,28.76,22.6,75.0,12.0
1004.0,25.0,12.4,111.2,28.74,22.4,75.0,12.0
1007.0,20.0,11.5,109.6,28.65,21.5,75.0,12.0
1007.0,20.0,11.5,109.0,28.65,21.5,75.0,12.0
1007.0,20.0,11.5,108.5,28.65,21.5,75.0,12.0
1007.0,20.0,11.6,108.0,28.66,21.6,75.0,12.0
1004.0,25.0,19.7,140.2,28.97,14.7,75.0,12.0
996.0,35.0,21.7,141.3,28.67,16.7,75.0,12.0
996.0,35.0,23.2,143.6,28.82,18.2,75.0,12.0
996.0,35.0,9.4,120.8,28.94,19.4,75.0,12.0
996.0,35.0,9.4,120.2,28.94,19.4,75.0,12.0
996.0,35.0,9.3,119.6,28.93,19.3,75.0,12.0
995.0,38.0,9.4,119.0,28.94,19.4,75.0,12.0
985.0,50.0,9.5,116.0,28.95,19.5,75.0,12.0
985.0,50.0,9.6,115.5,28.96,19.6,75.0,12.0
985.0,50.0,9.6,115.0,28.96,19.6,75.0,12.0
984.0,53.0,9.7,114.7,28.97,19.7,75.0,12.0
970.0,70.0,10.4,113.1,28.54,20.4,75.0,12.0
969.0,73.0,10.6,112.8,28.56,20.6,75.0,12.0
967.0,75.0,10.7,112.5,28.57,20.7,75.0,12.0
965.0,78.0,10.8,112.2,28.58,20.8,75.0,12.0
967.0,75.0,11.4,111.5,28.64,21.4,75.0,12.0
967.0,75.0,11.5,111.4,28.65,21.5,75.0,12.0
967.0,75.0,11.6,111.3,28.66,21.6,75.0,12.0
969.0,73.0,11.6,111.3,28.66,21.6,75.0,12.0
982.0,55.0,11.9,111.5,28.69,21.9,75.0,12.0
982.0,55.0,11.9,111.6,28.69,21.9,75.0,12.0
982.0,55.0,12.0,111.7,28.7,22.0,75.0,12.0
984.0,53.0,12.0,111.9,28.7,22.0,75.0,12.0
993.0,40.0,11.9,112.9,28.69,21.9,75.0,12.0
993.0,40.0,11.8,113.1,28.68,21.8,75.0,12.0
993.0,40.0,11.7,113.3,28.67,21.7,75.0,12.0
993.0,40.0,11.6,113.5,28.66,21.6,75.0,12.0
1000.0,30.0,11.0,115.1,28.6,21.0,75.0,12.0
1000.0,30.0,11.2,115.4,28.62,21.2,75.0,12.0
1000.0,30.0,11.4,115.8,28.64,21.4,75.0,12.0
1000.0,30.0,11.6,116.3,28.66,21.6,75.0,12.0
997.0,25.0,11.9,119.8,28.69,21.9,75.0,12.0
999.0,23.0,12.2,120.4,28.72,22.2,75.0,12.0
1000.0,20.0,12.5,121.1,28.75,22.5,75.0,12.0
1000.0,20.0,12.9,122.0,28.79,22.9,75.0,12.0
961.0,83.0,14.1,128.1,28.91,24.1,75.0,12.0
963.0,80.0,16.8,123.6,28.68,11.8,75.0,12.0
967.0,75.0,18.5,121.1,28.85,13.5,75.0,12.0
971.0,70.0,18.8,120.8,28.88,13.8,75.0,12.0
974.0,65.0,19.0,120.5,28.9,14.0,75.0,12.0
974.0,65.0,19.4,120.5,28.94,14.399999999999999,75.0,12.0
989.0,45.0,20.1,121.7,28.51,15.100000000000001,75.0,12.0
991.0,43.0,20.0,122.3,28.5,15.0,75.0,12.0
993.0,40.0,19.8,123.0,28.98,14.8,75.0,12.0
993.0,40.0,20.0,123.7,28.5,15.0,75.0,12.0
1006.0,23.0,19.9,130.1,28.99,14.899999999999999,75.0,12.0
1007.0,20.0,20.8,130.2,28.58,15.8,75.0,12.0
1004.0,23.0,20.8,136.8,28.58,15.8,75.0,12.0
1004.0,25.0,21.8,137.0,28.68,16.8,75.0,12.0
1004.0,25.0,29.6,141.6,28.96,24.6,75.0,12.0
1004.0,25.0,28.2,168.9,28.82,23.2,75.0,12.0
1004.0,25.0,28.2,169.3,28.82,23.2,75.0,12.0
1004.0,25.0,28.1,169.6,28.81,23.1,75.0,12.0
1000.0,30.0,27.6,171.3,28.76,22.6,75.0,12.0
1000.0,30.0,27.5,171.4,28.75,22.5,75.0,12.0
998.0,33.0,27.4,171.5,28.74,22.4,75.0,12.0
991.0,43.0,27.6,171.9,28.76,22.6,75.0,12.0
989.0,45.0,27.8,171.9,28.78,22.8,75.0,12.0
985.0,50.0,28.1,171.9,28.81,23.1,75.0,12.0
991.0,43.0,28.6,171.2,28.86,23.6,75.0,12.0
993.0,40.0,28.8,171.0,28.88,23.8,75.0,12.0
993.0,40.0,29.1,170.8,28.91,24.1,75.0,12.0
1000.0,30.0,32.6,170.5,28.76,12.600000000000001,75.0,12.0
1000.0,30.0,33.6,170.8,28.86,13.600000000000001,75.0,12.0
1000.0,30.0,34.9,171.4,28.99,14.899999999999999,75.0,12.0
1005.0,23.0,12.6,118.4,28.76,22.6,75.0,12.0
1005.0,25.0,13.0,118.1,28.8,23.0,75.0,12.0
1003.0,28.0,13.2,117.5,28.82,23.2,75.0,12.0
995.0,38.0,12.6,114.3,28.76,22.6,75.0,12.0
993.0,40.0,12.3,113.7,28.73,22.3,75.0,12.0
997.0,38.0,12.1,113.2,28.71,22.1,75.0,12.0
1004.0,25.0,9.2,111.5,28.92,19.2,75.0,12.0
1004.0,25.0,8.9,111.3,28.89,18.9,75.0,12.0
1004.0,25.0,8.6,111.1,28.86,18.6,75.0,12.0
1006.0,23.0,7.2,109.2,28.72,17.2,75.0,12.0
1007.0,20.0,7.0,108.9,28.7,17.0,75.0,12.0
1009.0,18.0,6.7,108.6,28.67,16.7,75.0,12.0
1010.0,15.0,5.0,106.2,28.5,15.0,75.0,12.0
1010.0,15.0,4.8,105.7,28.98,14.8,75.0,12.0
998.0,33.0,9.2,121.0,28.92,19.2,75.0,12.0
996.0,35.0,9.0,120.2,28.9,19.0,75.0,12.0
996.0,35.0,9.2,119.6,28.92,19.2,75.0,12.0
993.0,40.0,10.8,116.5,28.58,20.8,75.0,12.0
993.0,40.0,11.2,116.1,28.62,21.2,75.0,12.0
991.0,43.0,11.6,115.7,28.66,21.6,75.0,12.0
972.0,68.0,13.3,112.8,28.83,23.3,75.0,12.0
970.0,70.0,13.3,112.5,28.83,23.3,75.0,12.0
969.0,73.0,13.6,112.5,28.86,23.6,75.0,12.0
958.0,88.0,15.6,112.0,28.56,10.6,75.0,12.0
956.0,90.0,15.9,111.9,28.59,10.9,75.0,12.0
956.0,90.0,16.2,111.9,28.62,11.2,75.0,12.0
952.0,95.0,18.2,111.4,28.82,13.2,75.0,12.0
952.0,95.0,18.6,111.4,28.86,13.600000000000001,75.0,12.0
954.0,93.0,19.0,111.5,28.9,14.0,75.0,12.0
982.0,55.0,21.3,111.8,28.63,16.3,75.0,12.0
985.0,50.0,21.7,112.1,28.67,16.7,75.0,12.0
989.0,45.0,22.1,112.6,28.71,17.1,75.0,12.0
922.0,135.0,19.5,131.8,28.95,14.5,75.0,12.0
956.0,90.0,24.5,134.1,28.95,19.5,75.0,12.0
959.0,85.0,25.4,134.6,28.54,20.4,75.0,12.0
975.0,65.0,28.2,137.3,28.82,23.2,75.0,12.0
1004.0,23.0,16.2,124.2,28.62,11.2,75.0,12.0
1002.0,28.0,16.5,123.8,28.65,11.5,75.0,12.0
1000.0,30.0,18.3,124.1,28.83,13.3,75.0,12.0
1000.0,30.0,20.1,125.8,28.51,15.100000000000001,75.0,12.0
993.0,40.0,25.9,134.3,28.59,20.9,75.0,12.0
1007.0,20.0,12.1,117.0,28.71,22.1,75.0,12.0
1007.0,20.0,12.3,117.2,28.73,22.3,75.0,12.0
1006.0,23.0,12.6,117.4,28.76,22.6,75.0,12.0
996.0,35.0,13.8,117.1,28.88,23.8,75.0,12.0
995.0,38.0,14.1,117.2,28.91,24.1,75.0,12.0
993.0,40.0,14.4,117.4,28.94,24.4,75.0,12.0
989.0,45.0,14.6,117.7,28.96,24.6,75.0,12.0
982.0,55.0,15.4,118.9,28.54,10.4,75.0,12.0
978.0,60.0,15.6,119.1,28.56,10.6,75.0,12.0
974.0,65.0,15.8,119.3,28.58,10.8,75.0,12.0
971.0,70.0,16.1,119.7,28.61,11.100000000000001,75.0,12.0
989.0,45.0,17.4,122.1,28.74,12.399999999999999,75.0,12.0
989.0,45.0,17.9,122.7,28.79,12.899999999999999,75.0,12.0
989.0,45.0,18.4,123.3,28.84,13.399999999999999,75.0,12.0
989.0,45.0,18.8,123.9,28.88,13.8,75.0,12.0
982.0,55.0,22.8,129.6,28.78,17.8,75.0,12.0
986.0,50.0,25.8,133.9,28.58,20.8,75.0,12.0
986.0,50.0,15.2,137.2,28.52,10.2,75.0,12.0
967.0,75.0,20.4,132.9,28.54,15.399999999999999,75.0,12.0
984.0,53.0,31.1,139.4,28.61,11.100000000000001,75.0,12.0
945.0,105.0,12.2,122.5,28.72,22.2,75.0,12.0
948.0,100.0,12.4,122.2,28.74,22.4,75.0,12.0
954.0,93.0,12.7,122.1,28.77,22.7,75.0,12.0
973.0,68.0,15.2,120.8,28.52,10.2,75.0,12.0
978.0,60.0,15.7,120.4,28.57,10.7,75.0,12.0
978.0,60.0,16.0,119.8,28.6,11.0,75.0,12.0
978.0,60.0,17.1,117.5,28.71,12.100000000000001,75.0,12.0
978.0,60.0,17.3,117.2,28.73,12.3,75.0,12.0
980.0,58.0,17.6,117.0,28.76,12.600000000000001,75.0,12.0
984.0,53.0,20.1,115.6,28.51,15.100000000000001,75.0,12.0
985.0,50.0,20.5,115.4,28.55,15.5,75.0,12.0
984.0,53.0,20.9,115.2,28.59,15.899999999999999,75.0,12.0
993.0,40.0,22.9,114.1,28.79,17.9,75.0,12.0
996.0,35.0,23.0,113.9,28.8,18.0,75.0,12.0
998.0,33.0,23.1,113.8,28.81,18.1,75.0,12.0
984.0,53.0,25.9,120.7,28.59,20.9,75.0,12.0
985.0,50.0,26.2,120.4,28.62,21.2,75.0,12.0
985.0,50.0,26.5,120.1,28.65,21.5,75.0,12.0
1000.0,30.0,29.0,120.0,28.9,24.0,75.0,12.0
965.0,78.0,23.8,120.8,28.88,18.8,75.0,12.0
970.0,70.0,24.1,120.2,28.91,19.1,75.0,12.0
974.0,65.0,24.6,120.1,28.96,19.6,75.0,12.0
996.0,35.0,26.3,118.2,28.63,21.3,75.0,12.0
1000.0,30.0,26.6,118.1,28.66,21.6,75.0,12.0
1004.0,25.0,26.9,117.9,28.69,21.9,75.0,12.0
1004.0,25.0,27.3,117.9,28.73,22.3,75.0,12.0
1002.0,28.0,19.6,118.8,28.96,14.600000000000001,75.0,12.0
1004.0,25.0,19.4,118.2,28.94,14.399999999999999,75.0,12.0
1002.0,28.0,19.4,118.0,28.94,14.399999999999999,75.0,12.0
995.0,38.0,20.1,115.9,28.51,15.100000000000001,75.0,12.0
991.0,43.0,20.5,115.3,28.55,15.5,75.0,12.0
987.0,48.0,21.5,113.3,28.65,16.5,75.0,12.0
985.0,50.0,21.6,112.9,28.66,16.6,75.0,12.0
987.0,48.0,21.6,112.3,28.66,16.6,75.0,12.0
998.0,33.0,21.8,108.5,28.68,16.8,75.0,12.0
1000.0,30.0,21.8,107.9,28.68,16.8,75.0,12.0
1002.0,28.0,21.9,107.3,28.69,16.9,75.0,12.0
1007.0,20.0,36.4,133.2,28.64,16.4,75.0,12.0
991.0,43.0,28.7,134.4,28.87,23.7,75.0,12.0
982.0,55.0,30.5,136.1,28.55,10.5,75.0,12.0
982.0,55.0,32.2,139.6,28.72,12.200000000000003,75.0,12.0
950.0,98.0,18.8,121.5,28.88,13.8,75.0,12.0
952.0,95.0,18.9,121.0,28.89,13.899999999999999,75.0,12.0
954.0,93.0,19.2,120.7,28.92,14.2,75.0,12.0
969.0,73.0,20.2,117.7,28.52,15.2,75.0,12.0
970.0,70.0,20.4,117.3,28.54,15.399999999999999,75.0,12.0
972.0,68.0,20.5,116.9,28.55,15.5,75.0,12.0
984.0,53.0,21.8,114.8,28.68,16.8,75.0,12.0
985.0,50.0,22.0,114.5,28.7,17.0,75.0,12.0
989.0,45.0,22.2,114.2,28.72,17.2,75.0,12.0
1002.0,28.0,16.1,126.0,28.61,11.100000000000001,75.0,12.0
1001.0,33.0,17.8,123.4,28.78,12.8,75.0,12.0
1000.0,30.0,18.1,122.9,28.81,13.100000000000001,75.0,12.0
1004.0,25.0,20.1,121.6,28.51,15.100000000000001,75.0,12.0
1004.0,25.0,20.3,121.3,28.53,15.3,75.0,12.0
1004.0,25.0,20.6,121.0,28.56,15.600000000000001,75.0,12.0
1007.0,20.0,21.1,120.9,28.61,16.1,75.0,12.0
1009.0,18.0,21.2,120.9,28.62,16.2,75.0,12.0
1010.0,15.0,21.4,120.9,28.64,16.4,75.0,12.0
948.0,100.0,24.4,122.5,28.94,19.4,75.0,12.0
962.0,83.0,24.8,121.6,28.98,19.8,75.0,12.0
967.0,75.0,25.0,121.3,28.5,20.0,75.0,12.0
978.0,60.0,26.5,121.6,28.65,21.5,75.0,12.0
978.0,60.0,26.7,121.9,28.67,21.7,75.0,12.0
978.0,60.0,26.9,122.2,28.69,21.9,75.0,12.0
989.0,45.0,27.2,123.5,28.72,22.2,75.0,12.0
978.0,60.0,29.9,129.5,28.99,24.9,75.0,12.0
982.0,55.0,30.5,130.5,28.55,10.5,75.0,12.0
996.0,35.0,32.0,142.9,28.7,12.0,75.0,12.0
1000.0,30.0,37.5,142.2,28.75,17.5,75.0,12.0
1000.0,30.0,40.3,143.9,28.53,20.299999999999997,75.0,12.0
996.0,35.0,39.7,157.7,28.97,19.700000000000003,75.0,12.0
996.0,35.0,40.8,159.3,28.58,20.799999999999997,75.0,12.0
996.0,35.0,43.3,163.0,28.83,23.299999999999997,75.0,12.0
958.0,88.0,19.1,122.8,28.91,14.100000000000001,75.0,12.0
956.0,90.0,19.3,122.1,28.93,14.3,75.0,12.0
952.0,95.0,19.4,121.5,28.94,14.399999999999999,75.0,12.0
944.0,105.0,20.1,117.2,28.51,15.100000000000001,75.0,12.0
943.0,108.0,20.2,116.3,28.52,15.2,75.0,12.0
941.0,110.0,20.4,115.5,28.54,15.399999999999999,75.0,12.0
935.0,118.0,20.5,114.8,28.55,15.5,75.0,12.0
957.0,88.0,21.6,110.2,28.66,16.6,75.0,12.0
970.0,70.0,21.7,109.4,28.67,16.7,75.0,12.0
974.0,65.0,21.9,108.8,28.69,16.9,75.0,12.0
1004.0,25.0,22.6,105.9,28.76,17.6,75.0,12.0
1007.0,20.0,22.8,105.6,28.78,17.8,75.0,12.0
948.0,100.0,24.1,121.9,28.91,19.1,75.0,12.0
984.0,53.0,27.0,121.7,28.7,22.0,75.0,12.0
989.0,45.0,28.7,123.8,28.87,23.7,75.0,12.0
993.0,40.0,29.4,125.1,28.94,24.4,75.0,12.0
993.0,40.0,29.6,125.9,28.96,24.6,75.0,12.0
996.0,35.0,30.2,130.5,28.52,10.2,75.0,12.0
1004.0,20.0,14.7,112.8,28.97,24.7,75.0,12.0
1007.0,20.0,14.5,112.9,28.95,24.5,75.0,12.0
1004.0,20.0,15.2,113.0,28.52,10.2,75.0,12.0
991.0,43.0,16.9,109.8,28.69,11.899999999999999,75.0,12.0
982.0,55.0,17.6,106.8,28.76,12.600000000000001,75.0,12.0
988.0,48.0,17.7,105.9,28.77,12.7,75.0,12.0
993.0,40.0,17.8,105.0,28.78,12.8,75.0,12.0
996.0,35.0,14.0,122.6,28.9,24.0,75.0,12.0
998.0,33.0,14.2,122.0,28.92,24.2,75.0,12.0
1000.0,30.0,14.3,121.5,28.93,24.3,75.0,12.0
1000.0,30.0,14.4,120.9,28.94,24.4,75.0,12.0
1000.0,30.0,14.9,117.6,28.99,24.9,75.0,12.0
1000.0,30.0,15.2,116.7,28.52,10.2,75.0,12.0
1000.0,30.0,15.4,115.8,28.54,10.4,75.0,12.0
1000.0,30.0,15.7,115.0,28.57,10.7,75.0,12.0
1000.0,30.0,17.7,112.1,28.77,12.7,75.0,12.0
1000.0,30.0,18.1,111.8,28.81,13.100000000000001,75.0,12.0
1000.0,30.0,18.5,111.6,28.85,13.5,75.0,12.0
1002.0,28.0,18.9,111.4,28.89,13.899999999999999,75.0,12.0
1004.0,25.0,20.4,110.7,28.54,15.399999999999999,75.0,12.0
1004.0,25.0,20.7,110.7,28.57,15.7,75.0,12.0
1004.0,25.0,21.0,110.6,28.6,16.0,75.0,12.0
1004.0,25.0,21.2,110.7,28.62,16.2,75.0,12.0
1007.0,20.0,22.0,111.5,28.7,17.0,75.0,12.0
1007.0,20.0,22.1,112.0,28.71,17.1,75.0,12.0
1007.0,20.0,22.2,112.5,28.72,17.2,75.0,12.0
1007.0,20.0,22.4,113.0,28.74,17.4,75.0,12.0
1007.0,20.0,23.3,116.0,28.83,18.3,75.0,12.0
1010.0,15.0,16.8,109.0,28.68,11.8,75.0,12.0
1010.0,15.0,16.9,108.9,28.69,11.899999999999999,75.0,12.0
1006.0,20.0,17.9,108.6,28.79,12.899999999999999,75.0,12.0
1007.0,20.0,17.9,108.4,28.79,12.899999999999999,75.0,12.0
1007.0,20.0,18.0,108.2,28.8,13.0,75.0,12.0
1006.0,23.0,18.1,108.2,28.81,13.100000000000001,75.0,12.0
1004.0,25.0,18.9,108.1,28.89,13.899999999999999,75.0,12.0
1002.0,28.0,19.0,108.0,28.9,14.0,75.0,12.0
1000.0,30.0,19.2,108.0,28.92,14.2,75.0,12.0
998.0,33.0,19.2,107.8,28.92,14.2,75.0,12.0
996.0,35.0,19.0,106.8,28.9,14.0,75.0,12.0
998.0,33.0,18.9,106.5,28.89,13.899999999999999,75.0,12.0
1000.0,30.0,18.7,106.3,28.87,13.7,75.0,12.0
1004.0,25.0,18.6,105.9,28.86,13.600000000000001,75.0,12.0
995.0,38.0,25.2,148.4,28.52,20.2,75.0,12.0
993.0,40.0,26.9,148.8,28.69,21.9,75.0,12.0
989.0,45.0,31.8,151.3,28.68,11.8,75.0,12.0
989.0,45.0,33.1,152.2,28.81,13.100000000000001,75.0,12.0
1007.0,20.0,10.2,122.5,28.52,20.2,75.0,12.0
1007.0,20.0,10.9,122.0,28.59,20.9,75.0,12.0
996.0,35.0,13.1,118.5,28.81,23.1,75.0,12.0
996.0,35.0,13.3,117.8,28.83,23.3,75.0,12.0
996.0,35.0,13.6,117.0,28.86,23.6,75.0,12.0
996.0,35.0,14.0,116.5,28.9,24.0,75.0,12.0
989.0,45.0,15.4,114.7,28.54,10.4,75.0,12.0
989.0,45.0,15.7,114.8,28.57,10.7,75.0,12.0
989.0,45.0,16.0,115.0,28.6,11.0,75.0,12.0
986.0,50.0,16.4,115.0,28.64,11.399999999999999,75.0,12.0
982.0,55.0,18.1,115.9,28.81,13.100000000000001,75.0,12.0
984.0,53.0,17.9,116.1,28.79,12.899999999999999,75.0,12.0
985.0,50.0,17.6,116.2,28.76,12.600000000000001,75.0,12.0
987.0,48.0,17.3,116.4,28.73,12.3,75.0,12.0
1000.0,25.0,15.4,116.8,28.54,10.4,75.0,12.0
1004.0,23.0,15.0,116.8,28.5,10.0,75.0,12.0
1007.0,20.0,14.6,116.7,28.96,24.6,75.0,12.0
1007.0,20.0,14.3,116.9,28.93,24.3,75.0,12.0
1007.0,20.0,13.8,117.8,28.88,23.8,75.0,12.0
1007.0,20.0,13.7,117.8,28.87,23.7,75.0,12.0
1007.0,20.0,13.6,117.9,28.86,23.6,75.0,12.0
1007.0,20.0,13.3,117.8,28.83,23.3,75.0,12.0
1007.0,20.0,12.1,116.6,28.71,22.1,75.0,12.0
1006.0,23.0,12.1,116.2,28.71,22.1,75.0,12.0
1004.0,25.0,12.0,115.9,28.7,22.0,75.0,12.0
1004.0,25.0,11.8,115.8,28.68,21.8,75.0,12.0
1004.0,25.0,11.9,113.6,28.69,21.9,75.0,12.0
1006.0,23.0,12.3,113.1,28.73,22.3,75.0,12.0
1007.0,20.0,12.7,112.6,28.77,22.7,75.0,12.0
1007.0,20.0,12.9,111.9,28.79,22.9,75.0,12.0
1007.0,20.0,23.6,146.7,28.86,18.6,75.0,12.0
1004.0,25.0,24.1,147.4,28.91,19.1,75.0,12.0
998.0,33.0,26.0,150.4,28.6,21.0,75.0,12.0
993.0,40.0,27.3,152.9,28.73,22.3,75.0,12.0
998.0,33.0,29.4,156.8,28.94,24.4,75.0,12.0
1007.0,20.0,8.3,120.6,28.83,18.3,75.0,12.0
1007.0,20.0,8.7,119.9,28.87,18.7,75.0,12.0
1006.0,20.0,9.0,119.3,28.9,19.0,75.0,12.0
1007.0,20.0,9.3,118.8,28.93,19.3,75.0,12.0
1000.0,30.0,10.3,116.0,28.53,20.3,75.0,12.0
998.0,33.0,10.4,115.4,28.54,20.4,75.0,12.0
996.0,35.0,10.6,114.8,28.56,20.6,75.0,12.0
996.0,35.0,10.8,114.3,28.58,20.8,75.0,12.0
993.0,40.0,11.6,111.2,28.66,21.6,75.0,12.0
993.0,40.0,11.8,110.2,28.68,21.8,75.0,12.0
993.0,40.0,11.9,109.3,28.69,21.9,75.0,12.0
997.0,35.0,12.1,108.3,28.71,22.1,75.0,12.0
1007.0,20.0,13.8,163.2,28.88,23.8,75.0,12.0
1007.0,20.0,13.5,162.2,28.85,23.5,75.0,12.0
1007.0,20.0,13.3,161.1,28.83,23.3,75.0,12.0
1007.0,20.0,13.2,160.1,28.82,23.2,75.0,12.0
1000.0,30.0,12.8,145.0,28.78,22.8,75.0,12.0
959.0,85.0,15.9,130.6,28.59,10.9,75.0,12.0
959.0,85.0,16.4,130.7,28.64,11.399999999999999,75.0,12.0
974.0,65.0,18.5,132.0,28.85,13.5,75.0,12.0
978.0,60.0,18.9,132.3,28.89,13.899999999999999,75.0,12.0
982.0,55.0,19.3,132.7,28.93,14.3,75.0,12.0
989.0,45.0,22.1,137.3,28.71,17.1,75.0,12.0
1000.0,30.0,23.7,139.5,28.87,18.7,75.0,12.0
1002.0,25.0,26.0,119.3,28.6,21.0,75.0,12.0
982.0,55.0,24.5,127.6,28.95,19.5,75.0,12.0
985.0,50.0,25.0,128.6,28.5,20.0,75.0,12.0
985.0,50.0,14.3,120.3,28.93,24.3,75.0,12.0
989.0,45.0,21.4,158.3,28.64,16.4,75.0,12.0
1004.0,25.0,20.6,160.5,28.56,15.600000000000001,75.0,12.0
989.0,45.0,21.5,134.8,28.65,16.5,75.0,12.0
1010.0,15.0,22.1,153.7,28.71,17.1,75.0,12.0
1010.0,15.0,25.2,152.6,28.52,20.2,75.0,12.0
1004.0,25.0,28.8,139.2,28.88,23.8,75.0,12.0
963.0,80.0,21.3,121.0,28.63,16.3,75.0,12.0
980.0,58.0,24.8,130.2,28.98,19.8,75.0,12.0
1004.0,25.0,9.7,113.1,28.97,19.7,75.0,12.0
987.0,48.0,28.9,137.9,28.89,23.9,75.0,12.0
994.0,30.0,24.5,139.1,28.95,19.5,75.0,12.0
1010.0,15.0,17.5,146.7,28.75,12.5,75.0,12.0
989.0,45.0,21.1,141.7,28.61,16.1,75.0,12.0
996.0,35.0,15.4,114.2,28.54,10.4,75.0,12.0
1000.0,30.0,11.1,119.6,28.61,21.1,75.0,12.0
1004.0,25.0,12.6,91.4,28.76,22.6,75.0,12.0
1004.0,25.0,12.4,91.0,28.74,22.4,75.0,12.0
1004.0,25.0,12.2,90.7,28.72,22.2,75.0,12.0
1004.0,25.0,11.9,89.3,28.69,21.9,75.0,12.0
1004.0,25.0,11.8,89.1,28.68,21.8,75.0,12.0
1004.0,25.0,11.6,88.8,28.66,21.6,75.0,12.0
1006.0,23.0,10.6,87.2,28.56,20.6,75.0,12.0
1004.0,25.0,10.6,87.0,28.56,20.6,75.0,12.0
1004.0,25.0,10.6,86.9,28.56,20.6,75.0,12.0
1004.0,25.0,10.9,86.3,28.59,20.9,75.0,12.0
1004.0,25.0,10.9,86.2,28.59,20.9,75.0,12.0
1002.0,28.0,10.9,86.1,28.59,20.9,75.0,12.0
1000.0,30.0,10.6,85.5,28.56,20.6,75.0,12.0
1000.0,30.0,10.5,85.4,28.55,20.5,75.0,12.0
1000.0,30.0,10.3,85.3,28.53,20.3,75.0,12.0
1000.0,30.0,9.4,83.8,28.94,19.4,75.0,12.0
1000.0,30.0,9.4,83.5,28.94,19.4,75.0,12.0
1000.0,30.0,9.6,83.1,28.96,19.6,75.0,12.0
1000.0,30.0,10.8,80.5,28.58,20.8,75.0,12.0
1000.0,30.0,11.0,80.0,28.6,21.0,75.0,12.0
1002.0,28.0,11.1,79.5,28.61,21.1,75.0,12.0
1009.0,18.0,11.1,75.7,28.61,21.1,75.0,12.0
1010.0,15.0,11.0,75.1,28.6,21.0,75.0,12.0
1009.0,18.0,10.9,74.4,28.59,20.9,75.0,12.0
1007.0,20.0,10.9,73.7,28.59,20.9,75.0,12.0
1007.0,20.0,11.8,70.7,28.68,21.8,75.0,12.0
1007.0,20.0,12.1,70.1,28.71,22.1,75.0,12.0
1007.0,20.0,12.3,69.3,28.73,22.3,75.0,12.0
1007.0,20.0,12.5,68.6,28.75,22.5,75.0,12.0
1007.0,20.0,12.3,65.3,28.73,22.3,75.0,12.0
1007.0,20.0,12.2,64.5,28.72,22.2,75.0,12.0
1007.0,20.0,12.2,63.6,28.72,22.2,75.0,12.0
1007.0,20.0,12.3,62.8,28.73,22.3,75.0,12.0
1007.0,20.0,12.8,59.4,28.78,22.8,75.0,12.0
1007.0,20.0,12.9,58.8,28.79,22.9,75.0,12.0
1007.0,20.0,13.0,58.3,28.8,23.0,75.0,12.0
967.0,75.0,27.5,131.6,28.75,22.5,75.0,12.0
1002.0,28.0,19.1,112.3,28.91,14.100000000000001,75.0,12.0
959.0,85.0,12.2,124.1,28.72,22.2,75.0,12.0
963.0,80.0,12.3,123.9,28.73,22.3,75.0,12.0
993.0,40.0,13.2,118.9,28.82,23.2,75.0,12.0
998.0,33.0,15.4,134.9,28.54,10.4,75.0,12.0
1007.0,20.0,15.4,128.6,28.54,10.4,75.0,12.0
939.0,113.0,13.0,132.9,28.8,23.0,75.0,12.0
958.0,88.0,14.1,129.4,28.91,24.1,75.0,12.0
965.0,78.0,18.1,136.9,28.81,13.100000000000001,75.0,12.0
963.0,80.0,18.2,136.5,28.82,13.2,75.0,12.0
963.0,80.0,18.4,136.0,28.84,13.399999999999999,75.0,12.0
959.0,85.0,19.5,133.7,28.95,14.5,75.0,12.0
958.0,88.0,20.0,133.1,28.5,15.0,75.0,12.0
956.0,90.0,20.5,132.6,28.55,15.5,75.0,12.0
956.0,90.0,22.5,129.7,28.75,17.5,75.0,12.0
954.0,93.0,22.9,129.1,28.79,17.9,75.0,12.0
952.0,95.0,23.3,128.6,28.83,18.3,75.0,12.0
948.0,100.0,23.8,128.1,28.88,18.8,75.0,12.0
933.0,120.0,25.7,125.5,28.57,20.7,75.0,12.0
933.0,120.0,26.1,125.1,28.61,21.1,75.0,12.0
933.0,120.0,26.6,124.7,28.66,21.6,75.0,12.0
939.0,113.0,26.9,124.3,28.69,21.9,75.0,12.0
963.0,80.0,28.6,122.8,28.86,23.6,75.0,12.0
967.0,75.0,29.1,122.6,28.91,24.1,75.0,12.0
970.0,70.0,29.5,122.4,28.95,24.5,75.0,12.0
972.0,68.0,30.0,122.6,28.5,10.0,75.0,12.0
989.0,45.0,33.2,123.5,28.82,13.200000000000003,75.0,12.0
991.0,43.0,34.1,123.8,28.91,14.100000000000001,75.0,12.0
993.0,40.0,35.0,124.2,28.5,15.0,75.0,12.0
997.0,35.0,35.9,124.5,28.59,15.899999999999999,75.0,12.0
986.0,50.0,20.5,118.8,28.55,15.5,75.0,12.0
982.0,55.0,20.6,118.8,28.56,15.600000000000001,75.0,12.0
982.0,55.0,20.8,118.8,28.58,15.8,75.0,12.0
982.0,55.0,21.4,118.7,28.64,16.4,75.0,12.0
980.0,58.0,21.5,118.7,28.65,16.5,75.0,12.0
978.0,60.0,21.7,118.7,28.67,16.7,75.0,12.0
970.0,70.0,22.8,116.8,28.78,17.8,75.0,12.0
974.0,65.0,23.0,116.2,28.8,18.0,75.0,12.0
978.0,60.0,23.1,115.6,28.81,18.1,75.0,12.0
984.0,53.0,23.1,115.0,28.81,18.1,75.0,12.0
945.0,105.0,13.4,154.9,28.84,23.4,75.0,12.0
941.0,110.0,13.7,154.4,28.87,23.7,75.0,12.0
931.0,123.0,15.2,151.4,28.52,10.2,75.0,12.0
933.0,120.0,15.4,150.7,28.54,10.4,75.0,12.0
935.0,118.0,15.4,150.2,28.54,10.4,75.0,12.0
937.0,115.0,15.5,149.8,28.55,10.5,75.0,12.0
931.0,123.0,16.8,147.4,28.68,11.8,75.0,12.0
929.0,125.0,17.0,146.9,28.7,12.0,75.0,12.0
928.0,128.0,17.3,146.4,28.73,12.3,75.0,12.0
926.0,130.0,17.6,145.8,28.76,12.600000000000001,75.0,12.0
926.0,130.0,18.2,143.1,28.82,13.2,75.0,12.0
929.0,125.0,18.3,142.7,28.83,13.3,75.0,12.0
931.0,123.0,18.4,142.3,28.84,13.399999999999999,75.0,12.0
933.0,120.0,18.4,141.9,28.84,13.399999999999999,75.0,12.0
946.0,103.0,18.4,140.3,28.84,13.399999999999999,75.0,12.0
948.0,100.0,18.4,140.0,28.84,13.399999999999999,75.0,12.0
954.0,93.0,18.4,139.8,28.84,13.399999999999999,75.0,12.0
959.0,85.0,18.4,139.5,28.84,13.399999999999999,75.0,12.0
961.0,83.0,18.4,139.2,28.84,13.399999999999999,75.0,12.0
967.0,75.0,18.3,138.2,28.83,13.3,75.0,12.0
967.0,75.0,18.3,138.0,28.83,13.3,75.0,12.0
965.0,78.0,18.4,137.8,28.84,13.399999999999999,75.0,12.0
963.0,80.0,18.4,137.7,28.84,13.399999999999999,75.0,12.0
961.0,83.0,18.5,137.6,28.85,13.5,75.0,12.0
954.0,93.0,19.4,137.2,28.94,14.399999999999999,75.0,12.0
952.0,95.0,19.6,137.2,28.96,14.600000000000001,75.0,12.0
952.0,95.0,20.1,137.1,28.51,15.100000000000001,75.0,12.0
952.0,95.0,20.5,137.0,28.55,15.5,75.0,12.0
954.0,93.0,20.9,136.9,28.59,15.899999999999999,75.0,12.0
956.0,90.0,22.5,136.6,28.75,17.5,75.0,12.0
956.0,90.0,22.9,136.5,28.79,17.9,75.0,12.0
956.0,90.0,23.3,136.6,28.83,18.3,75.0,12.0
956.0,90.0,23.7,136.6,28.87,18.7,75.0,12.0
954.0,93.0,24.1,136.6,28.91,19.1,75.0,12.0
956.0,90.0,26.0,136.4,28.6,21.0,75.0,12.0
959.0,85.0,26.5,136.3,28.65,21.5,75.0,12.0
959.0,85.0,27.1,136.2,28.71,22.1,75.0,12.0
959.0,85.0,27.7,136.0,28.77,22.7,75.0,12.0
961.0,83.0,28.2,135.8,28.82,23.2,75.0,12.0
967.0,75.0,30.5,134.9,28.55,10.5,75.0,12.0
967.0,75.0,31.0,134.7,28.6,11.0,75.0,12.0
969.0,73.0,31.5,134.6,28.65,11.5,75.0,12.0
970.0,70.0,32.0,134.5,28.7,12.0,75.0,12.0
972.0,68.0,32.5,134.4,28.75,12.5,75.0,12.0
986.0,50.0,34.5,133.7,28.95,14.5,75.0,12.0
989.0,45.0,34.9,133.6,28.99,14.899999999999999,75.0,12.0
993.0,40.0,35.4,133.8,28.54,15.399999999999999,75.0,12.0
996.0,35.0,35.9,134.0,28.59,15.899999999999999,75.0,12.0
998.0,33.0,36.3,134.2,28.63,16.299999999999997,75.0,12.0
1003.0,25.0,38.1,135.1,28.81,18.1,75.0,12.0
1002.0,25.0,38.7,135.4,28.87,18.700000000000003,75.0,12.0
1005.0,23.0,39.2,136.0,28.92,19.200000000000003,75.0,12.0
1007.0,20.0,39.7,136.6,28.97,19.700000000000003,75.0,12.0
1010.0,15.0,16.2,124.5,28.62,11.2,75.0,12.0
1010.0,15.0,16.2,124.2,28.62,11.2,75.0,12.0
1004.0,25.0,16.9,123.3,28.69,11.899999999999999,75.0,12.0
1002.0,28.0,17.2,123.2,28.72,12.2,75.0,12.0
1000.0,30.0,17.5,123.2,28.75,12.5,75.0,12.0
1000.0,30.0,17.6,123.2,28.76,12.600000000000001,75.0,12.0
996.0,35.0,17.9,123.6,28.79,12.899999999999999,75.0,12.0
996.0,35.0,17.8,123.8,28.78,12.8,75.0,12.0
996.0,35.0,17.7,124.0,28.77,12.7,75.0,12.0
996.0,35.0,17.7,124.4,28.77,12.7,75.0,12.0
1007.0,20.0,18.2,125.9,28.82,13.2,75.0,12.0
1007.0,20.0,18.5,126.1,28.85,13.5,75.0,12.0
1007.0,20.0,18.9,126.2,28.89,13.899999999999999,75.0,12.0
1000.0,30.0,13.6,160.1,28.86,23.6,75.0,12.0
996.0,35.0,13.4,158.1,28.84,23.4,75.0,12.0
996.0,35.0,13.4,157.6,28.84,23.4,75.0,12.0
996.0,35.0,13.4,157.1,28.84,23.4,75.0,12.0
996.0,35.0,13.4,156.6,28.84,23.4,75.0,12.0
995.0,38.0,13.6,153.7,28.86,23.6,75.0,12.0
993.0,40.0,13.6,153.1,28.86,23.6,75.0,12.0
993.0,40.0,13.8,152.6,28.88,23.8,75.0,12.0
993.0,40.0,13.9,152.2,28.89,23.9,75.0,12.0
982.0,55.0,14.5,148.8,28.95,24.5,75.0,12.0
978.0,60.0,14.6,148.1,28.96,24.6,75.0,12.0
973.0,68.0,14.7,147.4,28.97,24.7,75.0,12.0
967.0,75.0,14.8,146.8,28.98,24.8,75.0,12.0
945.0,105.0,15.9,144.5,28.59,10.9,75.0,12.0
941.0,110.0,16.2,144.0,28.62,11.2,75.0,12.0
935.0,118.0,16.5,143.4,28.65,11.5,75.0,12.0
929.0,125.0,16.9,142.9,28.69,11.899999999999999,75.0,12.0
909.0,153.0,18.0,140.1,28.8,13.0,75.0,12.0
911.0,150.0,18.2,139.6,28.82,13.2,75.0,12.0
915.0,145.0,18.4,138.9,28.84,13.399999999999999,75.0,12.0
918.0,140.0,18.6,138.3,28.86,13.600000000000001,75.0,12.0
920.0,138.0,18.8,137.8,28.88,13.8,75.0,12.0
937.0,115.0,19.5,134.9,28.95,14.5,75.0,12.0
941.0,110.0,19.7,134.3,28.97,14.7,75.0,12.0
944.0,105.0,19.9,133.7,28.99,14.899999999999999,75.0,12.0
946.0,103.0,19.9,133.1,28.99,14.899999999999999,75.0,12.0
956.0,90.0,20.4,130.2,28.54,15.399999999999999,75.0,12.0
958.0,88.0,20.6,129.6,28.56,15.600000000000001,75.0,12.0
959.0,85.0,20.9,129.1,28.59,15.899999999999999,75.0,12.0
958.0,88.0,21.0,128.6,28.6,16.0,75.0,12.0
948.0,100.0,21.9,125.8,28.69,16.9,75.0,12.0
946.0,103.0,22.1,125.3,28.71,17.1,75.0,12.0
944.0,105.0,22.4,124.8,28.74,17.4,75.0,12.0
944.0,105.0,22.6,124.3,28.76,17.6,75.0,12.0
952.0,95.0,24.2,121.5,28.92,19.2,75.0,12.0
960.0,85.0,24.1,120.8,28.91,19.1,75.0,12.0
967.0,75.0,24.1,120.2,28.91,19.1,75.0,12.0
969.0,73.0,24.5,119.8,28.95,19.5,75.0,12.0
993.0,40.0,25.8,117.8,28.58,20.8,75.0,12.0
995.0,38.0,26.2,117.4,28.62,21.2,75.0,12.0
996.0,35.0,26.6,117.0,28.66,21.6,75.0,12.0
1006.0,23.0,29.6,144.8,28.96,24.6,75.0,12.0
1004.0,25.0,29.8,144.7,28.98,24.8,75.0,12.0
1004.0,25.0,29.9,144.4,28.99,24.9,75.0,12.0
1004.0,25.0,29.9,144.2,28.99,24.9,75.0,12.0
1002.0,28.0,30.0,144.0,28.5,10.0,75.0,12.0
1000.0,30.0,30.4,143.2,28.54,10.399999999999999,75.0,12.0
1000.0,30.0,30.5,143.0,28.55,10.5,75.0,12.0
1002.0,28.0,30.6,142.7,28.56,10.600000000000001,75.0,12.0
1004.0,25.0,30.7,142.3,28.57,10.7,75.0,12.0
1004.0,25.0,30.8,141.9,28.58,10.8,75.0,12.0
1004.0,25.0,31.1,140.3,28.61,11.100000000000001,75.0,12.0
1004.0,25.0,31.2,140.0,28.62,11.2,75.0,12.0
1004.0,25.0,31.2,139.7,28.62,11.2,75.0,12.0
1004.0,25.0,31.3,139.4,28.63,11.3,75.0,12.0
1004.0,25.0,31.5,138.9,28.65,11.5,75.0,12.0
1007.0,20.0,32.2,137.6,28.72,12.200000000000003,75.0,12.0
1007.0,20.0,32.5,137.3,28.75,12.5,75.0,12.0
1007.0,20.0,32.8,137.0,28.78,12.799999999999997,75.0,12.0
1007.0,20.0,33.0,136.7,28.8,13.0,75.0,12.0
1002.0,25.0,21.5,147.9,28.65,16.5,75.0,12.0
1003.0,25.0,22.1,147.7,28.71,17.1,75.0,12.0
1004.0,25.0,22.7,147.4,28.77,17.7,75.0,12.0
998.0,33.0,25.6,144.9,28.56,20.6,75.0,12.0
996.0,35.0,26.0,144.2,28.6,21.0,75.0,12.0
996.0,35.0,26.1,143.9,28.61,21.1,75.0,12.0
996.0,35.0,26.3,143.7,28.63,21.3,75.0,12.0
996.0,35.0,27.0,141.3,28.7,22.0,75.0,12.0
996.0,35.0,27.1,141.0,28.71,22.1,75.0,12.0
996.0,35.0,27.4,140.8,28.74,22.4,75.0,12.0
996.0,35.0,27.7,140.7,28.77,22.7,75.0,12.0
996.0,35.0,28.1,140.6,28.81,23.1,75.0,12.0
996.0,35.0,29.6,140.2,28.96,24.6,75.0,12.0
996.0,35.0,29.8,140.3,28.98,24.8,75.0,12.0
996.0,35.0,30.1,140.4,28.51,10.100000000000001,75.0,12.0
996.0,35.0,30.3,140.6,28.53,10.3,75.0,12.0
996.0,35.0,30.6,140.8,28.56,10.600000000000001,75.0,12.0
995.0,38.0,31.5,142.2,28.65,11.5,75.0,12.0
993.0,40.0,31.7,142.7,28.67,11.7,75.0,12.0
991.0,43.0,32.0,143.2,28.7,12.0,75.0,12.0
989.0,45.0,32.2,143.7,28.72,12.200000000000003,75.0,12.0
993.0,40.0,33.2,146.7,28.82,13.200000000000003,75.0,12.0
993.0,40.0,33.4,147.4,28.84,13.399999999999999,75.0,12.0
993.0,40.0,33.5,147.9,28.85,13.5,75.0,12.0
993.0,40.0,33.6,148.5,28.86,13.600000000000001,75.0,12.0
993.0,40.0,34.8,153.0,28.98,14.799999999999997,75.0,12.0
993.0,40.0,35.4,154.1,28.54,15.399999999999999,75.0,12.0
995.0,38.0,35.7,154.7,28.57,15.700000000000003,75.0,12.0
996.0,35.0,36.0,155.3,28.6,16.0,75.0,12.0
996.0,35.0,37.4,160.5,28.74,17.4,75.0,12.0
996.0,35.0,37.7,161.8,28.77,17.700000000000003,75.0,12.0
1004.0,25.0,12.2,150.4,28.72,22.2,75.0,12.0
1004.0,25.0,12.2,150.2,28.72,22.2,75.0,12.0
1004.0,25.0,12.3,149.9,28.73,22.3,75.0,12.0
995.0,38.0,13.3,147.6,28.83,23.3,75.0,12.0
993.0,40.0,13.7,147.0,28.87,23.7,75.0,12.0
991.0,43.0,13.9,146.7,28.89,23.9,75.0,12.0
989.0,45.0,14.1,146.3,28.91,24.1,75.0,12.0
980.0,58.0,14.6,145.0,28.96,24.6,75.0,12.0
978.0,60.0,14.8,144.7,28.98,24.8,75.0,12.0
976.0,63.0,15.0,144.4,28.5,10.0,75.0,12.0
974.0,65.0,15.2,144.1,28.52,10.2,75.0,12.0
945.0,105.0,16.2,142.2,28.62,11.2,75.0,12.0
933.0,120.0,16.5,141.7,28.65,11.5,75.0,12.0
935.0,118.0,16.8,141.1,28.68,11.8,75.0,12.0
937.0,115.0,17.0,140.4,28.7,12.0,75.0,12.0
944.0,105.0,18.2,136.1,28.82,13.2,75.0,12.0
944.0,105.0,18.4,135.4,28.84,13.399999999999999,75.0,12.0
944.0,105.0,18.5,134.7,28.85,13.5,75.0,12.0
944.0,105.0,18.6,133.8,28.86,13.600000000000001,75.0,12.0
948.0,100.0,18.9,129.8,28.89,13.899999999999999,75.0,12.0
945.0,105.0,18.9,129.1,28.89,13.899999999999999,75.0,12.0
941.0,110.0,18.9,128.4,28.89,13.899999999999999,75.0,12.0
937.0,115.0,18.9,127.8,28.89,13.899999999999999,75.0,12.0
937.0,115.0,18.9,125.3,28.89,13.899999999999999,75.0,12.0
939.0,113.0,18.9,124.9,28.89,13.899999999999999,75.0,12.0
941.0,110.0,18.9,124.6,28.89,13.899999999999999,75.0,12.0
943.0,108.0,18.9,124.3,28.89,13.899999999999999,75.0,12.0
952.0,95.0,19.3,122.9,28.93,14.3,75.0,12.0
954.0,93.0,19.3,122.7,28.93,14.3,75.0,12.0
956.0,90.0,19.3,122.4,28.93,14.3,75.0,12.0
958.0,88.0,19.4,122.4,28.94,14.399999999999999,75.0,12.0
963.0,80.0,20.1,122.6,28.51,15.100000000000001,75.0,12.0
963.0,80.0,20.4,122.7,28.54,15.399999999999999,75.0,12.0
963.0,80.0,20.7,122.7,28.57,15.7,75.0,12.0
965.0,78.0,21.0,122.9,28.6,16.0,75.0,12.0
963.0,80.0,23.2,123.4,28.82,18.2,75.0,12.0
960.0,85.0,23.5,123.5,28.85,18.5,75.0,12.0
956.0,90.0,23.8,123.6,28.88,18.8,75.0,12.0
950.0,98.0,24.1,123.8,28.91,19.1,75.0,12.0
937.0,115.0,26.3,126.0,28.63,21.3,75.0,12.0
937.0,115.0,27.1,126.8,28.71,22.1,75.0,12.0
937.0,115.0,28.0,127.5,28.8,23.0,75.0,12.0
939.0,113.0,28.9,128.2,28.89,23.9,75.0,12.0
959.0,85.0,34.1,130.7,28.91,14.100000000000001,75.0,12.0
967.0,75.0,34.8,130.9,28.98,14.799999999999997,75.0,12.0
974.0,65.0,35.4,131.1,28.54,15.399999999999999,75.0,12.0
980.0,58.0,36.0,131.4,28.6,16.0,75.0,12.0
987.0,48.0,38.5,132.9,28.85,18.5,75.0,12.0
989.0,45.0,39.1,133.4,28.91,19.1,75.0,12.0
998.0,33.0,14.9,162.1,28.99,24.9,75.0,12.0
996.0,35.0,14.9,162.1,28.99,24.9,75.0,12.0
995.0,38.0,14.9,162.0,28.99,24.9,75.0,12.0
993.0,40.0,15.0,161.9,28.5,10.0,75.0,12.0
984.0,53.0,14.9,161.1,28.99,24.9,75.0,12.0
982.0,55.0,14.8,160.9,28.98,24.8,75.0,12.0
980.0,58.0,14.7,160.7,28.97,24.7,75.0,12.0
978.0,60.0,14.6,160.5,28.96,24.6,75.0,12.0
967.0,75.0,14.4,159.4,28.94,24.4,75.0,12.0
963.0,80.0,14.4,159.2,28.94,24.4,75.0,12.0
958.0,88.0,14.6,158.8,28.96,24.6,75.0,12.0
952.0,95.0,14.7,158.5,28.97,24.7,75.0,12.0
939.0,113.0,15.8,156.6,28.58,10.8,75.0,12.0
937.0,115.0,15.9,156.1,28.59,10.9,75.0,12.0
935.0,118.0,16.1,155.8,28.61,11.100000000000001,75.0,12.0
933.0,120.0,16.3,155.4,28.63,11.3,75.0,12.0
928.0,128.0,18.2,153.3,28.82,13.2,75.0,12.0
926.0,130.0,18.6,152.8,28.86,13.600000000000001,75.0,12.0
924.0,133.0,18.9,152.4,28.89,13.899999999999999,75.0,12.0
922.0,135.0,19.1,151.9,28.91,14.100000000000001,75.0,12.0
924.0,133.0,20.9,149.9,28.59,15.899999999999999,75.0,12.0
926.0,130.0,21.2,149.5,28.62,16.2,75.0,12.0
926.0,130.0,21.6,149.0,28.66,16.6,75.0,12.0
926.0,130.0,22.0,148.5,28.7,17.0,75.0,12.0
939.0,113.0,23.7,146.8,28.87,18.7,75.0,12.0
941.0,110.0,24.1,146.4,28.91,19.1,75.0,12.0
943.0,108.0,24.6,146.2,28.96,19.6,75.0,12.0
944.0,105.0,25.0,146.0,28.5,20.0,75.0,12.0
963.0,80.0,26.7,145.1,28.67,21.7,75.0,12.0
963.0,80.0,27.0,144.9,28.7,22.0,75.0,12.0
963.0,80.0,27.3,144.9,28.73,22.3,75.0,12.0
963.0,80.0,27.6,145.0,28.76,22.6,75.0,12.0
963.0,80.0,29.3,145.3,28.93,24.3,75.0,12.0
963.0,80.0,29.6,145.5,28.96,24.6,75.0,12.0
963.0,80.0,29.8,145.8,28.98,24.8,75.0,12.0
963.0,80.0,30.0,146.0,28.5,10.0,75.0,12.0
972.0,68.0,31.6,147.8,28.66,11.600000000000001,75.0,12.0
974.0,65.0,32.1,148.2,28.71,12.100000000000001,75.0,12.0
976.0,63.0,32.3,148.7,28.73,12.299999999999997,75.0,12.0
978.0,60.0,32.5,149.2,28.75,12.5,75.0,12.0
978.0,60.0,34.9,154.5,28.99,14.899999999999999,75.0,12.0
978.0,60.0,35.6,155.5,28.56,15.600000000000001,75.0,12.0
978.0,60.0,36.7,156.4,28.67,16.700000000000003,75.0,12.0
978.0,60.0,37.8,157.3,28.78,17.799999999999997,75.0,12.0
1010.0,15.0,19.0,139.9,28.9,14.0,75.0,12.0
1010.0,15.0,19.4,139.7,28.94,14.399999999999999,75.0,12.0
1007.0,18.0,19.8,139.5,28.98,14.8,75.0,12.0
1004.0,20.0,20.2,139.3,28.52,15.2,75.0,12.0
1000.0,30.0,22.5,138.8,28.75,17.5,75.0,12.0
1000.0,30.0,22.9,138.6,28.79,17.9,75.0,12.0
998.0,33.0,23.4,138.6,28.84,18.4,75.0,12.0
996.0,35.0,23.8,138.6,28.88,18.8,75.0,12.0
986.0,50.0,27.1,138.2,28.71,22.1,75.0,12.0
982.0,55.0,27.8,138.2,28.78,22.8,75.0,12.0
980.0,58.0,28.6,138.2,28.86,23.6,75.0,12.0
978.0,60.0,29.3,138.3,28.93,24.3,75.0,12.0
987.0,48.0,34.0,137.6,28.9,14.0,75.0,12.0
989.0,45.0,34.7,137.3,28.97,14.700000000000003,75.0,12.0
993.0,40.0,36.0,136.8,28.6,16.0,75.0,12.0
996.0,35.0,37.2,136.2,28.72,17.200000000000003,75.0,12.0
996.0,35.0,37.5,135.7,28.75,17.5,75.0,12.0
1007.0,20.0,15.7,112.1,28.57,10.7,75.0,12.0
1006.0,23.0,15.4,111.9,28.54,10.4,75.0,12.0
996.0,35.0,15.2,110.3,28.52,10.2,75.0,12.0
996.0,35.0,15.3,110.0,28.53,10.3,75.0,12.0
996.0,35.0,15.4,109.8,28.54,10.4,75.0,12.0
996.0,35.0,15.5,109.3,28.55,10.5,75.0,12.0
1004.0,25.0,15.4,105.4,28.54,10.4,75.0,12.0
1010.0,15.0,15.4,152.8,28.54,10.4,75.0,12.0
1002.0,28.0,17.3,151.8,28.73,12.3,75.0,12.0
1000.0,30.0,17.6,151.5,28.76,12.600000000000001,75.0,12.0
998.0,33.0,17.8,151.2,28.78,12.8,75.0,12.0
996.0,35.0,18.0,150.8,28.8,13.0,75.0,12.0
991.0,43.0,18.9,148.9,28.89,13.899999999999999,75.0,12.0
989.0,45.0,19.2,148.4,28.92,14.2,75.0,12.0
986.0,50.0,19.5,147.8,28.95,14.5,75.0,12.0
982.0,55.0,19.8,147.2,28.98,14.8,75.0,12.0
967.0,75.0,20.8,145.2,28.58,15.8,75.0,12.0
963.0,80.0,21.1,144.9,28.61,16.1,75.0,12.0
960.0,85.0,21.4,144.5,28.64,16.4,75.0,12.0
956.0,90.0,21.7,144.1,28.67,16.7,75.0,12.0
950.0,98.0,23.4,142.6,28.84,18.4,75.0,12.0
952.0,95.0,23.7,142.4,28.87,18.7,75.0,12.0
954.0,93.0,24.1,142.3,28.91,19.1,75.0,12.0
956.0,90.0,24.5,142.2,28.95,19.5,75.0,12.0
965.0,78.0,27.2,142.9,28.72,22.2,75.0,12.0
967.0,75.0,27.9,143.3,28.79,22.9,75.0,12.0
969.0,73.0,28.4,143.8,28.84,23.4,75.0,12.0
970.0,70.0,29.0,144.2,28.9,24.0,75.0,12.0
984.0,53.0,31.4,146.7,28.64,11.399999999999999,75.0,12.0
985.0,50.0,31.8,147.2,28.68,11.8,75.0,12.0
987.0,48.0,32.4,147.7,28.74,12.399999999999999,75.0,12.0
989.0,45.0,32.9,148.2,28.79,12.899999999999999,75.0,12.0
993.0,40.0,35.8,151.0,28.58,15.799999999999997,75.0,12.0
993.0,40.0,36.4,151.4,28.64,16.4,75.0,12.0
1007.0,20.0,15.2,144.2,28.52,10.2,75.0,12.0
1007.0,20.0,15.2,143.9,28.52,10.2,75.0,12.0
1007.0,20.0,15.3,143.7,28.53,10.3,75.0,12.0
1002.0,25.0,16.5,141.8,28.65,11.5,75.0,12.0
1000.0,25.0,16.9,141.5,28.69,11.899999999999999,75.0,12.0
1000.0,25.0,17.1,141.1,28.71,12.100000000000001,75.0,12.0
1000.0,25.0,17.4,140.7,28.74,12.399999999999999,75.0,12.0
996.0,35.0,18.0,136.2,28.8,13.0,75.0,12.0
985.0,50.0,18.5,133.1,28.85,13.5,75.0,12.0
985.0,50.0,18.6,132.9,28.86,13.600000000000001,75.0,12.0
974.0,65.0,19.1,132.2,28.91,14.100000000000001,75.0,12.0
954.0,93.0,21.3,130.0,28.63,16.3,75.0,12.0
929.0,125.0,22.3,127.4,28.73,17.3,75.0,12.0
929.0,125.0,22.4,127.1,28.74,17.4,75.0,12.0
929.0,125.0,22.5,126.7,28.75,17.5,75.0,12.0
929.0,125.0,22.6,126.2,28.76,17.6,75.0,12.0
929.0,125.0,23.4,123.9,28.84,18.4,75.0,12.0
931.0,123.0,23.7,123.3,28.87,18.7,75.0,12.0
933.0,120.0,24.0,122.8,28.9,19.0,75.0,12.0
941.0,110.0,24.1,121.9,28.91,19.1,75.0,12.0
967.0,75.0,25.1,119.2,28.51,20.1,75.0,12.0
975.0,65.0,25.2,118.6,28.52,20.2,75.0,12.0
982.0,55.0,25.3,117.9,28.53,20.3,75.0,12.0
986.0,50.0,25.6,117.4,28.56,20.6,75.0,12.0
1005.0,20.0,12.1,129.2,28.71,22.1,75.0,12.0
1005.0,23.0,12.3,128.6,28.73,22.3,75.0,12.0
1004.0,25.0,14.1,125.6,28.91,24.1,75.0,12.0
1002.0,28.0,14.5,124.8,28.95,24.5,75.0,12.0
1000.0,30.0,14.9,124.1,28.99,24.9,75.0,12.0
1000.0,30.0,15.2,123.3,28.52,10.2,75.0,12.0
1000.0,30.0,16.2,120.0,28.62,11.2,75.0,12.0
998.0,33.0,16.4,119.4,28.64,11.399999999999999,75.0,12.0
996.0,35.0,16.6,118.8,28.66,11.600000000000001,75.0,12.0
993.0,40.0,16.9,118.2,28.69,11.899999999999999,75.0,12.0
982.0,55.0,18.4,115.3,28.84,13.399999999999999,75.0,12.0
980.0,58.0,18.7,114.8,28.87,13.7,75.0,12.0
978.0,60.0,19.0,114.2,28.9,14.0,75.0,12.0
976.0,63.0,19.2,113.7,28.92,14.2,75.0,12.0
948.0,100.0,20.4,111.5,28.54,15.399999999999999,75.0,12.0
946.0,103.0,20.9,111.0,28.59,15.899999999999999,75.0,12.0
944.0,105.0,21.3,110.4,28.63,16.3,75.0,12.0
954.0,93.0,21.6,110.0,28.66,16.6,75.0,12.0
982.0,55.0,23.7,108.3,28.87,18.7,75.0,12.0
989.0,45.0,24.0,108.0,28.9,19.0,75.0,12.0
996.0,35.0,24.4,107.7,28.94,19.4,75.0,12.0
993.0,40.0,19.0,164.4,28.9,14.0,75.0,12.0
991.0,43.0,19.9,161.5,28.99,14.899999999999999,75.0,12.0
989.0,45.0,20.2,160.6,28.52,15.2,75.0,12.0
989.0,45.0,20.5,159.7,28.55,15.5,75.0,12.0
989.0,45.0,20.9,158.8,28.59,15.899999999999999,75.0,12.0
987.0,48.0,21.6,155.2,28.66,16.6,75.0,12.0
985.0,50.0,21.7,154.5,28.67,16.7,75.0,12.0
974.0,65.0,23.5,151.1,28.85,18.5,75.0,12.0
974.0,65.0,23.9,150.9,28.89,18.9,75.0,12.0
974.0,65.0,24.3,150.7,28.93,19.3,75.0,12.0
972.0,68.0,27.4,151.0,28.74,22.4,75.0,12.0
974.0,65.0,28.4,151.2,28.84,23.4,75.0,12.0
974.0,65.0,29.7,151.1,28.97,24.7,75.0,12.0
974.0,65.0,31.0,151.1,28.6,11.0,75.0,12.0
1004.0,25.0,15.7,144.4,28.57,10.7,75.0,12.0
1004.0,25.0,15.9,143.2,28.59,10.9,75.0,12.0
1002.0,28.0,16.1,142.2,28.61,11.100000000000001,75.0,12.0
1000.0,30.0,16.2,141.3,28.62,11.2,75.0,12.0
993.0,40.0,15.7,135.8,28.57,10.7,75.0,12.0
993.0,40.0,15.7,135.2,28.57,10.7,75.0,12.0
993.0,40.0,15.7,134.7,28.57,10.7,75.0,12.0
989.0,45.0,15.4,131.5,28.54,10.4,75.0,12.0
987.0,48.0,15.6,130.8,28.56,10.6,75.0,12.0
985.0,50.0,15.7,130.1,28.57,10.7,75.0,12.0
967.0,75.0,15.5,127.5,28.55,10.5,75.0,12.0
965.0,78.0,15.5,127.1,28.55,10.5,75.0,12.0
963.0,80.0,15.5,126.7,28.55,10.5,75.0,12.0
944.0,105.0,15.7,124.5,28.57,10.7,75.0,12.0
941.0,110.0,15.8,124.2,28.58,10.8,75.0,12.0
937.0,115.0,15.8,123.8,28.58,10.8,75.0,12.0
932.0,123.0,15.9,123.4,28.59,10.9,75.0,12.0
944.0,105.0,15.8,121.3,28.58,10.8,75.0,12.0
950.0,98.0,16.0,120.9,28.6,11.0,75.0,12.0
956.0,90.0,16.2,120.5,28.62,11.2,75.0,12.0
962.0,83.0,16.4,120.2,28.64,11.399999999999999,75.0,12.0
982.0,55.0,17.6,120.0,28.76,12.600000000000001,75.0,12.0
984.0,53.0,17.8,120.0,28.78,12.8,75.0,12.0
985.0,50.0,17.9,120.1,28.79,12.899999999999999,75.0,12.0
987.0,48.0,18.0,120.2,28.8,13.0,75.0,12.0
1000.0,30.0,18.8,120.4,28.88,13.8,75.0,12.0
1004.0,25.0,19.0,120.6,28.9,14.0,75.0,12.0
1007.0,20.0,19.1,120.7,28.91,14.100000000000001,75.0,12.0
1000.0,30.0,14.2,158.3,28.92,24.2,75.0,12.0
1000.0,30.0,14.5,158.0,28.95,24.5,75.0,12.0
998.0,33.0,14.8,157.2,28.98,24.8,75.0,12.0
996.0,35.0,15.0,156.4,28.5,10.0,75.0,12.0
991.0,43.0,15.4,153.1,28.54,10.4,75.0,12.0
989.0,45.0,15.6,152.5,28.56,10.6,75.0,12.0
989.0,45.0,15.8,151.8,28.58,10.8,75.0,12.0
989.0,45.0,16.0,151.1,28.6,11.0,75.0,12.0
984.0,53.0,16.0,147.2,28.6,11.0,75.0,12.0
982.0,55.0,16.0,146.4,28.6,11.0,75.0,12.0
982.0,55.0,15.9,145.7,28.59,10.9,75.0,12.0
982.0,55.0,15.8,144.9,28.58,10.8,75.0,12.0
971.0,70.0,16.8,142.9,28.68,11.8,75.0,12.0
967.0,75.0,17.0,142.4,28.7,12.0,75.0,12.0
963.0,80.0,17.4,142.1,28.74,12.399999999999999,75.0,12.0
959.0,85.0,17.7,141.7,28.77,12.7,75.0,12.0
948.0,100.0,19.1,140.0,28.91,14.100000000000001,75.0,12.0
943.0,108.0,19.2,140.0,28.92,14.2,75.0,12.0
937.0,115.0,19.4,140.0,28.94,14.399999999999999,75.0,12.0
941.0,110.0,20.5,140.3,28.55,15.5,75.0,12.0
943.0,108.0,20.6,140.3,28.56,15.600000000000001,75.0,12.0
944.0,105.0,20.8,140.3,28.58,15.8,75.0,12.0
956.0,90.0,21.8,140.0,28.68,16.8,75.0,12.0
958.0,88.0,21.9,140.0,28.69,16.9,75.0,12.0
959.0,85.0,22.0,140.0,28.7,17.0,75.0,12.0
967.0,75.0,22.7,140.0,28.77,17.7,75.0,12.0
965.0,78.0,22.8,140.0,28.78,17.8,75.0,12.0
963.0,80.0,22.9,140.0,28.79,17.9,75.0,12.0
948.0,100.0,23.8,141.2,28.88,18.8,75.0,12.0
946.0,103.0,23.9,141.4,28.89,18.9,75.0,12.0
944.0,105.0,24.0,141.7,28.9,19.0,75.0,12.0
950.0,98.0,24.9,144.5,28.99,19.9,75.0,12.0
952.0,95.0,25.1,145.1,28.51,20.1,75.0,12.0
954.0,93.0,25.2,145.8,28.52,20.2,75.0,12.0
956.0,90.0,25.4,146.5,28.54,20.4,75.0,12.0
969.0,73.0,26.8,149.8,28.68,21.8,75.0,12.0
970.0,70.0,27.0,150.2,28.7,22.0,75.0,12.0
974.0,65.0,27.4,150.9,28.74,22.4,75.0,12.0
978.0,60.0,27.7,151.6,28.77,22.7,75.0,12.0
984.0,53.0,30.6,156.8,28.56,10.600000000000001,75.0,12.0
985.0,50.0,31.6,158.3,28.66,11.600000000000001,75.0,12.0
985.0,50.0,33.0,160.3,28.8,13.0,75.0,12.0
985.0,50.0,34.3,162.3,28.93,14.299999999999997,75.0,12.0
1007.0,20.0,17.0,163.2,28.7,12.0,75.0,12.0
1007.0,20.0,17.5,162.8,28.75,12.5,75.0,12.0
1007.0,20.0,18.0,162.5,28.8,13.0,75.0,12.0
1007.0,20.0,19.7,159.8,28.97,14.7,75.0,12.0
1007.0,20.0,20.0,159.0,28.5,15.0,75.0,12.0
1007.0,20.0,20.4,158.6,28.54,15.399999999999999,75.0,12.0
1006.0,20.0,20.9,158.2,28.59,15.899999999999999,75.0,12.0
1006.0,23.0,23.7,155.8,28.87,18.7,75.0,12.0
1004.0,25.0,24.2,155.5,28.92,19.2,75.0,12.0
1004.0,25.0,25.0,155.4,28.5,20.0,75.0,12.0
1004.0,25.0,25.8,155.4,28.58,20.8,75.0,12.0
998.0,33.0,29.4,159.9,28.94,24.4,75.0,12.0
996.0,35.0,30.3,161.5,28.53,10.3,75.0,12.0
1000.0,30.0,4.2,162.3,28.92,14.2,75.0,12.0
998.0,33.0,4.3,161.7,28.93,14.3,75.0,12.0
996.0,35.0,4.5,161.1,28.95,14.5,75.0,12.0
986.0,50.0,5.3,157.7,28.53,15.3,75.0,12.0
982.0,55.0,5.5,157.0,28.55,15.5,75.0,12.0
978.0,60.0,5.7,156.4,28.57,15.7,75.0,12.0
974.0,65.0,5.8,155.8,28.58,15.8,75.0,12.0
982.0,55.0,7.8,153.1,28.78,17.8,75.0,12.0
982.0,55.0,8.2,152.5,28.82,18.2,75.0,12.0
980.0,58.0,8.5,151.9,28.85,18.5,75.0,12.0
978.0,60.0,8.8,151.3,28.88,18.8,75.0,12.0
961.0,83.0,9.8,149.0,28.98,19.8,75.0,12.0
959.0,85.0,10.0,148.6,28.5,20.0,75.0,12.0
956.0,90.0,10.2,147.9,28.52,20.2,75.0,12.0
952.0,95.0,10.4,147.3,28.54,20.4,75.0,12.0
937.0,115.0,11.1,143.5,28.61,21.1,75.0,12.0
933.0,120.0,11.3,142.7,28.63,21.3,75.0,12.0
935.0,118.0,11.6,141.9,28.66,21.6,75.0,12.0
937.0,115.0,11.9,141.2,28.69,21.9,75.0,12.0
959.0,85.0,18.4,132.2,28.84,13.399999999999999,75.0,12.0
963.0,80.0,18.6,132.5,28.86,13.600000000000001,75.0,12.0
967.0,75.0,18.8,132.8,28.88,13.8,75.0,12.0
982.0,55.0,19.5,135.0,28.95,14.5,75.0,12.0
986.0,50.0,19.8,135.6,28.98,14.8,75.0,12.0
989.0,45.0,20.1,136.2,28.51,15.100000000000001,75.0,12.0
996.0,35.0,22.6,138.5,28.76,17.6,75.0,12.0
996.0,35.0,23.2,139.2,28.82,18.2,75.0,12.0
996.0,35.0,23.9,139.8,28.89,18.9,75.0,12.0
1002.0,28.0,8.7,138.8,28.87,18.7,75.0,12.0
989.0,45.0,10.3,134.5,28.53,20.3,75.0,12.0
987.0,48.0,10.6,133.9,28.56,20.6,75.0,12.0
985.0,50.0,10.8,133.4,28.58,20.8,75.0,12.0
967.0,75.0,11.9,130.1,28.69,21.9,75.0,12.0
962.0,83.0,12.1,129.6,28.71,22.1,75.0,12.0
956.0,90.0,12.3,129.0,28.73,22.3,75.0,12.0
933.0,120.0,12.5,125.7,28.75,22.5,75.0,12.0
933.0,120.0,12.6,125.2,28.76,22.6,75.0,12.0
933.0,120.0,12.7,124.7,28.77,22.7,75.0,12.0
939.0,113.0,12.8,124.1,28.78,22.8,75.0,12.0
933.0,120.0,13.0,121.7,28.8,23.0,75.0,12.0
941.0,110.0,13.2,121.5,28.82,23.2,75.0,12.0
948.0,100.0,13.3,121.2,28.83,23.3,75.0,12.0
954.0,93.0,13.5,121.0,28.85,23.5,75.0,12.0
985.0,50.0,14.3,120.0,28.93,24.3,75.0,12.0
993.0,40.0,14.2,120.2,28.92,24.2,75.0,12.0
1000.0,30.0,14.0,120.3,28.9,24.0,75.0,12.0
1004.0,25.0,13.8,120.2,28.88,23.8,75.0,12.0
1007.0,20.0,4.5,145.3,28.95,14.5,75.0,12.0
1007.0,20.0,5.8,141.9,28.58,15.8,75.0,12.0
1007.0,20.0,5.8,141.2,28.58,15.8,75.0,12.0
1007.0,20.0,5.9,140.5,28.59,15.9,75.0,12.0
1007.0,20.0,7.3,136.3,28.73,17.3,75.0,12.0
1007.0,20.0,7.4,135.5,28.74,17.4,75.0,12.0
1007.0,20.0,7.5,134.7,28.75,17.5,75.0,12.0
1010.0,15.0,8.6,132.2,28.86,18.6,75.0,12.0
1010.0,15.0,8.4,131.8,28.84,18.4,75.0,12.0
1010.0,15.0,8.3,131.4,28.83,18.3,75.0,12.0
1007.0,20.0,7.6,128.8,28.76,17.6,75.0,12.0
1009.0,18.0,7.5,128.6,28.75,17.5,75.0,12.0
1010.0,15.0,7.4,128.3,28.74,17.4,75.0,12.0
1005.0,20.0,18.6,114.4,28.86,13.600000000000001,75.0,12.0
1005.0,23.0,18.9,114.0,28.89,13.899999999999999,75.0,12.0
1004.0,25.0,20.4,112.7,28.54,15.399999999999999,75.0,12.0
1002.0,28.0,20.9,112.7,28.59,15.899999999999999,75.0,12.0
1000.0,30.0,21.4,112.6,28.64,16.4,75.0,12.0
1004.0,25.0,21.8,112.4,28.68,16.8,75.0,12.0
1004.0,25.0,9.0,145.0,28.9,19.0,75.0,12.0
1002.0,28.0,9.4,144.8,28.94,19.4,75.0,12.0
1000.0,30.0,9.8,144.7,28.98,19.8,75.0,12.0
987.0,48.0,11.2,142.6,28.62,21.2,75.0,12.0
985.0,50.0,11.6,142.0,28.66,21.6,75.0,12.0
985.0,50.0,12.0,141.4,28.7,22.0,75.0,12.0
985.0,50.0,12.4,140.9,28.74,22.4,75.0,12.0
967.0,75.0,15.4,136.7,28.54,10.4,75.0,12.0
960.0,85.0,15.9,135.8,28.59,10.9,75.0,12.0
952.0,95.0,16.3,135.0,28.63,11.3,75.0,12.0
941.0,110.0,16.7,134.3,28.67,11.7,75.0,12.0
914.0,145.0,18.7,130.1,28.87,13.7,75.0,12.0
911.0,150.0,19.1,129.3,28.91,14.100000000000001,75.0,12.0
907.0,155.0,19.5,128.5,28.95,14.5,75.0,12.0
907.0,155.0,19.9,127.7,28.99,14.899999999999999,75.0,12.0
914.0,145.0,21.2,124.3,28.62,16.2,75.0,12.0
916.0,143.0,21.4,123.8,28.64,16.4,75.0,12.0
918.0,140.0,21.6,123.4,28.66,16.6,75.0,12.0
920.0,138.0,21.8,123.0,28.68,16.8,75.0,12.0
952.0,95.0,22.6,120.7,28.76,17.6,75.0,12.0
963.0,80.0,22.9,120.4,28.79,17.9,75.0,12.0
974.0,65.0,23.2,120.1,28.82,18.2,75.0,12.0
978.0,60.0,23.2,119.9,28.82,18.2,75.0,12.0
993.0,40.0,24.3,119.1,28.93,19.3,75.0,12.0
997.0,35.0,24.6,118.8,28.96,19.6,75.0,12.0
1000.0,30.0,24.8,118.6,28.98,19.8,75.0,12.0
1002.0,28.0,25.1,118.2,28.51,20.1,75.0,12.0
1007.0,20.0,19.4,130.2,28.94,14.399999999999999,75.0,12.0
1006.0,23.0,19.9,129.9,28.99,14.899999999999999,75.0,12.0
1004.0,25.0,20.3,129.7,28.53,15.3,75.0,12.0
1004.0,25.0,20.9,129.6,28.59,15.899999999999999,75.0,12.0
1004.0,25.0,23.7,128.2,28.87,18.7,75.0,12.0
1005.0,23.0,24.2,128.2,28.92,19.2,75.0,12.0
1006.0,20.0,24.8,128.3,28.98,19.8,75.0,12.0
1006.0,20.0,25.5,128.2,28.55,20.5,75.0,12.0
1010.0,15.0,27.7,128.1,28.77,22.7,75.0,12.0
1010.0,15.0,28.1,128.1,28.81,23.1,75.0,12.0
1010.0,15.0,28.5,128.2,28.85,23.5,75.0,12.0
993.0,40.0,29.9,157.7,28.99,24.9,75.0,12.0
989.0,45.0,30.8,158.4,28.58,10.8,75.0,12.0
989.0,45.0,31.9,158.9,28.69,11.899999999999999,75.0,12.0
989.0,45.0,33.0,159.3,28.8,13.0,75.0,12.0
1000.0,30.0,18.0,113.1,28.8,13.0,75.0,12.0
998.0,33.0,18.2,112.5,28.82,13.2,75.0,12.0
996.0,35.0,18.5,112.0,28.85,13.5,75.0,12.0
993.0,40.0,18.7,111.5,28.87,13.7,75.0,12.0
993.0,40.0,19.5,108.2,28.95,14.5,75.0,12.0
991.0,43.0,19.7,107.7,28.97,14.7,75.0,12.0
989.0,45.0,19.9,107.2,28.99,14.899999999999999,75.0,12.0
987.0,48.0,20.0,106.8,28.5,15.0,75.0,12.0
982.0,55.0,20.9,105.4,28.59,15.899999999999999,75.0,12.0
988.0,48.0,21.3,105.2,28.63,16.3,75.0,12.0
993.0,40.0,21.7,105.0,28.67,16.7,75.0,12.0
997.0,35.0,22.0,104.9,28.7,17.0,75.0,12.0
974.0,65.0,20.2,118.9,28.52,15.2,75.0,12.0
984.0,53.0,23.1,113.0,28.81,18.1,75.0,12.0
989.0,45.0,23.5,112.4,28.85,18.5,75.0,12.0
993.0,40.0,23.7,111.8,28.87,18.7,75.0,12.0
980.0,58.0,28.2,147.0,28.82,23.2,75.0,12.0
982.0,55.0,28.8,146.7,28.88,23.8,75.0,12.0
982.0,55.0,29.4,146.6,28.94,24.4,75.0,12.0
982.0,55.0,29.9,146.4,28.99,24.9,75.0,12.0
985.0,50.0,33.0,144.7,28.8,13.0,75.0,12.0
985.0,50.0,33.7,144.4,28.87,13.700000000000003,75.0,12.0
987.0,48.0,34.2,144.4,28.92,14.200000000000003,75.0,12.0
989.0,45.0,34.6,144.4,28.96,14.600000000000001,75.0,12.0
989.0,45.0,35.2,144.6,28.52,15.200000000000003,75.0,12.0
989.0,45.0,38.0,145.1,28.8,18.0,75.0,12.0
989.0,45.0,38.7,145.3,28.87,18.700000000000003,75.0,12.0
989.0,45.0,39.5,146.1,28.95,19.5,75.0,12.0
989.0,45.0,40.2,146.9,28.52,20.200000000000003,75.0,12.0
991.0,43.0,41.4,147.4,28.64,21.4,75.0,12.0
1004.0,25.0,17.3,161.1,28.73,12.3,75.0,12.0
996.0,35.0,16.9,159.7,28.69,11.899999999999999,75.0,12.0
996.0,35.0,16.8,159.3,28.68,11.8,75.0,12.0
995.0,38.0,16.9,158.9,28.69,11.899999999999999,75.0,12.0
993.0,40.0,16.9,158.6,28.69,11.899999999999999,75.0,12.0
991.0,45.0,17.8,156.4,28.78,12.8,75.0,12.0
993.0,45.0,18.0,156.0,28.8,13.0,75.0,12.0
991.0,45.0,18.2,155.7,28.82,13.2,75.0,12.0
989.0,45.0,18.5,155.3,28.85,13.5,75.0,12.0
1000.0,30.0,20.0,153.4,28.5,15.0,75.0,12.0
998.0,33.0,20.2,153.7,28.52,15.2,75.0,12.0
996.0,35.0,20.5,154.0,28.55,15.5,75.0,12.0
993.0,40.0,24.5,155.2,28.95,19.5,75.0,12.0
993.0,40.0,25.2,155.5,28.52,20.2,75.0,12.0
993.0,40.0,25.8,155.7,28.58,20.8,75.0,12.0
993.0,40.0,26.4,155.8,28.64,21.4,75.0,12.0
991.0,43.0,29.6,155.2,28.96,24.6,75.0,12.0
989.0,45.0,30.3,155.0,28.53,10.3,75.0,12.0
989.0,45.0,31.0,154.6,28.6,11.0,75.0,12.0
989.0,45.0,31.7,154.2,28.67,11.7,75.0,12.0
984.0,53.0,35.0,151.6,28.5,15.0,75.0,12.0
985.0,50.0,35.8,151.1,28.58,15.799999999999997,75.0,12.0
985.0,50.0,37.0,150.3,28.7,17.0,75.0,12.0
985.0,50.0,38.3,149.6,28.83,18.299999999999997,75.0,12.0
989.0,45.0,27.7,144.5,28.77,22.7,75.0,12.0
991.0,43.0,30.9,142.3,28.59,10.899999999999999,75.0,12.0
993.0,40.0,31.5,141.9,28.65,11.5,75.0,12.0
993.0,40.0,32.1,141.5,28.71,12.100000000000001,75.0,12.0
993.0,40.0,32.8,141.1,28.78,12.799999999999997,75.0,12.0
993.0,40.0,33.5,141.0,28.85,13.5,75.0,12.0
986.0,50.0,36.9,141.5,28.69,16.9,75.0,12.0
982.0,55.0,37.9,141.7,28.79,17.9,75.0,12.0
980.0,58.0,39.3,142.2,28.93,19.299999999999997,75.0,12.0
978.0,60.0,40.7,142.8,28.57,20.700000000000003,75.0,12.0
978.0,60.0,42.5,143.1,28.75,22.5,75.0,12.0
982.0,55.0,28.1,140.4,28.81,23.1,75.0,12.0
980.0,58.0,29.1,140.2,28.91,24.1,75.0,12.0
978.0,60.0,30.0,140.1,28.5,10.0,75.0,12.0
976.0,63.0,33.7,139.3,28.87,13.700000000000003,75.0,12.0
974.0,65.0,34.3,139.5,28.93,14.299999999999997,75.0,12.0
976.0,63.0,35.1,139.8,28.51,15.100000000000001,75.0,12.0
978.0,60.0,35.9,140.1,28.59,15.899999999999999,75.0,12.0
982.0,55.0,36.8,140.5,28.68,16.799999999999997,75.0,12.0
993.0,40.0,42.5,143.0,28.75,22.5,75.0,12.0
993.0,40.0,44.4,144.1,28.94,24.4,75.0,12.0
993.0,40.0,46.3,145.6,28.63,11.299999999999997,75.0,12.0
993.0,40.0,48.2,147.0,28.82,13.200000000000003,75.0,12.0
998.0,25.0,21.1,111.6,28.61,16.1,75.0,12.0
998.0,25.0,20.8,111.2,28.58,15.8,75.0,12.0
999.0,28.0,20.8,110.3,28.58,15.8,75.0,12.0
989.0,45.0,20.5,107.7,28.55,15.5,75.0,12.0
991.0,43.0,20.7,107.1,28.57,15.7,75.0,12.0
993.0,40.0,20.9,106.4,28.59,15.899999999999999,75.0,12.0
997.0,35.0,21.1,105.6,28.61,16.1,75.0,12.0
1007.0,20.0,22.5,100.6,28.75,17.5,75.0,12.0
997.0,30.0,25.9,158.9,28.59,20.9,75.0,12.0
997.0,33.0,26.5,157.9,28.65,21.5,75.0,12.0
996.0,35.0,27.1,157.0,28.71,22.1,75.0,12.0
996.0,35.0,28.8,152.9,28.88,23.8,75.0,12.0
996.0,35.0,29.1,152.0,28.91,24.1,75.0,12.0
996.0,35.0,29.6,151.1,28.96,24.6,75.0,12.0
996.0,35.0,30.1,150.1,28.51,10.100000000000001,75.0,12.0
996.0,35.0,32.5,145.8,28.75,12.5,75.0,12.0
996.0,35.0,32.8,144.7,28.78,12.799999999999997,75.0,12.0
996.0,35.0,33.0,143.6,28.8,13.0,75.0,12.0
996.0,35.0,33.1,142.6,28.81,13.100000000000001,75.0,12.0
996.0,35.0,32.9,141.8,28.79,12.899999999999999,75.0,12.0
996.0,35.0,31.9,139.1,28.69,11.899999999999999,75.0,12.0
996.0,35.0,31.5,138.3,28.65,11.5,75.0,12.0
996.0,35.0,31.3,137.9,28.63,11.3,75.0,12.0
996.0,35.0,31.1,137.4,28.61,11.100000000000001,75.0,12.0
995.0,38.0,30.8,137.0,28.58,10.8,75.0,12.0
993.0,40.0,29.9,134.3,28.99,24.9,75.0,12.0
993.0,40.0,29.6,133.9,28.96,24.6,75.0,12.0
993.0,40.0,29.4,133.6,28.94,24.4,75.0,12.0
989.0,45.0,28.7,133.5,28.87,23.7,75.0,12.0
987.0,48.0,28.7,133.7,28.87,23.7,75.0,12.0
985.0,50.0,28.7,133.8,28.87,23.7,75.0,12.0
944.0,105.0,24.0,133.8,28.9,19.0,75.0,12.0
943.0,108.0,24.2,134.2,28.92,19.2,75.0,12.0
933.0,120.0,26.1,136.7,28.61,21.1,75.0,12.0
933.0,120.0,26.9,137.3,28.69,21.9,75.0,12.0
933.0,120.0,27.7,137.9,28.77,22.7,75.0,12.0
954.0,93.0,29.9,141.1,28.99,24.9,75.0,12.0
959.0,85.0,30.5,141.7,28.55,10.5,75.0,12.0
965.0,78.0,31.0,142.2,28.6,11.0,75.0,12.0
970.0,70.0,31.5,142.7,28.65,11.5,75.0,12.0
974.0,65.0,35.1,142.8,28.51,15.100000000000001,75.0,12.0
974.0,65.0,36.0,142.4,28.6,16.0,75.0,12.0
976.0,63.0,37.0,142.1,28.7,17.0,75.0,12.0
978.0,60.0,37.9,141.8,28.79,17.9,75.0,12.0
978.0,53.0,39.6,140.9,28.96,19.6,75.0,12.0
1000.0,30.0,31.7,148.1,28.67,11.7,75.0,12.0
1000.0,30.0,32.6,147.2,28.76,12.600000000000001,75.0,12.0
998.0,33.0,33.5,146.2,28.85,13.5,75.0,12.0
996.0,35.0,34.5,145.3,28.95,14.5,75.0,12.0
996.0,35.0,38.3,142.4,28.83,18.299999999999997,75.0,12.0
996.0,35.0,38.9,142.6,28.89,18.9,75.0,12.0
998.0,33.0,39.9,142.8,28.99,19.9,75.0,12.0
1000.0,30.0,40.9,143.0,28.59,20.9,75.0,12.0
1002.0,28.0,41.6,143.4,28.66,21.6,75.0,12.0
1004.0,25.0,21.2,124.1,28.62,16.2,75.0,12.0
1004.0,25.0,21.4,124.5,28.64,16.4,75.0,12.0
1004.0,25.0,21.5,124.9,28.65,16.5,75.0,12.0
1002.0,28.0,21.9,125.6,28.69,16.9,75.0,12.0
989.0,45.0,23.8,128.1,28.88,18.8,75.0,12.0
984.0,53.0,24.1,128.6,28.91,19.1,75.0,12.0
978.0,60.0,24.4,129.1,28.94,19.4,75.0,12.0
974.0,65.0,24.7,129.6,28.97,19.7,75.0,12.0
959.0,85.0,26.4,130.8,28.64,21.4,75.0,12.0
954.0,93.0,26.8,130.8,28.68,21.8,75.0,12.0
948.0,100.0,27.2,130.8,28.72,22.2,75.0,12.0
948.0,100.0,27.5,130.8,28.75,22.5,75.0,12.0
956.0,90.0,29.3,130.3,28.93,24.3,75.0,12.0
960.0,85.0,29.6,130.2,28.96,24.6,75.0,12.0
963.0,80.0,29.9,130.1,28.99,24.9,75.0,12.0
967.0,75.0,30.2,130.1,28.52,10.2,75.0,12.0
982.0,55.0,31.4,129.6,28.64,11.399999999999999,75.0,12.0
984.0,53.0,31.7,129.6,28.67,11.7,75.0,12.0
985.0,50.0,32.0,129.7,28.7,12.0,75.0,12.0
989.0,45.0,32.2,129.8,28.72,12.200000000000003,75.0,12.0
1004.0,25.0,34.1,130.6,28.91,14.100000000000001,75.0,12.0
1006.0,23.0,34.8,131.0,28.98,14.799999999999997,75.0,12.0
1008.0,20.0,35.4,131.4,28.54,15.399999999999999,75.0,12.0
1004.0,25.0,13.6,143.2,28.86,23.6,75.0,12.0
1004.0,25.0,13.9,142.8,28.89,23.9,75.0,12.0
1004.0,25.0,14.3,142.5,28.93,24.3,75.0,12.0
1001.0,33.0,14.8,140.3,28.98,24.8,75.0,12.0
1000.0,35.0,14.8,139.7,28.98,24.8,75.0,12.0
997.0,38.0,14.9,139.1,28.99,24.9,75.0,12.0
993.0,40.0,15.0,138.6,28.5,10.0,75.0,12.0
989.0,60.0,16.5,135.8,28.65,11.5,75.0,12.0
978.0,68.0,16.6,135.2,28.66,11.600000000000001,75.0,12.0
967.0,75.0,16.8,134.5,28.68,11.8,75.0,12.0
933.0,120.0,17.9,130.3,28.79,12.899999999999999,75.0,12.0
928.0,128.0,18.1,129.8,28.81,13.100000000000001,75.0,12.0
922.0,135.0,18.4,129.3,28.84,13.399999999999999,75.0,12.0
915.0,145.0,18.6,128.7,28.86,13.600000000000001,75.0,12.0
903.0,160.0,19.6,125.5,28.96,14.600000000000001,75.0,12.0
901.0,163.0,19.9,124.8,28.99,14.899999999999999,75.0,12.0
899.0,165.0,20.2,124.1,28.52,15.2,75.0,12.0
897.0,168.0,20.3,123.5,28.53,15.3,75.0,12.0
900.0,155.0,21.5,120.8,28.65,16.5,75.0,12.0
915.0,140.0,22.1,120.3,28.71,17.1,75.0,12.0
929.0,125.0,22.6,119.8,28.76,17.6,75.0,12.0
935.0,118.0,23.0,119.4,28.8,18.0,75.0,12.0
970.0,70.0,25.3,117.6,28.53,20.3,75.0,12.0
982.0,55.0,25.9,117.2,28.59,20.9,75.0,12.0
993.0,40.0,26.5,116.9,28.65,21.5,75.0,12.0
999.0,30.0,27.3,117.0,28.73,22.3,75.0,12.0
1007.0,20.0,30.1,150.4,28.51,10.100000000000001,75.0,12.0
1007.0,20.0,30.9,150.4,28.59,10.899999999999999,75.0,12.0
1006.0,23.0,31.9,150.2,28.69,11.899999999999999,75.0,12.0
1004.0,25.0,32.9,149.9,28.79,12.899999999999999,75.0,12.0
998.0,33.0,35.1,151.9,28.51,15.100000000000001,75.0,12.0
996.0,35.0,35.5,152.6,28.55,15.5,75.0,12.0
996.0,35.0,35.9,153.7,28.59,15.899999999999999,75.0,12.0
996.0,35.0,36.3,154.8,28.63,16.299999999999997,75.0,12.0
1001.0,30.0,38.1,162.1,28.81,18.1,75.0,12.0
1002.0,30.0,38.4,163.9,28.84,18.4,75.0,12.0
1002.0,30.0,38.7,165.9,28.87,18.700000000000003,75.0,12.0
1002.0,30.0,39.0,167.9,28.9,19.0,75.0,12.0
998.0,33.0,12.9,143.8,28.79,22.9,75.0,12.0
996.0,35.0,13.1,143.0,28.81,23.1,75.0,12.0
993.0,40.0,13.2,142.3,28.82,23.2,75.0,12.0
989.0,45.0,13.4,141.7,28.84,23.4,75.0,12.0
1000.0,45.0,14.1,137.9,28.91,24.1,75.0,12.0
993.0,48.0,14.2,137.4,28.92,24.2,75.0,12.0
985.0,50.0,14.3,136.8,28.93,24.3,75.0,12.0
974.0,65.0,15.5,133.4,28.55,10.5,75.0,12.0
972.0,68.0,15.7,132.8,28.57,10.7,75.0,12.0
970.0,70.0,15.8,132.2,28.58,10.8,75.0,12.0
970.0,70.0,16.0,131.7,28.6,11.0,75.0,12.0
970.0,70.0,16.9,129.0,28.69,11.899999999999999,75.0,12.0
969.0,73.0,17.2,128.4,28.72,12.2,75.0,12.0
967.0,75.0,17.5,127.8,28.75,12.5,75.0,12.0
962.0,83.0,17.9,127.2,28.79,12.899999999999999,75.0,12.0
952.0,95.0,20.2,124.7,28.52,15.2,75.0,12.0
948.0,100.0,20.7,124.3,28.57,15.7,75.0,12.0
944.0,105.0,21.2,123.9,28.62,16.2,75.0,12.0
941.0,110.0,21.6,123.7,28.66,16.6,75.0,12.0
941.0,110.0,24.2,123.0,28.92,19.2,75.0,12.0
945.0,105.0,24.8,122.8,28.98,19.8,75.0,12.0
948.0,100.0,25.3,122.7,28.53,20.3,75.0,12.0
956.0,90.0,25.6,122.7,28.56,20.6,75.0,12.0
967.0,75.0,26.9,123.5,28.69,21.9,75.0,12.0
963.0,80.0,27.1,124.0,28.71,22.1,75.0,12.0
959.0,85.0,27.4,124.4,28.74,22.4,75.0,12.0
960.0,88.0,27.7,124.8,28.77,22.7,75.0,12.0
941.0,110.0,29.4,127.2,28.94,24.4,75.0,12.0
941.0,110.0,29.8,127.8,28.98,24.8,75.0,12.0
941.0,110.0,30.2,128.4,28.52,10.2,75.0,12.0
946.0,105.0,30.5,129.1,28.55,10.5,75.0,12.0
979.0,65.0,32.8,133.5,28.78,12.799999999999997,75.0,12.0
983.0,60.0,33.5,134.8,28.85,13.5,75.0,12.0
986.0,55.0,34.2,136.0,28.92,14.200000000000003,75.0,12.0
1001.0,30.0,13.7,112.2,28.87,23.7,75.0,12.0
1001.0,30.0,14.1,111.6,28.91,24.1,75.0,12.0
1000.0,30.0,14.4,110.9,28.94,24.4,75.0,12.0
1000.0,30.0,14.7,110.3,28.97,24.7,75.0,12.0
1000.0,30.0,15.9,107.3,28.59,10.9,75.0,12.0
1002.0,28.0,15.9,106.7,28.59,10.9,75.0,12.0
1004.0,25.0,16.0,106.0,28.6,11.0,75.0,12.0
1006.0,23.0,16.1,105.2,28.61,11.100000000000001,75.0,12.0
1002.0,28.0,16.0,140.0,28.6,11.0,75.0,12.0
1000.0,30.0,16.6,139.5,28.66,11.600000000000001,75.0,12.0
1007.0,20.0,15.8,159.1,28.58,10.8,75.0,12.0
1007.0,20.0,15.7,158.4,28.57,10.7,75.0,12.0
1007.0,20.0,15.6,157.8,28.56,10.6,75.0,12.0
1006.0,23.0,14.9,153.9,28.99,24.9,75.0,12.0
1004.0,25.0,14.7,153.3,28.97,24.7,75.0,12.0
1004.0,25.0,14.8,152.9,28.98,24.8,75.0,12.0
1004.0,25.0,15.0,152.4,28.5,10.0,75.0,12.0
1004.0,25.0,14.5,148.9,28.95,24.5,75.0,12.0
1004.0,25.0,14.4,148.3,28.94,24.4,75.0,12.0
1004.0,25.0,14.4,147.6,28.94,24.4,75.0,12.0
1004.0,25.0,14.5,146.9,28.95,24.5,75.0,12.0
1005.0,30.0,14.2,143.3,28.92,24.2,75.0,12.0
1004.0,30.0,14.2,142.7,28.92,24.2,75.0,12.0
1002.0,33.0,14.1,142.1,28.91,24.1,75.0,12.0
1000.0,35.0,14.1,141.4,28.91,24.1,75.0,12.0
989.0,45.0,13.6,138.9,28.86,23.6,75.0,12.0
989.0,45.0,13.5,138.7,28.85,23.5,75.0,12.0
989.0,45.0,13.8,138.1,28.88,23.8,75.0,12.0
989.0,45.0,14.0,137.6,28.9,24.0,75.0,12.0
982.0,55.0,15.8,135.5,28.58,10.8,75.0,12.0
980.0,58.0,16.3,135.2,28.63,11.3,75.0,12.0
978.0,60.0,16.8,134.8,28.68,11.8,75.0,12.0
941.0,110.0,19.7,131.5,28.97,14.7,75.0,12.0
939.0,113.0,20.2,130.9,28.52,15.2,75.0,12.0
937.0,115.0,20.8,130.4,28.58,15.8,75.0,12.0
922.0,135.0,23.9,127.6,28.89,18.9,75.0,12.0
917.0,143.0,24.4,127.3,28.94,19.4,75.0,12.0
911.0,150.0,25.0,127.0,28.5,20.0,75.0,12.0
915.0,145.0,25.4,126.8,28.54,20.4,75.0,12.0
934.0,125.0,27.9,126.2,28.79,22.9,75.0,12.0
936.0,120.0,28.7,126.1,28.87,23.7,75.0,12.0
937.0,115.0,29.5,126.0,28.95,24.5,75.0,12.0
945.0,105.0,30.1,126.0,28.51,10.100000000000001,75.0,12.0
970.0,70.0,34.3,128.2,28.93,14.299999999999997,75.0,12.0
976.0,63.0,35.2,129.8,28.52,15.200000000000003,75.0,12.0
982.0,55.0,36.2,131.3,28.62,16.200000000000003,75.0,12.0
1004.0,25.0,19.9,125.0,28.99,14.899999999999999,75.0,12.0
1004.0,25.0,20.0,124.2,28.5,15.0,75.0,12.0
1000.0,30.0,20.6,120.3,28.56,15.600000000000001,75.0,12.0
998.0,33.0,20.5,119.5,28.55,15.5,75.0,12.0
996.0,35.0,20.4,118.8,28.54,15.399999999999999,75.0,12.0
995.0,38.0,20.2,118.3,28.52,15.2,75.0,12.0
993.0,45.0,20.5,116.4,28.55,15.5,75.0,12.0
989.0,48.0,20.6,116.3,28.56,15.600000000000001,75.0,12.0
985.0,50.0,20.6,116.3,28.56,15.600000000000001,75.0,12.0
988.0,53.0,20.6,116.2,28.56,15.600000000000001,75.0,12.0
993.0,50.0,21.2,116.6,28.62,16.2,75.0,12.0
991.0,48.0,21.2,116.7,28.62,16.2,75.0,12.0
989.0,45.0,21.3,116.8,28.63,16.3,75.0,12.0
991.0,43.0,21.4,116.9,28.64,16.4,75.0,12.0
989.0,45.0,21.6,117.5,28.66,16.6,75.0,12.0
991.0,43.0,21.6,117.6,28.66,16.6,75.0,12.0
993.0,40.0,21.7,117.7,28.67,16.7,75.0,12.0
995.0,38.0,21.7,117.8,28.67,16.7,75.0,12.0
1004.0,25.0,21.6,117.6,28.66,16.6,75.0,12.0
1004.0,25.0,21.6,117.4,28.66,16.6,75.0,12.0
1004.0,25.0,21.6,117.3,28.66,16.6,75.0,12.0
1004.0,25.0,21.4,117.0,28.64,16.4,75.0,12.0
1007.0,20.0,20.1,115.6,28.51,15.100000000000001,75.0,12.0
1007.0,20.0,19.8,115.2,28.98,14.8,75.0,12.0
1007.0,20.0,19.4,114.7,28.94,14.399999999999999,75.0,12.0
1007.0,20.0,18.9,114.1,28.89,13.899999999999999,75.0,12.0
1010.0,15.0,16.8,112.3,28.68,11.8,75.0,12.0
1009.0,18.0,16.5,112.2,28.65,11.5,75.0,12.0
1007.0,20.0,16.1,112.2,28.61,11.100000000000001,75.0,12.0
1007.0,20.0,16.1,112.0,28.61,11.100000000000001,75.0,12.0
1004.0,25.0,16.6,109.8,28.66,11.600000000000001,75.0,12.0
1004.0,25.0,16.6,109.3,28.66,11.600000000000001,75.0,12.0
1004.0,25.0,16.7,108.9,28.67,11.7,75.0,12.0
1000.0,30.0,16.6,108.6,28.66,11.600000000000001,75.0,12.0
1000.0,30.0,16.7,106.7,28.67,11.7,75.0,12.0
1002.0,28.0,16.8,106.1,28.68,11.8,75.0,12.0
1004.0,25.0,16.8,105.5,28.68,11.8,75.0,12.0
1004.0,25.0,16.9,105.0,28.69,11.899999999999999,75.0,12.0
1007.0,20.0,17.9,175.1,28.79,12.899999999999999,75.0,12.0
1007.0,20.0,18.2,174.4,28.82,13.2,75.0,12.0
1007.0,20.0,18.2,173.7,28.82,13.2,75.0,12.0
1007.0,20.0,18.2,173.0,28.82,13.2,75.0,12.0
1010.0,15.0,17.8,169.2,28.78,12.8,75.0,12.0
1010.0,15.0,17.9,168.6,28.79,12.899999999999999,75.0,12.0
1009.0,18.0,17.9,167.6,28.79,12.899999999999999,75.0,12.0
1007.0,20.0,18.0,166.7,28.8,13.0,75.0,12.0
1006.0,23.0,18.0,163.7,28.8,13.0,75.0,12.0
1004.0,25.0,18.0,163.2,28.8,13.0,75.0,12.0
1004.0,25.0,18.2,162.6,28.82,13.2,75.0,12.0
1004.0,25.0,18.4,162.0,28.84,13.399999999999999,75.0,12.0
1004.0,25.0,19.0,158.1,28.9,14.0,75.0,12.0
1004.0,25.0,19.2,157.3,28.92,14.2,75.0,12.0
1002.0,28.0,19.4,156.7,28.94,14.399999999999999,75.0,12.0
1000.0,30.0,19.5,156.0,28.95,14.5,75.0,12.0
997.0,43.0,21.0,151.8,28.6,16.0,75.0,12.0
1001.0,45.0,21.4,151.0,28.64,16.4,75.0,12.0
993.0,48.0,21.9,150.4,28.69,16.9,75.0,12.0
985.0,50.0,22.3,149.8,28.73,17.3,75.0,12.0
974.0,65.0,24.2,146.8,28.92,19.2,75.0,12.0
970.0,70.0,24.6,146.3,28.96,19.6,75.0,12.0
961.0,83.0,25.1,146.1,28.51,20.1,75.0,12.0
952.0,95.0,25.5,145.9,28.55,20.5,75.0,12.0
941.0,110.0,27.5,145.9,28.75,22.5,75.0,12.0
944.0,105.0,27.8,146.0,28.78,22.8,75.0,12.0
946.0,103.0,28.2,146.3,28.82,23.2,75.0,12.0
948.0,100.0,28.6,146.7,28.86,23.6,75.0,12.0
928.0,128.0,30.8,150.1,28.58,10.8,75.0,12.0
929.0,125.0,31.3,151.1,28.63,11.3,75.0,12.0
931.0,123.0,32.0,152.4,28.7,12.0,75.0,12.0
933.0,120.0,32.6,153.8,28.76,12.600000000000001,75.0,12.0
967.0,75.0,37.1,163.9,28.71,17.1,75.0,12.0
974.0,65.0,38.2,166.6,28.82,18.200000000000003,75.0,12.0
978.0,60.0,39.2,169.2,28.92,19.200000000000003,75.0,12.0
993.0,40.0,13.9,127.2,28.89,23.9,75.0,12.0
989.0,45.0,13.9,126.8,28.89,23.9,75.0,12.0
985.0,50.0,13.8,126.5,28.88,23.8,75.0,12.0
982.0,55.0,13.8,126.2,28.88,23.8,75.0,12.0
974.0,80.0,14.3,124.6,28.93,24.3,75.0,12.0
964.0,85.0,14.6,124.2,28.96,24.6,75.0,12.0
954.0,90.0,14.8,123.8,28.98,24.8,75.0,12.0
949.0,98.0,15.0,123.4,28.5,10.0,75.0,12.0
967.0,75.0,16.4,120.0,28.64,11.399999999999999,75.0,12.0
965.0,78.0,16.4,119.1,28.64,11.399999999999999,75.0,12.0
963.0,80.0,16.4,118.2,28.64,11.399999999999999,75.0,12.0
964.0,80.0,16.4,117.7,28.64,11.399999999999999,75.0,12.0
967.0,75.0,17.1,114.2,28.71,12.100000000000001,75.0,12.0
967.0,75.0,17.2,113.8,28.72,12.2,75.0,12.0
967.0,75.0,17.4,113.3,28.74,12.399999999999999,75.0,12.0
967.0,75.0,17.5,112.9,28.75,12.5,75.0,12.0
967.0,75.0,18.7,110.7,28.87,13.7,75.0,12.0
971.0,70.0,18.9,110.3,28.89,13.899999999999999,75.0,12.0
974.0,65.0,19.2,109.9,28.92,14.2,75.0,12.0
981.0,60.0,19.4,109.7,28.94,14.399999999999999,75.0,12.0
1000.0,30.0,20.9,108.5,28.59,15.899999999999999,75.0,12.0
1003.0,25.0,21.4,108.2,28.64,16.4,75.0,12.0
1005.0,20.0,22.0,108.0,28.7,17.0,75.0,12.0
1000.0,30.0,8.6,143.5,28.86,18.6,75.0,12.0
997.0,35.0,9.0,143.1,28.9,19.0,75.0,12.0
993.0,40.0,9.4,142.6,28.94,19.4,75.0,12.0
980.0,58.0,10.1,139.9,28.51,20.1,75.0,12.0
978.0,60.0,10.2,139.6,28.52,20.2,75.0,12.0
976.0,63.0,10.3,139.4,28.53,20.3,75.0,12.0
974.0,65.0,10.5,139.3,28.55,20.5,75.0,12.0
952.0,95.0,12.9,136.5,28.79,22.9,75.0,12.0
948.0,100.0,13.1,136.0,28.81,23.1,75.0,12.0
944.0,105.0,13.3,135.5,28.83,23.3,75.0,12.0
926.0,130.0,14.9,132.1,28.99,24.9,75.0,12.0
924.0,133.0,15.2,131.4,28.52,10.2,75.0,12.0
922.0,135.0,15.4,130.7,28.54,10.4,75.0,12.0
918.0,140.0,16.0,126.0,28.6,11.0,75.0,12.0
922.0,138.0,16.4,125.3,28.64,11.399999999999999,75.0,12.0
925.0,135.0,16.7,124.7,28.67,11.7,75.0,12.0
932.0,128.0,17.0,124.0,28.7,12.0,75.0,12.0
959.0,95.0,18.4,120.2,28.84,13.399999999999999,75.0,12.0
959.0,90.0,18.7,119.5,28.87,13.7,75.0,12.0
959.0,85.0,19.0,118.8,28.9,14.0,75.0,12.0
961.0,83.0,19.4,118.2,28.94,14.399999999999999,75.0,12.0
970.0,70.0,21.9,115.8,28.69,16.9,75.0,12.0
974.0,65.0,22.7,115.4,28.77,17.7,75.0,12.0
978.0,60.0,23.5,115.1,28.85,18.5,75.0,12.0
982.0,55.0,24.1,114.9,28.91,19.1,75.0,12.0
1007.0,20.0,27.5,117.2,28.75,22.5,75.0,12.0
1004.0,25.0,12.8,138.4,28.78,22.8,75.0,12.0
1004.0,25.0,13.2,137.9,28.82,23.2,75.0,12.0
1002.0,28.0,13.2,138.1,28.82,23.2,75.0,12.0
1000.0,30.0,13.3,138.3,28.83,23.3,75.0,12.0
989.0,45.0,14.8,138.7,28.98,24.8,75.0,12.0
989.0,48.0,15.2,138.9,28.52,10.2,75.0,12.0
989.0,50.0,15.5,139.1,28.55,10.5,75.0,12.0
967.0,75.0,17.2,139.9,28.72,12.2,75.0,12.0
967.0,75.0,17.4,140.2,28.74,12.399999999999999,75.0,12.0
967.0,75.0,17.5,140.5,28.75,12.5,75.0,12.0
963.0,90.0,19.5,142.7,28.95,14.5,75.0,12.0
963.0,90.0,20.1,143.2,28.51,15.100000000000001,75.0,12.0
962.0,90.0,20.8,143.7,28.58,15.8,75.0,12.0
974.0,65.0,25.6,146.6,28.56,20.6,75.0,12.0
978.0,60.0,27.0,147.0,28.7,22.0,75.0,12.0
980.0,58.0,27.8,147.4,28.78,22.8,75.0,12.0
982.0,55.0,28.6,147.8,28.86,23.6,75.0,12.0
1007.0,20.0,13.2,160.7,28.82,23.2,75.0,12.0
1007.0,20.0,13.5,160.4,28.85,23.5,75.0,12.0
1004.0,25.0,13.9,160.0,28.89,23.9,75.0,12.0
1000.0,30.0,14.3,159.6,28.93,24.3,75.0,12.0
996.0,35.0,16.6,157.1,28.66,11.600000000000001,75.0,12.0
996.0,35.0,16.8,156.7,28.68,11.8,75.0,12.0
998.0,33.0,17.0,156.1,28.7,12.0,75.0,12.0
1000.0,30.0,17.2,155.4,28.72,12.2,75.0,12.0
1000.0,30.0,18.3,152.4,28.83,13.3,75.0,12.0
1000.0,30.0,18.6,151.8,28.86,13.600000000000001,75.0,12.0
1002.0,28.0,19.0,151.1,28.9,14.0,75.0,12.0
1004.0,25.0,19.3,150.3,28.93,14.3,75.0,12.0
1009.0,20.0,10.8,170.0,28.58,20.8,75.0,12.0
1009.0,20.0,10.8,169.3,28.58,20.8,75.0,12.0
1009.0,20.0,10.8,168.6,28.58,20.8,75.0,12.0
1004.0,25.0,9.9,164.8,28.99,19.9,75.0,12.0
1004.0,25.0,9.8,163.7,28.98,19.8,75.0,12.0
1006.0,23.0,9.7,163.1,28.97,19.7,75.0,12.0
1007.0,20.0,9.5,162.5,28.95,19.5,75.0,12.0
1004.0,25.0,9.5,127.8,28.95,19.5,75.0,12.0
1002.0,28.0,9.7,127.3,28.97,19.7,75.0,12.0
1000.0,30.0,9.9,126.8,28.99,19.9,75.0,12.0
989.0,45.0,11.3,122.5,28.63,21.3,75.0,12.0
987.0,48.0,11.4,122.0,28.64,21.4,75.0,12.0
985.0,50.0,11.4,121.5,28.64,21.4,75.0,12.0
985.0,50.0,11.6,121.2,28.66,21.6,75.0,12.0
967.0,75.0,13.3,118.7,28.83,23.3,75.0,12.0
971.0,70.0,13.6,118.3,28.86,23.6,75.0,12.0
974.0,65.0,13.9,117.9,28.89,23.9,75.0,12.0
976.0,63.0,14.2,117.7,28.92,24.2,75.0,12.0
967.0,75.0,15.7,117.6,28.57,10.7,75.0,12.0
965.0,78.0,16.1,117.8,28.61,11.100000000000001,75.0,12.0
963.0,80.0,16.6,118.1,28.66,11.600000000000001,75.0,12.0
974.0,65.0,16.9,118.2,28.69,11.899999999999999,75.0,12.0
1004.0,25.0,17.1,118.7,28.71,12.100000000000001,75.0,12.0
1000.0,30.0,6.2,142.5,28.62,16.2,75.0,12.0
1000.0,30.0,6.4,142.1,28.64,16.4,75.0,12.0
1000.0,30.0,6.6,141.7,28.66,16.6,75.0,12.0
1002.0,40.0,8.8,139.1,28.88,18.8,75.0,12.0
996.0,43.0,9.1,138.5,28.91,19.1,75.0,12.0
989.0,45.0,9.4,137.9,28.94,19.4,75.0,12.0
994.0,55.0,11.8,133.2,28.68,21.8,75.0,12.0
984.0,60.0,12.0,132.7,28.7,22.0,75.0,12.0
974.0,65.0,12.2,132.2,28.72,22.2,75.0,12.0
935.0,110.0,13.1,128.9,28.81,23.1,75.0,12.0
934.0,115.0,13.2,128.6,28.82,23.2,75.0,12.0
933.0,120.0,13.3,128.2,28.83,23.3,75.0,12.0
918.0,140.0,13.5,125.9,28.85,23.5,75.0,12.0
920.0,138.0,13.5,125.5,28.85,23.5,75.0,12.0
922.0,135.0,13.5,125.0,28.85,23.5,75.0,12.0
928.0,128.0,13.5,124.5,28.85,23.5,75.0,12.0
959.0,85.0,13.3,121.3,28.83,23.3,75.0,12.0
963.0,80.0,13.7,120.6,28.87,23.7,75.0,12.0
967.0,75.0,14.0,119.9,28.9,24.0,75.0,12.0
976.0,73.0,14.2,119.4,28.92,24.2,75.0,12.0
982.0,55.0,14.9,116.6,28.99,24.9,75.0,12.0
984.0,53.0,14.8,116.3,28.98,24.8,75.0,12.0
985.0,50.0,14.7,116.1,28.97,24.7,75.0,12.0
991.0,43.0,14.4,115.8,28.94,24.4,75.0,12.0
1007.0,25.0,12.9,113.3,28.79,22.9,75.0,12.0
1007.0,23.0,12.4,112.8,28.74,22.4,75.0,12.0
1007.0,20.0,11.9,112.3,28.69,21.9,75.0,12.0
